"Status","Start Time","Stop Time","Duration in ms","Parent Suite","Suite","Sub Suite","Test Class","Test Method","Name","Description"
"passed","Tue Jul 28 03:23:56 UTC 2026","Tue Jul 28 03:23:56 UTC 2026","44","Dolphin","Functional","","","getCategoryListWlwTest","v-recommend category list -- wlw, full categories",""
"broken","Tue Jul 28 03:23:19 UTC 2026","Tue Jul 28 03:23:39 UTC 2026","20006","Dolphin","Technical","","","productInferenceTest","AI product search inference stream API",""
"skipped","Tue Jul 28 03:14:06 UTC 2026","Tue Jul 28 03:14:06 UTC 2026","0","7. Team Pegasus | Pegasus Staging","Endpoints Tests","Supplier Registration","WLW","","categories - Endpoints for retrieving categories",""
"failed","Tue Jul 28 03:15:37 UTC 2026","Tue Jul 28 03:15:37 UTC 2026","60","1.1 Team Hummingbird - BFF | WLW app","Endpoint tests","Login","extend session","","extend session",""
"skipped","Tue Jul 28 03:14:06 UTC 2026","Tue Jul 28 03:14:06 UTC 2026","0","7. Team Pegasus | Pegasus Staging","Endpoints Tests","Shop Import & Onboarding Backend","/offers/categoryProperties","","/offers/categoryProperties",""
"passed","Tue Jul 28 03:16:00 UTC 2026","Tue Jul 28 03:16:00 UTC 2026","36","1.1 Team Hummingbird - BFF | WLW app","Technical Tests","login-controller","POST /public_api/auth/session/extend [NEG] Expired Token","","POST /public_api/auth/session/extend [NEG] Expired Token",""
"passed","Tue Jul 28 03:23:51 UTC 2026","Tue Jul 28 03:23:52 UTC 2026","693","Dolphin","Technical","","","productTextSearchSortTest","AI product text search recall: alternate sort",""
"passed","Tue Jul 28 03:16:03 UTC 2026","Tue Jul 28 03:16:03 UTC 2026","38","1.1 Team Hummingbird - BFF | WLW app","Technical Tests","login-controller","DELETE /public_api/auth/sso/logout [NEG] Expired Token","","DELETE /public_api/auth/sso/logout [NEG] Expired Token",""
"passed","Tue Jul 28 03:23:55 UTC 2026","Tue Jul 28 03:23:55 UTC 2026","114","Dolphin","Technical","","","EPZeroResultProductRecommendTest","Recommend products in 0 result search list page v1 -- ep",""
"broken","Tue Jul 28 03:16:57 UTC 2026","Tue Jul 28 03:17:17 UTC 2026","20023","Dolphin","Functional","","","recallCountryFilterTest","AI Search recall: country filter DE",""
"passed","Tue Jul 28 03:14:39 UTC 2026","Tue Jul 28 03:14:39 UTC 2026","60","1 Team Hummingbird - BFF | EP app","Endpoint tests","Support","Support FAQ_DE","","Support FAQ_DE",""
"passed","Tue Jul 28 03:15:44 UTC 2026","Tue Jul 28 03:15:44 UTC 2026","45","1.1 Team Hummingbird - BFF | WLW app","Technical Tests","ai-company-search-controller","POST /public_api/search/ai/supplier/recall","","POST /public_api/search/ai/supplier/recall",""
"passed","Tue Jul 28 03:16:00 UTC 2026","Tue Jul 28 03:16:00 UTC 2026","41","1.1 Team Hummingbird - BFF | WLW app","Technical Tests","login-controller","POST /public_api/auth/sso/login [NEG] Expired Token","","POST /public_api/auth/sso/login [NEG] Expired Token",""
"passed","Tue Jul 28 03:16:35 UTC 2026","Tue Jul 28 03:16:36 UTC 2026","1051","4. Team CRM |CRM Staging","Business Scenarios Tests","Account","Account for Contact","","Account for Contact",""
"skipped","Tue Jul 28 03:18:34 UTC 2026","Tue Jul 28 03:18:34 UTC 2026","0","3 Team Techno - UCL","Functional Tests","Endpoint Tests","GoogleAd","","get active googleAd for the given uuid",""
"failed","Tue Jul 28 03:16:16 UTC 2026","Tue Jul 28 03:16:16 UTC 2026","13","1.1 Team Hummingbird - BFF | WLW app","Technical Tests","trending-products-controller","GET /public_api/trending/products [NEG] Expired Token","","GET /public_api/trending/products [NEG] Expired Token",""
"failed","Tue Jul 28 03:15:43 UTC 2026","Tue Jul 28 03:15:43 UTC 2026","25","1.1 Team Hummingbird - BFF | WLW app","Endpoint tests","Conversations","dynamic link conversation","","dynamic link conversation",""
"failed","Tue Jul 28 03:13:24 UTC 2026","Tue Jul 28 03:13:24 UTC 2026","40","Arise","Functional","","","skwdAll","skwdAll",""
"failed","Tue Jul 28 03:14:44 UTC 2026","Tue Jul 28 03:14:45 UTC 2026","256","1 Team Hummingbird - BFF | EP app","Endpoint tests","Conversations","send file message","","send file message",""
"passed","Tue Jul 28 03:16:18 UTC 2026","Tue Jul 28 03:16:18 UTC 2026","36","1.1 Team Hummingbird - BFF | WLW app","Technical Tests","user-controller","PUT /public_api/user/userInfo [NEG] Forbidden Role Token","","PUT /public_api/user/userInfo [NEG] Forbidden Role Token",""
"failed","Tue Jul 28 03:14:43 UTC 2026","Tue Jul 28 03:14:43 UTC 2026","337","1 Team Hummingbird - BFF | EP app","Endpoint tests","Homepage, products","trending products","","trending products",""
"failed","Tue Jul 28 03:15:37 UTC 2026","Tue Jul 28 03:15:37 UTC 2026","110","1.1 Team Hummingbird - BFF | WLW app","Endpoint tests","User settings","user setting","","user setting",""
"passed","Tue Jul 28 03:16:06 UTC 2026","Tue Jul 28 03:16:06 UTC 2026","35","1.1 Team Hummingbird - BFF | WLW app","Technical Tests","purchaser-user-setting-controller","GET /userSetting [SEC] Injection Probe","","GET /userSetting [SEC] Injection Probe",""
"passed","Tue Jul 28 03:23:56 UTC 2026","Tue Jul 28 03:23:57 UTC 2026","236","Dolphin","Technical","","","instoreSearchTest","instore search -- cpp/pdp with sort and leaf filter",""
"passed","Tue Jul 28 03:16:08 UTC 2026","Tue Jul 28 03:16:08 UTC 2026","41","1.1 Team Hummingbird - BFF | WLW app","Technical Tests","rfq-controller","POST /public_api/connect/purchaser/tenders","","POST /public_api/connect/purchaser/tenders",""
"passed","Tue Jul 28 03:23:55 UTC 2026","Tue Jul 28 03:23:56 UTC 2026","61","Dolphin","Functional","","","getCategoryListEpTest","v-recommend category list -- ep",""
"skipped","Tue Jul 28 03:14:06 UTC 2026","Tue Jul 28 03:14:06 UTC 2026","0","7. Team Pegasus | Pegasus Staging","Spike | Profiles link user to company","(root)","08 MANUAL — supplier_api GET (needs browser session)","","08 MANUAL — supplier_api GET (needs browser session)",""
"failed","Tue Jul 28 03:16:12 UTC 2026","Tue Jul 28 03:16:12 UTC 2026","14","1.1 Team Hummingbird - BFF | WLW app","Technical Tests","search-controller","GET /public_api/products/recommendations","","GET /public_api/products/recommendations",""
"passed","Tue Jul 28 03:14:44 UTC 2026","Tue Jul 28 03:14:45 UTC 2026","600","1 Team Hummingbird - BFF | EP app","Endpoint tests","Conversations","conversation/messages","","conversation/messages",""
"passed","Tue Jul 28 03:14:44 UTC 2026","Tue Jul 28 03:14:45 UTC 2026","511","1 Team Hummingbird - BFF | EP app","Endpoint tests","Conversations","conversation id","","conversation id",""
"passed","Tue Jul 28 03:16:32 UTC 2026","Tue Jul 28 03:16:32 UTC 2026","369","4. Team CRM |CRM Staging","Business Scenarios Tests","Tasks","Check Task","","Check Task",""
"passed","Tue Jul 28 03:16:13 UTC 2026","Tue Jul 28 03:16:13 UTC 2026","33","1.1 Team Hummingbird - BFF | WLW app","Technical Tests","search-controller","GET /public_api/products/recommendations [SEC] Injection Probe","","GET /public_api/products/recommendations [SEC] Injection Probe",""
"passed","Tue Jul 28 03:15:56 UTC 2026","Tue Jul 28 03:15:56 UTC 2026","40","1.1 Team Hummingbird - BFF | WLW app","Technical Tests","currency-exchange-controller","GET /exchange/fetch-rates [NEG] Expired Token","","GET /exchange/fetch-rates [NEG] Expired Token",""
"passed","Tue Jul 28 03:16:36 UTC 2026","Tue Jul 28 03:16:36 UTC 2026","291","4. Team CRM |CRM Staging","Business Scenarios Tests","Feedback","Trigger Feedback","","Trigger Feedback",""
"passed","Tue Jul 28 03:16:36 UTC 2026","Tue Jul 28 03:16:36 UTC 2026","291","4. Team CRM |CRM Staging","Business Scenarios Tests","Feedback","Trigger Feedback","","Trigger Feedback",""
"broken","Tue Jul 28 03:18:17 UTC 2026","Tue Jul 28 03:18:38 UTC 2026","20627","Dolphin","Technical","","","recallNoResultQueryTest","AI Search recall: no-result query (empty offers or zero total)",""
"passed","Tue Jul 28 03:16:16 UTC 2026","Tue Jul 28 03:16:16 UTC 2026","30","1.1 Team Hummingbird - BFF | WLW app","Technical Tests","trending-products-controller","POST /public_api/trending/import [NEG] Forbidden Role Token","","POST /public_api/trending/import [NEG] Forbidden Role Token",""
"failed","Tue Jul 28 03:16:38 UTC 2026","Tue Jul 28 03:16:38 UTC 2026","415","4. Team CRM |CRM Staging","Business Scenarios Tests","Lead","Update a Lead","","Update a Lead",""
"passed","Tue Jul 28 03:15:40 UTC 2026","Tue Jul 28 03:15:41 UTC 2026","804","1.1 Team Hummingbird - BFF | WLW app","Endpoint tests","Search","search companies, EN","","search companies, EN",""
"failed","Tue Jul 28 03:16:15 UTC 2026","Tue Jul 28 03:16:15 UTC 2026","11","1.1 Team Hummingbird - BFF | WLW app","Technical Tests","supplier-visitors-controller","GET /public_api/suppliers/{supplier_id}/visits/csv [NEG] Forbidden Role Token","","GET /public_api/suppliers/{supplier_id}/visits/csv [NEG] Forbidden Role Token",""
"passed","Tue Jul 28 03:16:35 UTC 2026","Tue Jul 28 03:16:36 UTC 2026","196","4. Team CRM |CRM Staging","Business Scenarios Tests","Account","Smoke test : Account + Contact + SAP","","Smoke test : Account + Contact + SAP",""
"failed","Tue Jul 28 03:16:13 UTC 2026","Tue Jul 28 03:16:13 UTC 2026","12","1.1 Team Hummingbird - BFF | WLW app","Technical Tests","search-controller","GET /public_api/categories/recommendations","","GET /public_api/categories/recommendations",""
"passed","Tue Jul 28 03:16:00 UTC 2026","Tue Jul 28 03:16:00 UTC 2026","37","1.1 Team Hummingbird - BFF | WLW app","Technical Tests","login-controller","POST /public_api/auth/resetPassword [NEG] Forbidden Role Token","","POST /public_api/auth/resetPassword [NEG] Forbidden Role Token",""
"passed","Tue Jul 28 03:15:37 UTC 2026","Tue Jul 28 03:15:37 UTC 2026","23","1.1 Team Hummingbird - BFF | WLW app","Endpoint tests","Support","FAQ Alibaba","","FAQ Alibaba",""
"failed","Tue Jul 28 03:16:07 UTC 2026","Tue Jul 28 03:16:07 UTC 2026","12","1.1 Team Hummingbird - BFF | WLW app","Technical Tests","push-notification-by-email-controller","PUT /v1/pushNotification","","PUT /v1/pushNotification",""
"passed","Tue Jul 28 03:23:40 UTC 2026","Tue Jul 28 03:23:41 UTC 2026","1413","Dolphin","Technical","","","productTextSearchCountryFilterTest","AI product text search recall: country filter DE",""
"passed","Tue Jul 28 03:16:08 UTC 2026","Tue Jul 28 03:16:08 UTC 2026","41","1.1 Team Hummingbird - BFF | WLW app","Technical Tests","rfq-controller","POST /public_api/connect/purchaser/tenders [NEG] Expired Token","","POST /public_api/connect/purchaser/tenders [NEG] Expired Token",""
"passed","Tue Jul 28 03:16:43 UTC 2026","Tue Jul 28 03:16:43 UTC 2026","93","4. Team CRM |CRM Staging","Endpoints Tests","(root)","Update WLW Connect Counters with id","","Update WLW Connect Counters with id",""
"passed","Tue Jul 28 03:16:32 UTC 2026","Tue Jul 28 03:16:32 UTC 2026","369","4. Team CRM |CRM Staging","Business Scenarios Tests","Tasks","Check Task","","Check Task",""
"skipped","Tue Jul 28 03:14:06 UTC 2026","Tue Jul 28 03:14:06 UTC 2026","0","7. Team Pegasus | Pegasus Staging","Endpoints Tests","Visitors","Elixir (supplier-app)","","Filters",""
"passed","Tue Jul 28 03:15:42 UTC 2026","Tue Jul 28 03:15:43 UTC 2026","1302","1.1 Team Hummingbird - BFF | WLW app","Endpoint tests","Conversations","new message","","new message",""
"skipped","Tue Jul 28 03:18:34 UTC 2026","Tue Jul 28 03:18:34 UTC 2026","0","3 Team Techno - UCL","Technical Tests","TopRanking","GET /unified_commercial_logic/internal_api/api/top_ranking_v1 - Retrieve TopRankingV1 List","","GET /unified_commercial_logic/internal_api/api/top_ranking_v1 - Retrieve TopRankingV1 List",""
"failed","Tue Jul 28 03:13:42 UTC 2026","Tue Jul 28 03:13:42 UTC 2026","55","2 Team Dragon - BFF | RFQ Backend","Technical Tests","(root)","POST /v1/rfqs/{rfqId}/respond - Multipart Upload + Schema + Security","","POST /v1/rfqs/{rfqId}/respond - Multipart Upload + Schema + Security",""
"passed","Tue Jul 28 03:15:52 UTC 2026","Tue Jul 28 03:15:52 UTC 2026","21","1.1 Team Hummingbird - BFF | WLW app","Technical Tests","conversation-controller","POST /public_api/conversation/userConversations/{conversationId}/messages/{messageId}/translate [NEG] Missing Auth/API-Key","","POST /public_api/conversation/userConversations/{conversationId}/messages/{messageId}/translate [NEG] Missing Auth/API-Key",""
"passed","Tue Jul 28 03:16:09 UTC 2026","Tue Jul 28 03:16:09 UTC 2026","40","1.1 Team Hummingbird - BFF | WLW app","Technical Tests","rfq-marketing-controller","POST /public_api/rfq-marketing/trigger","","POST /public_api/rfq-marketing/trigger",""
"passed","Tue Jul 28 03:16:42 UTC 2026","Tue Jul 28 03:16:44 UTC 2026","1378","4. Team CRM |CRM Staging","Endpoints Tests","(root)","trigger the Paid Media lead","","trigger the Paid Media lead",""
"broken","Tue Jul 28 03:16:16 UTC 2026","Tue Jul 28 03:16:37 UTC 2026","20676","Dolphin","Functional","","","recallAlternateSortTest","AI Search recall: alternate sort (order_num_desc)",""
"passed","Tue Jul 28 03:13:42 UTC 2026","Tue Jul 28 03:13:42 UTC 2026","7","2 Team Dragon - BFF | RFQ Backend","Technical Tests","(root)","GET /v1/rfqs/{rfqId} - Details (Schema + Auth Orchestration)","","GET /v1/rfqs/{rfqId} - Details (Schema + Auth Orchestration)",""
"failed","Tue Jul 28 03:16:05 UTC 2026","Tue Jul 28 03:16:05 UTC 2026","13","1.1 Team Hummingbird - BFF | WLW app","Technical Tests","purchaser-support-controller","GET /support-faq","","GET /support-faq",""
"failed","Tue Jul 28 03:15:47 UTC 2026","Tue Jul 28 03:15:47 UTC 2026","13","1.1 Team Hummingbird - BFF | WLW app","Technical Tests","categories-controller","PUT /preferred/categories","","PUT /preferred/categories",""
"failed","Tue Jul 28 03:16:11 UTC 2026","Tue Jul 28 03:16:11 UTC 2026","14","1.1 Team Hummingbird - BFF | WLW app","Technical Tests","search-controller","GET /public_api/search/autoComplete [NEG] Forbidden Role Token","","GET /public_api/search/autoComplete [NEG] Forbidden Role Token",""
"skipped","Tue Jul 28 03:14:06 UTC 2026","Tue Jul 28 03:14:06 UTC 2026","0","7. Team Pegasus | Pegasus Staging","Business Scenarios Tests","Business Insights","Dashboard smoke flow","","Traffic",""
"passed","Tue Jul 28 03:14:40 UTC 2026","Tue Jul 28 03:14:40 UTC 2026","51","1 Team Hummingbird - BFF | EP app","Endpoint tests","Support","currency daily rates","","currency daily rates",""
"passed","Tue Jul 28 03:16:43 UTC 2026","Tue Jul 28 03:16:43 UTC 2026","503","4. Team CRM |CRM Staging","Endpoints Tests","(root)","Create Note with sf id Copy","","Create Note with sf id Copy",""
"passed","Tue Jul 28 03:15:37 UTC 2026","Tue Jul 28 03:15:37 UTC 2026","98","1.1 Team Hummingbird - BFF | WLW app","Endpoint tests","User settings","user setting","","user setting",""
"failed","Tue Jul 28 03:16:33 UTC 2026","Tue Jul 28 03:16:33 UTC 2026","0","4. Team CRM |CRM Staging","Business Scenarios Tests","Contacts","Create Contact","","Create Contact",""
"passed","Tue Jul 28 03:14:39 UTC 2026","Tue Jul 28 03:14:39 UTC 2026","67","1 Team Hummingbird - BFF | EP app","Endpoint tests","User settings","user setting","","user setting",""
"passed","Tue Jul 28 03:14:40 UTC 2026","Tue Jul 28 03:14:40 UTC 2026","37","1 Team Hummingbird - BFF | EP app","Endpoint tests","Support","Supportmasterdata_DE","","Supportmasterdata_DE",""
"failed","Tue Jul 28 03:15:46 UTC 2026","Tue Jul 28 03:15:46 UTC 2026","13","1.1 Team Hummingbird - BFF | WLW app","Technical Tests","ai-company-search-controller","GET /public_api/search/ai/company/stream/mock","","GET /public_api/search/ai/company/stream/mock",""
"failed","Tue Jul 28 03:23:57 UTC 2026","Tue Jul 28 03:23:57 UTC 2026","44","Dolphin","Functional","","","sameStoreProductRecommendTest","product same store recommend -- wlw",""
"passed","Tue Jul 28 03:16:42 UTC 2026","Tue Jul 28 03:16:43 UTC 2026","225","4. Team CRM |CRM Staging","Endpoints Tests","(root)","trigger from SF Platform Profile","","trigger from SF Platform Profile",""
"skipped","Tue Jul 28 03:18:34 UTC 2026","Tue Jul 28 03:18:34 UTC 2026","0","3 Team Techno - UCL","Functional Tests","Endpoint Tests","SponsoredBrand","","get SPB by id",""
"passed","Tue Jul 28 03:16:38 UTC 2026","Tue Jul 28 03:16:38 UTC 2026","184","4. Team CRM |CRM Staging","Business Scenarios Tests","Lead","Smoke test for Conversion","","Smoke test for Conversion",""
"failed","Tue Jul 28 03:15:50 UTC 2026","Tue Jul 28 03:15:50 UTC 2026","13","1.1 Team Hummingbird - BFF | WLW app","Technical Tests","conversation-controller","PUT /public_api/conversation/userConversations/{conversationId}/messages/markAsRead","","PUT /public_api/conversation/userConversations/{conversationId}/messages/markAsRead",""
"passed","Tue Jul 28 03:15:47 UTC 2026","Tue Jul 28 03:15:47 UTC 2026","39","1.1 Team Hummingbird - BFF | WLW app","Technical Tests","categories-controller","GET /public_api/categories/homepage","","GET /public_api/categories/homepage",""
"skipped","Tue Jul 28 03:14:06 UTC 2026","Tue Jul 28 03:14:06 UTC 2026","0","7. Team Pegasus | Pegasus Staging","Endpoints Tests","Membership Management (PGS-861)","GET — Verify UTM in supplier-facts","","GET — Verify UTM in supplier-facts",""
"passed","Tue Jul 28 03:16:15 UTC 2026","Tue Jul 28 03:16:15 UTC 2026","36","1.1 Team Hummingbird - BFF | WLW app","Technical Tests","supplier-visitors-controller","GET /public_api/suppliers/{supplier_id}/visits/{id} [NEG] Forbidden Role Token","","GET /public_api/suppliers/{supplier_id}/visits/{id} [NEG] Forbidden Role Token",""
"failed","Tue Jul 28 03:16:11 UTC 2026","Tue Jul 28 03:16:11 UTC 2026","14","1.1 Team Hummingbird - BFF | WLW app","Technical Tests","search-controller","GET /public_api/search/autoComplete [NEG] Expired Token","","GET /public_api/search/autoComplete [NEG] Expired Token",""
"passed","Tue Jul 28 03:16:44 UTC 2026","Tue Jul 28 03:16:44 UTC 2026","63","4. Team CRM |CRM Staging","Endpoints Tests","(root)","resolve individual id bulk","","resolve individual id bulk",""
"skipped","Tue Jul 28 03:14:06 UTC 2026","Tue Jul 28 03:14:06 UTC 2026","0","7. Team Pegasus | Pegasus Staging","Endpoints Tests","Visitors","Elixir (supplier-app)","","Countries by uuid",""
"skipped","Tue Jul 28 03:14:06 UTC 2026","Tue Jul 28 03:14:06 UTC 2026","0","7. Team Pegasus | Pegasus Staging","Business Scenarios Tests","Supplier Registration","EP - Lead create and update","","leads/{lead_id} - Update a lead",""
"skipped","Tue Jul 28 03:18:34 UTC 2026","Tue Jul 28 03:18:34 UTC 2026","0","3 Team Techno - UCL","Technical Tests","Retargeting","GET /unified_commercial_logic/internal_api/api/retargeting/{id} - Retrieve Retargeting By ID","","GET /unified_commercial_logic/internal_api/api/retargeting/{id} - Retrieve Retargeting By ID",""
"skipped","Tue Jul 28 03:14:06 UTC 2026","Tue Jul 28 03:14:06 UTC 2026","0","7. Team Pegasus | Pegasus Staging","Business Scenarios Tests","Business Insights","Dashboard smoke flow","","Activity by uuid",""
"passed","Tue Jul 28 03:16:42 UTC 2026","Tue Jul 28 03:16:42 UTC 2026","63","4. Team CRM |CRM Staging","Endpoints Tests","(root)","resolve individual id","","resolve individual id",""
"failed","Tue Jul 28 03:15:55 UTC 2026","Tue Jul 28 03:15:55 UTC 2026","13","1.1 Team Hummingbird - BFF | WLW app","Technical Tests","conversation-controller","GET /public_api/conversation/userConversations/{conversationId}/file/ [NEG] Expired Token","","GET /public_api/conversation/userConversations/{conversationId}/file/ [NEG] Expired Token",""
"passed","Tue Jul 28 03:15:56 UTC 2026","Tue Jul 28 03:15:56 UTC 2026","23","1.1 Team Hummingbird - BFF | WLW app","Technical Tests","currency-exchange-controller","GET /exchange/fetch-rates [NEG] Missing Auth/API-Key","","GET /exchange/fetch-rates [NEG] Missing Auth/API-Key",""
"passed","Tue Jul 28 03:15:39 UTC 2026","Tue Jul 28 03:15:39 UTC 2026","63","1.1 Team Hummingbird - BFF | WLW app","Endpoint tests","Company","Suppliers listings","","Suppliers listings",""
"skipped","Tue Jul 28 03:14:06 UTC 2026","Tue Jul 28 03:14:06 UTC 2026","0","7. Team Pegasus | Pegasus Staging","Endpoints Tests","Shop Import & Onboarding Backend","/offers/suggestCategory","","/offers/suggestCategory",""
"failed","Tue Jul 28 03:15:53 UTC 2026","Tue Jul 28 03:15:53 UTC 2026","14","1.1 Team Hummingbird - BFF | WLW app","Technical Tests","conversation-controller","GET /public_api/conversation/userConversations/{userId}/unreadCount [NEG] Expired Token","","GET /public_api/conversation/userConversations/{userId}/unreadCount [NEG] Expired Token",""
"passed","Tue Jul 28 03:16:01 UTC 2026","Tue Jul 28 03:16:01 UTC 2026","28","1.1 Team Hummingbird - BFF | WLW app","Technical Tests","login-controller","POST /public_api/auth/registration [NEG] Missing Auth/API-Key","","POST /public_api/auth/registration [NEG] Missing Auth/API-Key",""
"passed","Tue Jul 28 03:15:36 UTC 2026","Tue Jul 28 03:15:36 UTC 2026","100","1.1 Team Hummingbird - BFF | WLW app","Endpoint tests","Login","forgot password","","forgot password",""
"passed","Tue Jul 28 03:15:44 UTC 2026","Tue Jul 28 03:15:44 UTC 2026","60","1.1 Team Hummingbird - BFF | WLW app","Technical Tests","ai-company-search-controller","POST /public_api/search/ai/supplier/recall [NEG] Missing Auth/API-Key","","POST /public_api/search/ai/supplier/recall [NEG] Missing Auth/API-Key",""
"broken","Tue Jul 28 03:13:21 UTC 2026","Tue Jul 28 03:13:22 UTC 2026","558","Bamboo","Technical","","","leafCategoryPredictTest","leafCategoryPredict",""
"passed","Tue Jul 28 03:23:39 UTC 2026","Tue Jul 28 03:23:40 UTC 2026","359","Dolphin","Technical","","","productTextSearchBlankQueryTest","AI product text search recall: blank query → empty success",""
"passed","Tue Jul 28 03:14:43 UTC 2026","Tue Jul 28 03:14:43 UTC 2026","166","1 Team Hummingbird - BFF | EP app","Endpoint tests","Homepage, products","product recommendations FR","","product recommendations FR",""
"passed","Tue Jul 28 03:16:39 UTC 2026","Tue Jul 28 03:16:41 UTC 2026","2527","4. Team CRM |CRM Staging","Business Scenarios Tests","Contacts","Create Contact","","Create Contact",""
"skipped","Tue Jul 28 03:18:34 UTC 2026","Tue Jul 28 03:18:34 UTC 2026","0","3 Team Techno - UCL","Technical Tests","SponsoredBrand","GET /unified_commercial_logic/internal_api/api/sponsored_brand_v1 - Retrieve SponsoredBrandV1 List","","GET /unified_commercial_logic/internal_api/api/sponsored_brand_v1 - Retrieve SponsoredBrandV1 List",""
"broken","Tue Jul 28 03:14:16 UTC 2026","Tue Jul 28 03:14:36 UTC 2026","20699","Dolphin","Technical","","","inferenceEmptySearchTextTest","AI Search inference: empty searchText still streams",""
"failed","Tue Jul 28 03:15:45 UTC 2026","Tue Jul 28 03:15:45 UTC 2026","12","1.1 Team Hummingbird - BFF | WLW app","Technical Tests","ai-company-search-controller","GET /public_api/search/ai/company/search [NEG] Forbidden Role Token","","GET /public_api/search/ai/company/search [NEG] Forbidden Role Token",""
"passed","Tue Jul 28 03:13:42 UTC 2026","Tue Jul 28 03:13:42 UTC 2026","4","2 Team Dragon - BFF | RFQ Backend","Technical Tests","(root)","Negative test: malformed UUIDs & content type checks","","Negative test: malformed UUIDs & content type checks",""
"passed","Tue Jul 28 03:23:57 UTC 2026","Tue Jul 28 03:23:57 UTC 2026","93","Dolphin","Functional","","","otherStoreProductRecommendTest","similar products recommend -- wlw pdp",""
"passed","Tue Jul 28 03:15:39 UTC 2026","Tue Jul 28 03:15:39 UTC 2026","71","1.1 Team Hummingbird - BFF | WLW app","Endpoint tests","Company","Companies / products FR","","Companies / products FR",""
"passed","Tue Jul 28 03:16:36 UTC 2026","Tue Jul 28 03:16:36 UTC 2026","125","4. Team CRM |CRM Staging","Business Scenarios Tests","Create and edit a contact","Check Contact","","Check Contact",""
"passed","Tue Jul 28 03:16:37 UTC 2026","Tue Jul 28 03:16:38 UTC 2026","432","4. Team CRM |CRM Staging","Business Scenarios Tests","Lead","Lead-duplicateCheck - with dulicates","","Lead-duplicateCheck - with dulicates",""
"failed","Tue Jul 28 03:13:41 UTC 2026","Tue Jul 28 03:13:41 UTC 2026","219","2 Team Dragon - BFF | RFQ Backend","Functional Tests","(root)","POST /v1/rfqs/{rfqId}/respond - Success","","POST /v1/rfqs/{rfqId}/respond - Success",""
"failed","Tue Jul 28 03:14:39 UTC 2026","Tue Jul 28 03:14:39 UTC 2026","824","1 Team Hummingbird - BFF | EP app","Endpoint tests","Login","registration","","registration",""
"passed","Tue Jul 28 03:15:42 UTC 2026","Tue Jul 28 03:15:42 UTC 2026","357","1.1 Team Hummingbird - BFF | WLW app","Endpoint tests","Conversations","user conversations","","user conversations",""
"passed","Tue Jul 28 03:16:16 UTC 2026","Tue Jul 28 03:16:16 UTC 2026","35","1.1 Team Hummingbird - BFF | WLW app","Technical Tests","trending-products-controller","POST /public_api/trending/import","","POST /public_api/trending/import",""
"passed","Tue Jul 28 03:16:38 UTC 2026","Tue Jul 28 03:16:38 UTC 2026","140","4. Team CRM |CRM Staging","Business Scenarios Tests","Lead","Lead-duplicateCheck - without dupicates","","Lead-duplicateCheck - without dupicates",""
"failed","Tue Jul 28 03:14:44 UTC 2026","Tue Jul 28 03:14:44 UTC 2026","385","1 Team Hummingbird - BFF | EP app","Endpoint tests","Contact request","Other request","","Other request",""
"failed","Tue Jul 28 03:14:41 UTC 2026","Tue Jul 28 03:14:41 UTC 2026","84","1 Team Hummingbird - BFF | EP app","Endpoint tests","Company","Company ID DE","","Company ID DE",""
"passed","Tue Jul 28 03:13:23 UTC 2026","Tue Jul 28 03:13:24 UTC 2026","531","Arise","Functional","","","psearchProxySearch","psearchProxySearch",""
"passed","Tue Jul 28 03:23:53 UTC 2026","Tue Jul 28 03:23:54 UTC 2026","747","Dolphin","Technical","","","productTextSearchTest","AI product text search recall API",""
"failed","Tue Jul 28 03:16:33 UTC 2026","Tue Jul 28 03:16:40 UTC 2026","7342","4. Team CRM |CRM Staging","Business Scenarios Tests","Contacts","Check Contact","","Check Contact",""
"passed","Tue Jul 28 03:14:42 UTC 2026","Tue Jul 28 03:14:43 UTC 2026","1411","1 Team Hummingbird - BFF | EP app","Endpoint tests","Search","search companies, EN","","search companies, EN",""
"passed","Tue Jul 28 03:15:57 UTC 2026","Tue Jul 28 03:15:57 UTC 2026","37","1.1 Team Hummingbird - BFF | WLW app","Technical Tests","euro-pages-controller","PUT /public_api/euro-pages/auth/delete","","PUT /public_api/euro-pages/auth/delete",""
"passed","Tue Jul 28 03:16:32 UTC 2026","Tue Jul 28 03:16:33 UTC 2026","507","4. Team CRM |CRM Staging","Business Scenarios Tests","Tasks","Verify Change","","Verify Change",""
"failed","Tue Jul 28 03:16:11 UTC 2026","Tue Jul 28 03:16:11 UTC 2026","13","1.1 Team Hummingbird - BFF | WLW app","Technical Tests","search-controller","GET /public_api/search/ai/termRecommend","","GET /public_api/search/ai/termRecommend",""
"failed","Tue Jul 28 03:16:06 UTC 2026","Tue Jul 28 03:16:06 UTC 2026","13","1.1 Team Hummingbird - BFF | WLW app","Technical Tests","purchaser-user-setting-controller","GET /userSetting [NEG] Missing Auth/API-Key","","GET /userSetting [NEG] Missing Auth/API-Key",""
"broken","Tue Jul 28 03:15:36 UTC 2026","Tue Jul 28 03:15:56 UTC 2026","20019","Dolphin","Technical","","","pvMatchMissingQpInfoTest","AI Search PV match: missing qpInfo → business failure",""
"failed","Tue Jul 28 03:23:45 UTC 2026","Tue Jul 28 03:23:46 UTC 2026","924","Dolphin","Technical","","","productTextSearchNoResultTest","AI product text search recall: no-result query",""
"failed","Tue Jul 28 03:15:48 UTC 2026","Tue Jul 28 03:15:48 UTC 2026","12","1.1 Team Hummingbird - BFF | WLW app","Technical Tests","company-controller","GET /public_api/company [NEG] Expired Token","","GET /public_api/company [NEG] Expired Token",""
"failed","Tue Jul 28 03:16:13 UTC 2026","Tue Jul 28 03:16:13 UTC 2026","12","1.1 Team Hummingbird - BFF | WLW app","Technical Tests","search-controller","GET /public_api/categories/recommendations [NEG] Expired Token","","GET /public_api/categories/recommendations [NEG] Expired Token",""
"passed","Tue Jul 28 03:23:41 UTC 2026","Tue Jul 28 03:23:43 UTC 2026","1456","Dolphin","Technical","","","productTextSearchIllegalSortTest","AI product text search recall: illegal sort passthrough",""
"skipped","Tue Jul 28 03:14:06 UTC 2026","Tue Jul 28 03:14:06 UTC 2026","0","7. Team Pegasus | Pegasus Staging","Endpoints Tests","Visitors","Java (statistics-app)","","Filter types",""
"failed","Tue Jul 28 03:16:03 UTC 2026","Tue Jul 28 03:16:03 UTC 2026","14","1.1 Team Hummingbird - BFF | WLW app","Technical Tests","product-controller","GET /public_api/products [NEG] Forbidden Role Token","","GET /public_api/products [NEG] Forbidden Role Token",""
"passed","Tue Jul 28 03:16:42 UTC 2026","Tue Jul 28 03:16:42 UTC 2026","63","4. Team CRM |CRM Staging","Endpoints Tests","(root)","resolve individual id","","resolve individual id",""
"passed","Tue Jul 28 03:15:56 UTC 2026","Tue Jul 28 03:15:56 UTC 2026","38","1.1 Team Hummingbird - BFF | WLW app","Technical Tests","currency-exchange-controller","GET /exchange/fetch-rates","","GET /exchange/fetch-rates",""
"skipped","Tue Jul 28 03:14:38 UTC 2026","Tue Jul 28 03:14:38 UTC 2026","0","1 Team Hummingbird - BFF | EP app","Business Scenario Tests","(empty)","(empty)","","Business Scenario Tests - empty",""
"failed","Tue Jul 28 03:14:46 UTC 2026","Tue Jul 28 03:15:04 UTC 2026","18237","1 Team Hummingbird - BFF | EP app","Endpoint tests","Visitor profiler","csv get","","csv get",""
"passed","Tue Jul 28 03:15:47 UTC 2026","Tue Jul 28 03:15:47 UTC 2026","34","1.1 Team Hummingbird - BFF | WLW app","Technical Tests","categories-controller","GET /public_api/categories/homepage [NEG] Forbidden Role Token","","GET /public_api/categories/homepage [NEG] Forbidden Role Token",""
"skipped","Tue Jul 28 03:14:06 UTC 2026","Tue Jul 28 03:14:06 UTC 2026","0","7. Team Pegasus | Pegasus Staging","Spike | Profiles link user to company","(root)","06 PATCH — Link company to profile","","06 PATCH — Link company to profile",""
"passed","Tue Jul 28 03:15:49 UTC 2026","Tue Jul 28 03:15:49 UTC 2026","37","1.1 Team Hummingbird - BFF | WLW app","Technical Tests","company-controller","GET /public_api/company/{id} [NEG] Forbidden Role Token","","GET /public_api/company/{id} [NEG] Forbidden Role Token",""
"broken","Tue Jul 28 03:18:38 UTC 2026","Tue Jul 28 03:18:58 UTC 2026","20019","Dolphin","Technical","","","recallPageSizeOverMaxTest","AI Search recall: pageSize over max capped",""
"passed","Tue Jul 28 03:16:38 UTC 2026","Tue Jul 28 03:16:40 UTC 2026","1814","4. Team CRM |CRM Staging","Business Scenarios Tests","Lead","Create a  lead","","Create a  lead",""
"passed","Tue Jul 28 03:16:39 UTC 2026","Tue Jul 28 03:16:39 UTC 2026","0","4. Team CRM |CRM Staging","Business Scenarios Tests","Contacts","Smoke test for Create Contact & Verify HubSpot Sync","","Smoke test for Create Contact & Verify HubSpot Sync",""
"passed","Tue Jul 28 03:15:57 UTC 2026","Tue Jul 28 03:15:57 UTC 2026","35","1.1 Team Hummingbird - BFF | WLW app","Technical Tests","euro-pages-controller","PUT /public_api/euro-pages/auth/delete [NEG] Expired Token","","PUT /public_api/euro-pages/auth/delete [NEG] Expired Token",""
"failed","Tue Jul 28 03:15:51 UTC 2026","Tue Jul 28 03:15:51 UTC 2026","13","1.1 Team Hummingbird - BFF | WLW app","Technical Tests","conversation-controller","GET /public_api/conversation/userConversations/{conversationId}/messages [NEG] Forbidden Role Token","","GET /public_api/conversation/userConversations/{conversationId}/messages [NEG] Forbidden Role Token",""
"passed","Tue Jul 28 03:15:50 UTC 2026","Tue Jul 28 03:15:50 UTC 2026","34","1.1 Team Hummingbird - BFF | WLW app","Technical Tests","conversation-controller","PUT /public_api/conversation/userConversations/{conversationId}/tag [NEG] Forbidden Role Token","","PUT /public_api/conversation/userConversations/{conversationId}/tag [NEG] Forbidden Role Token",""
"passed","Tue Jul 28 03:15:46 UTC 2026","Tue Jul 28 03:15:46 UTC 2026","40","1.1 Team Hummingbird - BFF | WLW app","Technical Tests","ai-company-search-controller","POST /public_api/search/ai/company/search [NEG] Forbidden Role Token","","POST /public_api/search/ai/company/search [NEG] Forbidden Role Token",""
"skipped","Tue Jul 28 03:14:06 UTC 2026","Tue Jul 28 03:14:06 UTC 2026","0","7. Team Pegasus | Pegasus Staging","Endpoints Tests","Business Insights","Sister platform","","Sister platform",""
"failed","Tue Jul 28 03:15:46 UTC 2026","Tue Jul 28 03:15:46 UTC 2026","12","1.1 Team Hummingbird - BFF | WLW app","Technical Tests","ai-company-search-controller","GET /public_api/search/ai/company/stream/mock [NEG] Forbidden Role Token","","GET /public_api/search/ai/company/stream/mock [NEG] Forbidden Role Token",""
"passed","Tue Jul 28 03:15:52 UTC 2026","Tue Jul 28 03:15:52 UTC 2026","36","1.1 Team Hummingbird - BFF | WLW app","Technical Tests","conversation-controller","POST /public_api/conversation/userConversations/{conversationId}/messages/{messageId}/translate [NEG] Expired Token","","POST /public_api/conversation/userConversations/{conversationId}/messages/{messageId}/translate [NEG] Expired Token",""
"failed","Tue Jul 28 03:15:48 UTC 2026","Tue Jul 28 03:15:48 UTC 2026","13","1.1 Team Hummingbird - BFF | WLW app","Technical Tests","company-controller","GET /public_api/suppliers/{companyID}/listings [NEG] Forbidden Role Token","","GET /public_api/suppliers/{companyID}/listings [NEG] Forbidden Role Token",""
"passed","Tue Jul 28 03:14:45 UTC 2026","Tue Jul 28 03:14:46 UTC 2026","613","1 Team Hummingbird - BFF | EP app","Endpoint tests","Conversations","Decline RFQ","","Decline RFQ",""
"skipped","Tue Jul 28 03:14:06 UTC 2026","Tue Jul 28 03:14:06 UTC 2026","0","7. Team Pegasus | Pegasus Staging","Business Scenarios Tests","Business Insights","Dashboard smoke flow","","Visitors",""
"passed","Tue Jul 28 03:16:02 UTC 2026","Tue Jul 28 03:16:02 UTC 2026","34","1.1 Team Hummingbird - BFF | WLW app","Technical Tests","login-controller","POST /public_api/auth/changePassword","","POST /public_api/auth/changePassword",""
"passed","Tue Jul 28 03:16:13 UTC 2026","Tue Jul 28 03:16:13 UTC 2026","34","1.1 Team Hummingbird - BFF | WLW app","Technical Tests","search-term-controller","PUT /public_api/search/notification-opened [NEG] Forbidden Role Token","","PUT /public_api/search/notification-opened [NEG] Forbidden Role Token",""
"passed","Tue Jul 28 03:16:42 UTC 2026","Tue Jul 28 03:16:43 UTC 2026","225","4. Team CRM |CRM Staging","Endpoints Tests","(root)","trigger from SF Platform Profile","","trigger from SF Platform Profile",""
"passed","Tue Jul 28 03:15:59 UTC 2026","Tue Jul 28 03:15:59 UTC 2026","32","1.1 Team Hummingbird - BFF | WLW app","Technical Tests","inside-business-controller","GET /public_api/inside_business [NEG] Expired Token","","GET /public_api/inside_business [NEG] Expired Token",""
"failed","Tue Jul 28 03:13:42 UTC 2026","Tue Jul 28 03:13:42 UTC 2026","58","2 Team Dragon - BFF | RFQ Backend","Technical Tests","(root)","GET /v1/rfqs/attachments/{attachmentId} - Download + Cache + Perf","","GET /v1/rfqs/attachments/{attachmentId} - Download + Cache + Perf",""
"passed","Tue Jul 28 03:15:58 UTC 2026","Tue Jul 28 03:15:58 UTC 2026","24","1.1 Team Hummingbird - BFF | WLW app","Technical Tests","feedback-controller","GET /feedback/subject [NEG] Missing Auth/API-Key","","GET /feedback/subject [NEG] Missing Auth/API-Key",""
"failed","Tue Jul 28 03:15:42 UTC 2026","Tue Jul 28 03:15:42 UTC 2026","119","1.1 Team Hummingbird - BFF | WLW app","Endpoint tests","Conversations","File","","File",""
"passed","Tue Jul 28 03:16:13 UTC 2026","Tue Jul 28 03:16:13 UTC 2026","35","1.1 Team Hummingbird - BFF | WLW app","Technical Tests","search-term-controller","PUT /public_api/search/notification-opened","","PUT /public_api/search/notification-opened",""
"passed","Tue Jul 28 03:16:06 UTC 2026","Tue Jul 28 03:16:06 UTC 2026","32","1.1 Team Hummingbird - BFF | WLW app","Technical Tests","purchaser-user-setting-controller","POST /userSetting/ [NEG] Expired Token","","POST /userSetting/ [NEG] Expired Token",""
"passed","Tue Jul 28 03:23:57 UTC 2026","Tue Jul 28 03:23:57 UTC 2026","79","Dolphin","Technical","","","zeroResultProductRecommendTest","Recommend products in 0 result search list page v1 -- wlw",""
"passed","Tue Jul 28 03:16:34 UTC 2026","Tue Jul 28 03:16:34 UTC 2026","411","4. Team CRM |CRM Staging","Business Scenarios Tests","Account","Update Account","","Update Account",""
"passed","Tue Jul 28 03:14:41 UTC 2026","Tue Jul 28 03:14:42 UTC 2026","547","1 Team Hummingbird - BFF | EP app","Endpoint tests","Company","Companies / products DE","","Companies / products DE",""
"failed","Tue Jul 28 03:16:13 UTC 2026","Tue Jul 28 03:16:13 UTC 2026","13","1.1 Team Hummingbird - BFF | WLW app","Technical Tests","search-controller","GET /public_api/categories/recommendations [NEG] Forbidden Role Token","","GET /public_api/categories/recommendations [NEG] Forbidden Role Token",""
"passed","Tue Jul 28 03:15:37 UTC 2026","Tue Jul 28 03:15:37 UTC 2026","25","1.1 Team Hummingbird - BFF | WLW app","Endpoint tests","User settings","push-notification-by-email-controller","","push-notification-by-email-controller",""
"skipped","Tue Jul 28 03:18:34 UTC 2026","Tue Jul 28 03:18:34 UTC 2026","0","3 Team Techno - UCL","Technical Tests","Membership","GET /unified_commercial_logic/internal_api/api/membership - Retrieve Membership List","","GET /unified_commercial_logic/internal_api/api/membership - Retrieve Membership List",""
"failed","Tue Jul 28 03:15:38 UTC 2026","Tue Jul 28 03:15:38 UTC 2026","63","1.1 Team Hummingbird - BFF | WLW app","Endpoint tests","Company","Company ID DE","","Company ID DE",""
"passed","Tue Jul 28 03:14:45 UTC 2026","Tue Jul 28 03:14:47 UTC 2026","1950","1 Team Hummingbird - BFF | EP app","Endpoint tests","Visitor profiler","Visits","","Visits",""
"skipped","Tue Jul 28 03:14:06 UTC 2026","Tue Jul 28 03:14:06 UTC 2026","0","7. Team Pegasus | Pegasus Staging","Endpoints Tests","Business Insights","Graph","","Graph",""
"skipped","Tue Jul 28 03:18:34 UTC 2026","Tue Jul 28 03:18:34 UTC 2026","0","3 Team Techno - UCL","Technical Tests","WebsiteLead","GET /unified_commercial_logic/internal_api/api/website_lead - Retrieve WebsiteLead List","","GET /unified_commercial_logic/internal_api/api/website_lead - Retrieve WebsiteLead List",""
"failed","Tue Jul 28 03:16:14 UTC 2026","Tue Jul 28 03:16:14 UTC 2026","14","1.1 Team Hummingbird - BFF | WLW app","Technical Tests","search-term-controller","POST /public_api/search/track [NEG] Missing Auth/API-Key","","POST /public_api/search/track [NEG] Missing Auth/API-Key",""
"failed","Tue Jul 28 03:16:09 UTC 2026","Tue Jul 28 03:16:09 UTC 2026","14","1.1 Team Hummingbird - BFF | WLW app","Technical Tests","search-controller","GET /public_api/suppliers/recommendations [NEG] Expired Token","","GET /public_api/suppliers/recommendations [NEG] Expired Token",""
"skipped","Tue Jul 28 03:14:06 UTC 2026","Tue Jul 28 03:14:06 UTC 2026","0","7. Team Pegasus | Pegasus Staging","Business Scenarios Tests","Visitors","Statistics visitor drill-down","","CSV creation",""
"passed","Tue Jul 28 03:16:36 UTC 2026","Tue Jul 28 03:16:37 UTC 2026","456","4. Team CRM |CRM Staging","Business Scenarios Tests","Create and edit a contact","Edit contact","","Edit contact",""
"passed","Tue Jul 28 03:15:57 UTC 2026","Tue Jul 28 03:15:57 UTC 2026","39","1.1 Team Hummingbird - BFF | WLW app","Technical Tests","euro-pages-controller","PUT /public_api/euro-pages/auth/delete [NEG] Forbidden Role Token","","PUT /public_api/euro-pages/auth/delete [NEG] Forbidden Role Token",""
"passed","Tue Jul 28 03:16:02 UTC 2026","Tue Jul 28 03:16:02 UTC 2026","19","1.1 Team Hummingbird - BFF | WLW app","Technical Tests","login-controller","POST /public_api/auth/code/resend [NEG] Missing Auth/API-Key","","POST /public_api/auth/code/resend [NEG] Missing Auth/API-Key",""
"passed","Tue Jul 28 03:13:22 UTC 2026","Tue Jul 28 03:13:22 UTC 2026","39","Bamboo","Functional","","","listTopCategoriesTest","list top Categories",""
"passed","Tue Jul 28 03:16:12 UTC 2026","Tue Jul 28 03:16:12 UTC 2026","36","1.1 Team Hummingbird - BFF | WLW app","Technical Tests","search-controller","GET /public_api/search/ai/tabChange","","GET /public_api/search/ai/tabChange",""
"passed","Tue Jul 28 03:16:13 UTC 2026","Tue Jul 28 03:16:13 UTC 2026","33","1.1 Team Hummingbird - BFF | WLW app","Technical Tests","search-term-controller","PUT /public_api/search/notification-opened [NEG] Expired Token","","PUT /public_api/search/notification-opened [NEG] Expired Token",""
"passed","Tue Jul 28 03:23:56 UTC 2026","Tue Jul 28 03:23:57 UTC 2026","236","Dolphin","Functional","","","instoreSearchTest","instore search -- cpp/pdp with sort and leaf filter",""
"failed","Tue Jul 28 03:16:39 UTC 2026","Tue Jul 28 03:16:39 UTC 2026","145","4. Team CRM |CRM Staging","Business Scenarios Tests","Lead","Get a Lead","","Get a Lead",""
"failed","Tue Jul 28 03:16:05 UTC 2026","Tue Jul 28 03:16:05 UTC 2026","11","1.1 Team Hummingbird - BFF | WLW app","Technical Tests","purchaser-support-controller","GET /support-faq [NEG] Missing Auth/API-Key","","GET /support-faq [NEG] Missing Auth/API-Key",""
"passed","Tue Jul 28 03:16:17 UTC 2026","Tue Jul 28 03:16:17 UTC 2026","37","1.1 Team Hummingbird - BFF | WLW app","Technical Tests","user-controller","PUT /public_api/user/userInfo","","PUT /public_api/user/userInfo",""
"passed","Tue Jul 28 03:16:33 UTC 2026","Tue Jul 28 03:16:36 UTC 2026","2876","4. Team CRM |CRM Staging","Business Scenarios Tests","Quote","Smoke Test Create new quote","","Smoke Test Create new quote",""
"failed","Tue Jul 28 03:15:46 UTC 2026","Tue Jul 28 03:15:46 UTC 2026","14","1.1 Team Hummingbird - BFF | WLW app","Technical Tests","categories-controller","GET /preferred/categories","","GET /preferred/categories",""
"broken","Tue Jul 28 03:14:56 UTC 2026","Tue Jul 28 03:15:16 UTC 2026","20022","Dolphin","Technical","","","inferenceTest","AI Search inference API (SSE stream)",""
"passed","Tue Jul 28 03:15:53 UTC 2026","Tue Jul 28 03:15:53 UTC 2026","34","1.1 Team Hummingbird - BFF | WLW app","Technical Tests","conversation-controller","GET /public_api/conversation/userConversations [SEC] Injection Probe","","GET /public_api/conversation/userConversations [SEC] Injection Probe",""
"skipped","Tue Jul 28 03:14:06 UTC 2026","Tue Jul 28 03:14:06 UTC 2026","0","7. Team Pegasus | Pegasus Staging","Endpoints Tests","Shop Import & Onboarding Backend","offers/subCategories","","offers/subCategories",""
"passed","Tue Jul 28 03:16:40 UTC 2026","Tue Jul 28 03:16:41 UTC 2026","688","4. Team CRM |CRM Staging","Business Scenarios Tests","Calls","Smoke test for call","","Smoke test for call",""
"passed","Tue Jul 28 03:16:35 UTC 2026","Tue Jul 28 03:16:39 UTC 2026","4256","4. Team CRM |CRM Staging","Business Scenarios Tests","Account","Contact for Account","","Contact for Account",""
"failed","Tue Jul 28 03:16:08 UTC 2026","Tue Jul 28 03:16:08 UTC 2026","14","1.1 Team Hummingbird - BFF | WLW app","Technical Tests","push-notification-by-email-controller","PUT /v1/pushNotification [NEG] Missing Auth/API-Key","","PUT /v1/pushNotification [NEG] Missing Auth/API-Key",""
"failed","Tue Jul 28 03:16:03 UTC 2026","Tue Jul 28 03:16:03 UTC 2026","14","1.1 Team Hummingbird - BFF | WLW app","Technical Tests","product-controller","GET /public_api/products [NEG] Missing Auth/API-Key","","GET /public_api/products [NEG] Missing Auth/API-Key",""
"failed","Tue Jul 28 03:15:50 UTC 2026","Tue Jul 28 03:15:50 UTC 2026","15","1.1 Team Hummingbird - BFF | WLW app","Technical Tests","conversation-controller","PUT /public_api/conversation/userConversations/{conversationId}/messages/markAsRead [NEG] Forbidden Role Token","","PUT /public_api/conversation/userConversations/{conversationId}/messages/markAsRead [NEG] Forbidden Role Token",""
"passed","Tue Jul 28 03:15:58 UTC 2026","Tue Jul 28 03:15:58 UTC 2026","25","1.1 Team Hummingbird - BFF | WLW app","Technical Tests","feedback-controller","POST /feedback [NEG] Missing Auth/API-Key","","POST /feedback [NEG] Missing Auth/API-Key",""
"passed","Tue Jul 28 03:15:49 UTC 2026","Tue Jul 28 03:15:49 UTC 2026","36","1.1 Team Hummingbird - BFF | WLW app","Technical Tests","company-controller","GET /public_api/company/{id}","","GET /public_api/company/{id}",""
"failed","Tue Jul 28 03:16:11 UTC 2026","Tue Jul 28 03:16:11 UTC 2026","12","1.1 Team Hummingbird - BFF | WLW app","Technical Tests","search-controller","GET /public_api/search/autoComplete","","GET /public_api/search/autoComplete",""
"passed","Tue Jul 28 03:14:42 UTC 2026","Tue Jul 28 03:14:43 UTC 2026","779","1 Team Hummingbird - BFF | EP app","Endpoint tests","Search","search companies DE","","search companies DE",""
"passed","Tue Jul 28 03:13:42 UTC 2026","Tue Jul 28 03:13:42 UTC 2026","14","2 Team Dragon - BFF | RFQ Backend","Technical Tests","(root)","GET /v1/categories - CPV list (schema + contract)","","GET /v1/categories - CPV list (schema + contract)",""
"failed","Tue Jul 28 03:16:11 UTC 2026","Tue Jul 28 03:16:11 UTC 2026","14","1.1 Team Hummingbird - BFF | WLW app","Technical Tests","search-controller","GET /public_api/search/ai/termRecommend [NEG] Expired Token","","GET /public_api/search/ai/termRecommend [NEG] Expired Token",""
"failed","Tue Jul 28 03:15:53 UTC 2026","Tue Jul 28 03:15:53 UTC 2026","14","1.1 Team Hummingbird - BFF | WLW app","Technical Tests","conversation-controller","GET /public_api/conversation/userConversations [NEG] Missing Auth/API-Key","","GET /public_api/conversation/userConversations [NEG] Missing Auth/API-Key",""
"passed","Tue Jul 28 03:13:41 UTC 2026","Tue Jul 28 03:13:41 UTC 2026","696","2 Team Dragon - BFF | RFQ Backend","Functional Tests","(root)","GET /v1/rfqs - Success","","GET /v1/rfqs - Success",""
"skipped","Tue Jul 28 03:18:34 UTC 2026","Tue Jul 28 03:18:34 UTC 2026","0","3 Team Techno - UCL","Technical Tests","Organization","GET /unified_commercial_logic/internal_api/api/organization - Retrieve Organization List","","GET /unified_commercial_logic/internal_api/api/organization - Retrieve Organization List",""
"passed","Tue Jul 28 03:14:39 UTC 2026","Tue Jul 28 03:14:39 UTC 2026","269","1 Team Hummingbird - BFF | EP app","Endpoint tests","Login","forgot password","","forgot password",""
"passed","Tue Jul 28 03:15:43 UTC 2026","Tue Jul 28 03:15:46 UTC 2026","3171","1.1 Team Hummingbird - BFF | WLW app","Endpoint tests","Visitor profiler","csv get","","csv get",""
"failed","Tue Jul 28 03:15:45 UTC 2026","Tue Jul 28 03:15:45 UTC 2026","13","1.1 Team Hummingbird - BFF | WLW app","Technical Tests","ai-company-search-controller","GET /public_api/search/ai/company/search [SEC] Injection Probe","","GET /public_api/search/ai/company/search [SEC] Injection Probe",""
"failed","Tue Jul 28 03:16:04 UTC 2026","Tue Jul 28 03:16:04 UTC 2026","12","1.1 Team Hummingbird - BFF | WLW app","Technical Tests","product-controller","GET /public_api/companies/{supplierPublicId}/products","","GET /public_api/companies/{supplierPublicId}/products",""
"passed","Tue Jul 28 03:16:03 UTC 2026","Tue Jul 28 03:16:03 UTC 2026","34","1.1 Team Hummingbird - BFF | WLW app","Technical Tests","product-controller","GET /public_api/products/{productId}","","GET /public_api/products/{productId}",""
"broken","Tue Jul 28 03:22:19 UTC 2026","Tue Jul 28 03:22:39 UTC 2026","20371","Dolphin","Functional","","","termRecommendNoMockTest","AI Search term recommend API without mock",""
"broken","Tue Jul 28 03:22:39 UTC 2026","Tue Jul 28 03:22:59 UTC 2026","20022","Dolphin","Technical","","","termRecommendTest","AI Search term recommend API",""
"passed","Tue Jul 28 03:15:39 UTC 2026","Tue Jul 28 03:15:39 UTC 2026","193","1.1 Team Hummingbird - BFF | WLW app","Endpoint tests","Company","branchIO dynamic link, share CPP","","branchIO dynamic link, share CPP",""
"skipped","Tue Jul 28 03:18:34 UTC 2026","Tue Jul 28 03:18:34 UTC 2026","0","3 Team Techno - UCL","Functional Tests","Endpoint Tests","WebsiteLead","","get all active on wlw for given existing uuid",""
"passed","Tue Jul 28 03:16:01 UTC 2026","Tue Jul 28 03:16:01 UTC 2026","19","1.1 Team Hummingbird - BFF | WLW app","Technical Tests","login-controller","POST /public_api/auth/code/verify [NEG] Missing Auth/API-Key","","POST /public_api/auth/code/verify [NEG] Missing Auth/API-Key",""
"passed","Tue Jul 28 03:16:42 UTC 2026","Tue Jul 28 03:16:42 UTC 2026","147","4. Team CRM |CRM Staging","Endpoints Tests","(root)","get connect receipient","","get connect receipient",""
"skipped","Tue Jul 28 03:18:34 UTC 2026","Tue Jul 28 03:18:34 UTC 2026","0","3 Team Techno - UCL","Technical Tests","Retargeting","GET /unified_commercial_logic/internal_api/api/retargeting/ - Retrieve Retargeting List","","GET /unified_commercial_logic/internal_api/api/retargeting/ - Retrieve Retargeting List",""
"passed","Tue Jul 28 03:16:14 UTC 2026","Tue Jul 28 03:16:14 UTC 2026","36","1.1 Team Hummingbird - BFF | WLW app","Technical Tests","search-term-controller","POST /public_api/search/track [SEC] Injection Probe","","POST /public_api/search/track [SEC] Injection Probe",""
"skipped","Tue Jul 28 03:14:06 UTC 2026","Tue Jul 28 03:14:06 UTC 2026","0","7. Team Pegasus | Pegasus Staging","Business Scenarios Tests","Business Insights","Dashboard smoke flow","","Scoring",""
"passed","Tue Jul 28 03:15:44 UTC 2026","Tue Jul 28 03:15:44 UTC 2026","51","1.1 Team Hummingbird - BFF | WLW app","Technical Tests","ai-company-search-controller","POST /public_api/search/ai/supplier/pv-match [NEG] Missing Auth/API-Key","","POST /public_api/search/ai/supplier/pv-match [NEG] Missing Auth/API-Key",""
"passed","Tue Jul 28 03:15:51 UTC 2026","Tue Jul 28 03:15:51 UTC 2026","39","1.1 Team Hummingbird - BFF | WLW app","Technical Tests","conversation-controller","POST /public_api/conversation/userConversations/{conversationId}/messages [NEG] Forbidden Role Token","","POST /public_api/conversation/userConversations/{conversationId}/messages [NEG] Forbidden Role Token",""
"passed","Tue Jul 28 03:15:40 UTC 2026","Tue Jul 28 03:15:41 UTC 2026","1225","1.1 Team Hummingbird - BFF | WLW app","Endpoint tests","Search","Product Search DE","","Product Search DE",""
"passed","Tue Jul 28 03:16:01 UTC 2026","Tue Jul 28 03:16:01 UTC 2026","33","1.1 Team Hummingbird - BFF | WLW app","Technical Tests","login-controller","POST /public_api/auth/code/verify","","POST /public_api/auth/code/verify",""
"failed","Tue Jul 28 03:16:10 UTC 2026","Tue Jul 28 03:16:10 UTC 2026","15","1.1 Team Hummingbird - BFF | WLW app","Technical Tests","search-controller","GET /public_api/suppliers/recommendations [SEC] Injection Probe","","GET /public_api/suppliers/recommendations [SEC] Injection Probe",""
"passed","Tue Jul 28 03:16:07 UTC 2026","Tue Jul 28 03:16:07 UTC 2026","35","1.1 Team Hummingbird - BFF | WLW app","Technical Tests","purchaser-user-setting-controller","POST /userSetting [NEG] Expired Token","","POST /userSetting [NEG] Expired Token",""
"passed","Tue Jul 28 03:23:55 UTC 2026","Tue Jul 28 03:23:55 UTC 2026","87","Dolphin","Functional","","","EPPCppProductRecommendTest","recommend products in CPP -- ep",""
"passed","Tue Jul 28 03:23:43 UTC 2026","Tue Jul 28 03:23:44 UTC 2026","1464","Dolphin","Technical","","","productTextSearchLongQueryTest","AI product text search recall: long query truncated",""
"passed","Tue Jul 28 03:16:34 UTC 2026","Tue Jul 28 03:16:50 UTC 2026","16518","4. Team CRM |CRM Staging","Business Scenarios Tests","Account","wlw salesorderitems link","","wlw salesorderitems link",""
"failed","Tue Jul 28 03:15:51 UTC 2026","Tue Jul 28 03:15:51 UTC 2026","15","1.1 Team Hummingbird - BFF | WLW app","Technical Tests","conversation-controller","GET /public_api/conversation/userConversations/{conversationId}/messages [NEG] Expired Token","","GET /public_api/conversation/userConversations/{conversationId}/messages [NEG] Expired Token",""
"passed","Tue Jul 28 03:16:09 UTC 2026","Tue Jul 28 03:16:09 UTC 2026","37","1.1 Team Hummingbird - BFF | WLW app","Technical Tests","rfq-controller","POST /public_api/connect/purchaser/tenders/ [NEG] Expired Token","","POST /public_api/connect/purchaser/tenders/ [NEG] Expired Token",""
"broken","Tue Jul 28 03:13:21 UTC 2026","Tue Jul 28 03:13:22 UTC 2026","558","Bamboo","Functional","","","leafCategoryPredictTest","leafCategoryPredict",""
"passed","Tue Jul 28 03:23:49 UTC 2026","Tue Jul 28 03:23:50 UTC 2026","1102","Dolphin","Functional","","","productTextSearchPaidSupplierFilterTest","AI product text search recall: paid/verified supplier filter",""
"skipped","Tue Jul 28 03:14:06 UTC 2026","Tue Jul 28 03:14:06 UTC 2026","0","7. Team Pegasus | Pegasus Staging","Business Scenarios Tests","Supplier Registration","EP - Lead create and update","","leads - Create a lead",""
"failed","Tue Jul 28 03:15:55 UTC 2026","Tue Jul 28 03:15:55 UTC 2026","13","1.1 Team Hummingbird - BFF | WLW app","Technical Tests","conversation-controller","GET /public_api/conversation/userConversations/{conversationId}/file/","","GET /public_api/conversation/userConversations/{conversationId}/file/",""
"failed","Tue Jul 28 03:16:08 UTC 2026","Tue Jul 28 03:16:08 UTC 2026","14","1.1 Team Hummingbird - BFF | WLW app","Technical Tests","push-notification-by-email-controller","PUT /v1/pushNotification [NEG] Forbidden Role Token","","PUT /v1/pushNotification [NEG] Forbidden Role Token",""
"skipped","Tue Jul 28 03:14:06 UTC 2026","Tue Jul 28 03:14:06 UTC 2026","0","7. Team Pegasus | Pegasus Staging","Endpoints Tests","Supplier Facts (CPP)","Supplier Facts","","Supplier Facts",""
"passed","Tue Jul 28 03:16:02 UTC 2026","Tue Jul 28 03:16:02 UTC 2026","35","1.1 Team Hummingbird - BFF | WLW app","Technical Tests","login-controller","POST /public_api/auth/changePassword [NEG] Expired Token","","POST /public_api/auth/changePassword [NEG] Expired Token",""
"passed","Tue Jul 28 03:14:42 UTC 2026","Tue Jul 28 03:14:43 UTC 2026","557","1 Team Hummingbird - BFF | EP app","Endpoint tests","Search","Product Search DE","","Product Search DE",""
"skipped","Tue Jul 28 03:14:06 UTC 2026","Tue Jul 28 03:14:06 UTC 2026","0","7. Team Pegasus | Pegasus Staging","Endpoints Tests","Visitors","Elixir (supplier-app)","","Visitor details",""
"passed","Tue Jul 28 03:16:17 UTC 2026","Tue Jul 28 03:16:17 UTC 2026","27","1.1 Team Hummingbird - BFF | WLW app","Technical Tests","user-controller","GET /public_api/user/userInfo [NEG] Missing Auth/API-Key","","GET /public_api/user/userInfo [NEG] Missing Auth/API-Key",""
"broken","Tue Jul 28 03:19:58 UTC 2026","Tue Jul 28 03:20:18 UTC 2026","20010","Dolphin","Technical","","","recallSecondPageTest","AI Search recall: pagination page 2",""
"passed","Tue Jul 28 03:15:37 UTC 2026","Tue Jul 28 03:15:37 UTC 2026","23","1.1 Team Hummingbird - BFF | WLW app","Endpoint tests","Support","Supportmasterdata_DE","","Supportmasterdata_DE",""
"passed","Tue Jul 28 03:13:24 UTC 2026","Tue Jul 28 03:13:24 UTC 2026","197","Arise","Functional","","","skwd","skwd",""
"passed","Tue Jul 28 03:14:40 UTC 2026","Tue Jul 28 03:14:40 UTC 2026","20","1 Team Hummingbird - BFF | EP app","Endpoint tests","Mobile_Feedback","Feedback Subject_EN","","Feedback Subject_EN",""
"passed","Tue Jul 28 03:16:35 UTC 2026","Tue Jul 28 03:16:36 UTC 2026","196","4. Team CRM |CRM Staging","Business Scenarios Tests","Account","Smoke test : Account + Contact + SAP","","Smoke test : Account + Contact + SAP",""
"skipped","Tue Jul 28 03:14:06 UTC 2026","Tue Jul 28 03:14:06 UTC 2026","0","7. Team Pegasus | Pegasus Staging","Endpoints Tests","Shop Import & Onboarding Backend","/offers/keywordSuggestion","","/offers/keywordSuggestion",""
"passed","Tue Jul 28 03:16:38 UTC 2026","Tue Jul 28 03:16:40 UTC 2026","1814","4. Team CRM |CRM Staging","Business Scenarios Tests","Lead","Create a  lead","","Create a  lead",""
"passed","Tue Jul 28 03:16:40 UTC 2026","Tue Jul 28 03:16:41 UTC 2026","669","4. Team CRM |CRM Staging","Business Scenarios Tests","Meetings","Smoke Test for Meeting","","Smoke Test for Meeting",""
"passed","Tue Jul 28 03:14:40 UTC 2026","Tue Jul 28 03:14:40 UTC 2026","22","1 Team Hummingbird - BFF | EP app","Endpoint tests","Support","FAQ Alibaba","","FAQ Alibaba",""
"failed","Tue Jul 28 03:16:13 UTC 2026","Tue Jul 28 03:16:13 UTC 2026","14","1.1 Team Hummingbird - BFF | WLW app","Technical Tests","search-controller","GET /public_api/categories/recommendations [NEG] Missing Auth/API-Key","","GET /public_api/categories/recommendations [NEG] Missing Auth/API-Key",""
"passed","Tue Jul 28 03:16:12 UTC 2026","Tue Jul 28 03:16:12 UTC 2026","19","1.1 Team Hummingbird - BFF | WLW app","Technical Tests","search-controller","GET /public_api/search/ai/tabChange [NEG] Missing Auth/API-Key","","GET /public_api/search/ai/tabChange [NEG] Missing Auth/API-Key",""
"passed","Tue Jul 28 03:16:41 UTC 2026","Tue Jul 28 03:16:41 UTC 2026","485","4. Team CRM |CRM Staging","Business Scenarios Tests","Cases","Smoke Test for Case Creation","","Smoke Test for Case Creation",""
"failed","Tue Jul 28 03:16:15 UTC 2026","Tue Jul 28 03:16:15 UTC 2026","13","1.1 Team Hummingbird - BFF | WLW app","Technical Tests","supplier-visitors-controller","GET /public_api/suppliers/{supplier_id}/visits/csv [NEG] Expired Token","","GET /public_api/suppliers/{supplier_id}/visits/csv [NEG] Expired Token",""
"passed","Tue Jul 28 03:14:38 UTC 2026","Tue Jul 28 03:14:39 UTC 2026","1149","1 Team Hummingbird - BFF | EP app","Endpoint tests","Login","user Info","","user Info",""
"failed","Tue Jul 28 03:16:14 UTC 2026","Tue Jul 28 03:16:14 UTC 2026","12","1.1 Team Hummingbird - BFF | WLW app","Technical Tests","supplier-visitors-controller","GET /public_api/suppliers/{supplier_id}/visits","","GET /public_api/suppliers/{supplier_id}/visits",""
"passed","Tue Jul 28 03:15:52 UTC 2026","Tue Jul 28 03:15:52 UTC 2026","36","1.1 Team Hummingbird - BFF | WLW app","Technical Tests","conversation-controller","POST /public_api/conversation/userConversations/{conversationId}/messages/file/ [NEG] Forbidden Role Token","","POST /public_api/conversation/userConversations/{conversationId}/messages/file/ [NEG] Forbidden Role Token",""
"passed","Tue Jul 28 03:16:40 UTC 2026","Tue Jul 28 03:16:41 UTC 2026","1411","4. Team CRM |CRM Staging","Business Scenarios Tests","Platform Profile","Smoke Test Create Platform Profile","","Smoke Test Create Platform Profile",""
"passed","Tue Jul 28 03:16:06 UTC 2026","Tue Jul 28 03:16:06 UTC 2026","21","1.1 Team Hummingbird - BFF | WLW app","Technical Tests","purchaser-user-setting-controller","POST /userSetting/ [NEG] Missing Auth/API-Key","","POST /userSetting/ [NEG] Missing Auth/API-Key",""
"passed","Tue Jul 28 03:13:41 UTC 2026","Tue Jul 28 03:13:41 UTC 2026","5","2 Team Dragon - BFF | RFQ Backend","Functional Tests","(root)","Assertions Summary (Doc)","","Assertions Summary (Doc)",""
"passed","Tue Jul 28 03:16:05 UTC 2026","Tue Jul 28 03:16:05 UTC 2026","27","1.1 Team Hummingbird - BFF | WLW app","Technical Tests","purchaser-user-setting-controller","PUT /userSetting/{id} [NEG] Missing Auth/API-Key","","PUT /userSetting/{id} [NEG] Missing Auth/API-Key",""
"failed","Tue Jul 28 03:16:44 UTC 2026","Tue Jul 28 03:16:44 UTC 2026","85","4. Team CRM |CRM Staging","Endpoints Tests","(root)","get company data via CRM id","","get company data via CRM id",""
"passed","Tue Jul 28 03:13:43 UTC 2026","Tue Jul 28 03:13:43 UTC 2026","27","2 Team Dragon - BFF | RFQ Backend","Business Scenario Tests","(root)","RFQ_details","","RFQ_details",""
"skipped","Tue Jul 28 03:14:06 UTC 2026","Tue Jul 28 03:14:06 UTC 2026","0","7. Team Pegasus | Pegasus Staging","Endpoints Tests","Shop Import & Onboarding Backend","/import/status","","/import/status",""
"failed","Tue Jul 28 03:16:10 UTC 2026","Tue Jul 28 03:16:10 UTC 2026","14","1.1 Team Hummingbird - BFF | WLW app","Technical Tests","search-controller","GET /public_api/search [NEG] Expired Token","","GET /public_api/search [NEG] Expired Token",""
"passed","Tue Jul 28 03:15:58 UTC 2026","Tue Jul 28 03:15:58 UTC 2026","41","1.1 Team Hummingbird - BFF | WLW app","Technical Tests","feedback-controller","GET /feedback/subject","","GET /feedback/subject",""
"passed","Tue Jul 28 03:16:09 UTC 2026","Tue Jul 28 03:16:09 UTC 2026","34","1.1 Team Hummingbird - BFF | WLW app","Technical Tests","rfq-marketing-controller","POST /public_api/rfq-marketing/trigger [NEG] Expired Token","","POST /public_api/rfq-marketing/trigger [NEG] Expired Token",""
"failed","Tue Jul 28 03:16:34 UTC 2026","Tue Jul 28 03:16:36 UTC 2026","1775","4. Team CRM |CRM Staging","Business Scenarios Tests","Account","Smoke Test Basic Account Creation","","Smoke Test Basic Account Creation",""
"passed","Tue Jul 28 03:14:39 UTC 2026","Tue Jul 28 03:14:39 UTC 2026","40","1 Team Hummingbird - BFF | EP app","Endpoint tests","Support","Support FAQ_EN","","Support FAQ_EN",""
"failed","Tue Jul 28 03:15:48 UTC 2026","Tue Jul 28 03:15:48 UTC 2026","11","1.1 Team Hummingbird - BFF | WLW app","Technical Tests","company-controller","GET /public_api/company","","GET /public_api/company",""
"skipped","Tue Jul 28 03:14:06 UTC 2026","Tue Jul 28 03:14:06 UTC 2026","0","7. Team Pegasus | Pegasus Staging","Endpoints Tests","Business Insights","PGS-890 Admin company refresh","","PGS-890 Admin company refresh",""
"passed","Tue Jul 28 03:15:45 UTC 2026","Tue Jul 28 03:15:45 UTC 2026","70","1.1 Team Hummingbird - BFF | WLW app","Technical Tests","ai-company-search-controller","POST /public_api/search/ai/company/search [NEG] Missing Auth/API-Key","","POST /public_api/search/ai/company/search [NEG] Missing Auth/API-Key",""
"skipped","Tue Jul 28 03:14:06 UTC 2026","Tue Jul 28 03:14:06 UTC 2026","0","7. Team Pegasus | Pegasus Staging","Business Scenarios Tests","Visitors","Statistics visitor drill-down","","Countries",""
"skipped","Tue Jul 28 03:14:06 UTC 2026","Tue Jul 28 03:14:06 UTC 2026","0","7. Team Pegasus | Pegasus Staging","Endpoints Tests","Visitors","Elixir (supplier-app)","","Visitors by uuid",""
"failed","Tue Jul 28 03:15:45 UTC 2026","Tue Jul 28 03:15:45 UTC 2026","15","1.1 Team Hummingbird - BFF | WLW app","Technical Tests","ai-company-search-controller","GET /public_api/search/ai/company/search [NEG] Expired Token","","GET /public_api/search/ai/company/search [NEG] Expired Token",""
"skipped","Tue Jul 28 03:18:34 UTC 2026","Tue Jul 28 03:18:34 UTC 2026","0","3 Team Techno - UCL","Functional Tests","Endpoint Tests","TopRanking","","get TR with the given existing id",""
"broken","Tue Jul 28 03:19:58 UTC 2026","Tue Jul 28 03:20:18 UTC 2026","20010","Dolphin","Functional","","","recallSecondPageTest","AI Search recall: pagination page 2",""
"passed","Tue Jul 28 03:16:41 UTC 2026","Tue Jul 28 03:16:41 UTC 2026","70","4. Team CRM |CRM Staging","Endpoints Tests","(root)","update SF","","update SF",""
"failed","Tue Jul 28 03:14:44 UTC 2026","Tue Jul 28 03:14:45 UTC 2026","1163","1 Team Hummingbird - BFF | EP app","Endpoint tests","Contact request","Callback request","","Callback request",""
"passed","Tue Jul 28 03:23:55 UTC 2026","Tue Jul 28 03:23:55 UTC 2026","80","Dolphin","Technical","","","cppProductRecommendTest","recommend products in CPP -- wlw",""
"passed","Tue Jul 28 03:16:16 UTC 2026","Tue Jul 28 03:16:16 UTC 2026","36","1.1 Team Hummingbird - BFF | WLW app","Technical Tests","trending-products-controller","GET /public_api/trending/notifications","","GET /public_api/trending/notifications",""
"passed","Tue Jul 28 03:16:32 UTC 2026","Tue Jul 28 03:16:33 UTC 2026","1081","4. Team CRM |CRM Staging","Business Scenarios Tests","Tasks","Change  Assigned To","","Change  Assigned To",""
"skipped","Tue Jul 28 03:14:06 UTC 2026","Tue Jul 28 03:14:06 UTC 2026","0","7. Team Pegasus | Pegasus Staging","Business Scenarios Tests","Supplier Facts","API register, publish, and verify in UI","","4. Publish company (PATCH supplier-facts)",""
"failed","Tue Jul 28 03:15:39 UTC 2026","Tue Jul 28 03:15:39 UTC 2026","177","1.1 Team Hummingbird - BFF | WLW app","Endpoint tests","Company","Companies / products EN","","Companies / products EN",""
"passed","Tue Jul 28 03:13:23 UTC 2026","Tue Jul 28 03:13:23 UTC 2026","41","Arise","Functional","","","pageElementsGet","pageElementsGet",""
"passed","Tue Jul 28 03:13:41 UTC 2026","Tue Jul 28 03:13:41 UTC 2026","24","2 Team Dragon - BFF | RFQ Backend","Functional Tests","(root)","GET /v1/categories - Success","","GET /v1/categories - Success",""
"broken","Tue Jul 28 03:22:39 UTC 2026","Tue Jul 28 03:22:59 UTC 2026","20022","Dolphin","Functional","","","termRecommendTest","AI Search term recommend API",""
"passed","Tue Jul 28 03:15:38 UTC 2026","Tue Jul 28 03:15:38 UTC 2026","23","1.1 Team Hummingbird - BFF | WLW app","Endpoint tests","Support","Supportmasterdata_FR","","Supportmasterdata_FR",""
"passed","Tue Jul 28 03:16:04 UTC 2026","Tue Jul 28 03:16:04 UTC 2026","21","1.1 Team Hummingbird - BFF | WLW app","Technical Tests","product-controller","GET /public_api/products/{productId} [NEG] Missing Auth/API-Key","","GET /public_api/products/{productId} [NEG] Missing Auth/API-Key",""
"failed","Tue Jul 28 03:15:54 UTC 2026","Tue Jul 28 03:15:54 UTC 2026","13","1.1 Team Hummingbird - BFF | WLW app","Technical Tests","conversation-controller","GET /public_api/conversation/userConversations/{userId}/unreadCount/ [NEG] Expired Token","","GET /public_api/conversation/userConversations/{userId}/unreadCount/ [NEG] Expired Token",""
"failed","Tue Jul 28 03:16:04 UTC 2026","Tue Jul 28 03:16:04 UTC 2026","14","1.1 Team Hummingbird - BFF | WLW app","Technical Tests","product-controller","GET /public_api/companies/{supplierPublicId}/products [NEG] Expired Token","","GET /public_api/companies/{supplierPublicId}/products [NEG] Expired Token",""
"passed","Tue Jul 28 03:15:50 UTC 2026","Tue Jul 28 03:15:50 UTC 2026","33","1.1 Team Hummingbird - BFF | WLW app","Technical Tests","conversation-controller","PUT /public_api/conversation/userConversations/{conversationId}/messages/markAsRead [SEC] Injection Probe","","PUT /public_api/conversation/userConversations/{conversationId}/messages/markAsRead [SEC] Injection Probe",""
"passed","Tue Jul 28 03:16:34 UTC 2026","Tue Jul 28 03:16:34 UTC 2026","411","4. Team CRM |CRM Staging","Business Scenarios Tests","Account","Update Account","","Update Account",""
"failed","Tue Jul 28 03:16:07 UTC 2026","Tue Jul 28 03:16:07 UTC 2026","13","1.1 Team Hummingbird - BFF | WLW app","Technical Tests","push-notification-by-email-controller","GET /v1/pushNotification [NEG] Expired Token","","GET /v1/pushNotification [NEG] Expired Token",""
"passed","Tue Jul 28 03:15:52 UTC 2026","Tue Jul 28 03:15:52 UTC 2026","29","1.1 Team Hummingbird - BFF | WLW app","Technical Tests","conversation-controller","POST /public_api/conversation/userConversations/{conversationId}/messages/file [NEG] Missing Auth/API-Key","","POST /public_api/conversation/userConversations/{conversationId}/messages/file [NEG] Missing Auth/API-Key",""
"passed","Tue Jul 28 03:16:02 UTC 2026","Tue Jul 28 03:16:02 UTC 2026","34","1.1 Team Hummingbird - BFF | WLW app","Technical Tests","login-controller","POST /public_api/auth/code/resend","","POST /public_api/auth/code/resend",""
"failed","Tue Jul 28 03:16:08 UTC 2026","Tue Jul 28 03:16:08 UTC 2026","17","1.1 Team Hummingbird - BFF | WLW app","Technical Tests","push-notification-by-email-controller","PUT /v1/pushNotification [NEG] Expired Token","","PUT /v1/pushNotification [NEG] Expired Token",""
"passed","Tue Jul 28 03:14:40 UTC 2026","Tue Jul 28 03:14:40 UTC 2026","36","1 Team Hummingbird - BFF | EP app","Endpoint tests","Mobile_Feedback","Feedback Subject_DE","","Feedback Subject_DE",""
"passed","Tue Jul 28 03:16:32 UTC 2026","Tue Jul 28 03:16:33 UTC 2026","507","4. Team CRM |CRM Staging","Business Scenarios Tests","Tasks","Verify Change","","Verify Change",""
"failed","Tue Jul 28 03:15:48 UTC 2026","Tue Jul 28 03:15:48 UTC 2026","14","1.1 Team Hummingbird - BFF | WLW app","Technical Tests","company-controller","GET /public_api/suppliers/{companyID}/listings [NEG] Expired Token","","GET /public_api/suppliers/{companyID}/listings [NEG] Expired Token",""
"passed","Tue Jul 28 03:16:44 UTC 2026","Tue Jul 28 03:16:44 UTC 2026","74","4. Team CRM |CRM Staging","Endpoints Tests","(root)","get company data via SF id","","get company data via SF id",""
"passed","Tue Jul 28 03:23:44 UTC 2026","Tue Jul 28 03:23:45 UTC 2026","1291","Dolphin","Technical","","","productTextSearchMalformedRawQueryStructTest","AI product text search recall: malformed rawQueryStruct still success",""
"failed","Tue Jul 28 03:15:54 UTC 2026","Tue Jul 28 03:15:54 UTC 2026","14","1.1 Team Hummingbird - BFF | WLW app","Technical Tests","conversation-controller","GET /public_api/conversation/userConversations/{conversationId} [NEG] Missing Auth/API-Key","","GET /public_api/conversation/userConversations/{conversationId} [NEG] Missing Auth/API-Key",""
"passed","Tue Jul 28 03:16:01 UTC 2026","Tue Jul 28 03:16:01 UTC 2026","35","1.1 Team Hummingbird - BFF | WLW app","Technical Tests","login-controller","POST /public_api/auth/registration [NEG] Expired Token","","POST /public_api/auth/registration [NEG] Expired Token",""
"passed","Tue Jul 28 03:15:56 UTC 2026","Tue Jul 28 03:15:56 UTC 2026","37","1.1 Team Hummingbird - BFF | WLW app","Technical Tests","dynamic-links-controller","POST /public_api/branchio/dynamiclink [NEG] Expired Token","","POST /public_api/branchio/dynamiclink [NEG] Expired Token",""
"passed","Tue Jul 28 03:15:38 UTC 2026","Tue Jul 28 03:15:38 UTC 2026","26","1.1 Team Hummingbird - BFF | WLW app","Endpoint tests","Support","currency daily rates","","currency daily rates",""
"passed","Tue Jul 28 03:23:56 UTC 2026","Tue Jul 28 03:23:56 UTC 2026","27","Dolphin","Technical","","","getLandingPageProductListTest","get Landing page Product List for seo",""
"passed","Tue Jul 28 03:16:36 UTC 2026","Tue Jul 28 03:16:39 UTC 2026","2604","4. Team CRM |CRM Staging","Business Scenarios Tests","Create and edit a contact","Create contact","","Create contact",""
"failed","Tue Jul 28 03:16:16 UTC 2026","Tue Jul 28 03:16:16 UTC 2026","13","1.1 Team Hummingbird - BFF | WLW app","Technical Tests","trending-products-controller","GET /public_api/trending/products [NEG] Forbidden Role Token","","GET /public_api/trending/products [NEG] Forbidden Role Token",""
"passed","Tue Jul 28 03:15:40 UTC 2026","Tue Jul 28 03:15:41 UTC 2026","657","1.1 Team Hummingbird - BFF | WLW app","Endpoint tests","Search","search companies FR","","search companies FR",""
"failed","Tue Jul 28 03:15:51 UTC 2026","Tue Jul 28 03:15:51 UTC 2026","12","1.1 Team Hummingbird - BFF | WLW app","Technical Tests","conversation-controller","GET /public_api/conversation/userConversations/{conversationId}/messages","","GET /public_api/conversation/userConversations/{conversationId}/messages",""
"passed","Tue Jul 28 03:15:37 UTC 2026","Tue Jul 28 03:15:37 UTC 2026","19","1.1 Team Hummingbird - BFF | WLW app","Endpoint tests","Support","Support FAQ_DE","","Support FAQ_DE",""
"passed","Tue Jul 28 03:15:59 UTC 2026","Tue Jul 28 03:15:59 UTC 2026","38","1.1 Team Hummingbird - BFF | WLW app","Technical Tests","help-and-support-controller","POST /help [NEG] Expired Token","","POST /help [NEG] Expired Token",""
"broken","Tue Jul 28 03:19:18 UTC 2026","Tue Jul 28 03:19:38 UTC 2026","20016","Dolphin","Technical","","","recallPageZeroNormalizedTest","AI Search recall: page=0 normalized, still success",""
"failed","Tue Jul 28 03:15:42 UTC 2026","Tue Jul 28 03:15:42 UTC 2026","480","1.1 Team Hummingbird - BFF | WLW app","Endpoint tests","Conversations","user conversations to decline request","","user conversations to decline request",""
"failed","Tue Jul 28 03:15:54 UTC 2026","Tue Jul 28 03:15:54 UTC 2026","15","1.1 Team Hummingbird - BFF | WLW app","Technical Tests","conversation-controller","GET /public_api/conversation/userConversations/{conversationId}","","GET /public_api/conversation/userConversations/{conversationId}",""
"passed","Tue Jul 28 03:16:39 UTC 2026","Tue Jul 28 03:16:39 UTC 2026","0","4. Team CRM |CRM Staging","Business Scenarios Tests","Contacts","Smoke test for Create Contact & Verify HubSpot Sync","","Smoke test for Create Contact & Verify HubSpot Sync",""
"skipped","Tue Jul 28 03:14:06 UTC 2026","Tue Jul 28 03:14:06 UTC 2026","0","7. Team Pegasus | Pegasus Staging","Spike | Profiles link user to company","(root)","05 GET — Profile by email","","05 GET — Profile by email",""
"passed","Tue Jul 28 03:15:49 UTC 2026","Tue Jul 28 03:15:49 UTC 2026","36","1.1 Team Hummingbird - BFF | WLW app","Technical Tests","conversation-controller","PUT /public_api/conversation/userConversations/{conversationId}/tag","","PUT /public_api/conversation/userConversations/{conversationId}/tag",""
"failed","Tue Jul 28 03:15:43 UTC 2026","Tue Jul 28 03:15:44 UTC 2026","720","1.1 Team Hummingbird - BFF | WLW app","Endpoint tests","Visitor profiler","Visitor ID","","Visitor ID",""
"passed","Tue Jul 28 03:15:37 UTC 2026","Tue Jul 28 03:15:37 UTC 2026","17","1.1 Team Hummingbird - BFF | WLW app","Endpoint tests","Support","Support FAQ_FR","","Support FAQ_FR",""
"failed","Tue Jul 28 03:15:48 UTC 2026","Tue Jul 28 03:15:48 UTC 2026","13","1.1 Team Hummingbird - BFF | WLW app","Technical Tests","company-controller","GET /public_api/suppliers/{companyID}/listings [SEC] Injection Probe","","GET /public_api/suppliers/{companyID}/listings [SEC] Injection Probe",""
"passed","Tue Jul 28 03:23:55 UTC 2026","Tue Jul 28 03:23:55 UTC 2026","100","Dolphin","Functional","","","EPOtherStoreProductRecommendTest","product other store recommend",""
"failed","Tue Jul 28 03:14:41 UTC 2026","Tue Jul 28 03:14:41 UTC 2026","52","1 Team Hummingbird - BFF | EP app","Endpoint tests","Company","Company ID FR","","Company ID FR",""
"failed","Tue Jul 28 03:16:14 UTC 2026","Tue Jul 28 03:16:14 UTC 2026","19","1.1 Team Hummingbird - BFF | WLW app","Technical Tests","search-term-controller","POST /public_api/search/track [NEG] Expired Token","","POST /public_api/search/track [NEG] Expired Token",""
"failed","Tue Jul 28 03:15:55 UTC 2026","Tue Jul 28 03:15:55 UTC 2026","13","1.1 Team Hummingbird - BFF | WLW app","Technical Tests","conversation-controller","GET /public_api/conversation/userConversations/{conversationId} [NEG] Forbidden Role Token","","GET /public_api/conversation/userConversations/{conversationId} [NEG] Forbidden Role Token",""
"passed","Tue Jul 28 03:15:40 UTC 2026","Tue Jul 28 03:15:40 UTC 2026","63","1.1 Team Hummingbird - BFF | WLW app","Endpoint tests","Search","search autoComplete FR","","search autoComplete FR",""
"passed","Tue Jul 28 03:15:41 UTC 2026","Tue Jul 28 03:15:41 UTC 2026","186","1.1 Team Hummingbird - BFF | WLW app","Endpoint tests","Homepage, products","product recommendations FR","","product recommendations FR",""
"passed","Tue Jul 28 03:16:35 UTC 2026","Tue Jul 28 03:16:39 UTC 2026","4256","4. Team CRM |CRM Staging","Business Scenarios Tests","Account","Contact for Account","","Contact for Account",""
"failed","Tue Jul 28 03:16:07 UTC 2026","Tue Jul 28 03:16:07 UTC 2026","14","1.1 Team Hummingbird - BFF | WLW app","Technical Tests","push-notification-by-email-controller","GET /v1/pushNotification [NEG] Forbidden Role Token","","GET /v1/pushNotification [NEG] Forbidden Role Token",""
"skipped","Tue Jul 28 03:14:06 UTC 2026","Tue Jul 28 03:14:06 UTC 2026","0","7. Team Pegasus | Pegasus Staging","Endpoints Tests","Business Insights","User by uuid","","User by uuid",""
"skipped","Tue Jul 28 03:14:06 UTC 2026","Tue Jul 28 03:14:06 UTC 2026","0","7. Team Pegasus | Pegasus Staging","Business Scenarios Tests","Business Insights","Dashboard smoke flow","","Set User Activity",""
"failed","Tue Jul 28 03:15:50 UTC 2026","Tue Jul 28 03:15:50 UTC 2026","13","1.1 Team Hummingbird - BFF | WLW app","Technical Tests","conversation-controller","PUT /public_api/conversation/userConversations/{conversationId}/messages/markAsRead [NEG] Expired Token","","PUT /public_api/conversation/userConversations/{conversationId}/messages/markAsRead [NEG] Expired Token",""
"passed","Tue Jul 28 03:14:43 UTC 2026","Tue Jul 28 03:14:43 UTC 2026","47","1 Team Hummingbird - BFF | EP app","Endpoint tests","Homepage, products","categories/homepage","","categories/homepage",""
"passed","Tue Jul 28 03:16:17 UTC 2026","Tue Jul 28 03:16:17 UTC 2026","34","1.1 Team Hummingbird - BFF | WLW app","Technical Tests","trending-products-controller","GET /public_api/trending/notifications [NEG] Expired Token","","GET /public_api/trending/notifications [NEG] Expired Token",""
"skipped","Tue Jul 28 03:14:06 UTC 2026","Tue Jul 28 03:14:06 UTC 2026","0","7. Team Pegasus | Pegasus Staging","Business Scenarios Tests","Supplier Facts","API register, publish, and verify in UI","","1. Create registration lead",""
"failed","Tue Jul 28 03:15:46 UTC 2026","Tue Jul 28 03:15:46 UTC 2026","14","1.1 Team Hummingbird - BFF | WLW app","Technical Tests","categories-controller","GET /preferred/categories [NEG] Expired Token","","GET /preferred/categories [NEG] Expired Token",""
"passed","Tue Jul 28 03:15:53 UTC 2026","Tue Jul 28 03:15:53 UTC 2026","34","1.1 Team Hummingbird - BFF | WLW app","Technical Tests","conversation-controller","POST /public_api/conversation/userConversations/{conversationId}/messages/file [NEG] Forbidden Role Token","","POST /public_api/conversation/userConversations/{conversationId}/messages/file [NEG] Forbidden Role Token",""
"passed","Tue Jul 28 03:16:08 UTC 2026","Tue Jul 28 03:16:08 UTC 2026","28","1.1 Team Hummingbird - BFF | WLW app","Technical Tests","rfq-controller","POST /public_api/connect/purchaser/tenders/ [NEG] Missing Auth/API-Key","","POST /public_api/connect/purchaser/tenders/ [NEG] Missing Auth/API-Key",""
"passed","Tue Jul 28 03:15:52 UTC 2026","Tue Jul 28 03:15:52 UTC 2026","36","1.1 Team Hummingbird - BFF | WLW app","Technical Tests","conversation-controller","POST /public_api/conversation/userConversations/{conversationId}/messages/file","","POST /public_api/conversation/userConversations/{conversationId}/messages/file",""
"passed","Tue Jul 28 03:16:44 UTC 2026","Tue Jul 28 03:16:44 UTC 2026","221","4. Team CRM |CRM Staging","Endpoints Tests","(root)","trigger a Buyer lead","","trigger a Buyer lead",""
"passed","Tue Jul 28 03:14:41 UTC 2026","Tue Jul 28 03:14:42 UTC 2026","866","1 Team Hummingbird - BFF | EP app","Endpoint tests","Company","Companies / products EN","","Companies / products EN",""
"skipped","Tue Jul 28 03:18:34 UTC 2026","Tue Jul 28 03:18:34 UTC 2026","0","3 Team Techno - UCL","Functional Tests","Endpoint Tests","SponsoredBrand","","get active SPB by uuid",""
"passed","Tue Jul 28 03:15:56 UTC 2026","Tue Jul 28 03:15:56 UTC 2026","59","1.1 Team Hummingbird - BFF | WLW app","Technical Tests","dynamic-links-controller","POST /public_api/branchio/dynamiclink","","POST /public_api/branchio/dynamiclink",""
"passed","Tue Jul 28 03:15:59 UTC 2026","Tue Jul 28 03:15:59 UTC 2026","46","1.1 Team Hummingbird - BFF | WLW app","Technical Tests","help-and-support-controller","POST /help [NEG] Missing Auth/API-Key","","POST /help [NEG] Missing Auth/API-Key",""
"skipped","Tue Jul 28 03:14:06 UTC 2026","Tue Jul 28 03:14:06 UTC 2026","0","7. Team Pegasus | Pegasus Staging","Business Scenarios Tests","Business Insights","Dashboard smoke flow","","Activity",""
"failed","Tue Jul 28 03:16:04 UTC 2026","Tue Jul 28 03:16:04 UTC 2026","11","1.1 Team Hummingbird - BFF | WLW app","Technical Tests","product-controller","GET /public_api/companies/{supplierPublicId}/products [SEC] Injection Probe","","GET /public_api/companies/{supplierPublicId}/products [SEC] Injection Probe",""
"passed","Tue Jul 28 03:23:54 UTC 2026","Tue Jul 28 03:23:55 UTC 2026","725","Dolphin","Technical","","","productTextSearchTopRankingScenarioTest","AI product text search recall: wlw-staging cnc top-ranking scenario",""
"failed","Tue Jul 28 03:16:03 UTC 2026","Tue Jul 28 03:16:03 UTC 2026","13","1.1 Team Hummingbird - BFF | WLW app","Technical Tests","product-controller","GET /public_api/products [SEC] Injection Probe","","GET /public_api/products [SEC] Injection Probe",""
"failed","Tue Jul 28 03:16:03 UTC 2026","Tue Jul 28 03:16:03 UTC 2026","13","1.1 Team Hummingbird - BFF | WLW app","Technical Tests","product-controller","GET /public_api/products","","GET /public_api/products",""
"skipped","Tue Jul 28 03:14:06 UTC 2026","Tue Jul 28 03:14:06 UTC 2026","0","7. Team Pegasus | Pegasus Staging","Endpoints Tests","Business Insights","Company Overview","","Company Overview",""
"passed","Tue Jul 28 03:16:17 UTC 2026","Tue Jul 28 03:16:17 UTC 2026","43","1.1 Team Hummingbird - BFF | WLW app","Technical Tests","user-controller","GET /public_api/user/userInfo [NEG] Forbidden Role Token","","GET /public_api/user/userInfo [NEG] Forbidden Role Token",""
"passed","Tue Jul 28 03:15:37 UTC 2026","Tue Jul 28 03:15:37 UTC 2026","115","1.1 Team Hummingbird - BFF | WLW app","Endpoint tests","User settings","user setting","","user setting",""
"passed","Tue Jul 28 03:16:34 UTC 2026","Tue Jul 28 03:16:37 UTC 2026","3155","4. Team CRM |CRM Staging","Business Scenarios Tests","Account","Dunning level 1","","Dunning level 1",""
"passed","Tue Jul 28 03:16:09 UTC 2026","Tue Jul 28 03:16:09 UTC 2026","34","1.1 Team Hummingbird - BFF | WLW app","Technical Tests","rfq-marketing-controller","POST /public_api/rfq-marketing/trigger [NEG] Forbidden Role Token","","POST /public_api/rfq-marketing/trigger [NEG] Forbidden Role Token",""
"passed","Tue Jul 28 03:15:58 UTC 2026","Tue Jul 28 03:15:58 UTC 2026","41","1.1 Team Hummingbird - BFF | WLW app","Technical Tests","feedback-controller","GET /feedback/subject [NEG] Expired Token","","GET /feedback/subject [NEG] Expired Token",""
"passed","Tue Jul 28 03:15:50 UTC 2026","Tue Jul 28 03:15:50 UTC 2026","35","1.1 Team Hummingbird - BFF | WLW app","Technical Tests","conversation-controller","PUT /public_api/conversation/userConversations/{conversationId}/decline","","PUT /public_api/conversation/userConversations/{conversationId}/decline",""
"passed","Tue Jul 28 03:13:42 UTC 2026","Tue Jul 28 03:13:42 UTC 2026","14","2 Team Dragon - BFF | RFQ Backend","Technical Tests","(root)","GET /v1/categories - CPV list (schema + contract)","","GET /v1/categories - CPV list (schema + contract)",""
"passed","Tue Jul 28 03:16:15 UTC 2026","Tue Jul 28 03:16:15 UTC 2026","21","1.1 Team Hummingbird - BFF | WLW app","Technical Tests","supplier-visitors-controller","GET /","","GET /",""
"skipped","Tue Jul 28 03:14:06 UTC 2026","Tue Jul 28 03:14:06 UTC 2026","0","7. Team Pegasus | Pegasus Staging","Endpoints Tests","Supplier Registration","Manual VAT check","","Import vat",""
"passed","Tue Jul 28 03:16:37 UTC 2026","Tue Jul 28 03:16:37 UTC 2026","234","4. Team CRM |CRM Staging","Business Scenarios Tests","Disable Hubspot","Check hubspot is false","","Check hubspot is false",""
"broken","Tue Jul 28 03:20:59 UTC 2026","Tue Jul 28 03:21:19 UTC 2026","20020","Dolphin","Technical","","","recallTest","AI Search recall (supplierTextSearch) API using params from inference",""
"passed","Tue Jul 28 03:15:57 UTC 2026","Tue Jul 28 03:15:57 UTC 2026","40","1.1 Team Hummingbird - BFF | WLW app","Technical Tests","euro-pages-controller","DELETE /public_api/euro-pages/auth/delete","","DELETE /public_api/euro-pages/auth/delete",""
"passed","Tue Jul 28 03:15:50 UTC 2026","Tue Jul 28 03:15:50 UTC 2026","36","1.1 Team Hummingbird - BFF | WLW app","Technical Tests","conversation-controller","PUT /public_api/conversation/userConversations/{conversationId}/decline [NEG] Expired Token","","PUT /public_api/conversation/userConversations/{conversationId}/decline [NEG] Expired Token",""
"passed","Tue Jul 28 03:16:41 UTC 2026","Tue Jul 28 03:16:41 UTC 2026","485","4. Team CRM |CRM Staging","Business Scenarios Tests","Cases","Smoke Test for Case Creation","","Smoke Test for Case Creation",""
"skipped","Tue Jul 28 03:14:06 UTC 2026","Tue Jul 28 03:14:06 UTC 2026","0","7. Team Pegasus | Pegasus Staging","Spike | Profiles link user to company","(root)","10 MANUAL — company-editor basic-info (browser)","","10 MANUAL — company-editor basic-info (browser)",""
"passed","Tue Jul 28 03:16:02 UTC 2026","Tue Jul 28 03:16:02 UTC 2026","35","1.1 Team Hummingbird - BFF | WLW app","Technical Tests","login-controller","POST /public_api/auth/code/resend [NEG] Forbidden Role Token","","POST /public_api/auth/code/resend [NEG] Forbidden Role Token",""
"passed","Tue Jul 28 03:15:58 UTC 2026","Tue Jul 28 03:15:58 UTC 2026","38","1.1 Team Hummingbird - BFF | WLW app","Technical Tests","feedback-controller","POST /feedback","","POST /feedback",""
"passed","Tue Jul 28 03:16:05 UTC 2026","Tue Jul 28 03:16:05 UTC 2026","37","1.1 Team Hummingbird - BFF | WLW app","Technical Tests","purchaser-support-controller","GET /support-faq [SEC] Injection Probe","","GET /support-faq [SEC] Injection Probe",""
"skipped","Tue Jul 28 03:14:06 UTC 2026","Tue Jul 28 03:14:06 UTC 2026","0","7. Team Pegasus | Pegasus Staging","Endpoints Tests","Membership Management (PGS-861)","POST /companies — create with UTM (PGS-861)","","POST /companies — create with UTM (PGS-861)",""
"passed","Tue Jul 28 03:16:40 UTC 2026","Tue Jul 28 03:16:40 UTC 2026","311","4. Team CRM |CRM Staging","Business Scenarios Tests","Platform Profile","Update Platform Profile","","Update Platform Profile",""
"skipped","Tue Jul 28 03:14:06 UTC 2026","Tue Jul 28 03:14:06 UTC 2026","0","7. Team Pegasus | Pegasus Staging","Endpoints Tests","User & Company Context","Get company data crm","","Get company data crm",""
"passed","Tue Jul 28 03:16:07 UTC 2026","Tue Jul 28 03:16:07 UTC 2026","33","1.1 Team Hummingbird - BFF | WLW app","Technical Tests","purchaser-user-setting-controller","POST /userSetting [NEG] Forbidden Role Token","","POST /userSetting [NEG] Forbidden Role Token",""
"skipped","Tue Jul 28 03:14:06 UTC 2026","Tue Jul 28 03:14:06 UTC 2026","0","7. Team Pegasus | Pegasus Staging","Business Scenarios Tests","Visitors","Statistics visitor drill-down","","Visitor details",""
"skipped","Tue Jul 28 03:16:32 UTC 2026","Tue Jul 28 03:16:32 UTC 2026","0","4. Team CRM |CRM Staging","Endpoints Tests","Users","Custom Endpoints","","Endpoints Tests / Users / Custom Endpoints - empty",""
"skipped","Tue Jul 28 03:14:06 UTC 2026","Tue Jul 28 03:14:06 UTC 2026","0","7. Team Pegasus | Pegasus Staging","Endpoints Tests","Shop Import & Onboarding Backend","/offers/searchCategories","","/offers/searchCategories",""
"passed","Tue Jul 28 03:15:39 UTC 2026","Tue Jul 28 03:15:39 UTC 2026","161","1.1 Team Hummingbird - BFF | WLW app","Endpoint tests","Company","Product ID","","Product ID",""
"passed","Tue Jul 28 03:16:40 UTC 2026","Tue Jul 28 03:16:41 UTC 2026","1411","4. Team CRM |CRM Staging","Business Scenarios Tests","Platform Profile","Smoke Test Create Platform Profile","","Smoke Test Create Platform Profile",""
"skipped","Tue Jul 28 03:14:06 UTC 2026","Tue Jul 28 03:14:06 UTC 2026","0","7. Team Pegasus | Pegasus Staging","Business Scenarios Tests","Supplier Registration","WLW - Lead create and update","","leads - Create a lead",""
"passed","Tue Jul 28 03:15:49 UTC 2026","Tue Jul 28 03:15:49 UTC 2026","22","1.1 Team Hummingbird - BFF | WLW app","Technical Tests","company-controller","GET /public_api/company/{id} [NEG] Missing Auth/API-Key","","GET /public_api/company/{id} [NEG] Missing Auth/API-Key",""
"failed","Tue Jul 28 03:16:06 UTC 2026","Tue Jul 28 03:16:06 UTC 2026","11","1.1 Team Hummingbird - BFF | WLW app","Technical Tests","purchaser-user-setting-controller","GET /userSetting","","GET /userSetting",""
"failed","Tue Jul 28 03:13:43 UTC 2026","Tue Jul 28 03:13:43 UTC 2026","232","2 Team Dragon - BFF | RFQ Backend","Business Scenario Tests","(root)","RFQ_Listing","","RFQ_Listing",""
"passed","Tue Jul 28 03:16:08 UTC 2026","Tue Jul 28 03:16:08 UTC 2026","36","1.1 Team Hummingbird - BFF | WLW app","Technical Tests","rfq-controller","POST /public_api/connect/purchaser/tenders/","","POST /public_api/connect/purchaser/tenders/",""
"passed","Tue Jul 28 03:14:42 UTC 2026","Tue Jul 28 03:14:42 UTC 2026","252","1 Team Hummingbird - BFF | EP app","Endpoint tests","Search","search autoComplete DE","","search autoComplete DE",""
"passed","Tue Jul 28 03:15:40 UTC 2026","Tue Jul 28 03:15:41 UTC 2026","610","1.1 Team Hummingbird - BFF | WLW app","Endpoint tests","Search","Product Search EN","","Product Search EN",""
"broken","Tue Jul 28 03:17:17 UTC 2026","Tue Jul 28 03:17:37 UTC 2026","20023","Dolphin","Technical","","","recallIllegalSortPassthroughTest","AI Search recall: illegal sort passthrough (no param fail)",""
"passed","Tue Jul 28 03:15:43 UTC 2026","Tue Jul 28 03:15:46 UTC 2026","3171","1.1 Team Hummingbird - BFF | WLW app","Endpoint tests","Visitor profiler","csv get","","csv get",""
"broken","Tue Jul 28 03:23:19 UTC 2026","Tue Jul 28 03:23:39 UTC 2026","20006","Dolphin","Functional","","","productInferenceTest","AI product search inference stream API",""
"passed","Tue Jul 28 03:13:22 UTC 2026","Tue Jul 28 03:13:22 UTC 2026","34","Bamboo","Functional","","","searchCategoryByNameTest","searchCategoryByName",""
"skipped","Tue Jul 28 03:14:06 UTC 2026","Tue Jul 28 03:14:06 UTC 2026","0","7. Team Pegasus | Pegasus Staging","Spike | Profiles link user to company","(root)","09 MANUAL — my-account supplier page (browser)","","09 MANUAL — my-account supplier page (browser)",""
"skipped","Tue Jul 28 03:14:06 UTC 2026","Tue Jul 28 03:14:06 UTC 2026","0","7. Team Pegasus | Pegasus Staging","Endpoints Tests","User & Company Context","User Profile Storage by uuid","","User Profile Storage by uuid",""
"skipped","Tue Jul 28 03:16:32 UTC 2026","Tue Jul 28 03:16:32 UTC 2026","0","4. Team CRM |CRM Staging","Endpoints Tests","Leads","(empty)","","Endpoints Tests / Leads - empty",""
"failed","Tue Jul 28 03:16:10 UTC 2026","Tue Jul 28 03:16:10 UTC 2026","13","1.1 Team Hummingbird - BFF | WLW app","Technical Tests","search-controller","GET /public_api/search [NEG] Forbidden Role Token","","GET /public_api/search [NEG] Forbidden Role Token",""
"passed","Tue Jul 28 03:15:52 UTC 2026","Tue Jul 28 03:15:52 UTC 2026","38","1.1 Team Hummingbird - BFF | WLW app","Technical Tests","conversation-controller","POST /public_api/conversation/userConversations/{conversationId}/messages/{messageId}/translate [NEG] Forbidden Role Token","","POST /public_api/conversation/userConversations/{conversationId}/messages/{messageId}/translate [NEG] Forbidden Role Token",""
"passed","Tue Jul 28 03:16:32 UTC 2026","Tue Jul 28 03:16:33 UTC 2026","1000","4. Team CRM |CRM Staging","Business Scenarios Tests","Tasks","Smoke test Create task","","Smoke test Create task",""
"skipped","Tue Jul 28 03:14:06 UTC 2026","Tue Jul 28 03:14:06 UTC 2026","0","7. Team Pegasus | Pegasus Staging","Business Scenarios Tests","Visitors","Statistics visitor drill-down","","CSV status",""
"passed","Tue Jul 28 03:13:41 UTC 2026","Tue Jul 28 03:13:42 UTC 2026","138","2 Team Dragon - BFF | RFQ Backend","Technical Tests","(root)","GET /v1/rfqs (list) - Compliance + Schema + Perf","","GET /v1/rfqs (list) - Compliance + Schema + Perf",""
"failed","Tue Jul 28 03:13:42 UTC 2026","Tue Jul 28 03:13:42 UTC 2026","55","2 Team Dragon - BFF | RFQ Backend","Technical Tests","(root)","POST /v1/rfqs/{rfqId}/respond - Multipart Upload + Schema + Security","","POST /v1/rfqs/{rfqId}/respond - Multipart Upload + Schema + Security",""
"failed","Tue Jul 28 03:16:04 UTC 2026","Tue Jul 28 03:16:04 UTC 2026","15","1.1 Team Hummingbird - BFF | WLW app","Technical Tests","product-controller","GET /public_api/companies/{supplierPublicId}/products [NEG] Forbidden Role Token","","GET /public_api/companies/{supplierPublicId}/products [NEG] Forbidden Role Token",""
"passed","Tue Jul 28 03:15:44 UTC 2026","Tue Jul 28 03:15:44 UTC 2026","45","1.1 Team Hummingbird - BFF | WLW app","Technical Tests","ai-company-search-controller","POST /public_api/search/ai/supplier/pv-match","","POST /public_api/search/ai/supplier/pv-match",""
"skipped","Tue Jul 28 03:14:06 UTC 2026","Tue Jul 28 03:14:06 UTC 2026","0","7. Team Pegasus | Pegasus Staging","Endpoints Tests","Supplier Registration","EP","","email/check - Validate email domain for a specified country",""
"passed","Tue Jul 28 03:16:01 UTC 2026","Tue Jul 28 03:16:01 UTC 2026","38","1.1 Team Hummingbird - BFF | WLW app","Technical Tests","login-controller","POST /public_api/auth/password/login [NEG] Expired Token","","POST /public_api/auth/password/login [NEG] Expired Token",""
"passed","Tue Jul 28 03:15:40 UTC 2026","Tue Jul 28 03:15:40 UTC 2026","237","1.1 Team Hummingbird - BFF | WLW app","Endpoint tests","Search","search autoComplete DE","","search autoComplete DE",""
"passed","Tue Jul 28 03:16:02 UTC 2026","Tue Jul 28 03:16:02 UTC 2026","34","1.1 Team Hummingbird - BFF | WLW app","Technical Tests","login-controller","POST /public_api/auth/code/verify [NEG] Expired Token","","POST /public_api/auth/code/verify [NEG] Expired Token",""
"passed","Tue Jul 28 03:23:48 UTC 2026","Tue Jul 28 03:23:48 UTC 2026","759","Dolphin","Technical","","","productTextSearchPageSizeZeroTest","AI product text search recall: pageSize=0 normalized to default",""
"skipped","Tue Jul 28 03:18:34 UTC 2026","Tue Jul 28 03:18:34 UTC 2026","0","3 Team Techno - UCL","Technical Tests","GoogleAd","GET /unified_commercial_logic/internal_api/api/google_ad/{id} - Retrieve GoogleAd By ID","","GET /unified_commercial_logic/internal_api/api/google_ad/{id} - Retrieve GoogleAd By ID",""
"passed","Tue Jul 28 03:23:55 UTC 2026","Tue Jul 28 03:23:55 UTC 2026","22","Dolphin","Technical","","","productTextSearchWhitespaceQueryTest","AI product text search recall: whitespace-only query → empty success",""
"passed","Tue Jul 28 03:23:55 UTC 2026","Tue Jul 28 03:23:55 UTC 2026","114","Dolphin","Functional","","","EPZeroResultProductRecommendTest","Recommend products in 0 result search list page v1 -- ep",""
"skipped","Tue Jul 28 03:18:34 UTC 2026","Tue Jul 28 03:18:34 UTC 2026","0","3 Team Techno - UCL","Functional Tests","Endpoint Tests","TopRanking","","get all active on wlw for the given uuid",""
"passed","Tue Jul 28 03:16:38 UTC 2026","Tue Jul 28 03:16:39 UTC 2026","184","4. Team CRM |CRM Staging","Business Scenarios Tests","Lead","Smoke test for Conversion","","Smoke test for Conversion",""
"skipped","Tue Jul 28 03:18:34 UTC 2026","Tue Jul 28 03:18:34 UTC 2026","0","3 Team Techno - UCL","Technical Tests","GoogleAd","GET /unified_commercial_logic/internal_api/api/google_ad - Retrieve GoogleAd List","","GET /unified_commercial_logic/internal_api/api/google_ad - Retrieve GoogleAd List",""
"passed","Tue Jul 28 03:14:45 UTC 2026","Tue Jul 28 03:14:46 UTC 2026","644","1 Team Hummingbird - BFF | EP app","Endpoint tests","Conversations","decline QDR","","decline QDR",""
"passed","Tue Jul 28 03:23:52 UTC 2026","Tue Jul 28 03:23:53 UTC 2026","1104","Dolphin","Technical","","","productTextSearchSpecialCharTest","AI product text search recall: special-character query",""
"passed","Tue Jul 28 03:16:17 UTC 2026","Tue Jul 28 03:16:17 UTC 2026","18","1.1 Team Hummingbird - BFF | WLW app","Technical Tests","trending-products-controller","GET /public_api/trending/notifications [NEG] Missing Auth/API-Key","","GET /public_api/trending/notifications [NEG] Missing Auth/API-Key",""
"passed","Tue Jul 28 03:14:42 UTC 2026","Tue Jul 28 03:14:42 UTC 2026","293","1 Team Hummingbird - BFF | EP app","Endpoint tests","Search","search autoComplete EN","","search autoComplete EN",""
"passed","Tue Jul 28 03:16:11 UTC 2026","Tue Jul 28 03:16:11 UTC 2026","37","1.1 Team Hummingbird - BFF | WLW app","Technical Tests","search-controller","GET /public_api/search/products [SEC] Injection Probe","","GET /public_api/search/products [SEC] Injection Probe",""
"broken","Tue Jul 28 03:17:57 UTC 2026","Tue Jul 28 03:18:17 UTC 2026","20023","Dolphin","Technical","","","recallMissingRequestIdTest","AI Search recall: missing requestId still success",""
"passed","Tue Jul 28 03:14:42 UTC 2026","Tue Jul 28 03:14:44 UTC 2026","1431","1 Team Hummingbird - BFF | EP app","Endpoint tests","Search","Product Search EN","","Product Search EN",""
"failed","Tue Jul 28 03:16:34 UTC 2026","Tue Jul 28 03:16:35 UTC 2026","648","4. Team CRM |CRM Staging","Business Scenarios Tests","Account","Verify HubSpot Sync","","Verify HubSpot Sync",""
"failed","Tue Jul 28 03:14:44 UTC 2026","Tue Jul 28 03:14:45 UTC 2026","1412","1 Team Hummingbird - BFF | EP app","Endpoint tests","Conversations","user conversations to decline request","","user conversations to decline request",""
"failed","Tue Jul 28 03:15:54 UTC 2026","Tue Jul 28 03:15:54 UTC 2026","12","1.1 Team Hummingbird - BFF | WLW app","Technical Tests","conversation-controller","GET /public_api/conversation/userConversations/{userId}/unreadCount/ [NEG] Missing Auth/API-Key","","GET /public_api/conversation/userConversations/{userId}/unreadCount/ [NEG] Missing Auth/API-Key",""
"passed","Tue Jul 28 03:15:44 UTC 2026","Tue Jul 28 03:15:44 UTC 2026","43","1.1 Team Hummingbird - BFF | WLW app","Technical Tests","ai-company-search-controller","POST /public_api/search/ai/supplier/recall [NEG] Expired Token","","POST /public_api/search/ai/supplier/recall [NEG] Expired Token",""
"passed","Tue Jul 28 03:15:51 UTC 2026","Tue Jul 28 03:15:51 UTC 2026","22","1.1 Team Hummingbird - BFF | WLW app","Technical Tests","conversation-controller","POST /public_api/conversation/userConversations/{conversationId}/messages [NEG] Missing Auth/API-Key","","POST /public_api/conversation/userConversations/{conversationId}/messages [NEG] Missing Auth/API-Key",""
"passed","Tue Jul 28 03:16:04 UTC 2026","Tue Jul 28 03:16:04 UTC 2026","38","1.1 Team Hummingbird - BFF | WLW app","Technical Tests","product-controller","GET /public_api/products/{productId} [NEG] Expired Token","","GET /public_api/products/{productId} [NEG] Expired Token",""
"passed","Tue Jul 28 03:16:43 UTC 2026","Tue Jul 28 03:16:43 UTC 2026","503","4. Team CRM |CRM Staging","Endpoints Tests","(root)","Create Note with sf id Copy","","Create Note with sf id Copy",""
"passed","Tue Jul 28 03:15:51 UTC 2026","Tue Jul 28 03:15:51 UTC 2026","36","1.1 Team Hummingbird - BFF | WLW app","Technical Tests","conversation-controller","POST /public_api/conversation/userConversations/{conversationId}/messages [NEG] Expired Token","","POST /public_api/conversation/userConversations/{conversationId}/messages [NEG] Expired Token",""
"skipped","Tue Jul 28 03:18:34 UTC 2026","Tue Jul 28 03:18:34 UTC 2026","0","3 Team Techno - UCL","Technical Tests","Organization","GET /unified_commercial_logic/internal_api/api/organization/ - Retrieve Organization List","","GET /unified_commercial_logic/internal_api/api/organization/ - Retrieve Organization List",""
"passed","Tue Jul 28 03:23:56 UTC 2026","Tue Jul 28 03:23:56 UTC 2026","51","Dolphin","Technical","","","getCategoryListWlwWithPreferredSuperCategoryIdsTest","v-recommend category list -- wlw, with preferredSuperCategoryIds",""
"failed","Tue Jul 28 03:13:22 UTC 2026","Tue Jul 28 03:13:22 UTC 2026","13","Bamboo","Functional","","","listSubCategoriesTest","list sub Categories",""
"skipped","Tue Jul 28 03:14:06 UTC 2026","Tue Jul 28 03:14:06 UTC 2026","0","7. Team Pegasus | Pegasus Staging","Endpoints Tests","Business Insights","User Activity","","User Activity",""
"passed","Tue Jul 28 03:15:50 UTC 2026","Tue Jul 28 03:15:50 UTC 2026","36","1.1 Team Hummingbird - BFF | WLW app","Technical Tests","conversation-controller","PUT /public_api/conversation/userConversations/{conversationId}/tag [NEG] Expired Token","","PUT /public_api/conversation/userConversations/{conversationId}/tag [NEG] Expired Token",""
"passed","Tue Jul 28 03:15:47 UTC 2026","Tue Jul 28 03:15:47 UTC 2026","22","1.1 Team Hummingbird - BFF | WLW app","Technical Tests","categories-controller","GET /public_api/categories/homepage [NEG] Missing Auth/API-Key","","GET /public_api/categories/homepage [NEG] Missing Auth/API-Key",""
"failed","Tue Jul 28 03:16:09 UTC 2026","Tue Jul 28 03:16:09 UTC 2026","14","1.1 Team Hummingbird - BFF | WLW app","Technical Tests","search-controller","GET /public_api/suppliers/recommendations [NEG] Forbidden Role Token","","GET /public_api/suppliers/recommendations [NEG] Forbidden Role Token",""
"passed","Tue Jul 28 03:14:40 UTC 2026","Tue Jul 28 03:14:40 UTC 2026","27","1 Team Hummingbird - BFF | EP app","Endpoint tests","Support","Support FAQ_FR","","Support FAQ_FR",""
"passed","Tue Jul 28 03:16:43 UTC 2026","Tue Jul 28 03:16:43 UTC 2026","798","4. Team CRM |CRM Staging","Endpoints Tests","(root)","Create Note with sf id","","Create Note with sf id",""
"passed","Tue Jul 28 03:16:00 UTC 2026","Tue Jul 28 03:16:00 UTC 2026","35","1.1 Team Hummingbird - BFF | WLW app","Technical Tests","login-controller","POST /public_api/auth/sso/login [NEG] Forbidden Role Token","","POST /public_api/auth/sso/login [NEG] Forbidden Role Token",""
"broken","Tue Jul 28 03:16:57 UTC 2026","Tue Jul 28 03:17:17 UTC 2026","20023","Dolphin","Technical","","","recallCountryFilterTest","AI Search recall: country filter DE",""
"failed","Tue Jul 28 03:14:45 UTC 2026","Tue Jul 28 03:14:45 UTC 2026","78","1 Team Hummingbird - BFF | EP app","Endpoint tests","Conversations","mark as read","","mark as read",""
"passed","Tue Jul 28 03:16:06 UTC 2026","Tue Jul 28 03:16:06 UTC 2026","37","1.1 Team Hummingbird - BFF | WLW app","Technical Tests","purchaser-user-setting-controller","POST /userSetting/","","POST /userSetting/",""
"broken","Tue Jul 28 03:20:59 UTC 2026","Tue Jul 28 03:21:19 UTC 2026","20020","Dolphin","Functional","","","recallTest","AI Search recall (supplierTextSearch) API using params from inference",""
"passed","Tue Jul 28 03:16:00 UTC 2026","Tue Jul 28 03:16:00 UTC 2026","37","1.1 Team Hummingbird - BFF | WLW app","Technical Tests","login-controller","POST /public_api/auth/resetPassword [NEG] Expired Token","","POST /public_api/auth/resetPassword [NEG] Expired Token",""
"passed","Tue Jul 28 03:16:38 UTC 2026","Tue Jul 28 03:16:38 UTC 2026","140","4. Team CRM |CRM Staging","Business Scenarios Tests","Lead","Lead-duplicateCheck - without dupicates","","Lead-duplicateCheck - without dupicates",""
"broken","Tue Jul 28 03:13:20 UTC 2026","Tue Jul 28 03:13:21 UTC 2026","671","Bamboo","Technical","","","findCategoryByIdTest","findCategoryById",""
"skipped","Tue Jul 28 03:14:06 UTC 2026","Tue Jul 28 03:14:06 UTC 2026","0","7. Team Pegasus | Pegasus Staging","Technical Tests","(empty)","(empty)","","Technical Tests - empty",""
"failed","Tue Jul 28 03:15:46 UTC 2026","Tue Jul 28 03:15:46 UTC 2026","15","1.1 Team Hummingbird - BFF | WLW app","Technical Tests","categories-controller","GET /preferred/categories [NEG] Missing Auth/API-Key","","GET /preferred/categories [NEG] Missing Auth/API-Key",""
"failed","Tue Jul 28 03:16:34 UTC 2026","Tue Jul 28 03:16:35 UTC 2026","648","4. Team CRM |CRM Staging","Business Scenarios Tests","Account","Verify HubSpot Sync","","Verify HubSpot Sync",""
"passed","Tue Jul 28 03:16:44 UTC 2026","Tue Jul 28 03:16:44 UTC 2026","221","4. Team CRM |CRM Staging","Endpoints Tests","(root)","trigger a Buyer lead","","trigger a Buyer lead",""
"passed","Tue Jul 28 03:16:38 UTC 2026","Tue Jul 28 03:16:39 UTC 2026","184","4. Team CRM |CRM Staging","Business Scenarios Tests","Lead","Smoke test for Conversion","","Smoke test for Conversion",""
"broken","Tue Jul 28 03:19:38 UTC 2026","Tue Jul 28 03:19:58 UTC 2026","20024","Dolphin","Technical","","","recallPaidSupplierFilterTest","AI Search recall: paid supplier filter (verified=true)",""
"skipped","Tue Jul 28 03:14:06 UTC 2026","Tue Jul 28 03:14:06 UTC 2026","0","7. Team Pegasus | Pegasus Staging","Endpoints Tests","Shop Import & Onboarding Backend","/offers/fetchCategory","","/offers/fetchCategory",""
"passed","Tue Jul 28 03:16:42 UTC 2026","Tue Jul 28 03:16:42 UTC 2026","147","4. Team CRM |CRM Staging","Endpoints Tests","(root)","get connect receipient","","get connect receipient",""
"failed","Tue Jul 28 03:16:15 UTC 2026","Tue Jul 28 03:16:15 UTC 2026","12","1.1 Team Hummingbird - BFF | WLW app","Technical Tests","supplier-visitors-controller","GET /public_api/suppliers/{supplier_id}/visits/csv [NEG] Missing Auth/API-Key","","GET /public_api/suppliers/{supplier_id}/visits/csv [NEG] Missing Auth/API-Key",""
"passed","Tue Jul 28 03:23:48 UTC 2026","Tue Jul 28 03:23:49 UTC 2026","730","Dolphin","Technical","","","productTextSearchPageZeroTest","AI product text search recall: page=0 normalized",""
"passed","Tue Jul 28 03:13:41 UTC 2026","Tue Jul 28 03:13:41 UTC 2026","79","2 Team Dragon - BFF | RFQ Backend","Functional Tests","(root)","POST /v1/rfqs/{rfqId}/respond - Error Case (400)","","POST /v1/rfqs/{rfqId}/respond - Error Case (400)",""
"failed","Tue Jul 28 03:16:34 UTC 2026","Tue Jul 28 03:16:36 UTC 2026","1775","4. Team CRM |CRM Staging","Business Scenarios Tests","Account","Smoke Test Basic Account Creation","","Smoke Test Basic Account Creation",""
"failed","Tue Jul 28 03:16:33 UTC 2026","Tue Jul 28 03:16:34 UTC 2026","681","4. Team CRM |CRM Staging","Business Scenarios Tests","Contacts","Edit Contact","","Edit Contact",""
"passed","Tue Jul 28 03:14:45 UTC 2026","Tue Jul 28 03:14:45 UTC 2026","664","1 Team Hummingbird - BFF | EP app","Endpoint tests","Conversations","translate message","","translate message",""
"passed","Tue Jul 28 03:23:55 UTC 2026","Tue Jul 28 03:23:55 UTC 2026","83","Dolphin","Functional","","","EPSameStoreProductRecommendTest","product same store recommend -- ep",""
"passed","Tue Jul 28 03:16:41 UTC 2026","Tue Jul 28 03:16:42 UTC 2026","70","4. Team CRM |CRM Staging","Endpoints Tests","(root)","update SF","","update SF",""
"passed","Tue Jul 28 03:16:43 UTC 2026","Tue Jul 28 03:16:43 UTC 2026","91","4. Team CRM |CRM Staging","Endpoints Tests","(root)","Update Website Leads Fields with sf_id","","Update Website Leads Fields with sf_id",""
"passed","Tue Jul 28 03:16:33 UTC 2026","Tue Jul 28 03:16:34 UTC 2026","440","4. Team CRM |CRM Staging","Business Scenarios Tests","Quote","Check Quote","","Check Quote",""
"passed","Tue Jul 28 03:23:56 UTC 2026","Tue Jul 28 03:23:56 UTC 2026","566","Dolphin","Functional","","","getproductRecommendByQueryOnCserpTest","getproductRecommendByQueryOnCserpTest",""
"failed","Tue Jul 28 03:15:47 UTC 2026","Tue Jul 28 03:15:47 UTC 2026","13","1.1 Team Hummingbird - BFF | WLW app","Technical Tests","categories-controller","PUT /preferred/categories [NEG] Missing Auth/API-Key","","PUT /preferred/categories [NEG] Missing Auth/API-Key",""
"passed","Tue Jul 28 03:15:49 UTC 2026","Tue Jul 28 03:15:49 UTC 2026","21","1.1 Team Hummingbird - BFF | WLW app","Technical Tests","contact-form-controller","POST /public_api/contact-form/messages [NEG] Missing Auth/API-Key","","POST /public_api/contact-form/messages [NEG] Missing Auth/API-Key",""
"passed","Tue Jul 28 03:14:45 UTC 2026","Tue Jul 28 03:14:49 UTC 2026","3818","1 Team Hummingbird - BFF | EP app","Endpoint tests","Conversations","unread count","","unread count",""
"passed","Tue Jul 28 03:16:03 UTC 2026","Tue Jul 28 03:16:03 UTC 2026","34","1.1 Team Hummingbird - BFF | WLW app","Technical Tests","login-controller","DELETE /public_api/auth/sso/logout [NEG] Missing Auth/API-Key","","DELETE /public_api/auth/sso/logout [NEG] Missing Auth/API-Key",""
"passed","Tue Jul 28 03:15:41 UTC 2026","Tue Jul 28 03:15:41 UTC 2026","188","1.1 Team Hummingbird - BFF | WLW app","Endpoint tests","Homepage, products","product recommendations EN","","product recommendations EN",""
"failed","Tue Jul 28 03:16:16 UTC 2026","Tue Jul 28 03:16:16 UTC 2026","16","1.1 Team Hummingbird - BFF | WLW app","Technical Tests","trending-products-controller","GET /public_api/trending/products [NEG] Missing Auth/API-Key","","GET /public_api/trending/products [NEG] Missing Auth/API-Key",""
"passed","Tue Jul 28 03:16:40 UTC 2026","Tue Jul 28 03:16:41 UTC 2026","826","4. Team CRM |CRM Staging","Business Scenarios Tests","Products","Update Product","","Update Product",""
"passed","Tue Jul 28 03:16:37 UTC 2026","Tue Jul 28 03:16:38 UTC 2026","432","4. Team CRM |CRM Staging","Business Scenarios Tests","Lead","Lead-duplicateCheck - with dulicates","","Lead-duplicateCheck - with dulicates",""
"passed","Tue Jul 28 03:16:00 UTC 2026","Tue Jul 28 03:16:00 UTC 2026","34","1.1 Team Hummingbird - BFF | WLW app","Technical Tests","login-controller","POST /public_api/auth/resetPassword","","POST /public_api/auth/resetPassword",""
"passed","Tue Jul 28 03:15:45 UTC 2026","Tue Jul 28 03:15:45 UTC 2026","37","1.1 Team Hummingbird - BFF | WLW app","Technical Tests","ai-company-search-controller","POST /public_api/search/ai/company/search","","POST /public_api/search/ai/company/search",""
"failed","Tue Jul 28 03:15:55 UTC 2026","Tue Jul 28 03:15:55 UTC 2026","14","1.1 Team Hummingbird - BFF | WLW app","Technical Tests","conversation-controller","GET /public_api/conversation/userConversations/{conversationId}/file [NEG] Expired Token","","GET /public_api/conversation/userConversations/{conversationId}/file [NEG] Expired Token",""
"passed","Tue Jul 28 03:14:39 UTC 2026","Tue Jul 28 03:14:39 UTC 2026","22","1 Team Hummingbird - BFF | EP app","Endpoint tests","User settings","push-notification-by-email-controller","","push-notification-by-email-controller",""
"skipped","Tue Jul 28 03:14:06 UTC 2026","Tue Jul 28 03:14:06 UTC 2026","0","7. Team Pegasus | Pegasus Staging","Endpoints Tests","Supplier Registration","EP","","keywords - Search for keywords",""
"broken","Tue Jul 28 03:15:56 UTC 2026","Tue Jul 28 03:16:16 UTC 2026","20019","Dolphin","Functional","","","pvMatchTest","AI Search PV match (supplierAiMatch) API",""
"passed","Tue Jul 28 03:16:40 UTC 2026","Tue Jul 28 03:16:40 UTC 2026","311","4. Team CRM |CRM Staging","Business Scenarios Tests","Platform Profile","Update Platform Profile","","Update Platform Profile",""
"failed","Tue Jul 28 03:16:05 UTC 2026","Tue Jul 28 03:16:05 UTC 2026","15","1.1 Team Hummingbird - BFF | WLW app","Technical Tests","purchaser-support-controller","GET /support-faq [NEG] Expired Token","","GET /support-faq [NEG] Expired Token",""
"passed","Tue Jul 28 03:15:39 UTC 2026","Tue Jul 28 03:15:40 UTC 2026","343","1.1 Team Hummingbird - BFF | WLW app","Endpoint tests","Company","branchIO dynamic link, share PDP","","branchIO dynamic link, share PDP",""
"passed","Tue Jul 28 03:16:32 UTC 2026","Tue Jul 28 03:16:33 UTC 2026","1081","4. Team CRM |CRM Staging","Business Scenarios Tests","Tasks","Change  Assigned To","","Change  Assigned To",""
"passed","Tue Jul 28 03:14:42 UTC 2026","Tue Jul 28 03:14:42 UTC 2026","198","1 Team Hummingbird - BFF | EP app","Endpoint tests","Company","branchIO dynamic link, share PDP","","branchIO dynamic link, share PDP",""
"failed","Tue Jul 28 03:15:41 UTC 2026","Tue Jul 28 03:15:41 UTC 2026","370","1.1 Team Hummingbird - BFF | WLW app","Endpoint tests","Homepage, products","trending products","","trending products",""
"failed","Tue Jul 28 03:14:44 UTC 2026","Tue Jul 28 03:14:44 UTC 2026","357","1 Team Hummingbird - BFF | EP app","Endpoint tests","Contact request","Product request","","Product request",""
"skipped","Tue Jul 28 03:18:34 UTC 2026","Tue Jul 28 03:18:34 UTC 2026","0","3 Team Techno - UCL","Functional Tests","Endpoint Tests","membership","","get all active membership for uuid not platform specific",""
"passed","Tue Jul 28 03:14:43 UTC 2026","Tue Jul 28 03:14:43 UTC 2026","173","1 Team Hummingbird - BFF | EP app","Endpoint tests","Homepage, products","product recommendations DE","","product recommendations DE",""
"passed","Tue Jul 28 03:15:52 UTC 2026","Tue Jul 28 03:15:52 UTC 2026","34","1.1 Team Hummingbird - BFF | WLW app","Technical Tests","conversation-controller","POST /public_api/conversation/userConversations/{conversationId}/messages/file/ [NEG] Expired Token","","POST /public_api/conversation/userConversations/{conversationId}/messages/file/ [NEG] Expired Token",""
"passed","Tue Jul 28 03:15:40 UTC 2026","Tue Jul 28 03:15:41 UTC 2026","274","1.1 Team Hummingbird - BFF | WLW app","Endpoint tests","RFQ","post RFQ","","post RFQ",""
"passed","Tue Jul 28 03:16:01 UTC 2026","Tue Jul 28 03:16:01 UTC 2026","19","1.1 Team Hummingbird - BFF | WLW app","Technical Tests","login-controller","POST /public_api/auth/password/login [NEG] Missing Auth/API-Key","","POST /public_api/auth/password/login [NEG] Missing Auth/API-Key",""
"skipped","Tue Jul 28 03:14:06 UTC 2026","Tue Jul 28 03:14:06 UTC 2026","0","7. Team Pegasus | Pegasus Staging","Endpoints Tests","Business Insights","Origin","","Origin",""
"passed","Tue Jul 28 03:16:07 UTC 2026","Tue Jul 28 03:16:07 UTC 2026","36","1.1 Team Hummingbird - BFF | WLW app","Technical Tests","purchaser-user-setting-controller","POST /userSetting","","POST /userSetting",""
"passed","Tue Jul 28 03:14:39 UTC 2026","Tue Jul 28 03:14:39 UTC 2026","156","1 Team Hummingbird - BFF | EP app","Endpoint tests","User settings","user setting","","user setting",""
"passed","Tue Jul 28 03:16:42 UTC 2026","Tue Jul 28 03:16:43 UTC 2026","609","4. Team CRM |CRM Staging","Endpoints Tests","(root)","sync event to trigger the RFC lead process","","sync event to trigger the RFC lead process",""
"passed","Tue Jul 28 03:14:41 UTC 2026","Tue Jul 28 03:14:41 UTC 2026","129","1 Team Hummingbird - BFF | EP app","Endpoint tests","Company","Product ID","","Product ID",""
"passed","Tue Jul 28 03:16:39 UTC 2026","Tue Jul 28 03:16:42 UTC 2026","2527","4. Team CRM |CRM Staging","Business Scenarios Tests","Contacts","Create Contact","","Create Contact",""
"skipped","Tue Jul 28 03:14:06 UTC 2026","Tue Jul 28 03:14:06 UTC 2026","0","7. Team Pegasus | Pegasus Staging","Endpoints Tests","Shop Import & Onboarding Backend","/categories/suggest","","/categories/suggest",""
"passed","Tue Jul 28 03:14:44 UTC 2026","Tue Jul 28 03:14:46 UTC 2026","1321","1 Team Hummingbird - BFF | EP app","Endpoint tests","Conversations","new message","","new message",""
"passed","Tue Jul 28 03:15:40 UTC 2026","Tue Jul 28 03:15:41 UTC 2026","673","1.1 Team Hummingbird - BFF | WLW app","Endpoint tests","Search","search track","","search track",""
"skipped","Tue Jul 28 03:18:34 UTC 2026","Tue Jul 28 03:18:34 UTC 2026","0","3 Team Techno - UCL","Technical Tests","Organization","GET /unified_commercial_logic/internal_api/api/organization/{id} - Retrieve Organization By ID","","GET /unified_commercial_logic/internal_api/api/organization/{id} - Retrieve Organization By ID",""
"passed","Tue Jul 28 03:16:08 UTC 2026","Tue Jul 28 03:16:08 UTC 2026","32","1.1 Team Hummingbird - BFF | WLW app","Technical Tests","rfq-controller","POST /public_api/connect/purchaser/tenders [NEG] Forbidden Role Token","","POST /public_api/connect/purchaser/tenders [NEG] Forbidden Role Token",""
"passed","Tue Jul 28 03:15:43 UTC 2026","Tue Jul 28 03:15:43 UTC 2026","312","1.1 Team Hummingbird - BFF | WLW app","Endpoint tests","Conversations","unread count","","unread count",""
"failed","Tue Jul 28 03:15:46 UTC 2026","Tue Jul 28 03:15:46 UTC 2026","13","1.1 Team Hummingbird - BFF | WLW app","Technical Tests","categories-controller","GET /preferred/categories [NEG] Forbidden Role Token","","GET /preferred/categories [NEG] Forbidden Role Token",""
"failed","Tue Jul 28 03:15:55 UTC 2026","Tue Jul 28 03:15:55 UTC 2026","13","1.1 Team Hummingbird - BFF | WLW app","Technical Tests","conversation-controller","GET /public_api/conversation/userConversations/{conversationId}/file [SEC] Injection Probe","","GET /public_api/conversation/userConversations/{conversationId}/file [SEC] Injection Probe",""
"failed","Tue Jul 28 03:15:36 UTC 2026","Tue Jul 28 03:15:36 UTC 2026","46","1.1 Team Hummingbird - BFF | WLW app","Endpoint tests","Login","resend code","","resend code",""
"passed","Tue Jul 28 03:16:15 UTC 2026","Tue Jul 28 03:16:15 UTC 2026","35","1.1 Team Hummingbird - BFF | WLW app","Technical Tests","supplier-visitors-controller","GET /public_api/suppliers/{supplier_id}/visits/{id}","","GET /public_api/suppliers/{supplier_id}/visits/{id}",""
"passed","Tue Jul 28 03:16:01 UTC 2026","Tue Jul 28 03:16:01 UTC 2026","36","1.1 Team Hummingbird - BFF | WLW app","Technical Tests","login-controller","POST /public_api/auth/password/login [NEG] Forbidden Role Token","","POST /public_api/auth/password/login [NEG] Forbidden Role Token",""
"passed","Tue Jul 28 03:16:41 UTC 2026","Tue Jul 28 03:16:41 UTC 2026","98","4. Team CRM |CRM Staging","Endpoints Tests","(root)","duplicate records","","duplicate records",""
"failed","Tue Jul 28 03:16:41 UTC 2026","Tue Jul 28 03:16:42 UTC 2026","648","4. Team CRM |CRM Staging","Endpoints Tests","Accounts","Get Account Information","","Get Account Information",""
"passed","Tue Jul 28 03:16:15 UTC 2026","Tue Jul 28 03:16:15 UTC 2026","34","1.1 Team Hummingbird - BFF | WLW app","Technical Tests","supplier-visitors-controller","GET /public_api/suppliers/{supplier_id}/visits/{id} [NEG] Expired Token","","GET /public_api/suppliers/{supplier_id}/visits/{id} [NEG] Expired Token",""
"skipped","Tue Jul 28 03:14:06 UTC 2026","Tue Jul 28 03:14:06 UTC 2026","0","7. Team Pegasus | Pegasus Staging","Business Scenarios Tests","Supplier Facts","API register, publish, and verify in UI","","3. Resolve company uuid by email",""
"passed","Tue Jul 28 03:15:38 UTC 2026","Tue Jul 28 03:15:38 UTC 2026","24","1.1 Team Hummingbird - BFF | WLW app","Endpoint tests","Mobile_Feedback","Feedback Subject_FR","","Feedback Subject_FR",""
"passed","Tue Jul 28 03:14:41 UTC 2026","Tue Jul 28 03:14:41 UTC 2026","623","1 Team Hummingbird - BFF | EP app","Endpoint tests","Mobile_Feedback","post feedback","","post feedback",""
"passed","Tue Jul 28 03:15:37 UTC 2026","Tue Jul 28 03:15:37 UTC 2026","22","1.1 Team Hummingbird - BFF | WLW app","Endpoint tests","Support","Support FAQ_EN","","Support FAQ_EN",""
"skipped","Tue Jul 28 03:18:34 UTC 2026","Tue Jul 28 03:18:34 UTC 2026","0","3 Team Techno - UCL","Functional Tests","Endpoint Tests","Retargeting","","get active retargeting for the given uuid",""
"passed","Tue Jul 28 03:14:42 UTC 2026","Tue Jul 28 03:14:42 UTC 2026","301","1 Team Hummingbird - BFF | EP app","Endpoint tests","Company","branchIO dynamic link, share CPP","","branchIO dynamic link, share CPP",""
"passed","Tue Jul 28 03:14:42 UTC 2026","Tue Jul 28 03:14:43 UTC 2026","611","1 Team Hummingbird - BFF | EP app","Endpoint tests","Search","search companies FR","","search companies FR",""
"passed","Tue Jul 28 03:16:43 UTC 2026","Tue Jul 28 03:16:43 UTC 2026","93","4. Team CRM |CRM Staging","Endpoints Tests","(root)","Update WLW Connect Counters with id","","Update WLW Connect Counters with id",""
"passed","Tue Jul 28 03:16:01 UTC 2026","Tue Jul 28 03:16:01 UTC 2026","81","1.1 Team Hummingbird - BFF | WLW app","Technical Tests","login-controller","POST /public_api/auth/registration","","POST /public_api/auth/registration",""
"skipped","Tue Jul 28 03:14:06 UTC 2026","Tue Jul 28 03:14:06 UTC 2026","0","7. Team Pegasus | Pegasus Staging","Endpoints Tests","User & Company Context","User Profile Storage by email","","User Profile Storage by email",""
"passed","Tue Jul 28 03:14:43 UTC 2026","Tue Jul 28 03:14:43 UTC 2026","614","1 Team Hummingbird - BFF | EP app","Endpoint tests","RFQ","post RFQ","","post RFQ",""
"passed","Tue Jul 28 03:16:12 UTC 2026","Tue Jul 28 03:16:12 UTC 2026","35","1.1 Team Hummingbird - BFF | WLW app","Technical Tests","search-controller","GET /public_api/search/ai/tabChange [SEC] Injection Probe","","GET /public_api/search/ai/tabChange [SEC] Injection Probe",""
"passed","Tue Jul 28 03:16:06 UTC 2026","Tue Jul 28 03:16:06 UTC 2026","37","1.1 Team Hummingbird - BFF | WLW app","Technical Tests","purchaser-user-setting-controller","POST /userSetting/ [NEG] Forbidden Role Token","","POST /userSetting/ [NEG] Forbidden Role Token",""
"passed","Tue Jul 28 03:16:44 UTC 2026","Tue Jul 28 03:16:44 UTC 2026","63","4. Team CRM |CRM Staging","Endpoints Tests","(root)","resolve individual id bulk","","resolve individual id bulk",""
"skipped","Tue Jul 28 03:14:06 UTC 2026","Tue Jul 28 03:14:06 UTC 2026","0","7. Team Pegasus | Pegasus Staging","Endpoints Tests","Supplier Registration","EP","","request_for_quotations - Endpoints related to the creation of request for quotations",""
"passed","Tue Jul 28 03:15:43 UTC 2026","Tue Jul 28 03:15:45 UTC 2026","1613","1.1 Team Hummingbird - BFF | WLW app","Endpoint tests","Visitor profiler","Visits","","Visits",""
"failed","Tue Jul 28 03:16:05 UTC 2026","Tue Jul 28 03:16:05 UTC 2026","16","1.1 Team Hummingbird - BFF | WLW app","Technical Tests","purchaser-support-controller","GET /support-faq [NEG] Forbidden Role Token","","GET /support-faq [NEG] Forbidden Role Token",""
"passed","Tue Jul 28 03:16:37 UTC 2026","Tue Jul 28 03:16:37 UTC 2026","303","4. Team CRM |CRM Staging","Business Scenarios Tests","Disable Hubspot","Check hubspot is true","","Check hubspot is true",""
"passed","Tue Jul 28 03:15:49 UTC 2026","Tue Jul 28 03:15:49 UTC 2026","41","1.1 Team Hummingbird - BFF | WLW app","Technical Tests","contact-form-controller","POST /public_api/contact-form/messages [NEG] Expired Token","","POST /public_api/contact-form/messages [NEG] Expired Token",""
"passed","Tue Jul 28 03:13:42 UTC 2026","Tue Jul 28 03:13:42 UTC 2026","7","2 Team Dragon - BFF | RFQ Backend","Technical Tests","(root)","GET /v1/rfqs/{rfqId} - Details (Schema + Auth Orchestration)","","GET /v1/rfqs/{rfqId} - Details (Schema + Auth Orchestration)",""
"failed","Tue Jul 28 03:14:45 UTC 2026","Tue Jul 28 03:14:45 UTC 2026","86","1 Team Hummingbird - BFF | EP app","Endpoint tests","Conversations","dynamic link conversation","","dynamic link conversation",""
"failed","Tue Jul 28 03:16:12 UTC 2026","Tue Jul 28 03:16:12 UTC 2026","15","1.1 Team Hummingbird - BFF | WLW app","Technical Tests","search-controller","GET /public_api/search/ai/termRecommend [SEC] Injection Probe","","GET /public_api/search/ai/termRecommend [SEC] Injection Probe",""
"passed","Tue Jul 28 03:15:59 UTC 2026","Tue Jul 28 03:15:59 UTC 2026","35","1.1 Team Hummingbird - BFF | WLW app","Technical Tests","login-controller","POST /public_api/auth/sso/login [NEG] Missing Auth/API-Key","","POST /public_api/auth/sso/login [NEG] Missing Auth/API-Key",""
"passed","Tue Jul 28 03:16:36 UTC 2026","Tue Jul 28 03:16:37 UTC 2026","969","4. Team CRM |CRM Staging","Business Scenarios Tests","Account","Create Account","","Create Account",""
"passed","Tue Jul 28 03:14:40 UTC 2026","Tue Jul 28 03:14:40 UTC 2026","19","1 Team Hummingbird - BFF | EP app","Endpoint tests","Support","Supportmasterdata_EN","","Supportmasterdata_EN",""
"passed","Tue Jul 28 03:16:33 UTC 2026","Tue Jul 28 03:16:34 UTC 2026","440","4. Team CRM |CRM Staging","Business Scenarios Tests","Quote","Check Quote","","Check Quote",""
"failed","Tue Jul 28 03:16:10 UTC 2026","Tue Jul 28 03:16:10 UTC 2026","14","1.1 Team Hummingbird - BFF | WLW app","Technical Tests","search-controller","GET /public_api/search/products [NEG] Expired Token","","GET /public_api/search/products [NEG] Expired Token",""
"passed","Tue Jul 28 03:16:39 UTC 2026","Tue Jul 28 03:16:39 UTC 2026","111","4. Team CRM |CRM Staging","Business Scenarios Tests","WLW Price Compaigns","WLW_Price Compaigns","","WLW_Price Compaigns",""
"failed","Tue Jul 28 03:14:46 UTC 2026","Tue Jul 28 03:14:46 UTC 2026","0","1 Team Hummingbird - BFF | EP app","Endpoint tests","Visitor profiler","download visitors csv","","download visitors csv",""
"failed","Tue Jul 28 03:14:45 UTC 2026","Tue Jul 28 03:15:04 UTC 2026","18237","1 Team Hummingbird - BFF | EP app","Endpoint tests","Visitor profiler","csv get","","csv get",""
"passed","Tue Jul 28 03:16:13 UTC 2026","Tue Jul 28 03:16:13 UTC 2026","40","1.1 Team Hummingbird - BFF | WLW app","Technical Tests","search-controller","GET /public_api/categories/recommendations [SEC] Injection Probe","","GET /public_api/categories/recommendations [SEC] Injection Probe",""
"failed","Tue Jul 28 03:15:42 UTC 2026","Tue Jul 28 03:15:42 UTC 2026","124","1.1 Team Hummingbird - BFF | WLW app","Endpoint tests","Conversations","send file message","","send file message",""
"skipped","Tue Jul 28 03:18:34 UTC 2026","Tue Jul 28 03:18:34 UTC 2026","0","3 Team Techno - UCL","Technical Tests","Retargeting","GET /unified_commercial_logic/internal_api/api/retargeting - Retrieve Retargeting List","","GET /unified_commercial_logic/internal_api/api/retargeting - Retrieve Retargeting List",""
"failed","Tue Jul 28 03:15:48 UTC 2026","Tue Jul 28 03:15:48 UTC 2026","13","1.1 Team Hummingbird - BFF | WLW app","Technical Tests","company-controller","GET /public_api/company [NEG] Missing Auth/API-Key","","GET /public_api/company [NEG] Missing Auth/API-Key",""
"passed","Tue Jul 28 03:23:46 UTC 2026","Tue Jul 28 03:23:48 UTC 2026","1389","Dolphin","Technical","","","productTextSearchPageSizeCapTest","AI product text search recall: pageSize over max capped",""
"passed","Tue Jul 28 03:13:23 UTC 2026","Tue Jul 28 03:13:23 UTC 2026","567","Arise","Functional","","","getAllElementsByUrlTest","getAllElementsByUrlTest",""
"skipped","Tue Jul 28 03:14:06 UTC 2026","Tue Jul 28 03:14:06 UTC 2026","0","7. Team Pegasus | Pegasus Staging","Endpoints Tests","User & Company Context","Get user details by","","Get user details by",""
"passed","Tue Jul 28 03:16:33 UTC 2026","Tue Jul 28 03:16:36 UTC 2026","2876","4. Team CRM |CRM Staging","Business Scenarios Tests","Quote","Smoke Test Create new quote","","Smoke Test Create new quote",""
"failed","Tue Jul 28 03:14:39 UTC 2026","Tue Jul 28 03:14:39 UTC 2026","100","1 Team Hummingbird - BFF | EP app","Endpoint tests","Login","extend session","","extend session",""
"passed","Tue Jul 28 03:16:40 UTC 2026","Tue Jul 28 03:16:41 UTC 2026","826","4. Team CRM |CRM Staging","Business Scenarios Tests","Products","Update Product","","Update Product",""
"passed","Tue Jul 28 03:23:56 UTC 2026","Tue Jul 28 03:23:56 UTC 2026","82","Dolphin","Functional","","","homepageProductRecommendTest","homepage product recommend -- wlw",""
"passed","Tue Jul 28 03:15:56 UTC 2026","Tue Jul 28 03:15:56 UTC 2026","60","1.1 Team Hummingbird - BFF | WLW app","Technical Tests","dynamic-links-controller","POST /public_api/branchio/dynamiclink [NEG] Missing Auth/API-Key","","POST /public_api/branchio/dynamiclink [NEG] Missing Auth/API-Key",""
"failed","Tue Jul 28 03:16:03 UTC 2026","Tue Jul 28 03:16:03 UTC 2026","13","1.1 Team Hummingbird - BFF | WLW app","Technical Tests","product-controller","GET /public_api/products [NEG] Expired Token","","GET /public_api/products [NEG] Expired Token",""
"passed","Tue Jul 28 03:13:24 UTC 2026","Tue Jul 28 03:13:24 UTC 2026","197","Arise","Technical","","","skwd","skwd",""
"passed","Tue Jul 28 03:16:09 UTC 2026","Tue Jul 28 03:16:09 UTC 2026","37","1.1 Team Hummingbird - BFF | WLW app","Technical Tests","rfq-controller","POST /public_api/connect/purchaser/tenders/ [NEG] Forbidden Role Token","","POST /public_api/connect/purchaser/tenders/ [NEG] Forbidden Role Token",""
"passed","Tue Jul 28 03:16:05 UTC 2026","Tue Jul 28 03:16:05 UTC 2026","40","1.1 Team Hummingbird - BFF | WLW app","Technical Tests","purchaser-user-setting-controller","PUT /userSetting/{id} [NEG] Expired Token","","PUT /userSetting/{id} [NEG] Expired Token",""
"passed","Tue Jul 28 03:16:03 UTC 2026","Tue Jul 28 03:16:03 UTC 2026","36","1.1 Team Hummingbird - BFF | WLW app","Technical Tests","login-controller","DELETE /public_api/auth/sso/logout","","DELETE /public_api/auth/sso/logout",""
"passed","Tue Jul 28 03:15:43 UTC 2026","Tue Jul 28 03:15:43 UTC 2026","164","1.1 Team Hummingbird - BFF | WLW app","Endpoint tests","Conversations","Decline RFQ","","Decline RFQ",""
"passed","Tue Jul 28 03:16:09 UTC 2026","Tue Jul 28 03:16:09 UTC 2026","20","1.1 Team Hummingbird - BFF | WLW app","Technical Tests","rfq-marketing-controller","POST /public_api/rfq-marketing/trigger [NEG] Missing Auth/API-Key","","POST /public_api/rfq-marketing/trigger [NEG] Missing Auth/API-Key",""
"passed","Tue Jul 28 03:16:35 UTC 2026","Tue Jul 28 03:16:35 UTC 2026","882","4. Team CRM |CRM Staging","Business Scenarios Tests","Account","Smoke Test Create Account with All Fields","","Smoke Test Create Account with All Fields",""
"passed","Tue Jul 28 03:15:54 UTC 2026","Tue Jul 28 03:15:54 UTC 2026","35","1.1 Team Hummingbird - BFF | WLW app","Technical Tests","conversation-controller","GET /public_api/conversation/userConversations/{userId}/unreadCount [SEC] Injection Probe","","GET /public_api/conversation/userConversations/{userId}/unreadCount [SEC] Injection Probe",""
"passed","Tue Jul 28 03:16:35 UTC 2026","Tue Jul 28 03:16:40 UTC 2026","4397","4. Team CRM |CRM Staging","Business Scenarios Tests","Account","Trigger SAP Customer number","","Trigger SAP Customer number",""
"passed","Tue Jul 28 03:16:40 UTC 2026","Tue Jul 28 03:16:41 UTC 2026","669","4. Team CRM |CRM Staging","Business Scenarios Tests","Meetings","Smoke Test for Meeting","","Smoke Test for Meeting",""
"broken","Tue Jul 28 03:18:58 UTC 2026","Tue Jul 28 03:19:18 UTC 2026","20017","Dolphin","Technical","","","recallPageSizeZeroNormalizedTest","AI Search recall: pageSize=0 normalized to default",""
"broken","Tue Jul 28 03:20:39 UTC 2026","Tue Jul 28 03:20:59 UTC 2026","20003","Dolphin","Technical","","","recallSpecialCharQueryTest","AI Search recall: special-character query structure OK",""
"failed","Tue Jul 28 03:16:44 UTC 2026","Tue Jul 28 03:16:44 UTC 2026","85","4. Team CRM |CRM Staging","Endpoints Tests","(root)","get company data via CRM id","","get company data via CRM id",""
"failed","Tue Jul 28 03:16:15 UTC 2026","Tue Jul 28 03:16:15 UTC 2026","12","1.1 Team Hummingbird - BFF | WLW app","Technical Tests","supplier-visitors-controller","GET /public_api/suppliers/{supplier_id}/visits/csv","","GET /public_api/suppliers/{supplier_id}/visits/csv",""
"passed","Tue Jul 28 03:14:43 UTC 2026","Tue Jul 28 03:14:43 UTC 2026","39","1 Team Hummingbird - BFF | EP app","Endpoint tests","Homepage, products","preferred categories","","preferred categories",""
"passed","Tue Jul 28 03:15:42 UTC 2026","Tue Jul 28 03:15:43 UTC 2026","215","1.1 Team Hummingbird - BFF | WLW app","Endpoint tests","Conversations","mark as read","","mark as read",""
"broken","Tue Jul 28 03:14:36 UTC 2026","Tue Jul 28 03:14:56 UTC 2026","20021","Dolphin","Technical","","","inferenceShortQueryTest","AI Search inference: minimal searchText boundary",""
"passed","Tue Jul 28 03:16:36 UTC 2026","Tue Jul 28 03:16:37 UTC 2026","456","4. Team CRM |CRM Staging","Business Scenarios Tests","Create and edit a contact","Edit contact","","Edit contact",""
"failed","Tue Jul 28 03:16:14 UTC 2026","Tue Jul 28 03:16:14 UTC 2026","14","1.1 Team Hummingbird - BFF | WLW app","Technical Tests","search-term-controller","POST /public_api/search/track [NEG] Forbidden Role Token","","POST /public_api/search/track [NEG] Forbidden Role Token",""
"failed","Tue Jul 28 03:16:06 UTC 2026","Tue Jul 28 03:16:06 UTC 2026","14","1.1 Team Hummingbird - BFF | WLW app","Technical Tests","purchaser-user-setting-controller","GET /userSetting [NEG] Forbidden Role Token","","GET /userSetting [NEG] Forbidden Role Token",""
"failed","Tue Jul 28 03:15:48 UTC 2026","Tue Jul 28 03:15:48 UTC 2026","14","1.1 Team Hummingbird - BFF | WLW app","Technical Tests","company-controller","GET /public_api/company [SEC] Injection Probe","","GET /public_api/company [SEC] Injection Probe",""
"passed","Tue Jul 28 03:16:34 UTC 2026","Tue Jul 28 03:16:35 UTC 2026","882","4. Team CRM |CRM Staging","Business Scenarios Tests","Account","Smoke Test Create Account with All Fields","","Smoke Test Create Account with All Fields",""
"passed","Tue Jul 28 03:15:56 UTC 2026","Tue Jul 28 03:15:56 UTC 2026","39","1.1 Team Hummingbird - BFF | WLW app","Technical Tests","currency-exchange-controller","GET /exchange/fetch-rates [NEG] Forbidden Role Token","","GET /exchange/fetch-rates [NEG] Forbidden Role Token",""
"passed","Tue Jul 28 03:16:37 UTC 2026","Tue Jul 28 03:16:42 UTC 2026","5288","4. Team CRM |CRM Staging","Business Scenarios Tests","Disable Hubspot","Change Hubspot to true","","Change Hubspot to true",""
"passed","Tue Jul 28 03:14:38 UTC 2026","Tue Jul 28 03:14:39 UTC 2026","584","1 Team Hummingbird - BFF | EP app","Endpoint tests","Login","native email login purchaser","","native email login purchaser",""
"failed","Tue Jul 28 03:15:41 UTC 2026","Tue Jul 28 03:15:42 UTC 2026","380","1.1 Team Hummingbird - BFF | WLW app","Endpoint tests","Contact request","Callback request","","Callback request",""
"passed","Tue Jul 28 03:13:42 UTC 2026","Tue Jul 28 03:13:42 UTC 2026","6","2 Team Dragon - BFF | RFQ Backend","Technical Tests","(root)","GET /v1/user - User Info + Roles + Negative Auth","","GET /v1/user - User Info + Roles + Negative Auth",""
"passed","Tue Jul 28 03:23:56 UTC 2026","Tue Jul 28 03:23:56 UTC 2026","82","Dolphin","Technical","","","homepageProductRecommendTest","homepage product recommend -- wlw",""
"passed","Tue Jul 28 03:13:42 UTC 2026","Tue Jul 28 03:13:42 UTC 2026","6","2 Team Dragon - BFF | RFQ Backend","Technical Tests","(root)","GET /v1/user - User Info + Roles + Negative Auth","","GET /v1/user - User Info + Roles + Negative Auth",""
"failed","Tue Jul 28 03:16:09 UTC 2026","Tue Jul 28 03:16:09 UTC 2026","13","1.1 Team Hummingbird - BFF | WLW app","Technical Tests","search-controller","GET /public_api/suppliers/recommendations [NEG] Missing Auth/API-Key","","GET /public_api/suppliers/recommendations [NEG] Missing Auth/API-Key",""
"failed","Tue Jul 28 03:15:56 UTC 2026","Tue Jul 28 03:15:56 UTC 2026","17","1.1 Team Hummingbird - BFF | WLW app","Technical Tests","conversation-controller","GET /public_api/conversation/userConversations/{conversationId}/file/ [NEG] Forbidden Role Token","","GET /public_api/conversation/userConversations/{conversationId}/file/ [NEG] Forbidden Role Token",""
"passed","Tue Jul 28 03:15:44 UTC 2026","Tue Jul 28 03:15:44 UTC 2026","24","1.1 Team Hummingbird - BFF | WLW app","Technical Tests","ab-test-record-controller","POST /public_api/abtest/record [NEG] Missing Auth/API-Key","","POST /public_api/abtest/record [NEG] Missing Auth/API-Key",""
"failed","Tue Jul 28 03:15:53 UTC 2026","Tue Jul 28 03:15:53 UTC 2026","12","1.1 Team Hummingbird - BFF | WLW app","Technical Tests","conversation-controller","GET /public_api/conversation/userConversations/{userId}/unreadCount","","GET /public_api/conversation/userConversations/{userId}/unreadCount",""
"skipped","Tue Jul 28 03:14:06 UTC 2026","Tue Jul 28 03:14:06 UTC 2026","0","7. Team Pegasus | Pegasus Staging","Endpoints Tests","Business Insights","Company","","Company",""
"passed","Tue Jul 28 03:23:55 UTC 2026","Tue Jul 28 03:23:56 UTC 2026","61","Dolphin","Technical","","","getCategoryListEpTest","v-recommend category list -- ep",""
"failed","Tue Jul 28 03:13:22 UTC 2026","Tue Jul 28 03:13:22 UTC 2026","13","Bamboo","Technical","","","listSubCategoriesTest","list sub Categories",""
"broken","Tue Jul 28 03:17:37 UTC 2026","Tue Jul 28 03:17:57 UTC 2026","20018","Dolphin","Technical","","","recallLongQueryTruncationTest","AI Search recall: long query truncated, still success",""
"passed","Tue Jul 28 03:23:57 UTC 2026","Tue Jul 28 03:23:57 UTC 2026","93","Dolphin","Technical","","","otherStoreProductRecommendTest","similar products recommend -- wlw pdp",""
"skipped","Tue Jul 28 03:18:34 UTC 2026","Tue Jul 28 03:18:34 UTC 2026","0","3 Team Techno - UCL","Functional Tests","Endpoint Tests","WebsiteLead","","get all active on ep for given existing uuid",""
"failed","Tue Jul 28 03:15:53 UTC 2026","Tue Jul 28 03:15:53 UTC 2026","13","1.1 Team Hummingbird - BFF | WLW app","Technical Tests","conversation-controller","GET /public_api/conversation/userConversations","","GET /public_api/conversation/userConversations",""
"passed","Tue Jul 28 03:16:37 UTC 2026","Tue Jul 28 03:16:37 UTC 2026","234","4. Team CRM |CRM Staging","Business Scenarios Tests","Disable Hubspot","Check hubspot is false","","Check hubspot is false",""
"passed","Tue Jul 28 03:16:08 UTC 2026","Tue Jul 28 03:16:08 UTC 2026","36","1.1 Team Hummingbird - BFF | WLW app","Technical Tests","rfq-controller","POST /public_api/connect/purchaser/tenders [NEG] Missing Auth/API-Key","","POST /public_api/connect/purchaser/tenders [NEG] Missing Auth/API-Key",""
"passed","Tue Jul 28 03:15:58 UTC 2026","Tue Jul 28 03:15:58 UTC 2026","37","1.1 Team Hummingbird - BFF | WLW app","Technical Tests","feedback-controller","POST /feedback [NEG] Forbidden Role Token","","POST /feedback [NEG] Forbidden Role Token",""
"passed","Tue Jul 28 03:23:56 UTC 2026","Tue Jul 28 03:23:56 UTC 2026","44","Dolphin","Technical","","","getCategoryListWlwTest","v-recommend category list -- wlw, full categories",""
"broken","Tue Jul 28 03:15:16 UTC 2026","Tue Jul 28 03:15:36 UTC 2026","20025","Dolphin","Technical","","","pvMatchEmptyCompanyListTest","AI Search PV match: empty companyList → business failure",""
"skipped","Tue Jul 28 03:18:34 UTC 2026","Tue Jul 28 03:18:34 UTC 2026","0","3 Team Techno - UCL","Technical Tests","WebsiteLead","GET /unified_commercial_logic/internal_api/api/website_lead/{id} - Retrieve WebsiteLead By ID","","GET /unified_commercial_logic/internal_api/api/website_lead/{id} - Retrieve WebsiteLead By ID",""
"failed","Tue Jul 28 03:14:39 UTC 2026","Tue Jul 28 03:14:40 UTC 2026","559","1 Team Hummingbird - BFF | EP app","Endpoint tests","User settings","user setting","","user setting",""
"passed","Tue Jul 28 03:15:38 UTC 2026","Tue Jul 28 03:15:38 UTC 2026","75","1.1 Team Hummingbird - BFF | WLW app","Endpoint tests","Support","notifications list","","notifications list",""
"passed","Tue Jul 28 03:14:41 UTC 2026","Tue Jul 28 03:14:42 UTC 2026","163","1 Team Hummingbird - BFF | EP app","Endpoint tests","Company","search company products","","search company products",""
"failed","Tue Jul 28 03:16:14 UTC 2026","Tue Jul 28 03:16:14 UTC 2026","15","1.1 Team Hummingbird - BFF | WLW app","Technical Tests","supplier-visitors-controller","GET /public_api/suppliers/{supplier_id}/visits [SEC] Injection Probe","","GET /public_api/suppliers/{supplier_id}/visits [SEC] Injection Probe",""
"broken","Tue Jul 28 03:21:19 UTC 2026","Tue Jul 28 03:21:39 UTC 2026","20018","Dolphin","Technical","","","recallTopRankingScenarioTest","AI Search recall: wlw-staging.de cnc top-ranking scenario",""
"passed","Tue Jul 28 03:15:49 UTC 2026","Tue Jul 28 03:15:49 UTC 2026","27","1.1 Team Hummingbird - BFF | WLW app","Technical Tests","conversation-controller","PUT /public_api/conversation/userConversations/{conversationId}/tag [NEG] Missing Auth/API-Key","","PUT /public_api/conversation/userConversations/{conversationId}/tag [NEG] Missing Auth/API-Key",""
"failed","Tue Jul 28 03:15:48 UTC 2026","Tue Jul 28 03:15:48 UTC 2026","13","1.1 Team Hummingbird - BFF | WLW app","Technical Tests","company-controller","GET /public_api/suppliers/{companyID}/listings","","GET /public_api/suppliers/{companyID}/listings",""
"skipped","Tue Jul 28 03:14:06 UTC 2026","Tue Jul 28 03:14:06 UTC 2026","0","7. Team Pegasus | Pegasus Staging","Business Scenarios Tests","Supplier Facts","Company create and update for UI","","Update company",""
"passed","Tue Jul 28 03:15:44 UTC 2026","Tue Jul 28 03:15:44 UTC 2026","51","1.1 Team Hummingbird - BFF | WLW app","Technical Tests","ab-test-record-controller","POST /public_api/abtest/record [NEG] Expired Token","","POST /public_api/abtest/record [NEG] Expired Token",""
"passed","Tue Jul 28 03:15:56 UTC 2026","Tue Jul 28 03:15:56 UTC 2026","35","1.1 Team Hummingbird - BFF | WLW app","Technical Tests","dynamic-links-controller","POST /public_api/branchio/dynamiclink [NEG] Forbidden Role Token","","POST /public_api/branchio/dynamiclink [NEG] Forbidden Role Token",""
"passed","Tue Jul 28 03:13:22 UTC 2026","Tue Jul 28 03:13:22 UTC 2026","34","Bamboo","Technical","","","searchCategoryByNameTest","searchCategoryByName",""
"skipped","Tue Jul 28 03:14:06 UTC 2026","Tue Jul 28 03:14:06 UTC 2026","0","7. Team Pegasus | Pegasus Staging","Endpoints Tests","Business Insights","Visitor","","Visitor",""
"passed","Tue Jul 28 03:13:41 UTC 2026","Tue Jul 28 03:13:41 UTC 2026","54","2 Team Dragon - BFF | RFQ Backend","Functional Tests","(root)","GET /v1/rfqs/{rfqId} - Success or 404","","GET /v1/rfqs/{rfqId} - Success or 404",""
"failed","Tue Jul 28 03:13:24 UTC 2026","Tue Jul 28 03:13:24 UTC 2026","40","Arise","Technical","","","skwdAll","skwdAll",""
"skipped","Tue Jul 28 03:14:06 UTC 2026","Tue Jul 28 03:14:06 UTC 2026","0","7. Team Pegasus | Pegasus Staging","Endpoints Tests","Visitors","Java (statistics-app)","","Visitors list",""
"failed","Tue Jul 28 03:15:55 UTC 2026","Tue Jul 28 03:15:55 UTC 2026","13","1.1 Team Hummingbird - BFF | WLW app","Technical Tests","conversation-controller","GET /public_api/conversation/userConversations/{conversationId}/file/ [NEG] Missing Auth/API-Key","","GET /public_api/conversation/userConversations/{conversationId}/file/ [NEG] Missing Auth/API-Key",""
"passed","Tue Jul 28 03:15:49 UTC 2026","Tue Jul 28 03:15:49 UTC 2026","37","1.1 Team Hummingbird - BFF | WLW app","Technical Tests","company-controller","GET /public_api/company/{id} [NEG] Expired Token","","GET /public_api/company/{id} [NEG] Expired Token",""
"passed","Tue Jul 28 03:16:39 UTC 2026","Tue Jul 28 03:16:39 UTC 2026","0","4. Team CRM |CRM Staging","Business Scenarios Tests","Contacts","Smoke test for Create Contact & Verify HubSpot Sync","","Smoke test for Create Contact & Verify HubSpot Sync",""
"passed","Tue Jul 28 03:15:59 UTC 2026","Tue Jul 28 03:15:59 UTC 2026","37","1.1 Team Hummingbird - BFF | WLW app","Technical Tests","help-and-support-controller","POST /help [NEG] Forbidden Role Token","","POST /help [NEG] Forbidden Role Token",""
"passed","Tue Jul 28 03:16:17 UTC 2026","Tue Jul 28 03:16:17 UTC 2026","32","1.1 Team Hummingbird - BFF | WLW app","Technical Tests","user-controller","PUT /public_api/user/userInfo [NEG] Expired Token","","PUT /public_api/user/userInfo [NEG] Expired Token",""
"skipped","Tue Jul 28 03:14:06 UTC 2026","Tue Jul 28 03:14:06 UTC 2026","0","7. Team Pegasus | Pegasus Staging","Spike | Profiles link user to company","(root)","01 OAuth — Supplier Facts token","","01 OAuth — Supplier Facts token",""
"skipped","Tue Jul 28 03:14:06 UTC 2026","Tue Jul 28 03:14:06 UTC 2026","0","7. Team Pegasus | Pegasus Staging","Endpoints Tests","Shop Import & Onboarding Backend","/offers/{offerId}","","/offers/{offerId}",""
"passed","Tue Jul 28 03:13:23 UTC 2026","Tue Jul 28 03:13:24 UTC 2026","531","Arise","Technical","","","psearchProxySearch","psearchProxySearch",""
"passed","Tue Jul 28 03:16:00 UTC 2026","Tue Jul 28 03:16:00 UTC 2026","35","1.1 Team Hummingbird - BFF | WLW app","Technical Tests","login-controller","POST /public_api/auth/session/extend","","POST /public_api/auth/session/extend",""
"passed","Tue Jul 28 03:23:55 UTC 2026","Tue Jul 28 03:23:55 UTC 2026","87","Dolphin","Technical","","","EPPCppProductRecommendTest","recommend products in CPP -- ep",""
"passed","Tue Jul 28 03:16:17 UTC 2026","Tue Jul 28 03:16:17 UTC 2026","24","1.1 Team Hummingbird - BFF | WLW app","Technical Tests","user-controller","PUT /public_api/user/userInfo [NEG] Missing Auth/API-Key","","PUT /public_api/user/userInfo [NEG] Missing Auth/API-Key",""
"passed","Tue Jul 28 03:13:23 UTC 2026","Tue Jul 28 03:13:23 UTC 2026","41","Arise","Technical","","","pageElementsGet","pageElementsGet",""
"passed","Tue Jul 28 03:15:51 UTC 2026","Tue Jul 28 03:15:51 UTC 2026","32","1.1 Team Hummingbird - BFF | WLW app","Technical Tests","conversation-controller","GET /public_api/conversation/userConversations/{conversationId}/messages [SEC] Injection Probe","","GET /public_api/conversation/userConversations/{conversationId}/messages [SEC] Injection Probe",""
"passed","Tue Jul 28 03:16:37 UTC 2026","Tue Jul 28 03:16:38 UTC 2026","303","4. Team CRM |CRM Staging","Business Scenarios Tests","Disable Hubspot","Check hubspot is true","","Check hubspot is true",""
"failed","Tue Jul 28 03:15:45 UTC 2026","Tue Jul 28 03:15:45 UTC 2026","25","1.1 Team Hummingbird - BFF | WLW app","Technical Tests","ai-company-search-controller","GET /public_api/search/ai/company/search","","GET /public_api/search/ai/company/search",""
"passed","Tue Jul 28 03:15:53 UTC 2026","Tue Jul 28 03:15:53 UTC 2026","38","1.1 Team Hummingbird - BFF | WLW app","Technical Tests","conversation-controller","POST /public_api/conversation/userConversations/{conversationId}/messages/file [NEG] Expired Token","","POST /public_api/conversation/userConversations/{conversationId}/messages/file [NEG] Expired Token",""
"passed","Tue Jul 28 03:15:38 UTC 2026","Tue Jul 28 03:15:38 UTC 2026","66","1.1 Team Hummingbird - BFF | WLW app","Endpoint tests","Company","Company ID EN","","Company ID EN",""
"skipped","Tue Jul 28 03:18:34 UTC 2026","Tue Jul 28 03:18:34 UTC 2026","0","3 Team Techno - UCL","Technical Tests","TopRanking","GET /unified_commercial_logic/internal_api/api/top_ranking_v1/{id} - Retrieve TopRankingV1 By ID","","GET /unified_commercial_logic/internal_api/api/top_ranking_v1/{id} - Retrieve TopRankingV1 By ID",""
"passed","Tue Jul 28 03:15:57 UTC 2026","Tue Jul 28 03:15:57 UTC 2026","28","1.1 Team Hummingbird - BFF | WLW app","Technical Tests","feedback-controller","POST /v1/feedback [NEG] Missing Auth/API-Key","","POST /v1/feedback [NEG] Missing Auth/API-Key",""
"passed","Tue Jul 28 03:15:36 UTC 2026","Tue Jul 28 03:15:37 UTC 2026","883","1.1 Team Hummingbird - BFF | WLW app","Endpoint tests","Login","registration","","registration",""
"passed","Tue Jul 28 03:23:56 UTC 2026","Tue Jul 28 03:23:56 UTC 2026","27","Dolphin","Functional","","","getLandingPageProductListTest","get Landing page Product List for seo",""
"passed","Tue Jul 28 03:16:05 UTC 2026","Tue Jul 28 03:16:05 UTC 2026","35","1.1 Team Hummingbird - BFF | WLW app","Technical Tests","purchaser-support-controller","GET /support-master-data [NEG] Expired Token","","GET /support-master-data [NEG] Expired Token",""
"passed","Tue Jul 28 03:16:04 UTC 2026","Tue Jul 28 03:16:04 UTC 2026","42","1.1 Team Hummingbird - BFF | WLW app","Technical Tests","purchaser-support-controller","GET /support-master-data","","GET /support-master-data",""
"passed","Tue Jul 28 03:16:35 UTC 2026","Tue Jul 28 03:16:36 UTC 2026","1051","4. Team CRM |CRM Staging","Business Scenarios Tests","Account","Account for Contact","","Account for Contact",""
"failed","Tue Jul 28 03:15:54 UTC 2026","Tue Jul 28 03:15:54 UTC 2026","12","1.1 Team Hummingbird - BFF | WLW app","Technical Tests","conversation-controller","GET /public_api/conversation/userConversations/{conversationId} [NEG] Expired Token","","GET /public_api/conversation/userConversations/{conversationId} [NEG] Expired Token",""
"passed","Tue Jul 28 03:16:02 UTC 2026","Tue Jul 28 03:16:02 UTC 2026","40","1.1 Team Hummingbird - BFF | WLW app","Technical Tests","login-controller","POST /public_api/auth/changePassword [NEG] Forbidden Role Token","","POST /public_api/auth/changePassword [NEG] Forbidden Role Token",""
"passed","Tue Jul 28 03:15:39 UTC 2026","Tue Jul 28 03:15:39 UTC 2026","83","1.1 Team Hummingbird - BFF | WLW app","Endpoint tests","Company","search company products","","search company products",""
"passed","Tue Jul 28 03:15:55 UTC 2026","Tue Jul 28 03:15:55 UTC 2026","35","1.1 Team Hummingbird - BFF | WLW app","Technical Tests","conversation-controller","GET /public_api/conversation/userConversations/{conversationId} [SEC] Injection Probe","","GET /public_api/conversation/userConversations/{conversationId} [SEC] Injection Probe",""
"passed","Tue Jul 28 03:16:05 UTC 2026","Tue Jul 28 03:16:05 UTC 2026","38","1.1 Team Hummingbird - BFF | WLW app","Technical Tests","purchaser-user-setting-controller","PUT /userSetting/{id}","","PUT /userSetting/{id}",""
"failed","Tue Jul 28 03:14:44 UTC 2026","Tue Jul 28 03:14:48 UTC 2026","4258","1 Team Hummingbird - BFF | EP app","Endpoint tests","Conversations","user conversations","","user conversations",""
"failed","Tue Jul 28 03:15:53 UTC 2026","Tue Jul 28 03:15:53 UTC 2026","14","1.1 Team Hummingbird - BFF | WLW app","Technical Tests","conversation-controller","GET /public_api/conversation/userConversations [NEG] Expired Token","","GET /public_api/conversation/userConversations [NEG] Expired Token",""
"skipped","Tue Jul 28 03:18:34 UTC 2026","Tue Jul 28 03:18:34 UTC 2026","0","3 Team Techno - UCL","Functional Tests","Endpoint Tests","membership","","get all membership for non-existing uuid",""
"passed","Tue Jul 28 03:16:04 UTC 2026","Tue Jul 28 03:16:04 UTC 2026","37","1.1 Team Hummingbird - BFF | WLW app","Technical Tests","product-controller","GET /public_api/products/{productId} [NEG] Forbidden Role Token","","GET /public_api/products/{productId} [NEG] Forbidden Role Token",""
"failed","Tue Jul 28 03:15:39 UTC 2026","Tue Jul 28 03:15:39 UTC 2026","65","1.1 Team Hummingbird - BFF | WLW app","Endpoint tests","Company","Companies / products DE","","Companies / products DE",""
"passed","Tue Jul 28 03:16:41 UTC 2026","Tue Jul 28 03:16:41 UTC 2026","98","4. Team CRM |CRM Staging","Endpoints Tests","(root)","duplicate records","","duplicate records",""
"passed","Tue Jul 28 03:15:36 UTC 2026","Tue Jul 28 03:15:36 UTC 2026","235","1.1 Team Hummingbird - BFF | WLW app","Endpoint tests","Login","user Info","","user Info",""
"passed","Tue Jul 28 03:16:10 UTC 2026","Tue Jul 28 03:16:10 UTC 2026","32","1.1 Team Hummingbird - BFF | WLW app","Technical Tests","search-controller","GET /public_api/search [SEC] Injection Probe","","GET /public_api/search [SEC] Injection Probe",""
"failed","Tue Jul 28 03:16:38 UTC 2026","Tue Jul 28 03:16:38 UTC 2026","415","4. Team CRM |CRM Staging","Business Scenarios Tests","Lead","Update a Lead","","Update a Lead",""
"failed","Tue Jul 28 03:16:14 UTC 2026","Tue Jul 28 03:16:14 UTC 2026","13","1.1 Team Hummingbird - BFF | WLW app","Technical Tests","search-term-controller","POST /public_api/search/track","","POST /public_api/search/track",""
"passed","Tue Jul 28 03:15:36 UTC 2026","Tue Jul 28 03:15:37 UTC 2026","556","1.1 Team Hummingbird - BFF | WLW app","Endpoint tests","Login","user Info","","user Info",""
"broken","Tue Jul 28 03:21:59 UTC 2026","Tue Jul 28 03:22:19 UTC 2026","20017","Dolphin","Technical","","","termRecommendBlankLanguageTest","AI Search term recommend: blank language → business failure",""
"passed","Tue Jul 28 03:15:57 UTC 2026","Tue Jul 28 03:15:57 UTC 2026","34","1.1 Team Hummingbird - BFF | WLW app","Technical Tests","feedback-controller","POST /v1/feedback","","POST /v1/feedback",""
"skipped","Tue Jul 28 03:18:34 UTC 2026","Tue Jul 28 03:18:34 UTC 2026","0","3 Team Techno - UCL","Technical Tests","Membership","GET /unified_commercial_logic/internal_api/api/membership/v2 - Retrieve Membership V2 List","","GET /unified_commercial_logic/internal_api/api/membership/v2 - Retrieve Membership V2 List",""
"failed","Tue Jul 28 03:16:10 UTC 2026","Tue Jul 28 03:16:10 UTC 2026","14","1.1 Team Hummingbird - BFF | WLW app","Technical Tests","search-controller","GET /public_api/search/products","","GET /public_api/search/products",""
"passed","Tue Jul 28 03:16:01 UTC 2026","Tue Jul 28 03:16:01 UTC 2026","34","1.1 Team Hummingbird - BFF | WLW app","Technical Tests","login-controller","POST /public_api/auth/password/login","","POST /public_api/auth/password/login",""
"skipped","Tue Jul 28 03:14:06 UTC 2026","Tue Jul 28 03:14:06 UTC 2026","0","7. Team Pegasus | Pegasus Staging","Endpoints Tests","Business Insights","Subscription","","Subscription",""
"failed","Tue Jul 28 03:15:48 UTC 2026","Tue Jul 28 03:15:48 UTC 2026","13","1.1 Team Hummingbird - BFF | WLW app","Technical Tests","company-controller","GET /public_api/suppliers/{companyID}/listings [NEG] Missing Auth/API-Key","","GET /public_api/suppliers/{companyID}/listings [NEG] Missing Auth/API-Key",""
"broken","Tue Jul 28 03:22:59 UTC 2026","Tue Jul 28 03:23:19 UTC 2026","20019","Dolphin","Technical","","","productInferenceShortQueryTest","AI product search inference: minimal searchText boundary",""
"passed","Tue Jul 28 03:15:44 UTC 2026","Tue Jul 28 03:15:44 UTC 2026","56","1.1 Team Hummingbird - BFF | WLW app","Technical Tests","ab-test-record-controller","POST /public_api/abtest/record [NEG] Forbidden Role Token","","POST /public_api/abtest/record [NEG] Forbidden Role Token",""
"passed","Tue Jul 28 03:14:46 UTC 2026","Tue Jul 28 03:14:46 UTC 2026","214","1 Team Hummingbird - BFF | EP app","Endpoint tests","(root)","Log out","","Log out",""
"passed","Tue Jul 28 03:16:41 UTC 2026","Tue Jul 28 03:16:41 UTC 2026","68","4. Team CRM |CRM Staging","Endpoints Tests","(root)","get responsible user","","get responsible user",""
"passed","Tue Jul 28 03:23:55 UTC 2026","Tue Jul 28 03:23:55 UTC 2026","80","Dolphin","Functional","","","cppProductRecommendTest","recommend products in CPP -- wlw",""
"passed","Tue Jul 28 03:15:57 UTC 2026","Tue Jul 28 03:15:57 UTC 2026","30","1.1 Team Hummingbird - BFF | WLW app","Technical Tests","euro-pages-controller","PUT /public_api/euro-pages/auth/delete [NEG] Missing Auth/API-Key","","PUT /public_api/euro-pages/auth/delete [NEG] Missing Auth/API-Key",""
"passed","Tue Jul 28 03:15:58 UTC 2026","Tue Jul 28 03:15:58 UTC 2026","42","1.1 Team Hummingbird - BFF | WLW app","Technical Tests","feedback-controller","POST /v1/feedback [NEG] Forbidden Role Token","","POST /v1/feedback [NEG] Forbidden Role Token",""
"passed","Tue Jul 28 03:15:52 UTC 2026","Tue Jul 28 03:15:52 UTC 2026","36","1.1 Team Hummingbird - BFF | WLW app","Technical Tests","conversation-controller","POST /public_api/conversation/userConversations/{conversationId}/messages/{messageId}/translate","","POST /public_api/conversation/userConversations/{conversationId}/messages/{messageId}/translate",""
"passed","Tue Jul 28 03:15:50 UTC 2026","Tue Jul 28 03:15:50 UTC 2026","18","1.1 Team Hummingbird - BFF | WLW app","Technical Tests","conversation-controller","PUT /public_api/conversation/userConversations/{conversationId}/decline [NEG] Missing Auth/API-Key","","PUT /public_api/conversation/userConversations/{conversationId}/decline [NEG] Missing Auth/API-Key",""
"failed","Tue Jul 28 03:15:56 UTC 2026","Tue Jul 28 03:15:56 UTC 2026","11","1.1 Team Hummingbird - BFF | WLW app","Technical Tests","conversation-controller","GET /public_api/conversation/userConversations/{conversationId}/file/ [SEC] Injection Probe","","GET /public_api/conversation/userConversations/{conversationId}/file/ [SEC] Injection Probe",""
"skipped","Tue Jul 28 03:14:06 UTC 2026","Tue Jul 28 03:14:06 UTC 2026","0","7. Team Pegasus | Pegasus Staging","Endpoints Tests","User & Company Context","UCL Organizations","","UCL Organizations",""
"skipped","Tue Jul 28 03:14:06 UTC 2026","Tue Jul 28 03:14:06 UTC 2026","0","7. Team Pegasus | Pegasus Staging","Business Scenarios Tests","Supplier Facts","Company create and update for UI","","Create company",""
"failed","Tue Jul 28 03:15:46 UTC 2026","Tue Jul 28 03:15:46 UTC 2026","16","1.1 Team Hummingbird - BFF | WLW app","Technical Tests","ai-company-search-controller","GET /public_api/search/ai/company/stream/mock [NEG] Missing Auth/API-Key","","GET /public_api/search/ai/company/stream/mock [NEG] Missing Auth/API-Key",""
"skipped","Tue Jul 28 03:14:06 UTC 2026","Tue Jul 28 03:14:06 UTC 2026","0","7. Team Pegasus | Pegasus Staging","Spike | Profiles link user to company","(root)","02 POST — Create company (Supplier Facts)","","02 POST — Create company (Supplier Facts)",""
"failed","Tue Jul 28 03:15:53 UTC 2026","Tue Jul 28 03:15:53 UTC 2026","14","1.1 Team Hummingbird - BFF | WLW app","Technical Tests","conversation-controller","GET /public_api/conversation/userConversations [NEG] Forbidden Role Token","","GET /public_api/conversation/userConversations [NEG] Forbidden Role Token",""
"failed","Tue Jul 28 03:13:41 UTC 2026","Tue Jul 28 03:13:41 UTC 2026","5","2 Team Dragon - BFF | RFQ Backend","Functional Tests","(root)","GET /v1/rfqs/attachments/{attachmentId} - Download","","GET /v1/rfqs/attachments/{attachmentId} - Download",""
"failed","Tue Jul 28 03:16:10 UTC 2026","Tue Jul 28 03:16:10 UTC 2026","14","1.1 Team Hummingbird - BFF | WLW app","Technical Tests","search-controller","GET /public_api/search [NEG] Missing Auth/API-Key","","GET /public_api/search [NEG] Missing Auth/API-Key",""
"skipped","Tue Jul 28 03:16:32 UTC 2026","Tue Jul 28 03:16:32 UTC 2026","0","4. Team CRM |CRM Staging","Endpoints Tests","Activities","(empty)","","Endpoints Tests / Activities - empty",""
"passed","Tue Jul 28 03:16:37 UTC 2026","Tue Jul 28 03:16:42 UTC 2026","5288","4. Team CRM |CRM Staging","Business Scenarios Tests","Disable Hubspot","Change Hubspot to true","","Change Hubspot to true",""
"passed","Tue Jul 28 03:15:47 UTC 2026","Tue Jul 28 03:15:47 UTC 2026","37","1.1 Team Hummingbird - BFF | WLW app","Technical Tests","categories-controller","GET /preferred/categories [SEC] Injection Probe","","GET /preferred/categories [SEC] Injection Probe",""
"passed","Tue Jul 28 03:15:38 UTC 2026","Tue Jul 28 03:15:38 UTC 2026","226","1.1 Team Hummingbird - BFF | WLW app","Endpoint tests","Mobile_Feedback","post feedback","","post feedback",""
"skipped","Tue Jul 28 03:18:34 UTC 2026","Tue Jul 28 03:18:34 UTC 2026","0","3 Team Techno - UCL","Technical Tests","Membership","GET /unified_commercial_logic/internal_api/api/membership/{id} - Retrieve Membership fields By ID","","GET /unified_commercial_logic/internal_api/api/membership/{id} - Retrieve Membership fields By ID",""
"passed","Tue Jul 28 03:15:47 UTC 2026","Tue Jul 28 03:15:47 UTC 2026","37","1.1 Team Hummingbird - BFF | WLW app","Technical Tests","categories-controller","PUT /preferred/categories [SEC] Injection Probe","","PUT /preferred/categories [SEC] Injection Probe",""
"failed","Tue Jul 28 03:14:38 UTC 2026","Tue Jul 28 03:14:39 UTC 2026","114","1 Team Hummingbird - BFF | EP app","Endpoint tests","Login","user Info","","user Info",""
"failed","Tue Jul 28 03:15:39 UTC 2026","Tue Jul 28 03:15:39 UTC 2026","67","1.1 Team Hummingbird - BFF | WLW app","Endpoint tests","Company","Company ID FR","","Company ID FR",""
"broken","Tue Jul 28 03:16:16 UTC 2026","Tue Jul 28 03:16:37 UTC 2026","20676","Dolphin","Technical","","","recallAlternateSortTest","AI Search recall: alternate sort (order_num_desc)",""
"passed","Tue Jul 28 03:15:43 UTC 2026","Tue Jul 28 03:15:43 UTC 2026","128","1.1 Team Hummingbird - BFF | WLW app","Endpoint tests","Visitor profiler","download visitors csv","","download visitors csv",""
"passed","Tue Jul 28 03:14:43 UTC 2026","Tue Jul 28 03:14:43 UTC 2026","476","1 Team Hummingbird - BFF | EP app","Endpoint tests","Search","Product Search FR","","Product Search FR",""
"failed","Tue Jul 28 03:16:11 UTC 2026","Tue Jul 28 03:16:11 UTC 2026","15","1.1 Team Hummingbird - BFF | WLW app","Technical Tests","search-controller","GET /public_api/search/ai/termRecommend [NEG] Forbidden Role Token","","GET /public_api/search/ai/termRecommend [NEG] Forbidden Role Token",""
"failed","Tue Jul 28 03:14:43 UTC 2026","Tue Jul 28 03:14:43 UTC 2026","233","1 Team Hummingbird - BFF | EP app","Endpoint tests","Search","search track","","search track",""
"failed","Tue Jul 28 03:16:41 UTC 2026","Tue Jul 28 03:16:41 UTC 2026","648","4. Team CRM |CRM Staging","Endpoints Tests","Accounts","Get Account Information","","Get Account Information",""
"passed","Tue Jul 28 03:23:55 UTC 2026","Tue Jul 28 03:23:55 UTC 2026","83","Dolphin","Technical","","","EPSameStoreProductRecommendTest","product same store recommend -- ep",""
"skipped","Tue Jul 28 03:14:06 UTC 2026","Tue Jul 28 03:14:06 UTC 2026","0","7. Team Pegasus | Pegasus Staging","Endpoints Tests","Business Insights","Dashboard","","Dashboard",""
"failed","Tue Jul 28 03:16:15 UTC 2026","Tue Jul 28 03:16:15 UTC 2026","12","1.1 Team Hummingbird - BFF | WLW app","Technical Tests","supplier-visitors-controller","GET /public_api/suppliers/{supplier_id}/visits/csv [SEC] Injection Probe","","GET /public_api/suppliers/{supplier_id}/visits/csv [SEC] Injection Probe",""
"passed","Tue Jul 28 03:16:40 UTC 2026","Tue Jul 28 03:16:41 UTC 2026","688","4. Team CRM |CRM Staging","Business Scenarios Tests","Calls","Smoke test for call","","Smoke test for call",""
"passed","Tue Jul 28 03:16:05 UTC 2026","Tue Jul 28 03:16:05 UTC 2026","33","1.1 Team Hummingbird - BFF | WLW app","Technical Tests","purchaser-support-controller","GET /support-master-data [NEG] Forbidden Role Token","","GET /support-master-data [NEG] Forbidden Role Token",""
"skipped","Tue Jul 28 03:14:06 UTC 2026","Tue Jul 28 03:14:06 UTC 2026","0","7. Team Pegasus | Pegasus Staging","Endpoints Tests","Supplier Registration","One Platform — User Profile API","","Get Profile by ID",""
"failed","Tue Jul 28 03:16:16 UTC 2026","Tue Jul 28 03:16:16 UTC 2026","14","1.1 Team Hummingbird - BFF | WLW app","Technical Tests","trending-products-controller","GET /public_api/trending/products","","GET /public_api/trending/products",""
"passed","Tue Jul 28 03:14:43 UTC 2026","Tue Jul 28 03:14:44 UTC 2026","343","1 Team Hummingbird - BFF | EP app","Endpoint tests","Homepage, products","preferred categories","","preferred categories",""
"skipped","Tue Jul 28 03:14:38 UTC 2026","Tue Jul 28 03:14:38 UTC 2026","0","1 Team Hummingbird - BFF | EP app","Technical Tests","(empty)","(empty)","","Technical Tests - empty",""
"passed","Tue Jul 28 03:15:41 UTC 2026","Tue Jul 28 03:15:41 UTC 2026","85","1.1 Team Hummingbird - BFF | WLW app","Endpoint tests","Homepage, products","preferred categories","","preferred categories",""
"broken","Tue Jul 28 03:16:37 UTC 2026","Tue Jul 28 03:16:57 UTC 2026","20008","Dolphin","Technical","","","recallBlankQueryTest","AI Search recall: blank query and imageUrl → business failure",""
"passed","Tue Jul 28 03:16:43 UTC 2026","Tue Jul 28 03:16:44 UTC 2026","910","4. Team CRM |CRM Staging","Endpoints Tests","(root)","Create platform profile","","Create platform profile",""
"passed","Tue Jul 28 03:15:41 UTC 2026","Tue Jul 28 03:15:41 UTC 2026","176","1.1 Team Hummingbird - BFF | WLW app","Endpoint tests","Homepage, products","product recommendations DE","","product recommendations DE",""
"failed","Tue Jul 28 03:14:45 UTC 2026","Tue Jul 28 03:14:45 UTC 2026","156","1 Team Hummingbird - BFF | EP app","Endpoint tests","Conversations","File","","File",""
"passed","Tue Jul 28 03:16:00 UTC 2026","Tue Jul 28 03:16:00 UTC 2026","21","1.1 Team Hummingbird - BFF | WLW app","Technical Tests","login-controller","POST /public_api/auth/resetPassword [NEG] Missing Auth/API-Key","","POST /public_api/auth/resetPassword [NEG] Missing Auth/API-Key",""
"skipped","Tue Jul 28 03:16:32 UTC 2026","Tue Jul 28 03:16:32 UTC 2026","0","4. Team CRM |CRM Staging","Endpoints Tests","Users","Quotes","","Endpoints Tests / Users / Quotes - empty",""
"passed","Tue Jul 28 03:16:34 UTC 2026","Tue Jul 28 03:16:50 UTC 2026","16518","4. Team CRM |CRM Staging","Business Scenarios Tests","Account","wlw salesorderitems link","","wlw salesorderitems link",""
"failed","Tue Jul 28 03:16:33 UTC 2026","Tue Jul 28 03:16:34 UTC 2026","681","4. Team CRM |CRM Staging","Business Scenarios Tests","Contacts","Edit Contact","","Edit Contact",""
"passed","Tue Jul 28 03:14:41 UTC 2026","Tue Jul 28 03:14:42 UTC 2026","371","1 Team Hummingbird - BFF | EP app","Endpoint tests","Company","Companies / products FR","","Companies / products FR",""
"skipped","Tue Jul 28 03:14:06 UTC 2026","Tue Jul 28 03:14:06 UTC 2026","0","7. Team Pegasus | Pegasus Staging","Spike | Profiles link user to company","(root)","03 GET — Verify company (Supplier Facts)","","03 GET — Verify company (Supplier Facts)",""
"failed","Tue Jul 28 03:16:14 UTC 2026","Tue Jul 28 03:16:14 UTC 2026","12","1.1 Team Hummingbird - BFF | WLW app","Technical Tests","supplier-visitors-controller","GET /public_api/suppliers/{supplier_id}/visits [NEG] Missing Auth/API-Key","","GET /public_api/suppliers/{supplier_id}/visits [NEG] Missing Auth/API-Key",""
"failed","Tue Jul 28 03:14:41 UTC 2026","Tue Jul 28 03:14:41 UTC 2026","82","1 Team Hummingbird - BFF | EP app","Endpoint tests","Company","Company ID EN","","Company ID EN",""
"passed","Tue Jul 28 03:16:32 UTC 2026","Tue Jul 28 03:16:33 UTC 2026","1000","4. Team CRM |CRM Staging","Business Scenarios Tests","Tasks","Smoke test Create task","","Smoke test Create task",""
"broken","Tue Jul 28 03:22:19 UTC 2026","Tue Jul 28 03:22:39 UTC 2026","20371","Dolphin","Technical","","","termRecommendNoMockTest","AI Search term recommend API without mock",""
"skipped","Tue Jul 28 03:14:06 UTC 2026","Tue Jul 28 03:14:06 UTC 2026","0","7. Team Pegasus | Pegasus Staging","Endpoints Tests","Supplier Registration","EP","","business_sectors - Get business sectors",""
"passed","Tue Jul 28 03:16:02 UTC 2026","Tue Jul 28 03:16:02 UTC 2026","33","1.1 Team Hummingbird - BFF | WLW app","Technical Tests","login-controller","POST /public_api/auth/code/verify [NEG] Forbidden Role Token","","POST /public_api/auth/code/verify [NEG] Forbidden Role Token",""
"failed","Tue Jul 28 03:15:41 UTC 2026","Tue Jul 28 03:15:42 UTC 2026","349","1.1 Team Hummingbird - BFF | WLW app","Endpoint tests","Contact request","Other request","","Other request",""
"failed","Tue Jul 28 03:15:47 UTC 2026","Tue Jul 28 03:15:47 UTC 2026","14","1.1 Team Hummingbird - BFF | WLW app","Technical Tests","categories-controller","PUT /preferred/categories [NEG] Expired Token","","PUT /preferred/categories [NEG] Expired Token",""
"broken","Tue Jul 28 03:20:18 UTC 2026","Tue Jul 28 03:20:39 UTC 2026","20750","Dolphin","Technical","","","recallSingleFilterTest","AI Search recall: single filter (verified=true)",""
"passed","Tue Jul 28 03:15:58 UTC 2026","Tue Jul 28 03:15:58 UTC 2026","44","1.1 Team Hummingbird - BFF | WLW app","Technical Tests","feedback-controller","POST /feedback [NEG] Expired Token","","POST /feedback [NEG] Expired Token",""
"passed","Tue Jul 28 03:16:13 UTC 2026","Tue Jul 28 03:16:13 UTC 2026","18","1.1 Team Hummingbird - BFF | WLW app","Technical Tests","search-term-controller","PUT /public_api/search/notification-opened [NEG] Missing Auth/API-Key","","PUT /public_api/search/notification-opened [NEG] Missing Auth/API-Key",""
"failed","Tue Jul 28 03:16:12 UTC 2026","Tue Jul 28 03:16:12 UTC 2026","14","1.1 Team Hummingbird - BFF | WLW app","Technical Tests","search-controller","GET /public_api/products/recommendations [NEG] Missing Auth/API-Key","","GET /public_api/products/recommendations [NEG] Missing Auth/API-Key",""
"failed","Tue Jul 28 03:15:46 UTC 2026","Tue Jul 28 03:15:46 UTC 2026","12","1.1 Team Hummingbird - BFF | WLW app","Technical Tests","ai-company-search-controller","GET /public_api/search/ai/company/stream/mock [NEG] Expired Token","","GET /public_api/search/ai/company/stream/mock [NEG] Expired Token",""
"broken","Tue Jul 28 03:14:56 UTC 2026","Tue Jul 28 03:15:16 UTC 2026","20022","Dolphin","Functional","","","inferenceTest","AI Search inference API (SSE stream)",""
"failed","Tue Jul 28 03:15:54 UTC 2026","Tue Jul 28 03:15:54 UTC 2026","27","1.1 Team Hummingbird - BFF | WLW app","Technical Tests","conversation-controller","GET /public_api/conversation/userConversations/{userId}/unreadCount/","","GET /public_api/conversation/userConversations/{userId}/unreadCount/",""
"passed","Tue Jul 28 03:15:57 UTC 2026","Tue Jul 28 03:15:57 UTC 2026","33","1.1 Team Hummingbird - BFF | WLW app","Technical Tests","euro-pages-controller","DELETE /public_api/euro-pages/auth/delete [NEG] Missing Auth/API-Key","","DELETE /public_api/euro-pages/auth/delete [NEG] Missing Auth/API-Key",""
"failed","Tue Jul 28 03:14:44 UTC 2026","Tue Jul 28 03:14:44 UTC 2026","326","1 Team Hummingbird - BFF | EP app","Endpoint tests","Contact request","QDR request","","QDR request",""
"failed","Tue Jul 28 03:16:14 UTC 2026","Tue Jul 28 03:16:14 UTC 2026","13","1.1 Team Hummingbird - BFF | WLW app","Technical Tests","supplier-visitors-controller","GET /public_api/suppliers/{supplier_id}/visits [NEG] Forbidden Role Token","","GET /public_api/suppliers/{supplier_id}/visits [NEG] Forbidden Role Token",""
"failed","Tue Jul 28 03:15:51 UTC 2026","Tue Jul 28 03:15:51 UTC 2026","13","1.1 Team Hummingbird - BFF | WLW app","Technical Tests","conversation-controller","GET /public_api/conversation/userConversations/{conversationId}/messages [NEG] Missing Auth/API-Key","","GET /public_api/conversation/userConversations/{conversationId}/messages [NEG] Missing Auth/API-Key",""
"passed","Tue Jul 28 03:15:45 UTC 2026","Tue Jul 28 03:15:45 UTC 2026","42","1.1 Team Hummingbird - BFF | WLW app","Technical Tests","ai-company-search-controller","POST /public_api/search/ai/company/search [NEG] Expired Token","","POST /public_api/search/ai/company/search [NEG] Expired Token",""
"passed","Tue Jul 28 03:15:38 UTC 2026","Tue Jul 28 03:15:38 UTC 2026","23","1.1 Team Hummingbird - BFF | WLW app","Endpoint tests","Support","Supportmasterdata_EN","","Supportmasterdata_EN",""
"failed","Tue Jul 28 03:16:10 UTC 2026","Tue Jul 28 03:16:10 UTC 2026","12","1.1 Team Hummingbird - BFF | WLW app","Technical Tests","search-controller","GET /public_api/search/products [NEG] Missing Auth/API-Key","","GET /public_api/search/products [NEG] Missing Auth/API-Key",""
"passed","Tue Jul 28 03:15:49 UTC 2026","Tue Jul 28 03:15:49 UTC 2026","37","1.1 Team Hummingbird - BFF | WLW app","Technical Tests","contact-form-controller","POST /public_api/contact-form/messages [NEG] Forbidden Role Token","","POST /public_api/contact-form/messages [NEG] Forbidden Role Token",""
"skipped","Tue Jul 28 03:14:06 UTC 2026","Tue Jul 28 03:14:06 UTC 2026","0","7. Team Pegasus | Pegasus Staging","Business Scenarios Tests","Supplier Registration","WLW - Lead create and update","","leads/{lead_id} - Update a lead",""
"skipped","Tue Jul 28 03:14:06 UTC 2026","Tue Jul 28 03:14:06 UTC 2026","0","7. Team Pegasus | Pegasus Staging","Business Scenarios Tests","Business Insights","Dashboard smoke flow","","Admin BI",""
"skipped","Tue Jul 28 03:14:06 UTC 2026","Tue Jul 28 03:14:06 UTC 2026","0","7. Team Pegasus | Pegasus Staging","Endpoints Tests","Business Insights","Scoring by uuid","","Scoring by uuid",""
"passed","Tue Jul 28 03:15:59 UTC 2026","Tue Jul 28 03:15:59 UTC 2026","33","1.1 Team Hummingbird - BFF | WLW app","Technical Tests","login-controller","POST /public_api/auth/sso/login","","POST /public_api/auth/sso/login",""
"failed","Tue Jul 28 03:16:10 UTC 2026","Tue Jul 28 03:16:10 UTC 2026","11","1.1 Team Hummingbird - BFF | WLW app","Technical Tests","search-controller","GET /public_api/search","","GET /public_api/search",""
"passed","Tue Jul 28 03:15:42 UTC 2026","Tue Jul 28 03:15:42 UTC 2026","124","1.1 Team Hummingbird - BFF | WLW app","Endpoint tests","Conversations","translate message","","translate message",""
"failed","Tue Jul 28 03:15:41 UTC 2026","Tue Jul 28 03:15:42 UTC 2026","341","1.1 Team Hummingbird - BFF | WLW app","Endpoint tests","Contact request","QDR request","","QDR request",""
"passed","Tue Jul 28 03:15:43 UTC 2026","Tue Jul 28 03:15:44 UTC 2026","1681","1.1 Team Hummingbird - BFF | WLW app","Endpoint tests","Conversations","decline QDR","","decline QDR",""
"passed","Tue Jul 28 03:15:36 UTC 2026","Tue Jul 28 03:15:37 UTC 2026","999","1.1 Team Hummingbird - BFF | WLW app","Endpoint tests","Login","native email login","","native email login",""
"passed","Tue Jul 28 03:16:36 UTC 2026","Tue Jul 28 03:16:36 UTC 2026","125","4. Team CRM |CRM Staging","Business Scenarios Tests","Create and edit a contact","Check Contact","","Check Contact",""
"failed","Tue Jul 28 03:15:55 UTC 2026","Tue Jul 28 03:15:55 UTC 2026","14","1.1 Team Hummingbird - BFF | WLW app","Technical Tests","conversation-controller","GET /public_api/conversation/userConversations/{conversationId}/file [NEG] Forbidden Role Token","","GET /public_api/conversation/userConversations/{conversationId}/file [NEG] Forbidden Role Token",""
"passed","Tue Jul 28 03:15:51 UTC 2026","Tue Jul 28 03:15:51 UTC 2026","34","1.1 Team Hummingbird - BFF | WLW app","Technical Tests","conversation-controller","POST /public_api/conversation/userConversations/{conversationId}/messages","","POST /public_api/conversation/userConversations/{conversationId}/messages",""
"passed","Tue Jul 28 03:16:17 UTC 2026","Tue Jul 28 03:16:17 UTC 2026","32","1.1 Team Hummingbird - BFF | WLW app","Technical Tests","trending-products-controller","GET /public_api/trending/notifications [NEG] Forbidden Role Token","","GET /public_api/trending/notifications [NEG] Forbidden Role Token",""
"passed","Tue Jul 28 03:15:42 UTC 2026","Tue Jul 28 03:15:42 UTC 2026","342","1.1 Team Hummingbird - BFF | WLW app","Endpoint tests","Conversations","conversation/messages","","conversation/messages",""
"passed","Tue Jul 28 03:16:12 UTC 2026","Tue Jul 28 03:16:12 UTC 2026","35","1.1 Team Hummingbird - BFF | WLW app","Technical Tests","search-controller","GET /public_api/search/ai/tabChange [NEG] Forbidden Role Token","","GET /public_api/search/ai/tabChange [NEG] Forbidden Role Token",""
"passed","Tue Jul 28 03:23:51 UTC 2026","Tue Jul 28 03:23:52 UTC 2026","693","Dolphin","Functional","","","productTextSearchSortTest","AI product text search recall: alternate sort",""
"failed","Tue Jul 28 03:16:07 UTC 2026","Tue Jul 28 03:16:07 UTC 2026","14","1.1 Team Hummingbird - BFF | WLW app","Technical Tests","push-notification-by-email-controller","GET /v1/pushNotification [NEG] Missing Auth/API-Key","","GET /v1/pushNotification [NEG] Missing Auth/API-Key",""
"passed","Tue Jul 28 03:15:58 UTC 2026","Tue Jul 28 03:15:58 UTC 2026","39","1.1 Team Hummingbird - BFF | WLW app","Technical Tests","feedback-controller","POST /v1/feedback [NEG] Expired Token","","POST /v1/feedback [NEG] Expired Token",""
"skipped","Tue Jul 28 03:18:34 UTC 2026","Tue Jul 28 03:18:34 UTC 2026","0","3 Team Techno - UCL","Functional Tests","Endpoint Tests","membership","","get all active membership for business_partner_id",""
"skipped","Tue Jul 28 03:14:06 UTC 2026","Tue Jul 28 03:14:06 UTC 2026","0","7. Team Pegasus | Pegasus Staging","Spike | Profiles link user to company","(root)","04 OAuth — User Storage token","","04 OAuth — User Storage token",""
"passed","Tue Jul 28 03:15:59 UTC 2026","Tue Jul 28 03:15:59 UTC 2026","40","1.1 Team Hummingbird - BFF | WLW app","Technical Tests","inside-business-controller","GET /public_api/inside_business [NEG] Forbidden Role Token","","GET /public_api/inside_business [NEG] Forbidden Role Token",""
"passed","Tue Jul 28 03:16:17 UTC 2026","Tue Jul 28 03:16:17 UTC 2026","36","1.1 Team Hummingbird - BFF | WLW app","Technical Tests","user-controller","GET /public_api/user/userInfo [NEG] Expired Token","","GET /public_api/user/userInfo [NEG] Expired Token",""
"passed","Tue Jul 28 03:16:38 UTC 2026","Tue Jul 28 03:16:38 UTC 2026","184","4. Team CRM |CRM Staging","Business Scenarios Tests","Lead","Smoke test for Conversion","","Smoke test for Conversion",""
"skipped","Tue Jul 28 03:14:06 UTC 2026","Tue Jul 28 03:14:06 UTC 2026","0","7. Team Pegasus | Pegasus Staging","Endpoints Tests","Shop Import & Onboarding Backend","/offers/count - get count","","/offers/count - get count",""
"failed","Tue Jul 28 03:15:50 UTC 2026","Tue Jul 28 03:15:50 UTC 2026","13","1.1 Team Hummingbird - BFF | WLW app","Technical Tests","conversation-controller","PUT /public_api/conversation/userConversations/{conversationId}/messages/markAsRead [NEG] Missing Auth/API-Key","","PUT /public_api/conversation/userConversations/{conversationId}/messages/markAsRead [NEG] Missing Auth/API-Key",""
"passed","Tue Jul 28 03:16:37 UTC 2026","Tue Jul 28 03:16:42 UTC 2026","5193","4. Team CRM |CRM Staging","Business Scenarios Tests","Disable Hubspot","Change Hubspot to false","","Change Hubspot to false",""
"skipped","Tue Jul 28 03:18:34 UTC 2026","Tue Jul 28 03:18:34 UTC 2026","0","3 Team Techno - UCL","Technical Tests","Membership","GET /unified_commercial_logic/internal_api/api/membership/platform-profile-status/{sfuuid} - getStatus By SFUUID","","GET /unified_commercial_logic/internal_api/api/membership/platform-profile-status/{sfuuid} - getStatus By SFUUID",""
"passed","Tue Jul 28 03:16:36 UTC 2026","Tue Jul 28 03:16:39 UTC 2026","2604","4. Team CRM |CRM Staging","Business Scenarios Tests","Create and edit a contact","Create contact","","Create contact",""
"failed","Tue Jul 28 03:16:16 UTC 2026","Tue Jul 28 03:16:16 UTC 2026","13","1.1 Team Hummingbird - BFF | WLW app","Technical Tests","trending-products-controller","GET /public_api/trending/products [SEC] Injection Probe","","GET /public_api/trending/products [SEC] Injection Probe",""
"passed","Tue Jul 28 03:15:59 UTC 2026","Tue Jul 28 03:15:59 UTC 2026","35","1.1 Team Hummingbird - BFF | WLW app","Technical Tests","inside-business-controller","GET /public_api/inside_business","","GET /public_api/inside_business",""
"skipped","Tue Jul 28 03:18:34 UTC 2026","Tue Jul 28 03:18:34 UTC 2026","0","3 Team Techno - UCL","Technical Tests","SponsoredBrand","GET /unified_commercial_logic/internal_api/api/sponsored_brand_v1/ - Retrieve SponsoredBrandV1 List","","GET /unified_commercial_logic/internal_api/api/sponsored_brand_v1/ - Retrieve SponsoredBrandV1 List",""
"failed","Tue Jul 28 03:15:45 UTC 2026","Tue Jul 28 03:15:45 UTC 2026","14","1.1 Team Hummingbird - BFF | WLW app","Technical Tests","ai-company-search-controller","GET /public_api/search/ai/company/search [NEG] Missing Auth/API-Key","","GET /public_api/search/ai/company/search [NEG] Missing Auth/API-Key",""
"passed","Tue Jul 28 03:15:41 UTC 2026","Tue Jul 28 03:15:41 UTC 2026","50","1.1 Team Hummingbird - BFF | WLW app","Endpoint tests","Homepage, products","preferred categories","","preferred categories",""
"passed","Tue Jul 28 03:23:49 UTC 2026","Tue Jul 28 03:23:50 UTC 2026","1102","Dolphin","Technical","","","productTextSearchPaidSupplierFilterTest","AI product text search recall: paid/verified supplier filter",""
"failed","Tue Jul 28 03:16:11 UTC 2026","Tue Jul 28 03:16:11 UTC 2026","14","1.1 Team Hummingbird - BFF | WLW app","Technical Tests","search-controller","GET /public_api/search/ai/termRecommend [NEG] Missing Auth/API-Key","","GET /public_api/search/ai/termRecommend [NEG] Missing Auth/API-Key",""
"passed","Tue Jul 28 03:16:12 UTC 2026","Tue Jul 28 03:16:12 UTC 2026","35","1.1 Team Hummingbird - BFF | WLW app","Technical Tests","search-controller","GET /public_api/search/ai/tabChange [NEG] Expired Token","","GET /public_api/search/ai/tabChange [NEG] Expired Token",""
"failed","Tue Jul 28 03:14:39 UTC 2026","Tue Jul 28 03:14:39 UTC 2026","84","1 Team Hummingbird - BFF | EP app","Endpoint tests","Login","resend code","","resend code",""
"passed","Tue Jul 28 03:23:50 UTC 2026","Tue Jul 28 03:23:51 UTC 2026","1303","Dolphin","Functional","","","productTextSearchSecondPageTest","AI product text search recall: pagination page 2",""
"broken","Tue Jul 28 03:21:39 UTC 2026","Tue Jul 28 03:21:59 UTC 2026","20016","Dolphin","Technical","","","recallWhitespaceQueryTest","AI Search recall: whitespace-only query → business failure",""
"passed","Tue Jul 28 03:15:52 UTC 2026","Tue Jul 28 03:15:52 UTC 2026","27","1.1 Team Hummingbird - BFF | WLW app","Technical Tests","conversation-controller","POST /public_api/conversation/userConversations/{conversationId}/messages/file/ [NEG] Missing Auth/API-Key","","POST /public_api/conversation/userConversations/{conversationId}/messages/file/ [NEG] Missing Auth/API-Key",""
"passed","Tue Jul 28 03:16:43 UTC 2026","Tue Jul 28 03:16:43 UTC 2026","91","4. Team CRM |CRM Staging","Endpoints Tests","(root)","Update Website Leads Fields with sf_id","","Update Website Leads Fields with sf_id",""
"failed","Tue Jul 28 03:16:04 UTC 2026","Tue Jul 28 03:16:04 UTC 2026","14","1.1 Team Hummingbird - BFF | WLW app","Technical Tests","product-controller","GET /public_api/companies/{supplierPublicId}/products [NEG] Missing Auth/API-Key","","GET /public_api/companies/{supplierPublicId}/products [NEG] Missing Auth/API-Key",""
"passed","Tue Jul 28 03:16:37 UTC 2026","Tue Jul 28 03:16:42 UTC 2026","5193","4. Team CRM |CRM Staging","Business Scenarios Tests","Disable Hubspot","Change Hubspot to false","","Change Hubspot to false",""
"passed","Tue Jul 28 03:15:52 UTC 2026","Tue Jul 28 03:15:52 UTC 2026","36","1.1 Team Hummingbird - BFF | WLW app","Technical Tests","conversation-controller","POST /public_api/conversation/userConversations/{conversationId}/messages/file/","","POST /public_api/conversation/userConversations/{conversationId}/messages/file/",""
"passed","Tue Jul 28 03:14:38 UTC 2026","Tue Jul 28 03:14:39 UTC 2026","671","1 Team Hummingbird - BFF | EP app","Endpoint tests","Login","native email login","","native email login",""
"failed","Tue Jul 28 03:16:12 UTC 2026","Tue Jul 28 03:16:12 UTC 2026","13","1.1 Team Hummingbird - BFF | WLW app","Technical Tests","search-controller","GET /public_api/products/recommendations [NEG] Expired Token","","GET /public_api/products/recommendations [NEG] Expired Token",""
"passed","Tue Jul 28 03:15:49 UTC 2026","Tue Jul 28 03:15:49 UTC 2026","36","1.1 Team Hummingbird - BFF | WLW app","Technical Tests","contact-form-controller","POST /public_api/contact-form/messages","","POST /public_api/contact-form/messages",""
"passed","Tue Jul 28 03:15:41 UTC 2026","Tue Jul 28 03:15:41 UTC 2026","30","1.1 Team Hummingbird - BFF | WLW app","Endpoint tests","Homepage, products","categories/homepage","","categories/homepage",""
"skipped","Tue Jul 28 03:14:06 UTC 2026","Tue Jul 28 03:14:06 UTC 2026","0","7. Team Pegasus | Pegasus Staging","Endpoints Tests","Shop Import & Onboarding Backend","/offers/topCategories","","/offers/topCategories",""
"failed","Tue Jul 28 03:16:14 UTC 2026","Tue Jul 28 03:16:14 UTC 2026","13","1.1 Team Hummingbird - BFF | WLW app","Technical Tests","supplier-visitors-controller","GET /public_api/suppliers/{supplier_id}/visits [NEG] Expired Token","","GET /public_api/suppliers/{supplier_id}/visits [NEG] Expired Token",""
"skipped","Tue Jul 28 03:14:06 UTC 2026","Tue Jul 28 03:14:06 UTC 2026","0","7. Team Pegasus | Pegasus Staging","Endpoints Tests","Supplier Registration","Manual VAT check","","vat/check - Validate VAT number",""
"passed","Tue Jul 28 03:16:36 UTC 2026","Tue Jul 28 03:16:37 UTC 2026","969","4. Team CRM |CRM Staging","Business Scenarios Tests","Account","Create Account","","Create Account",""
"passed","Tue Jul 28 03:16:06 UTC 2026","Tue Jul 28 03:16:06 UTC 2026","39","1.1 Team Hummingbird - BFF | WLW app","Technical Tests","purchaser-user-setting-controller","PUT /userSetting/{id} [NEG] Forbidden Role Token","","PUT /userSetting/{id} [NEG] Forbidden Role Token",""
"passed","Tue Jul 28 03:23:40 UTC 2026","Tue Jul 28 03:23:41 UTC 2026","1413","Dolphin","Functional","","","productTextSearchCountryFilterTest","AI product text search recall: country filter DE",""
"skipped","Tue Jul 28 03:14:06 UTC 2026","Tue Jul 28 03:14:06 UTC 2026","0","7. Team Pegasus | Pegasus Staging","Business Scenarios Tests","Supplier Facts","API register, publish, and verify in UI","","5. UI login reminder",""
"passed","Tue Jul 28 03:16:35 UTC 2026","Tue Jul 28 03:16:35 UTC 2026","196","4. Team CRM |CRM Staging","Business Scenarios Tests","Account","Smoke test : Account + Contact + SAP","","Smoke test : Account + Contact + SAP",""
"failed","Tue Jul 28 03:15:48 UTC 2026","Tue Jul 28 03:15:48 UTC 2026","15","1.1 Team Hummingbird - BFF | WLW app","Technical Tests","company-controller","GET /public_api/company [NEG] Forbidden Role Token","","GET /public_api/company [NEG] Forbidden Role Token",""
"skipped","Tue Jul 28 03:14:06 UTC 2026","Tue Jul 28 03:14:06 UTC 2026","0","7. Team Pegasus | Pegasus Staging","Endpoints Tests","Visitors","Java (statistics-app)","","WSL pixel",""
"skipped","Tue Jul 28 03:18:34 UTC 2026","Tue Jul 28 03:18:34 UTC 2026","0","3 Team Techno - UCL","Technical Tests","WebsiteLead","GET /unified_commercial_logic/internal_api/api/website_lead/ - Retrieve WebsiteLead List","","GET /unified_commercial_logic/internal_api/api/website_lead/ - Retrieve WebsiteLead List",""
"passed","Tue Jul 28 03:14:41 UTC 2026","Tue Jul 28 03:14:42 UTC 2026","746","1 Team Hummingbird - BFF | EP app","Endpoint tests","Company","Suppliers listings","","Suppliers listings",""
"passed","Tue Jul 28 03:16:33 UTC 2026","Tue Jul 28 03:16:37 UTC 2026","3155","4. Team CRM |CRM Staging","Business Scenarios Tests","Account","Dunning level 1","","Dunning level 1",""
"passed","Tue Jul 28 03:16:02 UTC 2026","Tue Jul 28 03:16:02 UTC 2026","33","1.1 Team Hummingbird - BFF | WLW app","Technical Tests","login-controller","POST /public_api/auth/code/resend [NEG] Expired Token","","POST /public_api/auth/code/resend [NEG] Expired Token",""
"passed","Tue Jul 28 03:15:39 UTC 2026","Tue Jul 28 03:15:40 UTC 2026","119","1.1 Team Hummingbird - BFF | WLW app","Endpoint tests","Search","search autoComplete EN","","search autoComplete EN",""
"failed","Tue Jul 28 03:23:57 UTC 2026","Tue Jul 28 03:23:57 UTC 2026","44","Dolphin","Technical","","","sameStoreProductRecommendTest","product same store recommend -- wlw",""
"passed","Tue Jul 28 03:16:41 UTC 2026","Tue Jul 28 03:16:41 UTC 2026","68","4. Team CRM |CRM Staging","Endpoints Tests","(root)","get responsible user","","get responsible user",""
"passed","Tue Jul 28 03:16:16 UTC 2026","Tue Jul 28 03:16:16 UTC 2026","18","1.1 Team Hummingbird - BFF | WLW app","Technical Tests","trending-products-controller","POST /public_api/trending/import [NEG] Missing Auth/API-Key","","POST /public_api/trending/import [NEG] Missing Auth/API-Key",""
"passed","Tue Jul 28 03:15:57 UTC 2026","Tue Jul 28 03:15:57 UTC 2026","38","1.1 Team Hummingbird - BFF | WLW app","Technical Tests","euro-pages-controller","DELETE /public_api/euro-pages/auth/delete [NEG] Forbidden Role Token","","DELETE /public_api/euro-pages/auth/delete [NEG] Forbidden Role Token",""
"broken","Tue Jul 28 03:15:56 UTC 2026","Tue Jul 28 03:16:16 UTC 2026","20019","Dolphin","Technical","","","pvMatchTest","AI Search PV match (supplierAiMatch) API",""
"skipped","Tue Jul 28 03:14:06 UTC 2026","Tue Jul 28 03:14:06 UTC 2026","0","7. Team Pegasus | Pegasus Staging","Endpoints Tests","Supplier Registration","EP","","leads/get - Get a lead",""
"passed","Tue Jul 28 03:15:36 UTC 2026","Tue Jul 28 03:15:36 UTC 2026","525","1.1 Team Hummingbird - BFF | WLW app","Endpoint tests","Login","native email login purchaser","","native email login purchaser",""
"passed","Tue Jul 28 03:16:07 UTC 2026","Tue Jul 28 03:16:07 UTC 2026","17","1.1 Team Hummingbird - BFF | WLW app","Technical Tests","purchaser-user-setting-controller","POST /userSetting [NEG] Missing Auth/API-Key","","POST /userSetting [NEG] Missing Auth/API-Key",""
"passed","Tue Jul 28 03:16:03 UTC 2026","Tue Jul 28 03:16:03 UTC 2026","36","1.1 Team Hummingbird - BFF | WLW app","Technical Tests","login-controller","DELETE /public_api/auth/sso/logout [NEG] Forbidden Role Token","","DELETE /public_api/auth/sso/logout [NEG] Forbidden Role Token",""
"skipped","Tue Jul 28 03:18:34 UTC 2026","Tue Jul 28 03:18:34 UTC 2026","0","3 Team Techno - UCL","Technical Tests","Membership","GET /unified_commercial_logic/internal_api/api/membership/ - Retrieve Membership List","","GET /unified_commercial_logic/internal_api/api/membership/ - Retrieve Membership List",""
"passed","Tue Jul 28 03:14:40 UTC 2026","Tue Jul 28 03:14:40 UTC 2026","23","1 Team Hummingbird - BFF | EP app","Endpoint tests","Support","Supportmasterdata_FR","","Supportmasterdata_FR",""
"passed","Tue Jul 28 03:16:43 UTC 2026","Tue Jul 28 03:16:44 UTC 2026","910","4. Team CRM |CRM Staging","Endpoints Tests","(root)","Create platform profile","","Create platform profile",""
"passed","Tue Jul 28 03:23:56 UTC 2026","Tue Jul 28 03:23:56 UTC 2026","51","Dolphin","Functional","","","getCategoryListWlwWithPreferredSuperCategoryIdsTest","v-recommend category list -- wlw, with preferredSuperCategoryIds",""
"passed","Tue Jul 28 03:14:42 UTC 2026","Tue Jul 28 03:14:42 UTC 2026","63","1 Team Hummingbird - BFF | EP app","Endpoint tests","Search","search autoComplete FR","","search autoComplete FR",""
"passed","Tue Jul 28 03:16:39 UTC 2026","Tue Jul 28 03:16:39 UTC 2026","111","4. Team CRM |CRM Staging","Business Scenarios Tests","WLW Price Compaigns","WLW_Price Compaigns","","WLW_Price Compaigns",""
"passed","Tue Jul 28 03:16:35 UTC 2026","Tue Jul 28 03:16:39 UTC 2026","4397","4. Team CRM |CRM Staging","Business Scenarios Tests","Account","Trigger SAP Customer number","","Trigger SAP Customer number",""
"passed","Tue Jul 28 03:15:58 UTC 2026","Tue Jul 28 03:15:58 UTC 2026","36","1.1 Team Hummingbird - BFF | WLW app","Technical Tests","feedback-controller","GET /feedback/subject [NEG] Forbidden Role Token","","GET /feedback/subject [NEG] Forbidden Role Token",""
"passed","Tue Jul 28 03:16:42 UTC 2026","Tue Jul 28 03:16:43 UTC 2026","609","4. Team CRM |CRM Staging","Endpoints Tests","(root)","sync event to trigger the RFC lead process","","sync event to trigger the RFC lead process",""
"skipped","Tue Jul 28 03:14:06 UTC 2026","Tue Jul 28 03:14:06 UTC 2026","0","7. Team Pegasus | Pegasus Staging","Business Scenarios Tests","Supplier Facts","API register, publish, and verify in UI","","2. Complete registration (user + company)",""
"failed","Tue Jul 28 03:15:54 UTC 2026","Tue Jul 28 03:15:54 UTC 2026","14","1.1 Team Hummingbird - BFF | WLW app","Technical Tests","conversation-controller","GET /public_api/conversation/userConversations/{userId}/unreadCount [NEG] Forbidden Role Token","","GET /public_api/conversation/userConversations/{userId}/unreadCount [NEG] Forbidden Role Token",""
"failed","Tue Jul 28 03:15:47 UTC 2026","Tue Jul 28 03:15:47 UTC 2026","14","1.1 Team Hummingbird - BFF | WLW app","Technical Tests","categories-controller","PUT /preferred/categories [NEG] Forbidden Role Token","","PUT /preferred/categories [NEG] Forbidden Role Token",""
"broken","Tue Jul 28 03:21:19 UTC 2026","Tue Jul 28 03:21:39 UTC 2026","20018","Dolphin","Functional","","","recallTopRankingScenarioTest","AI Search recall: wlw-staging.de cnc top-ranking scenario",""
"failed","Tue Jul 28 03:16:10 UTC 2026","Tue Jul 28 03:16:10 UTC 2026","14","1.1 Team Hummingbird - BFF | WLW app","Technical Tests","search-controller","GET /public_api/search/products [NEG] Forbidden Role Token","","GET /public_api/search/products [NEG] Forbidden Role Token",""
"passed","Tue Jul 28 03:15:38 UTC 2026","Tue Jul 28 03:15:38 UTC 2026","20","1.1 Team Hummingbird - BFF | WLW app","Endpoint tests","Mobile_Feedback","Feedback Subject_EN","","Feedback Subject_EN",""
"failed","Tue Jul 28 03:15:55 UTC 2026","Tue Jul 28 03:15:55 UTC 2026","13","1.1 Team Hummingbird - BFF | WLW app","Technical Tests","conversation-controller","GET /public_api/conversation/userConversations/{conversationId}/file","","GET /public_api/conversation/userConversations/{conversationId}/file",""
"passed","Tue Jul 28 03:23:57 UTC 2026","Tue Jul 28 03:23:57 UTC 2026","79","Dolphin","Functional","","","zeroResultProductRecommendTest","Recommend products in 0 result search list page v1 -- wlw",""
"skipped","Tue Jul 28 03:14:06 UTC 2026","Tue Jul 28 03:14:06 UTC 2026","0","7. Team Pegasus | Pegasus Staging","Business Scenarios Tests","Business Insights","Dashboard smoke flow","","Top products",""
"passed","Tue Jul 28 03:15:59 UTC 2026","Tue Jul 28 03:15:59 UTC 2026","35","1.1 Team Hummingbird - BFF | WLW app","Technical Tests","help-and-support-controller","POST /help","","POST /help",""
"passed","Tue Jul 28 03:16:15 UTC 2026","Tue Jul 28 03:16:15 UTC 2026","29","1.1 Team Hummingbird - BFF | WLW app","Technical Tests","supplier-visitors-controller","GET /public_api/suppliers/{supplier_id}/visits/{id} [NEG] Missing Auth/API-Key","","GET /public_api/suppliers/{supplier_id}/visits/{id} [NEG] Missing Auth/API-Key",""
"passed","Tue Jul 28 03:14:45 UTC 2026","Tue Jul 28 03:14:50 UTC 2026","4549","1 Team Hummingbird - BFF | EP app","Endpoint tests","Visitor profiler","Visitor ID","","Visitor ID",""
"skipped","Tue Jul 28 03:18:34 UTC 2026","Tue Jul 28 03:18:34 UTC 2026","0","3 Team Techno - UCL","Technical Tests","SponsoredBrand","GET /unified_commercial_logic/internal_api/api/sponsored_brand_v1/{id} - Retrieve SponsoredBrandV1 By ID","","GET /unified_commercial_logic/internal_api/api/sponsored_brand_v1/{id} - Retrieve SponsoredBrandV1 By ID",""
"skipped","Tue Jul 28 03:14:06 UTC 2026","Tue Jul 28 03:14:06 UTC 2026","0","7. Team Pegasus | Pegasus Staging","Endpoints Tests","Supplier Registration","EP","","vat/check - Validate VAT number",""
"passed","Tue Jul 28 03:23:53 UTC 2026","Tue Jul 28 03:23:54 UTC 2026","747","Dolphin","Functional","","","productTextSearchTest","AI product text search recall API",""
"failed","Tue Jul 28 03:15:46 UTC 2026","Tue Jul 28 03:15:46 UTC 2026","14","1.1 Team Hummingbird - BFF | WLW app","Technical Tests","ai-company-search-controller","GET /public_api/search/ai/company/stream/mock [SEC] Injection Probe","","GET /public_api/search/ai/company/stream/mock [SEC] Injection Probe",""
"passed","Tue Jul 28 03:13:23 UTC 2026","Tue Jul 28 03:13:23 UTC 2026","567","Arise","Technical","","","getAllElementsByUrlTest","getAllElementsByUrlTest",""
"passed","Tue Jul 28 03:15:47 UTC 2026","Tue Jul 28 03:15:47 UTC 2026","41","1.1 Team Hummingbird - BFF | WLW app","Technical Tests","categories-controller","GET /public_api/categories/homepage [NEG] Expired Token","","GET /public_api/categories/homepage [NEG] Expired Token",""
"passed","Tue Jul 28 03:15:38 UTC 2026","Tue Jul 28 03:15:38 UTC 2026","21","1.1 Team Hummingbird - BFF | WLW app","Endpoint tests","Mobile_Feedback","Feedback Subject_DE","","Feedback Subject_DE",""
"passed","Tue Jul 28 03:15:45 UTC 2026","Tue Jul 28 03:15:45 UTC 2026","36","1.1 Team Hummingbird - BFF | WLW app","Technical Tests","ai-company-search-controller","POST /public_api/search/ai/supplier/pv-match [NEG] Forbidden Role Token","","POST /public_api/search/ai/supplier/pv-match [NEG] Forbidden Role Token",""
"failed","Tue Jul 28 03:16:32 UTC 2026","Tue Jul 28 03:16:32 UTC 2026","0","4. Team CRM |CRM Staging","Business Scenarios Tests","Contacts","Create Contact","","Create Contact",""
"passed","Tue Jul 28 03:16:17 UTC 2026","Tue Jul 28 03:16:17 UTC 2026","33","1.1 Team Hummingbird - BFF | WLW app","Technical Tests","user-controller","GET /public_api/user/userInfo","","GET /public_api/user/userInfo",""
"passed","Tue Jul 28 03:16:01 UTC 2026","Tue Jul 28 03:16:01 UTC 2026","37","1.1 Team Hummingbird - BFF | WLW app","Technical Tests","login-controller","POST /public_api/auth/registration [NEG] Forbidden Role Token","","POST /public_api/auth/registration [NEG] Forbidden Role Token",""
"skipped","Tue Jul 28 03:15:36 UTC 2026","Tue Jul 28 03:15:36 UTC 2026","0","1.1 Team Hummingbird - BFF | WLW app","Business Scenario Tests","(empty)","(empty)","","Business Scenario Tests - empty",""
"passed","Tue Jul 28 03:23:56 UTC 2026","Tue Jul 28 03:23:56 UTC 2026","124","Dolphin","Technical","","","getProductsByCategoryTest","popular in category -- getProductsByCategory",""
"failed","Tue Jul 28 03:16:11 UTC 2026","Tue Jul 28 03:16:11 UTC 2026","13","1.1 Team Hummingbird - BFF | WLW app","Technical Tests","search-controller","GET /public_api/search/autoComplete [NEG] Missing Auth/API-Key","","GET /public_api/search/autoComplete [NEG] Missing Auth/API-Key",""
"passed","Tue Jul 28 03:16:00 UTC 2026","Tue Jul 28 03:16:00 UTC 2026","34","1.1 Team Hummingbird - BFF | WLW app","Technical Tests","login-controller","POST /public_api/auth/session/extend [NEG] Forbidden Role Token","","POST /public_api/auth/session/extend [NEG] Forbidden Role Token",""
"passed","Tue Jul 28 03:15:43 UTC 2026","Tue Jul 28 03:15:44 UTC 2026","94","1.1 Team Hummingbird - BFF | WLW app","Endpoint tests","(root)","Log out","","Log out",""
"passed","Tue Jul 28 03:16:00 UTC 2026","Tue Jul 28 03:16:00 UTC 2026","59","1.1 Team Hummingbird - BFF | WLW app","Technical Tests","login-controller","POST /public_api/auth/session/extend [NEG] Missing Auth/API-Key","","POST /public_api/auth/session/extend [NEG] Missing Auth/API-Key",""
"failed","Tue Jul 28 03:16:08 UTC 2026","Tue Jul 28 03:16:08 UTC 2026","21","1.1 Team Hummingbird - BFF | WLW app","Technical Tests","push-notification-by-email-controller","PUT /v1/pushNotification [SEC] Injection Probe","","PUT /v1/pushNotification [SEC] Injection Probe",""
"passed","Tue Jul 28 03:23:50 UTC 2026","Tue Jul 28 03:23:51 UTC 2026","1303","Dolphin","Technical","","","productTextSearchSecondPageTest","AI product text search recall: pagination page 2",""
"passed","Tue Jul 28 03:13:22 UTC 2026","Tue Jul 28 03:13:22 UTC 2026","39","Bamboo","Technical","","","listTopCategoriesTest","list top Categories",""
"passed","Tue Jul 28 03:15:57 UTC 2026","Tue Jul 28 03:15:57 UTC 2026","35","1.1 Team Hummingbird - BFF | WLW app","Technical Tests","euro-pages-controller","DELETE /public_api/euro-pages/auth/delete [NEG] Expired Token","","DELETE /public_api/euro-pages/auth/delete [NEG] Expired Token",""
"skipped","Tue Jul 28 03:14:06 UTC 2026","Tue Jul 28 03:14:06 UTC 2026","0","7. Team Pegasus | Pegasus Staging","Endpoints Tests","Shop Import & Onboarding Backend","/offers - get offers","","/offers - get offers",""
"failed","Tue Jul 28 03:15:42 UTC 2026","Tue Jul 28 03:15:42 UTC 2026","436","1.1 Team Hummingbird - BFF | WLW app","Endpoint tests","Contact request","Product request","","Product request",""
"failed","Tue Jul 28 03:16:07 UTC 2026","Tue Jul 28 03:16:07 UTC 2026","12","1.1 Team Hummingbird - BFF | WLW app","Technical Tests","push-notification-by-email-controller","GET /v1/pushNotification","","GET /v1/pushNotification",""
"skipped","Tue Jul 28 03:18:34 UTC 2026","Tue Jul 28 03:18:34 UTC 2026","0","3 Team Techno - UCL","Functional Tests","Endpoint Tests","Organization","","get organization for the given supplier_facts_uuid",""
"passed","Tue Jul 28 03:15:42 UTC 2026","Tue Jul 28 03:15:42 UTC 2026","230","1.1 Team Hummingbird - BFF | WLW app","Endpoint tests","Conversations","conversation id","","conversation id",""
"skipped","Tue Jul 28 03:14:06 UTC 2026","Tue Jul 28 03:14:06 UTC 2026","0","7. Team Pegasus | Pegasus Staging","Endpoints Tests","Supplier Registration","EP","","{{supplierRegistrationBackendBaseUrlForGetRequests}}/api/business_sectors/index?lang=en&query=Biscuits",""
"passed","Tue Jul 28 03:16:39 UTC 2026","Tue Jul 28 03:16:39 UTC 2026","0","4. Team CRM |CRM Staging","Business Scenarios Tests","Contacts","Smoke test for Create Contact & Verify HubSpot Sync","","Smoke test for Create Contact & Verify HubSpot Sync",""
"passed","Tue Jul 28 03:15:59 UTC 2026","Tue Jul 28 03:15:59 UTC 2026","18","1.1 Team Hummingbird - BFF | WLW app","Technical Tests","inside-business-controller","GET /public_api/inside_business [NEG] Missing Auth/API-Key","","GET /public_api/inside_business [NEG] Missing Auth/API-Key",""
"skipped","Tue Jul 28 03:18:34 UTC 2026","Tue Jul 28 03:18:34 UTC 2026","0","3 Team Techno - UCL","Functional Tests","Endpoint Tests","membership","","get all active membership for uuid platform specific",""
"passed","Tue Jul 28 03:15:44 UTC 2026","Tue Jul 28 03:15:44 UTC 2026","179","1.1 Team Hummingbird - BFF | WLW app","Technical Tests","ab-test-record-controller","POST /public_api/abtest/record","","POST /public_api/abtest/record",""
"passed","Tue Jul 28 03:23:55 UTC 2026","Tue Jul 28 03:23:55 UTC 2026","100","Dolphin","Technical","","","EPOtherStoreProductRecommendTest","product other store recommend",""
"passed","Tue Jul 28 03:16:02 UTC 2026","Tue Jul 28 03:16:02 UTC 2026","19","1.1 Team Hummingbird - BFF | WLW app","Technical Tests","login-controller","POST /public_api/auth/changePassword [NEG] Missing Auth/API-Key","","POST /public_api/auth/changePassword [NEG] Missing Auth/API-Key",""
"passed","Tue Jul 28 03:15:51 UTC 2026","Tue Jul 28 03:15:51 UTC 2026","35","1.1 Team Hummingbird - BFF | WLW app","Technical Tests","conversation-controller","PUT /public_api/conversation/userConversations/{conversationId}/decline [NEG] Forbidden Role Token","","PUT /public_api/conversation/userConversations/{conversationId}/decline [NEG] Forbidden Role Token",""
"failed","Tue Jul 28 03:16:39 UTC 2026","Tue Jul 28 03:16:39 UTC 2026","145","4. Team CRM |CRM Staging","Business Scenarios Tests","Lead","Get a Lead","","Get a Lead",""
"passed","Tue Jul 28 03:23:55 UTC 2026","Tue Jul 28 03:23:55 UTC 2026","162","Dolphin","Technical","","","EPHomepageProductRecommendTest","homepage product recommend -- ep",""
"skipped","Tue Jul 28 03:18:34 UTC 2026","Tue Jul 28 03:18:34 UTC 2026","0","3 Team Techno - UCL","Technical Tests","Membership","GET /unified_commercial_logic/internal_api/api/membership/find_by_id/{id} - Retrieve Membership By ID","","GET /unified_commercial_logic/internal_api/api/membership/find_by_id/{id} - Retrieve Membership By ID",""
"skipped","Tue Jul 28 03:14:06 UTC 2026","Tue Jul 28 03:14:06 UTC 2026","0","7. Team Pegasus | Pegasus Staging","Endpoints Tests","Visitors","Get Visits","","Get Visits",""
"skipped","Tue Jul 28 03:14:06 UTC 2026","Tue Jul 28 03:14:06 UTC 2026","0","7. Team Pegasus | Pegasus Staging","Endpoints Tests","Business Insights","Product search","","Product search",""
"passed","Tue Jul 28 03:16:43 UTC 2026","Tue Jul 28 03:16:43 UTC 2026","798","4. Team CRM |CRM Staging","Endpoints Tests","(root)","Create Note with sf id","","Create Note with sf id",""
"failed","Tue Jul 28 03:16:12 UTC 2026","Tue Jul 28 03:16:12 UTC 2026","14","1.1 Team Hummingbird - BFF | WLW app","Technical Tests","search-controller","GET /public_api/products/recommendations [NEG] Forbidden Role Token","","GET /public_api/products/recommendations [NEG] Forbidden Role Token",""
"broken","Tue Jul 28 03:13:20 UTC 2026","Tue Jul 28 03:13:21 UTC 2026","671","Bamboo","Functional","","","findCategoryByIdTest","findCategoryById",""
"passed","Tue Jul 28 03:15:40 UTC 2026","Tue Jul 28 03:15:41 UTC 2026","927","1.1 Team Hummingbird - BFF | WLW app","Endpoint tests","Search","Product Search FR","","Product Search FR",""
"failed","Tue Jul 28 03:15:53 UTC 2026","Tue Jul 28 03:15:53 UTC 2026","12","1.1 Team Hummingbird - BFF | WLW app","Technical Tests","conversation-controller","GET /public_api/conversation/userConversations/{userId}/unreadCount [NEG] Missing Auth/API-Key","","GET /public_api/conversation/userConversations/{userId}/unreadCount [NEG] Missing Auth/API-Key",""
"passed","Tue Jul 28 03:13:41 UTC 2026","Tue Jul 28 03:13:41 UTC 2026","377","2 Team Dragon - BFF | RFQ Backend","Functional Tests","(root)","GET /v1/user - Success","","GET /v1/user - Success",""
"passed","Tue Jul 28 03:23:56 UTC 2026","Tue Jul 28 03:23:56 UTC 2026","124","Dolphin","Functional","","","getProductsByCategoryTest","popular in category -- getProductsByCategory",""
"passed","Tue Jul 28 03:14:40 UTC 2026","Tue Jul 28 03:14:40 UTC 2026","20","1 Team Hummingbird - BFF | EP app","Endpoint tests","Mobile_Feedback","Feedback Subject_FR","","Feedback Subject_FR",""
"broken","Tue Jul 28 03:19:38 UTC 2026","Tue Jul 28 03:19:58 UTC 2026","20024","Dolphin","Functional","","","recallPaidSupplierFilterTest","AI Search recall: paid supplier filter (verified=true)",""
"skipped","Tue Jul 28 03:18:34 UTC 2026","Tue Jul 28 03:18:34 UTC 2026","0","3 Team Techno - UCL","Technical Tests","GoogleAd","GET /unified_commercial_logic/internal_api/api/google_ad/ - Retrieve GoogleAd List","","GET /unified_commercial_logic/internal_api/api/google_ad/ - Retrieve GoogleAd List",""
"skipped","Tue Jul 28 03:16:32 UTC 2026","Tue Jul 28 03:16:32 UTC 2026","0","4. Team CRM |CRM Staging","Technical Tests","(empty)","(empty)","","Technical Tests - empty",""
"passed","Tue Jul 28 03:16:16 UTC 2026","Tue Jul 28 03:16:16 UTC 2026","33","1.1 Team Hummingbird - BFF | WLW app","Technical Tests","trending-products-controller","POST /public_api/trending/import [NEG] Expired Token","","POST /public_api/trending/import [NEG] Expired Token",""
"passed","Tue Jul 28 03:23:55 UTC 2026","Tue Jul 28 03:23:55 UTC 2026","162","Dolphin","Functional","","","EPHomepageProductRecommendTest","homepage product recommend -- ep",""
"skipped","Tue Jul 28 03:14:06 UTC 2026","Tue Jul 28 03:14:06 UTC 2026","0","7. Team Pegasus | Pegasus Staging","Business Scenarios Tests","Business Insights","Dashboard smoke flow","","Health status",""
"passed","Tue Jul 28 03:15:40 UTC 2026","Tue Jul 28 03:15:41 UTC 2026","1002","1.1 Team Hummingbird - BFF | WLW app","Endpoint tests","Search","search companies DE","","search companies DE",""
"passed","Tue Jul 28 03:16:44 UTC 2026","Tue Jul 28 03:16:44 UTC 2026","74","4. Team CRM |CRM Staging","Endpoints Tests","(root)","get company data via SF id","","get company data via SF id",""
"passed","Tue Jul 28 03:15:54 UTC 2026","Tue Jul 28 03:15:54 UTC 2026","33","1.1 Team Hummingbird - BFF | WLW app","Technical Tests","conversation-controller","GET /public_api/conversation/userConversations/{userId}/unreadCount/ [SEC] Injection Probe","","GET /public_api/conversation/userConversations/{userId}/unreadCount/ [SEC] Injection Probe",""
"passed","Tue Jul 28 03:16:42 UTC 2026","Tue Jul 28 03:16:44 UTC 2026","1378","4. Team CRM |CRM Staging","Endpoints Tests","(root)","trigger the Paid Media lead","","trigger the Paid Media lead",""
"failed","Tue Jul 28 03:16:11 UTC 2026","Tue Jul 28 03:16:11 UTC 2026","12","1.1 Team Hummingbird - BFF | WLW app","Technical Tests","search-controller","GET /public_api/search/autoComplete [SEC] Injection Probe","","GET /public_api/search/autoComplete [SEC] Injection Probe",""
"passed","Tue Jul 28 03:14:40 UTC 2026","Tue Jul 28 03:14:40 UTC 2026","71","1 Team Hummingbird - BFF | EP app","Endpoint tests","Support","notifications list","","notifications list",""
"failed","Tue Jul 28 03:16:06 UTC 2026","Tue Jul 28 03:16:06 UTC 2026","12","1.1 Team Hummingbird - BFF | WLW app","Technical Tests","purchaser-user-setting-controller","GET /userSetting [NEG] Expired Token","","GET /userSetting [NEG] Expired Token",""
"skipped","Tue Jul 28 03:14:06 UTC 2026","Tue Jul 28 03:14:06 UTC 2026","0","7. Team Pegasus | Pegasus Staging","Endpoints Tests","Business Insights","Admin BIOPS imports","","Admin BIOPS imports",""
"passed","Tue Jul 28 03:15:44 UTC 2026","Tue Jul 28 03:15:44 UTC 2026","58","1.1 Team Hummingbird - BFF | WLW app","Technical Tests","ai-company-search-controller","POST /public_api/search/ai/supplier/recall [NEG] Forbidden Role Token","","POST /public_api/search/ai/supplier/recall [NEG] Forbidden Role Token",""
"failed","Tue Jul 28 03:14:43 UTC 2026","Tue Jul 28 03:14:43 UTC 2026","188","1 Team Hummingbird - BFF | EP app","Endpoint tests","Homepage, products","product recommendations EN","","product recommendations EN",""
"passed","Tue Jul 28 03:16:04 UTC 2026","Tue Jul 28 03:16:04 UTC 2026","25","1.1 Team Hummingbird - BFF | WLW app","Technical Tests","purchaser-support-controller","GET /support-master-data [NEG] Missing Auth/API-Key","","GET /support-master-data [NEG] Missing Auth/API-Key",""
"failed","Tue Jul 28 03:16:07 UTC 2026","Tue Jul 28 03:16:07 UTC 2026","13","1.1 Team Hummingbird - BFF | WLW app","Technical Tests","push-notification-by-email-controller","GET /v1/pushNotification [SEC] Injection Probe","","GET /v1/pushNotification [SEC] Injection Probe",""
"skipped","Tue Jul 28 03:18:34 UTC 2026","Tue Jul 28 03:18:34 UTC 2026","0","3 Team Techno - UCL","Technical Tests","TopRanking","GET /unified_commercial_logic/internal_api/api/top_ranking_v1/ - Retrieve TopRankingV1 List","","GET /unified_commercial_logic/internal_api/api/top_ranking_v1/ - Retrieve TopRankingV1 List",""
"passed","Tue Jul 28 03:15:45 UTC 2026","Tue Jul 28 03:15:45 UTC 2026","59","1.1 Team Hummingbird - BFF | WLW app","Technical Tests","ai-company-search-controller","POST /public_api/search/ai/supplier/pv-match [NEG] Expired Token","","POST /public_api/search/ai/supplier/pv-match [NEG] Expired Token",""
"failed","Tue Jul 28 03:15:55 UTC 2026","Tue Jul 28 03:15:55 UTC 2026","12","1.1 Team Hummingbird - BFF | WLW app","Technical Tests","conversation-controller","GET /public_api/conversation/userConversations/{conversationId}/file [NEG] Missing Auth/API-Key","","GET /public_api/conversation/userConversations/{conversationId}/file [NEG] Missing Auth/API-Key",""
"failed","Tue Jul 28 03:16:09 UTC 2026","Tue Jul 28 03:16:09 UTC 2026","13","1.1 Team Hummingbird - BFF | WLW app","Technical Tests","search-controller","GET /public_api/suppliers/recommendations","","GET /public_api/suppliers/recommendations",""
"failed","Tue Jul 28 03:15:54 UTC 2026","Tue Jul 28 03:15:54 UTC 2026","13","1.1 Team Hummingbird - BFF | WLW app","Technical Tests","conversation-controller","GET /public_api/conversation/userConversations/{userId}/unreadCount/ [NEG] Forbidden Role Token","","GET /public_api/conversation/userConversations/{userId}/unreadCount/ [NEG] Forbidden Role Token",""
"passed","Tue Jul 28 03:23:54 UTC 2026","Tue Jul 28 03:23:55 UTC 2026","725","Dolphin","Functional","","","productTextSearchTopRankingScenarioTest","AI product text search recall: wlw-staging cnc top-ranking scenario",""
"broken","Tue Jul 28 03:20:18 UTC 2026","Tue Jul 28 03:20:39 UTC 2026","20750","Dolphin","Functional","","","recallSingleFilterTest","AI Search recall: single filter (verified=true)",""
"failed","Tue Jul 28 03:16:33 UTC 2026","Tue Jul 28 03:16:40 UTC 2026","7342","4. Team CRM |CRM Staging","Business Scenarios Tests","Contacts","Check Contact","","Check Contact",""
"skipped","Tue Jul 28 03:14:06 UTC 2026","Tue Jul 28 03:14:06 UTC 2026","0","7. Team Pegasus | Pegasus Staging","Spike | Profiles link user to company","(root)","07 GET — Verify profile after PATCH","","07 GET — Verify profile after PATCH",""
