"Status","Start Time","Stop Time","Duration in ms","Parent Suite","Suite","Sub Suite","Test Class","Test Method","Name","Description"
"passed","Wed Jul 29 03:17:24 UTC 2026","Wed Jul 29 03:17:24 UTC 2026","207","4. Team CRM |CRM Staging","Business Scenarios Tests","Lead","Lead-duplicateCheck - without dupicates","","Lead-duplicateCheck - without dupicates",""
"skipped","Wed Jul 29 03:10:52 UTC 2026","Wed Jul 29 03:10:52 UTC 2026","0","7. Team Pegasus | Pegasus Staging","Endpoints Tests","Shop Import & Onboarding Backend","/offers/fetchCategory","","/offers/fetchCategory",""
"passed","Wed Jul 29 03:12:05 UTC 2026","Wed Jul 29 03:12:06 UTC 2026","568","Arise","Functional","","","getAllElementsByUrlTest","getAllElementsByUrlTest",""
"failed","Wed Jul 29 03:13:22 UTC 2026","Wed Jul 29 03:13:22 UTC 2026","14","1.1 Team Hummingbird - BFF | WLW app","Technical Tests","search-controller","GET /public_api/search/products [NEG] Missing Auth/API-Key","","GET /public_api/search/products [NEG] Missing Auth/API-Key",""
"passed","Wed Jul 29 03:12:52 UTC 2026","Wed Jul 29 03:12:53 UTC 2026","127","1.1 Team Hummingbird - BFF | WLW app","Endpoint tests","Search","search track","","search track",""
"failed","Wed Jul 29 03:13:22 UTC 2026","Wed Jul 29 03:13:22 UTC 2026","11","1.1 Team Hummingbird - BFF | WLW app","Technical Tests","search-controller","GET /public_api/search [NEG] Forbidden Role Token","","GET /public_api/search [NEG] Forbidden Role Token",""
"failed","Wed Jul 29 03:13:28 UTC 2026","Wed Jul 29 03:13:28 UTC 2026","13","1.1 Team Hummingbird - BFF | WLW app","Technical Tests","trending-products-controller","GET /public_api/trending/products [NEG] Expired Token","","GET /public_api/trending/products [NEG] Expired Token",""
"failed","Wed Jul 29 03:13:23 UTC 2026","Wed Jul 29 03:13:23 UTC 2026","12","1.1 Team Hummingbird - BFF | WLW app","Technical Tests","search-controller","GET /public_api/search/autoComplete [NEG] Forbidden Role Token","","GET /public_api/search/autoComplete [NEG] Forbidden Role Token",""
"passed","Wed Jul 29 03:13:19 UTC 2026","Wed Jul 29 03:13:19 UTC 2026","17","1.1 Team Hummingbird - BFF | WLW app","Technical Tests","purchaser-user-setting-controller","POST /userSetting [NEG] Missing Auth/API-Key","","POST /userSetting [NEG] Missing Auth/API-Key",""
"failed","Wed Jul 29 03:13:19 UTC 2026","Wed Jul 29 03:13:19 UTC 2026","13","1.1 Team Hummingbird - BFF | WLW app","Technical Tests","push-notification-by-email-controller","GET /v1/pushNotification","","GET /v1/pushNotification",""
"passed","Wed Jul 29 03:17:20 UTC 2026","Wed Jul 29 03:17:46 UTC 2026","26573","4. Team CRM |CRM Staging","Business Scenarios Tests","Account","wlw salesorderitems link","","wlw salesorderitems link",""
"failed","Wed Jul 29 03:17:25 UTC 2026","Wed Jul 29 03:17:25 UTC 2026","389","4. Team CRM |CRM Staging","Business Scenarios Tests","Lead","Get a Lead","","Get a Lead",""
"passed","Wed Jul 29 03:13:03 UTC 2026","Wed Jul 29 03:13:03 UTC 2026","32","1.1 Team Hummingbird - BFF | WLW app","Technical Tests","conversation-controller","PUT /public_api/conversation/userConversations/{conversationId}/decline [NEG] Forbidden Role Token","","PUT /public_api/conversation/userConversations/{conversationId}/decline [NEG] Forbidden Role Token",""
"passed","Wed Jul 29 03:13:29 UTC 2026","Wed Jul 29 03:13:29 UTC 2026","17","1.1 Team Hummingbird - BFF | WLW app","Technical Tests","trending-products-controller","GET /public_api/trending/notifications [NEG] Missing Auth/API-Key","","GET /public_api/trending/notifications [NEG] Missing Auth/API-Key",""
"passed","Wed Jul 29 03:13:10 UTC 2026","Wed Jul 29 03:13:11 UTC 2026","32","1.1 Team Hummingbird - BFF | WLW app","Technical Tests","feedback-controller","GET /feedback/subject [NEG] Forbidden Role Token","","GET /feedback/subject [NEG] Forbidden Role Token",""
"failed","Wed Jul 29 03:13:26 UTC 2026","Wed Jul 29 03:13:26 UTC 2026","11","1.1 Team Hummingbird - BFF | WLW app","Technical Tests","search-term-controller","POST /public_api/search/track [NEG] Missing Auth/API-Key","","POST /public_api/search/track [NEG] Missing Auth/API-Key",""
"broken","Wed Jul 29 03:10:59 UTC 2026","Wed Jul 29 03:11:20 UTC 2026","20611","Dolphin","Technical","","","inferenceEmptySearchTextTest","AI Search inference: empty searchText still streams",""
"skipped","Wed Jul 29 03:16:26 UTC 2026","Wed Jul 29 03:16:26 UTC 2026","0","3 Team Techno - UCL","Technical Tests","WebsiteLead","GET /unified_commercial_logic/internal_api/api/website_lead - Retrieve WebsiteLead List","","GET /unified_commercial_logic/internal_api/api/website_lead - Retrieve WebsiteLead List",""
"passed","Wed Jul 29 03:13:04 UTC 2026","Wed Jul 29 03:13:04 UTC 2026","15","1.1 Team Hummingbird - BFF | WLW app","Technical Tests","conversation-controller","POST /public_api/conversation/userConversations/{conversationId}/messages/{messageId}/translate [NEG] Missing Auth/API-Key","","POST /public_api/conversation/userConversations/{conversationId}/messages/{messageId}/translate [NEG] Missing Auth/API-Key",""
"passed","Wed Jul 29 03:13:21 UTC 2026","Wed Jul 29 03:13:21 UTC 2026","32","1.1 Team Hummingbird - BFF | WLW app","Technical Tests","rfq-marketing-controller","POST /public_api/rfq-marketing/trigger","","POST /public_api/rfq-marketing/trigger",""
"failed","Wed Jul 29 03:17:27 UTC 2026","Wed Jul 29 03:17:29 UTC 2026","2321","4. Team CRM |CRM Staging","Endpoints Tests","Accounts","Get Account Information","","Get Account Information",""
"failed","Wed Jul 29 03:17:25 UTC 2026","Wed Jul 29 03:17:25 UTC 2026","389","4. Team CRM |CRM Staging","Business Scenarios Tests","Lead","Get a Lead","","Get a Lead",""
"passed","Wed Jul 29 03:17:25 UTC 2026","Wed Jul 29 03:17:25 UTC 2026","265","4. Team CRM |CRM Staging","Business Scenarios Tests","WLW Price Compaigns","WLW_Price Compaigns","","WLW_Price Compaigns",""
"broken","Wed Jul 29 03:20:02 UTC 2026","Wed Jul 29 03:20:22 UTC 2026","20018","Dolphin","Technical","","","productInferenceTest","AI product search inference stream API",""
"passed","Wed Jul 29 03:13:12 UTC 2026","Wed Jul 29 03:13:12 UTC 2026","32","1.1 Team Hummingbird - BFF | WLW app","Technical Tests","login-controller","POST /public_api/auth/session/extend","","POST /public_api/auth/session/extend",""
"passed","Wed Jul 29 03:13:18 UTC 2026","Wed Jul 29 03:13:18 UTC 2026","31","1.1 Team Hummingbird - BFF | WLW app","Technical Tests","purchaser-user-setting-controller","POST /userSetting/ [NEG] Forbidden Role Token","","POST /userSetting/ [NEG] Forbidden Role Token",""
"passed","Wed Jul 29 03:12:03 UTC 2026","Wed Jul 29 03:12:03 UTC 2026","28","2 Team Dragon - BFF | RFQ Backend","Business Scenario Tests","(root)","RFQ_details","","RFQ_details",""
"failed","Wed Jul 29 03:13:24 UTC 2026","Wed Jul 29 03:13:24 UTC 2026","12","1.1 Team Hummingbird - BFF | WLW app","Technical Tests","search-controller","GET /public_api/products/recommendations [NEG] Expired Token","","GET /public_api/products/recommendations [NEG] Expired Token",""
"passed","Wed Jul 29 03:13:28 UTC 2026","Wed Jul 29 03:13:28 UTC 2026","32","1.1 Team Hummingbird - BFF | WLW app","Technical Tests","trending-products-controller","POST /public_api/trending/import","","POST /public_api/trending/import",""
"failed","Wed Jul 29 03:13:00 UTC 2026","Wed Jul 29 03:13:00 UTC 2026","16","1.1 Team Hummingbird - BFF | WLW app","Technical Tests","company-controller","GET /public_api/suppliers/{companyID}/listings","","GET /public_api/suppliers/{companyID}/listings",""
"passed","Wed Jul 29 03:13:18 UTC 2026","Wed Jul 29 03:13:19 UTC 2026","32","1.1 Team Hummingbird - BFF | WLW app","Technical Tests","purchaser-user-setting-controller","GET /userSetting [SEC] Injection Probe","","GET /userSetting [SEC] Injection Probe",""
"passed","Wed Jul 29 03:13:17 UTC 2026","Wed Jul 29 03:13:17 UTC 2026","34","1.1 Team Hummingbird - BFF | WLW app","Technical Tests","purchaser-support-controller","GET /support-master-data [NEG] Expired Token","","GET /support-master-data [NEG] Expired Token",""
"failed","Wed Jul 29 03:13:19 UTC 2026","Wed Jul 29 03:13:19 UTC 2026","13","1.1 Team Hummingbird - BFF | WLW app","Technical Tests","push-notification-by-email-controller","GET /v1/pushNotification [NEG] Forbidden Role Token","","GET /v1/pushNotification [NEG] Forbidden Role Token",""
"failed","Wed Jul 29 03:12:04 UTC 2026","Wed Jul 29 03:12:04 UTC 2026","361","1 Team Hummingbird - BFF | EP app","Endpoint tests","Contact request","Product request","","Product request",""
"failed","Wed Jul 29 03:12:05 UTC 2026","Wed Jul 29 03:12:09 UTC 2026","4072","1 Team Hummingbird - BFF | EP app","Endpoint tests","Conversations","unread count","","unread count",""
"failed","Wed Jul 29 03:13:07 UTC 2026","Wed Jul 29 03:13:07 UTC 2026","13","1.1 Team Hummingbird - BFF | WLW app","Technical Tests","conversation-controller","GET /public_api/conversation/userConversations/{conversationId}/file [NEG] Missing Auth/API-Key","","GET /public_api/conversation/userConversations/{conversationId}/file [NEG] Missing Auth/API-Key",""
"passed","Wed Jul 29 03:13:08 UTC 2026","Wed Jul 29 03:13:09 UTC 2026","32","1.1 Team Hummingbird - BFF | WLW app","Technical Tests","dynamic-links-controller","POST /public_api/branchio/dynamiclink [NEG] Forbidden Role Token","","POST /public_api/branchio/dynamiclink [NEG] Forbidden Role Token",""
"failed","Wed Jul 29 03:13:08 UTC 2026","Wed Jul 29 03:13:08 UTC 2026","13","1.1 Team Hummingbird - BFF | WLW app","Technical Tests","conversation-controller","GET /public_api/conversation/userConversations/{conversationId}/file/ [NEG] Forbidden Role Token","","GET /public_api/conversation/userConversations/{conversationId}/file/ [NEG] Forbidden Role Token",""
"passed","Wed Jul 29 03:17:23 UTC 2026","Wed Jul 29 03:17:24 UTC 2026","895","4. Team CRM |CRM Staging","Business Scenarios Tests","Disable Hubspot","Change Hubspot to false","","Change Hubspot to false",""
"skipped","Wed Jul 29 03:16:26 UTC 2026","Wed Jul 29 03:16:26 UTC 2026","0","3 Team Techno - UCL","Technical Tests","TopRanking","GET /unified_commercial_logic/internal_api/api/top_ranking_v1/ - Retrieve TopRankingV1 List","","GET /unified_commercial_logic/internal_api/api/top_ranking_v1/ - Retrieve TopRankingV1 List",""
"passed","Wed Jul 29 03:13:14 UTC 2026","Wed Jul 29 03:13:14 UTC 2026","30","1.1 Team Hummingbird - BFF | WLW app","Technical Tests","login-controller","POST /public_api/auth/code/resend","","POST /public_api/auth/code/resend",""
"skipped","Wed Jul 29 03:10:52 UTC 2026","Wed Jul 29 03:10:52 UTC 2026","0","7. Team Pegasus | Pegasus Staging","Business Scenarios Tests","Business Insights","Dashboard smoke flow","","Set User Activity",""
"failed","Wed Jul 29 03:13:23 UTC 2026","Wed Jul 29 03:13:23 UTC 2026","15","1.1 Team Hummingbird - BFF | WLW app","Technical Tests","search-controller","GET /public_api/search/ai/termRecommend [NEG] Missing Auth/API-Key","","GET /public_api/search/ai/termRecommend [NEG] Missing Auth/API-Key",""
"failed","Wed Jul 29 03:12:58 UTC 2026","Wed Jul 29 03:12:58 UTC 2026","12","1.1 Team Hummingbird - BFF | WLW app","Technical Tests","categories-controller","GET /preferred/categories [NEG] Expired Token","","GET /preferred/categories [NEG] Expired Token",""
"failed","Wed Jul 29 03:12:53 UTC 2026","Wed Jul 29 03:12:54 UTC 2026","321","1.1 Team Hummingbird - BFF | WLW app","Endpoint tests","Contact request","QDR request","","QDR request",""
"passed","Wed Jul 29 03:20:38 UTC 2026","Wed Jul 29 03:20:38 UTC 2026","23","Dolphin","Technical","","","productTextSearchWhitespaceQueryTest","AI product text search recall: whitespace-only query → empty success",""
"failed","Wed Jul 29 03:12:58 UTC 2026","Wed Jul 29 03:12:58 UTC 2026","14","1.1 Team Hummingbird - BFF | WLW app","Technical Tests","categories-controller","GET /preferred/categories [NEG] Forbidden Role Token","","GET /preferred/categories [NEG] Forbidden Role Token",""
"failed","Wed Jul 29 03:13:07 UTC 2026","Wed Jul 29 03:13:07 UTC 2026","12","1.1 Team Hummingbird - BFF | WLW app","Technical Tests","conversation-controller","GET /public_api/conversation/userConversations/{conversationId} [NEG] Forbidden Role Token","","GET /public_api/conversation/userConversations/{conversationId} [NEG] Forbidden Role Token",""
"failed","Wed Jul 29 03:13:07 UTC 2026","Wed Jul 29 03:13:07 UTC 2026","12","1.1 Team Hummingbird - BFF | WLW app","Technical Tests","conversation-controller","GET /public_api/conversation/userConversations/{conversationId}/file","","GET /public_api/conversation/userConversations/{conversationId}/file",""
"broken","Wed Jul 29 03:18:21 UTC 2026","Wed Jul 29 03:18:41 UTC 2026","20022","Dolphin","Technical","","","recallWhitespaceQueryTest","AI Search recall: whitespace-only query → business failure",""
"passed","Wed Jul 29 03:12:52 UTC 2026","Wed Jul 29 03:12:53 UTC 2026","623","1.1 Team Hummingbird - BFF | WLW app","Endpoint tests","Search","Product Search FR","","Product Search FR",""
"failed","Wed Jul 29 03:13:23 UTC 2026","Wed Jul 29 03:13:23 UTC 2026","14","1.1 Team Hummingbird - BFF | WLW app","Technical Tests","search-controller","GET /public_api/search/autoComplete [NEG] Missing Auth/API-Key","","GET /public_api/search/autoComplete [NEG] Missing Auth/API-Key",""
"passed","Wed Jul 29 03:17:25 UTC 2026","Wed Jul 29 03:17:25 UTC 2026","0","4. Team CRM |CRM Staging","Business Scenarios Tests","Contacts","Smoke test for Create Contact & Verify HubSpot Sync","","Smoke test for Create Contact & Verify HubSpot Sync",""
"passed","Wed Jul 29 03:17:28 UTC 2026","Wed Jul 29 03:17:28 UTC 2026","190","4. Team CRM |CRM Staging","Endpoints Tests","(root)","get connect receipient","","get connect receipient",""
"passed","Wed Jul 29 03:12:01 UTC 2026","Wed Jul 29 03:12:01 UTC 2026","30","2 Team Dragon - BFF | RFQ Backend","Functional Tests","(root)","GET /v1/categories - Success","","GET /v1/categories - Success",""
"passed","Wed Jul 29 03:20:37 UTC 2026","Wed Jul 29 03:20:38 UTC 2026","743","Dolphin","Functional","","","productTextSearchTopRankingScenarioTest","AI product text search recall: wlw-staging cnc top-ranking scenario",""
"passed","Wed Jul 29 03:17:30 UTC 2026","Wed Jul 29 03:17:30 UTC 2026","151","4. Team CRM |CRM Staging","Endpoints Tests","(root)","get company data via SF id","","get company data via SF id",""
"passed","Wed Jul 29 03:12:56 UTC 2026","Wed Jul 29 03:12:56 UTC 2026","127","1.1 Team Hummingbird - BFF | WLW app","Technical Tests","ab-test-record-controller","POST /public_api/abtest/record","","POST /public_api/abtest/record",""
"passed","Wed Jul 29 03:17:20 UTC 2026","Wed Jul 29 03:17:46 UTC 2026","26573","4. Team CRM |CRM Staging","Business Scenarios Tests","Account","wlw salesorderitems link","","wlw salesorderitems link",""
"failed","Wed Jul 29 03:12:04 UTC 2026","Wed Jul 29 03:12:05 UTC 2026","1516","1 Team Hummingbird - BFF | EP app","Endpoint tests","Contact request","Callback request","","Callback request",""
"passed","Wed Jul 29 03:12:52 UTC 2026","Wed Jul 29 03:12:53 UTC 2026","800","1.1 Team Hummingbird - BFF | WLW app","Endpoint tests","Search","search companies DE","","search companies DE",""
"skipped","Wed Jul 29 03:10:52 UTC 2026","Wed Jul 29 03:10:52 UTC 2026","0","7. Team Pegasus | Pegasus Staging","Endpoints Tests","Business Insights","User by uuid","","User by uuid",""
"passed","Wed Jul 29 03:12:01 UTC 2026","Wed Jul 29 03:12:01 UTC 2026","152","2 Team Dragon - BFF | RFQ Backend","Functional Tests","(root)","GET /v1/user - Success","","GET /v1/user - Success",""
"passed","Wed Jul 29 03:17:19 UTC 2026","Wed Jul 29 03:17:20 UTC 2026","270","4. Team CRM |CRM Staging","Business Scenarios Tests","Quote","Check Quote","","Check Quote",""
"passed","Wed Jul 29 03:13:17 UTC 2026","Wed Jul 29 03:13:18 UTC 2026","36","1.1 Team Hummingbird - BFF | WLW app","Technical Tests","purchaser-user-setting-controller","PUT /userSetting/{id} [NEG] Expired Token","","PUT /userSetting/{id} [NEG] Expired Token",""
"skipped","Wed Jul 29 03:10:52 UTC 2026","Wed Jul 29 03:10:52 UTC 2026","0","7. Team Pegasus | Pegasus Staging","Endpoints Tests","Business Insights","Admin BIOPS imports","","Admin BIOPS imports",""
"failed","Wed Jul 29 03:13:23 UTC 2026","Wed Jul 29 03:13:23 UTC 2026","13","1.1 Team Hummingbird - BFF | WLW app","Technical Tests","search-controller","GET /public_api/search/autoComplete","","GET /public_api/search/autoComplete",""
"passed","Wed Jul 29 03:13:18 UTC 2026","Wed Jul 29 03:13:18 UTC 2026","17","1.1 Team Hummingbird - BFF | WLW app","Technical Tests","purchaser-user-setting-controller","POST /userSetting/ [NEG] Missing Auth/API-Key","","POST /userSetting/ [NEG] Missing Auth/API-Key",""
"passed","Wed Jul 29 03:12:49 UTC 2026","Wed Jul 29 03:12:49 UTC 2026","24","1.1 Team Hummingbird - BFF | WLW app","Endpoint tests","User settings","push-notification-by-email-controller","","push-notification-by-email-controller",""
"broken","Wed Jul 29 03:16:41 UTC 2026","Wed Jul 29 03:17:01 UTC 2026","20022","Dolphin","Technical","","","recallSecondPageTest","AI Search recall: pagination page 2",""
"skipped","Wed Jul 29 03:10:52 UTC 2026","Wed Jul 29 03:10:52 UTC 2026","0","7. Team Pegasus | Pegasus Staging","Endpoints Tests","User & Company Context","Get user details by","","Get user details by",""
"passed","Wed Jul 29 03:17:19 UTC 2026","Wed Jul 29 03:17:19 UTC 2026","136","4. Team CRM |CRM Staging","Business Scenarios Tests","Contacts","Check Contact","","Check Contact",""
"skipped","Wed Jul 29 03:17:18 UTC 2026","Wed Jul 29 03:17:18 UTC 2026","0","4. Team CRM |CRM Staging","Endpoints Tests","Users","Custom Endpoints","","Endpoints Tests / Users / Custom Endpoints - empty",""
"skipped","Wed Jul 29 03:10:52 UTC 2026","Wed Jul 29 03:10:52 UTC 2026","0","7. Team Pegasus | Pegasus Staging","Spike | Profiles link user to company","(root)","03 GET — Verify company (Supplier Facts)","","03 GET — Verify company (Supplier Facts)",""
"passed","Wed Jul 29 03:13:11 UTC 2026","Wed Jul 29 03:13:11 UTC 2026","34","1.1 Team Hummingbird - BFF | WLW app","Technical Tests","inside-business-controller","GET /public_api/inside_business","","GET /public_api/inside_business",""
"passed","Wed Jul 29 03:13:22 UTC 2026","Wed Jul 29 03:13:22 UTC 2026","36","1.1 Team Hummingbird - BFF | WLW app","Technical Tests","search-controller","GET /public_api/search [SEC] Injection Probe","","GET /public_api/search [SEC] Injection Probe",""
"passed","Wed Jul 29 03:17:30 UTC 2026","Wed Jul 29 03:17:30 UTC 2026","379","4. Team CRM |CRM Staging","Endpoints Tests","(root)","trigger a Buyer lead","","trigger a Buyer lead",""
"passed","Wed Jul 29 03:12:02 UTC 2026","Wed Jul 29 03:12:04 UTC 2026","1256","1 Team Hummingbird - BFF | EP app","Endpoint tests","Search","Product Search EN","","Product Search EN",""
"passed","Wed Jul 29 03:13:21 UTC 2026","Wed Jul 29 03:13:21 UTC 2026","34","1.1 Team Hummingbird - BFF | WLW app","Technical Tests","rfq-marketing-controller","POST /public_api/rfq-marketing/trigger [NEG] Expired Token","","POST /public_api/rfq-marketing/trigger [NEG] Expired Token",""
"failed","Wed Jul 29 03:12:58 UTC 2026","Wed Jul 29 03:12:58 UTC 2026","12","1.1 Team Hummingbird - BFF | WLW app","Technical Tests","ai-company-search-controller","GET /public_api/search/ai/company/stream/mock [NEG] Forbidden Role Token","","GET /public_api/search/ai/company/stream/mock [NEG] Forbidden Role Token",""
"skipped","Wed Jul 29 03:10:52 UTC 2026","Wed Jul 29 03:10:52 UTC 2026","0","7. Team Pegasus | Pegasus Staging","Endpoints Tests","Supplier Registration","WLW","","categories - Endpoints for retrieving categories",""
"skipped","Wed Jul 29 03:10:52 UTC 2026","Wed Jul 29 03:10:52 UTC 2026","0","7. Team Pegasus | Pegasus Staging","Endpoints Tests","Business Insights","Origin","","Origin",""
"passed","Wed Jul 29 03:13:04 UTC 2026","Wed Jul 29 03:13:04 UTC 2026","32","1.1 Team Hummingbird - BFF | WLW app","Technical Tests","conversation-controller","POST /public_api/conversation/userConversations/{conversationId}/messages/file/ [NEG] Forbidden Role Token","","POST /public_api/conversation/userConversations/{conversationId}/messages/file/ [NEG] Forbidden Role Token",""
"skipped","Wed Jul 29 03:16:26 UTC 2026","Wed Jul 29 03:16:26 UTC 2026","0","3 Team Techno - UCL","Functional Tests","Endpoint Tests","membership","","get all active membership for uuid not platform specific",""
"failed","Wed Jul 29 03:17:24 UTC 2026","Wed Jul 29 03:17:25 UTC 2026","950","4. Team CRM |CRM Staging","Business Scenarios Tests","Lead","Update a Lead","","Update a Lead",""
"passed","Wed Jul 29 03:13:11 UTC 2026","Wed Jul 29 03:13:11 UTC 2026","52","1.1 Team Hummingbird - BFF | WLW app","Technical Tests","inside-business-controller","GET /public_api/inside_business [NEG] Forbidden Role Token","","GET /public_api/inside_business [NEG] Forbidden Role Token",""
"failed","Wed Jul 29 03:12:05 UTC 2026","Wed Jul 29 03:12:05 UTC 2026","18","1 Team Hummingbird - BFF | EP app","Endpoint tests","Conversations","dynamic link conversation","","dynamic link conversation",""
"failed","Wed Jul 29 03:12:59 UTC 2026","Wed Jul 29 03:12:59 UTC 2026","14","1.1 Team Hummingbird - BFF | WLW app","Technical Tests","categories-controller","PUT /preferred/categories [NEG] Forbidden Role Token","","PUT /preferred/categories [NEG] Forbidden Role Token",""
"failed","Wed Jul 29 03:13:03 UTC 2026","Wed Jul 29 03:13:03 UTC 2026","14","1.1 Team Hummingbird - BFF | WLW app","Technical Tests","conversation-controller","GET /public_api/conversation/userConversations/{conversationId}/messages [NEG] Forbidden Role Token","","GET /public_api/conversation/userConversations/{conversationId}/messages [NEG] Forbidden Role Token",""
"passed","Wed Jul 29 03:12:00 UTC 2026","Wed Jul 29 03:12:00 UTC 2026","81","1 Team Hummingbird - BFF | EP app","Endpoint tests","Support","notifications list","","notifications list",""
"skipped","Wed Jul 29 03:10:52 UTC 2026","Wed Jul 29 03:10:52 UTC 2026","0","7. Team Pegasus | Pegasus Staging","Business Scenarios Tests","Supplier Registration","WLW - Lead create and update","","leads - Create a lead",""
"passed","Wed Jul 29 03:17:27 UTC 2026","Wed Jul 29 03:17:28 UTC 2026","1049","4. Team CRM |CRM Staging","Business Scenarios Tests","Cases","Smoke Test for Case Creation","","Smoke Test for Case Creation",""
"passed","Wed Jul 29 03:13:02 UTC 2026","Wed Jul 29 03:13:02 UTC 2026","18","1.1 Team Hummingbird - BFF | WLW app","Technical Tests","conversation-controller","PUT /public_api/conversation/userConversations/{conversationId}/decline [NEG] Missing Auth/API-Key","","PUT /public_api/conversation/userConversations/{conversationId}/decline [NEG] Missing Auth/API-Key",""
"passed","Wed Jul 29 03:20:39 UTC 2026","Wed Jul 29 03:20:39 UTC 2026","77","Dolphin","Functional","","","cppProductRecommendTest","recommend products in CPP -- wlw",""
"failed","Wed Jul 29 03:12:06 UTC 2026","Wed Jul 29 03:12:06 UTC 2026","24","Arise","Functional","","","skwdAll","skwdAll",""
"passed","Wed Jul 29 03:20:39 UTC 2026","Wed Jul 29 03:20:39 UTC 2026","44","Dolphin","Functional","","","getCategoryListWlwTest","v-recommend category list -- wlw, full categories",""
"failed","Wed Jul 29 03:13:26 UTC 2026","Wed Jul 29 03:13:26 UTC 2026","14","1.1 Team Hummingbird - BFF | WLW app","Technical Tests","supplier-visitors-controller","GET /public_api/suppliers/{supplier_id}/visits [SEC] Injection Probe","","GET /public_api/suppliers/{supplier_id}/visits [SEC] Injection Probe",""
"failed","Wed Jul 29 03:11:59 UTC 2026","Wed Jul 29 03:11:59 UTC 2026","57","1 Team Hummingbird - BFF | EP app","Endpoint tests","Login","extend session","","extend session",""
"passed","Wed Jul 29 03:12:02 UTC 2026","Wed Jul 29 03:12:02 UTC 2026","5","2 Team Dragon - BFF | RFQ Backend","Technical Tests","(root)","GET /v1/user - User Info + Roles + Negative Auth","","GET /v1/user - User Info + Roles + Negative Auth",""
"passed","Wed Jul 29 03:13:11 UTC 2026","Wed Jul 29 03:13:11 UTC 2026","32","1.1 Team Hummingbird - BFF | WLW app","Technical Tests","help-and-support-controller","POST /help [NEG] Forbidden Role Token","","POST /help [NEG] Forbidden Role Token",""
"passed","Wed Jul 29 03:12:52 UTC 2026","Wed Jul 29 03:12:53 UTC 2026","772","1.1 Team Hummingbird - BFF | WLW app","Endpoint tests","Search","Product Search EN","","Product Search EN",""
"passed","Wed Jul 29 03:17:22 UTC 2026","Wed Jul 29 03:17:22 UTC 2026","158","4. Team CRM |CRM Staging","Business Scenarios Tests","Create and edit a contact","Check Contact","","Check Contact",""
"passed","Wed Jul 29 03:17:22 UTC 2026","Wed Jul 29 03:17:22 UTC 2026","209","4. Team CRM |CRM Staging","Business Scenarios Tests","Account","Smoke test : Account + Contact + SAP","","Smoke test : Account + Contact + SAP",""
"passed","Wed Jul 29 03:12:49 UTC 2026","Wed Jul 29 03:12:49 UTC 2026","156","1.1 Team Hummingbird - BFF | WLW app","Endpoint tests","User settings","user setting","","user setting",""
"passed","Wed Jul 29 03:13:10 UTC 2026","Wed Jul 29 03:13:10 UTC 2026","32","1.1 Team Hummingbird - BFF | WLW app","Technical Tests","feedback-controller","POST /feedback","","POST /feedback",""
"passed","Wed Jul 29 03:12:02 UTC 2026","Wed Jul 29 03:12:02 UTC 2026","19","2 Team Dragon - BFF | RFQ Backend","Technical Tests","(root)","GET /v1/categories - CPV list (schema + contract)","","GET /v1/categories - CPV list (schema + contract)",""
"skipped","Wed Jul 29 03:17:18 UTC 2026","Wed Jul 29 03:17:18 UTC 2026","0","4. Team CRM |CRM Staging","Endpoints Tests","Leads","(empty)","","Endpoints Tests / Leads - empty",""
"passed","Wed Jul 29 03:17:22 UTC 2026","Wed Jul 29 03:17:23 UTC 2026","1377","4. Team CRM |CRM Staging","Business Scenarios Tests","Feedback","Trigger Feedback","","Trigger Feedback",""
"skipped","Wed Jul 29 03:10:52 UTC 2026","Wed Jul 29 03:10:52 UTC 2026","0","7. Team Pegasus | Pegasus Staging","Spike | Profiles link user to company","(root)","01 OAuth — Supplier Facts token","","01 OAuth — Supplier Facts token",""
"failed","Wed Jul 29 03:13:26 UTC 2026","Wed Jul 29 03:13:26 UTC 2026","12","1.1 Team Hummingbird - BFF | WLW app","Technical Tests","search-term-controller","POST /public_api/search/track [NEG] Expired Token","","POST /public_api/search/track [NEG] Expired Token",""
"passed","Wed Jul 29 03:17:21 UTC 2026","Wed Jul 29 03:17:30 UTC 2026","9119","4. Team CRM |CRM Staging","Business Scenarios Tests","Account","Trigger SAP Customer number","","Trigger SAP Customer number",""
"skipped","Wed Jul 29 03:10:52 UTC 2026","Wed Jul 29 03:10:52 UTC 2026","0","7. Team Pegasus | Pegasus Staging","Endpoints Tests","Visitors","Java (statistics-app)","","Filter types",""
"failed","Wed Jul 29 03:12:55 UTC 2026","Wed Jul 29 03:12:56 UTC 2026","704","1.1 Team Hummingbird - BFF | WLW app","Endpoint tests","Visitor profiler","Visitor ID","","Visitor ID",""
"passed","Wed Jul 29 03:17:30 UTC 2026","Wed Jul 29 03:17:30 UTC 2026","99","4. Team CRM |CRM Staging","Endpoints Tests","(root)","resolve individual id bulk","","resolve individual id bulk",""
"failed","Wed Jul 29 03:13:06 UTC 2026","Wed Jul 29 03:13:06 UTC 2026","16","1.1 Team Hummingbird - BFF | WLW app","Technical Tests","conversation-controller","GET /public_api/conversation/userConversations/{conversationId}","","GET /public_api/conversation/userConversations/{conversationId}",""
"passed","Wed Jul 29 03:12:58 UTC 2026","Wed Jul 29 03:12:58 UTC 2026","36","1.1 Team Hummingbird - BFF | WLW app","Technical Tests","ai-company-search-controller","POST /public_api/search/ai/company/search [NEG] Forbidden Role Token","","POST /public_api/search/ai/company/search [NEG] Forbidden Role Token",""
"passed","Wed Jul 29 03:13:14 UTC 2026","Wed Jul 29 03:13:15 UTC 2026","32","1.1 Team Hummingbird - BFF | WLW app","Technical Tests","login-controller","POST /public_api/auth/changePassword [NEG] Forbidden Role Token","","POST /public_api/auth/changePassword [NEG] Forbidden Role Token",""
"passed","Wed Jul 29 03:13:12 UTC 2026","Wed Jul 29 03:13:13 UTC 2026","36","1.1 Team Hummingbird - BFF | WLW app","Technical Tests","login-controller","POST /public_api/auth/resetPassword [NEG] Forbidden Role Token","","POST /public_api/auth/resetPassword [NEG] Forbidden Role Token",""
"passed","Wed Jul 29 03:12:06 UTC 2026","Wed Jul 29 03:12:06 UTC 2026","249","Arise","Functional","","","psearchProxySearch","psearchProxySearch",""
"passed","Wed Jul 29 03:12:04 UTC 2026","Wed Jul 29 03:12:05 UTC 2026","603","1 Team Hummingbird - BFF | EP app","Endpoint tests","Conversations","new message","","new message",""
"passed","Wed Jul 29 03:13:16 UTC 2026","Wed Jul 29 03:13:16 UTC 2026","34","1.1 Team Hummingbird - BFF | WLW app","Technical Tests","product-controller","GET /public_api/products/{productId} [NEG] Expired Token","","GET /public_api/products/{productId} [NEG] Expired Token",""
"failed","Wed Jul 29 03:12:58 UTC 2026","Wed Jul 29 03:12:58 UTC 2026","13","1.1 Team Hummingbird - BFF | WLW app","Technical Tests","ai-company-search-controller","GET /public_api/search/ai/company/stream/mock [NEG] Missing Auth/API-Key","","GET /public_api/search/ai/company/stream/mock [NEG] Missing Auth/API-Key",""
"passed","Wed Jul 29 03:12:54 UTC 2026","Wed Jul 29 03:12:55 UTC 2026","1162","1.1 Team Hummingbird - BFF | WLW app","Endpoint tests","Conversations","new message","","new message",""
"failed","Wed Jul 29 03:17:30 UTC 2026","Wed Jul 29 03:17:30 UTC 2026","180","4. Team CRM |CRM Staging","Endpoints Tests","(root)","get company data via CRM id","","get company data via CRM id",""
"skipped","Wed Jul 29 03:16:26 UTC 2026","Wed Jul 29 03:16:26 UTC 2026","0","3 Team Techno - UCL","Functional Tests","Endpoint Tests","SponsoredBrand","","get SPB by id",""
"passed","Wed Jul 29 03:12:57 UTC 2026","Wed Jul 29 03:12:57 UTC 2026","33","1.1 Team Hummingbird - BFF | WLW app","Technical Tests","ai-company-search-controller","POST /public_api/search/ai/supplier/pv-match [NEG] Forbidden Role Token","","POST /public_api/search/ai/supplier/pv-match [NEG] Forbidden Role Token",""
"failed","Wed Jul 29 03:13:06 UTC 2026","Wed Jul 29 03:13:06 UTC 2026","13","1.1 Team Hummingbird - BFF | WLW app","Technical Tests","conversation-controller","GET /public_api/conversation/userConversations/{userId}/unreadCount/ [NEG] Expired Token","","GET /public_api/conversation/userConversations/{userId}/unreadCount/ [NEG] Expired Token",""
"failed","Wed Jul 29 03:13:25 UTC 2026","Wed Jul 29 03:13:25 UTC 2026","14","1.1 Team Hummingbird - BFF | WLW app","Technical Tests","search-controller","GET /public_api/categories/recommendations [NEG] Missing Auth/API-Key","","GET /public_api/categories/recommendations [NEG] Missing Auth/API-Key",""
"failed","Wed Jul 29 03:13:06 UTC 2026","Wed Jul 29 03:13:06 UTC 2026","12","1.1 Team Hummingbird - BFF | WLW app","Technical Tests","conversation-controller","GET /public_api/conversation/userConversations/{userId}/unreadCount/ [NEG] Forbidden Role Token","","GET /public_api/conversation/userConversations/{userId}/unreadCount/ [NEG] Forbidden Role Token",""
"failed","Wed Jul 29 03:13:25 UTC 2026","Wed Jul 29 03:13:25 UTC 2026","14","1.1 Team Hummingbird - BFF | WLW app","Technical Tests","search-controller","GET /public_api/categories/recommendations [NEG] Expired Token","","GET /public_api/categories/recommendations [NEG] Expired Token",""
"passed","Wed Jul 29 03:13:01 UTC 2026","Wed Jul 29 03:13:01 UTC 2026","76","1.1 Team Hummingbird - BFF | WLW app","Technical Tests","contact-form-controller","POST /public_api/contact-form/messages [NEG] Forbidden Role Token","","POST /public_api/contact-form/messages [NEG] Forbidden Role Token",""
"passed","Wed Jul 29 03:13:08 UTC 2026","Wed Jul 29 03:13:08 UTC 2026","37","1.1 Team Hummingbird - BFF | WLW app","Technical Tests","currency-exchange-controller","GET /exchange/fetch-rates [NEG] Expired Token","","GET /exchange/fetch-rates [NEG] Expired Token",""
"passed","Wed Jul 29 03:12:02 UTC 2026","Wed Jul 29 03:12:03 UTC 2026","497","1 Team Hummingbird - BFF | EP app","Endpoint tests","Search","search companies FR","","search companies FR",""
"passed","Wed Jul 29 03:13:10 UTC 2026","Wed Jul 29 03:13:10 UTC 2026","33","1.1 Team Hummingbird - BFF | WLW app","Technical Tests","feedback-controller","POST /v1/feedback [NEG] Forbidden Role Token","","POST /v1/feedback [NEG] Forbidden Role Token",""
"passed","Wed Jul 29 03:20:39 UTC 2026","Wed Jul 29 03:20:39 UTC 2026","36","Dolphin","Technical","","","getCategoryListWlwWithPreferredSuperCategoryIdsTest","v-recommend category list -- wlw, with preferredSuperCategoryIds",""
"passed","Wed Jul 29 03:13:20 UTC 2026","Wed Jul 29 03:13:20 UTC 2026","31","1.1 Team Hummingbird - BFF | WLW app","Technical Tests","rfq-controller","POST /public_api/connect/purchaser/tenders [NEG] Forbidden Role Token","","POST /public_api/connect/purchaser/tenders [NEG] Forbidden Role Token",""
"passed","Wed Jul 29 03:17:30 UTC 2026","Wed Jul 29 03:17:30 UTC 2026","151","4. Team CRM |CRM Staging","Endpoints Tests","(root)","get company data via SF id","","get company data via SF id",""
"passed","Wed Jul 29 03:17:28 UTC 2026","Wed Jul 29 03:17:29 UTC 2026","718","4. Team CRM |CRM Staging","Endpoints Tests","(root)","sync event to trigger the RFC lead process","","sync event to trigger the RFC lead process",""
"passed","Wed Jul 29 03:17:27 UTC 2026","Wed Jul 29 03:17:27 UTC 2026","250","4. Team CRM |CRM Staging","Endpoints Tests","(root)","duplicate records","","duplicate records",""
"failed","Wed Jul 29 03:12:03 UTC 2026","Wed Jul 29 03:12:03 UTC 2026","87","1 Team Hummingbird - BFF | EP app","Endpoint tests","Search","search track","","search track",""
"passed","Wed Jul 29 03:20:38 UTC 2026","Wed Jul 29 03:20:38 UTC 2026","166","Dolphin","Technical","","","EPHomepageProductRecommendTest","homepage product recommend -- ep",""
"failed","Wed Jul 29 03:13:19 UTC 2026","Wed Jul 29 03:13:19 UTC 2026","15","1.1 Team Hummingbird - BFF | WLW app","Technical Tests","push-notification-by-email-controller","GET /v1/pushNotification [SEC] Injection Probe","","GET /v1/pushNotification [SEC] Injection Probe",""
"failed","Wed Jul 29 03:13:21 UTC 2026","Wed Jul 29 03:13:21 UTC 2026","14","1.1 Team Hummingbird - BFF | WLW app","Technical Tests","search-controller","GET /public_api/suppliers/recommendations [NEG] Expired Token","","GET /public_api/suppliers/recommendations [NEG] Expired Token",""
"skipped","Wed Jul 29 03:10:52 UTC 2026","Wed Jul 29 03:10:52 UTC 2026","0","7. Team Pegasus | Pegasus Staging","Endpoints Tests","Business Insights","Company","","Company",""
"passed","Wed Jul 29 03:13:02 UTC 2026","Wed Jul 29 03:13:02 UTC 2026","34","1.1 Team Hummingbird - BFF | WLW app","Technical Tests","conversation-controller","PUT /public_api/conversation/userConversations/{conversationId}/messages/markAsRead [SEC] Injection Probe","","PUT /public_api/conversation/userConversations/{conversationId}/messages/markAsRead [SEC] Injection Probe",""
"broken","Wed Jul 29 03:10:58 UTC 2026","Wed Jul 29 03:10:59 UTC 2026","481","Bamboo","Functional","","","findCategoryByIdTest","findCategoryById",""
"passed","Wed Jul 29 03:13:12 UTC 2026","Wed Jul 29 03:13:12 UTC 2026","34","1.1 Team Hummingbird - BFF | WLW app","Technical Tests","login-controller","POST /public_api/auth/session/extend [NEG] Forbidden Role Token","","POST /public_api/auth/session/extend [NEG] Forbidden Role Token",""
"passed","Wed Jul 29 03:17:27 UTC 2026","Wed Jul 29 03:17:28 UTC 2026","1049","4. Team CRM |CRM Staging","Business Scenarios Tests","Cases","Smoke Test for Case Creation","","Smoke Test for Case Creation",""
"passed","Wed Jul 29 03:12:52 UTC 2026","Wed Jul 29 03:12:53 UTC 2026","131","1.1 Team Hummingbird - BFF | WLW app","Endpoint tests","RFQ","post RFQ","","post RFQ",""
"passed","Wed Jul 29 03:20:38 UTC 2026","Wed Jul 29 03:20:38 UTC 2026","92","Dolphin","Functional","","","EPPCppProductRecommendTest","recommend products in CPP -- ep",""
"passed","Wed Jul 29 03:13:13 UTC 2026","Wed Jul 29 03:13:13 UTC 2026","52","1.1 Team Hummingbird - BFF | WLW app","Technical Tests","login-controller","POST /public_api/auth/code/verify","","POST /public_api/auth/code/verify",""
"passed","Wed Jul 29 03:13:29 UTC 2026","Wed Jul 29 03:13:29 UTC 2026","34","1.1 Team Hummingbird - BFF | WLW app","Technical Tests","user-controller","GET /public_api/user/userInfo","","GET /public_api/user/userInfo",""
"failed","Wed Jul 29 03:12:04 UTC 2026","Wed Jul 29 03:12:04 UTC 2026","347","1 Team Hummingbird - BFF | EP app","Endpoint tests","Contact request","Other request","","Other request",""
"skipped","Wed Jul 29 03:10:52 UTC 2026","Wed Jul 29 03:10:52 UTC 2026","0","7. Team Pegasus | Pegasus Staging","Endpoints Tests","Supplier Registration","EP","","vat/check - Validate VAT number",""
"passed","Wed Jul 29 03:17:22 UTC 2026","Wed Jul 29 03:17:23 UTC 2026","935","4. Team CRM |CRM Staging","Business Scenarios Tests","Create and edit a contact","Edit contact","","Edit contact",""
"failed","Wed Jul 29 03:12:53 UTC 2026","Wed Jul 29 03:12:53 UTC 2026","153","1.1 Team Hummingbird - BFF | WLW app","Endpoint tests","Homepage, products","trending products","","trending products",""
"passed","Wed Jul 29 03:20:22 UTC 2026","Wed Jul 29 03:20:24 UTC 2026","1489","Dolphin","Technical","","","productTextSearchCountryFilterTest","AI product text search recall: country filter DE",""
"passed","Wed Jul 29 03:12:01 UTC 2026","Wed Jul 29 03:12:01 UTC 2026","463","1 Team Hummingbird - BFF | EP app","Endpoint tests","Company","Suppliers listings","","Suppliers listings",""
"passed","Wed Jul 29 03:12:01 UTC 2026","Wed Jul 29 03:12:02 UTC 2026","512","1 Team Hummingbird - BFF | EP app","Endpoint tests","Company","Companies / products EN","","Companies / products EN",""
"passed","Wed Jul 29 03:13:29 UTC 2026","Wed Jul 29 03:13:29 UTC 2026","34","1.1 Team Hummingbird - BFF | WLW app","Technical Tests","user-controller","GET /public_api/user/userInfo [NEG] Expired Token","","GET /public_api/user/userInfo [NEG] Expired Token",""
"skipped","Wed Jul 29 03:16:26 UTC 2026","Wed Jul 29 03:16:26 UTC 2026","0","3 Team Techno - UCL","Technical Tests","Membership","GET /unified_commercial_logic/internal_api/api/membership/{id} - Retrieve Membership fields By ID","","GET /unified_commercial_logic/internal_api/api/membership/{id} - Retrieve Membership fields By ID",""
"skipped","Wed Jul 29 03:10:52 UTC 2026","Wed Jul 29 03:10:52 UTC 2026","0","7. Team Pegasus | Pegasus Staging","Endpoints Tests","Supplier Registration","EP","","{{supplierRegistrationBackendBaseUrlForGetRequests}}/api/business_sectors/index?lang=en&query=Biscuits",""
"passed","Wed Jul 29 03:12:03 UTC 2026","Wed Jul 29 03:12:03 UTC 2026","501","1 Team Hummingbird - BFF | EP app","Endpoint tests","Search","Product Search FR","","Product Search FR",""
"failed","Wed Jul 29 03:12:02 UTC 2026","Wed Jul 29 03:12:02 UTC 2026","19","2 Team Dragon - BFF | RFQ Backend","Technical Tests","(root)","POST /v1/rfqs/{rfqId}/respond - Multipart Upload + Schema + Security","","POST /v1/rfqs/{rfqId}/respond - Multipart Upload + Schema + Security",""
"skipped","Wed Jul 29 03:10:52 UTC 2026","Wed Jul 29 03:10:52 UTC 2026","0","7. Team Pegasus | Pegasus Staging","Spike | Profiles link user to company","(root)","10 MANUAL — company-editor basic-info (browser)","","10 MANUAL — company-editor basic-info (browser)",""
"broken","Wed Jul 29 03:20:02 UTC 2026","Wed Jul 29 03:20:22 UTC 2026","20018","Dolphin","Functional","","","productInferenceTest","AI product search inference stream API",""
"passed","Wed Jul 29 03:12:56 UTC 2026","Wed Jul 29 03:12:56 UTC 2026","61","1.1 Team Hummingbird - BFF | WLW app","Technical Tests","ai-company-search-controller","POST /public_api/search/ai/supplier/recall [NEG] Missing Auth/API-Key","","POST /public_api/search/ai/supplier/recall [NEG] Missing Auth/API-Key",""
"passed","Wed Jul 29 03:13:04 UTC 2026","Wed Jul 29 03:13:04 UTC 2026","18","1.1 Team Hummingbird - BFF | WLW app","Technical Tests","conversation-controller","POST /public_api/conversation/userConversations/{conversationId}/messages/file [NEG] Missing Auth/API-Key","","POST /public_api/conversation/userConversations/{conversationId}/messages/file [NEG] Missing Auth/API-Key",""
"passed","Wed Jul 29 03:17:24 UTC 2026","Wed Jul 29 03:17:26 UTC 2026","1576","4. Team CRM |CRM Staging","Business Scenarios Tests","Lead","Create a  lead","","Create a  lead",""
"passed","Wed Jul 29 03:17:27 UTC 2026","Wed Jul 29 03:17:27 UTC 2026","195","4. Team CRM |CRM Staging","Endpoints Tests","(root)","get responsible user","","get responsible user",""
"failed","Wed Jul 29 03:13:07 UTC 2026","Wed Jul 29 03:13:07 UTC 2026","13","1.1 Team Hummingbird - BFF | WLW app","Technical Tests","conversation-controller","GET /public_api/conversation/userConversations/{conversationId}/file [NEG] Expired Token","","GET /public_api/conversation/userConversations/{conversationId}/file [NEG] Expired Token",""
"failed","Wed Jul 29 03:12:06 UTC 2026","Wed Jul 29 03:12:06 UTC 2026","0","1 Team Hummingbird - BFF | EP app","Endpoint tests","Visitor profiler","download visitors csv","","download visitors csv",""
"broken","Wed Jul 29 03:17:01 UTC 2026","Wed Jul 29 03:17:21 UTC 2026","20021","Dolphin","Functional","","","recallSingleFilterTest","AI Search recall: single filter (verified=true)",""
"failed","Wed Jul 29 03:17:30 UTC 2026","Wed Jul 29 03:17:30 UTC 2026","180","4. Team CRM |CRM Staging","Endpoints Tests","(root)","get company data via CRM id","","get company data via CRM id",""
"passed","Wed Jul 29 03:13:15 UTC 2026","Wed Jul 29 03:13:15 UTC 2026","34","1.1 Team Hummingbird - BFF | WLW app","Technical Tests","login-controller","DELETE /public_api/auth/sso/logout","","DELETE /public_api/auth/sso/logout",""
"passed","Wed Jul 29 03:20:39 UTC 2026","Wed Jul 29 03:20:39 UTC 2026","76","Dolphin","Functional","","","getCategoryListEpTest","v-recommend category list -- ep",""
"broken","Wed Jul 29 03:11:20 UTC 2026","Wed Jul 29 03:11:40 UTC 2026","20023","Dolphin","Technical","","","inferenceShortQueryTest","AI Search inference: minimal searchText boundary",""
"passed","Wed Jul 29 03:12:56 UTC 2026","Wed Jul 29 03:12:56 UTC 2026","34","1.1 Team Hummingbird - BFF | WLW app","Technical Tests","ab-test-record-controller","POST /public_api/abtest/record [NEG] Forbidden Role Token","","POST /public_api/abtest/record [NEG] Forbidden Role Token",""
"passed","Wed Jul 29 03:12:04 UTC 2026","Wed Jul 29 03:12:04 UTC 2026","37","1 Team Hummingbird - BFF | EP app","Endpoint tests","Homepage, products","categories/homepage","","categories/homepage",""
"passed","Wed Jul 29 03:13:08 UTC 2026","Wed Jul 29 03:13:08 UTC 2026","33","1.1 Team Hummingbird - BFF | WLW app","Technical Tests","dynamic-links-controller","POST /public_api/branchio/dynamiclink","","POST /public_api/branchio/dynamiclink",""
"passed","Wed Jul 29 03:13:20 UTC 2026","Wed Jul 29 03:13:20 UTC 2026","34","1.1 Team Hummingbird - BFF | WLW app","Technical Tests","rfq-controller","POST /public_api/connect/purchaser/tenders","","POST /public_api/connect/purchaser/tenders",""
"skipped","Wed Jul 29 03:16:26 UTC 2026","Wed Jul 29 03:16:26 UTC 2026","0","3 Team Techno - UCL","Functional Tests","Endpoint Tests","WebsiteLead","","get all active on ep for given existing uuid",""
"passed","Wed Jul 29 03:13:04 UTC 2026","Wed Jul 29 03:13:04 UTC 2026","35","1.1 Team Hummingbird - BFF | WLW app","Technical Tests","conversation-controller","POST /public_api/conversation/userConversations/{conversationId}/messages/file/ [NEG] Expired Token","","POST /public_api/conversation/userConversations/{conversationId}/messages/file/ [NEG] Expired Token",""
"passed","Wed Jul 29 03:13:14 UTC 2026","Wed Jul 29 03:13:14 UTC 2026","33","1.1 Team Hummingbird - BFF | WLW app","Technical Tests","login-controller","POST /public_api/auth/changePassword [NEG] Expired Token","","POST /public_api/auth/changePassword [NEG] Expired Token",""
"failed","Wed Jul 29 03:13:27 UTC 2026","Wed Jul 29 03:13:27 UTC 2026","11","1.1 Team Hummingbird - BFF | WLW app","Technical Tests","supplier-visitors-controller","GET /public_api/suppliers/{supplier_id}/visits/csv [SEC] Injection Probe","","GET /public_api/suppliers/{supplier_id}/visits/csv [SEC] Injection Probe",""
"skipped","Wed Jul 29 03:16:26 UTC 2026","Wed Jul 29 03:16:26 UTC 2026","0","3 Team Techno - UCL","Technical Tests","Retargeting","GET /unified_commercial_logic/internal_api/api/retargeting - Retrieve Retargeting List","","GET /unified_commercial_logic/internal_api/api/retargeting - Retrieve Retargeting List",""
"failed","Wed Jul 29 03:13:15 UTC 2026","Wed Jul 29 03:13:15 UTC 2026","11","1.1 Team Hummingbird - BFF | WLW app","Technical Tests","product-controller","GET /public_api/products [SEC] Injection Probe","","GET /public_api/products [SEC] Injection Probe",""
"passed","Wed Jul 29 03:11:59 UTC 2026","Wed Jul 29 03:11:59 UTC 2026","89","1 Team Hummingbird - BFF | EP app","Endpoint tests","User settings","user setting","","user setting",""
"skipped","Wed Jul 29 03:16:26 UTC 2026","Wed Jul 29 03:16:26 UTC 2026","0","3 Team Techno - UCL","Technical Tests","WebsiteLead","GET /unified_commercial_logic/internal_api/api/website_lead/{id} - Retrieve WebsiteLead By ID","","GET /unified_commercial_logic/internal_api/api/website_lead/{id} - Retrieve WebsiteLead By ID",""
"passed","Wed Jul 29 03:13:13 UTC 2026","Wed Jul 29 03:13:13 UTC 2026","33","1.1 Team Hummingbird - BFF | WLW app","Technical Tests","login-controller","POST /public_api/auth/password/login","","POST /public_api/auth/password/login",""
"failed","Wed Jul 29 03:13:23 UTC 2026","Wed Jul 29 03:13:23 UTC 2026","13","1.1 Team Hummingbird - BFF | WLW app","Technical Tests","search-controller","GET /public_api/search/autoComplete [NEG] Expired Token","","GET /public_api/search/autoComplete [NEG] Expired Token",""
"skipped","Wed Jul 29 03:16:26 UTC 2026","Wed Jul 29 03:16:26 UTC 2026","0","3 Team Techno - UCL","Functional Tests","Endpoint Tests","WebsiteLead","","get all active on wlw for given existing uuid",""
"passed","Wed Jul 29 03:17:29 UTC 2026","Wed Jul 29 03:17:30 UTC 2026","1549","4. Team CRM |CRM Staging","Endpoints Tests","(root)","Create Note with sf id","","Create Note with sf id",""
"failed","Wed Jul 29 03:12:55 UTC 2026","Wed Jul 29 03:12:55 UTC 2026","90","1.1 Team Hummingbird - BFF | WLW app","Endpoint tests","Conversations","Decline RFQ","","Decline RFQ",""
"skipped","Wed Jul 29 03:10:52 UTC 2026","Wed Jul 29 03:10:52 UTC 2026","0","7. Team Pegasus | Pegasus Staging","Endpoints Tests","Supplier Registration","EP","","request_for_quotations - Endpoints related to the creation of request for quotations",""
"passed","Wed Jul 29 03:12:55 UTC 2026","Wed Jul 29 03:12:55 UTC 2026","63","1.1 Team Hummingbird - BFF | WLW app","Endpoint tests","Visitor profiler","download visitors csv","","download visitors csv",""
"passed","Wed Jul 29 03:17:18 UTC 2026","Wed Jul 29 03:17:19 UTC 2026","479","4. Team CRM |CRM Staging","Business Scenarios Tests","Tasks","Change  Assigned To","","Change  Assigned To",""
"passed","Wed Jul 29 03:12:55 UTC 2026","Wed Jul 29 03:12:58 UTC 2026","3214","1.1 Team Hummingbird - BFF | WLW app","Endpoint tests","Visitor profiler","csv get","","csv get",""
"skipped","Wed Jul 29 03:11:58 UTC 2026","Wed Jul 29 03:11:58 UTC 2026","0","1 Team Hummingbird - BFF | EP app","Business Scenario Tests","(empty)","(empty)","","Business Scenario Tests - empty",""
"passed","Wed Jul 29 03:20:33 UTC 2026","Wed Jul 29 03:20:35 UTC 2026","1360","Dolphin","Technical","","","productTextSearchSecondPageTest","AI product text search recall: pagination page 2",""
"failed","Wed Jul 29 03:13:06 UTC 2026","Wed Jul 29 03:13:06 UTC 2026","13","1.1 Team Hummingbird - BFF | WLW app","Technical Tests","conversation-controller","GET /public_api/conversation/userConversations/{conversationId} [NEG] Missing Auth/API-Key","","GET /public_api/conversation/userConversations/{conversationId} [NEG] Missing Auth/API-Key",""
"skipped","Wed Jul 29 03:10:52 UTC 2026","Wed Jul 29 03:10:52 UTC 2026","0","7. Team Pegasus | Pegasus Staging","Endpoints Tests","User & Company Context","User Profile Storage by uuid","","User Profile Storage by uuid",""
"passed","Wed Jul 29 03:17:19 UTC 2026","Wed Jul 29 03:17:20 UTC 2026","622","4. Team CRM |CRM Staging","Business Scenarios Tests","Contacts","Edit Contact","","Edit Contact",""
"passed","Wed Jul 29 03:12:02 UTC 2026","Wed Jul 29 03:12:02 UTC 2026","319","1 Team Hummingbird - BFF | EP app","Endpoint tests","Search","search autoComplete EN","","search autoComplete EN",""
"skipped","Wed Jul 29 03:10:52 UTC 2026","Wed Jul 29 03:10:52 UTC 2026","0","7. Team Pegasus | Pegasus Staging","Endpoints Tests","Visitors","Elixir (supplier-app)","","Filters",""
"passed","Wed Jul 29 03:12:06 UTC 2026","Wed Jul 29 03:12:06 UTC 2026","132","1 Team Hummingbird - BFF | EP app","Endpoint tests","(root)","Log out","","Log out",""
"failed","Wed Jul 29 03:13:06 UTC 2026","Wed Jul 29 03:13:06 UTC 2026","14","1.1 Team Hummingbird - BFF | WLW app","Technical Tests","conversation-controller","GET /public_api/conversation/userConversations/{userId}/unreadCount/","","GET /public_api/conversation/userConversations/{userId}/unreadCount/",""
"passed","Wed Jul 29 03:17:29 UTC 2026","Wed Jul 29 03:17:29 UTC 2026","193","4. Team CRM |CRM Staging","Endpoints Tests","(root)","Update Website Leads Fields with sf_id","","Update Website Leads Fields with sf_id",""
"broken","Wed Jul 29 03:14:01 UTC 2026","Wed Jul 29 03:14:21 UTC 2026","20023","Dolphin","Technical","","","recallIllegalSortPassthroughTest","AI Search recall: illegal sort passthrough (no param fail)",""
"passed","Wed Jul 29 03:13:15 UTC 2026","Wed Jul 29 03:13:15 UTC 2026","38","1.1 Team Hummingbird - BFF | WLW app","Technical Tests","login-controller","DELETE /public_api/auth/sso/logout [NEG] Missing Auth/API-Key","","DELETE /public_api/auth/sso/logout [NEG] Missing Auth/API-Key",""
"failed","Wed Jul 29 03:12:57 UTC 2026","Wed Jul 29 03:12:57 UTC 2026","23","1.1 Team Hummingbird - BFF | WLW app","Technical Tests","ai-company-search-controller","GET /public_api/search/ai/company/search [SEC] Injection Probe","","GET /public_api/search/ai/company/search [SEC] Injection Probe",""
"failed","Wed Jul 29 03:12:50 UTC 2026","Wed Jul 29 03:12:51 UTC 2026","45","1.1 Team Hummingbird - BFF | WLW app","Endpoint tests","Company","Company ID DE","","Company ID DE",""
"skipped","Wed Jul 29 03:16:26 UTC 2026","Wed Jul 29 03:16:26 UTC 2026","0","3 Team Techno - UCL","Functional Tests","Endpoint Tests","membership","","get all membership for non-existing uuid",""
"skipped","Wed Jul 29 03:10:52 UTC 2026","Wed Jul 29 03:10:52 UTC 2026","0","7. Team Pegasus | Pegasus Staging","Spike | Profiles link user to company","(root)","07 GET — Verify profile after PATCH","","07 GET — Verify profile after PATCH",""
"failed","Wed Jul 29 03:12:51 UTC 2026","Wed Jul 29 03:12:51 UTC 2026","69","1.1 Team Hummingbird - BFF | WLW app","Endpoint tests","Company","Companies / products DE","","Companies / products DE",""
"skipped","Wed Jul 29 03:11:58 UTC 2026","Wed Jul 29 03:11:58 UTC 2026","0","1 Team Hummingbird - BFF | EP app","Technical Tests","(empty)","(empty)","","Technical Tests - empty",""
"passed","Wed Jul 29 03:13:04 UTC 2026","Wed Jul 29 03:13:04 UTC 2026","20","1.1 Team Hummingbird - BFF | WLW app","Technical Tests","conversation-controller","POST /public_api/conversation/userConversations/{conversationId}/messages/file/ [NEG] Missing Auth/API-Key","","POST /public_api/conversation/userConversations/{conversationId}/messages/file/ [NEG] Missing Auth/API-Key",""
"skipped","Wed Jul 29 03:10:52 UTC 2026","Wed Jul 29 03:10:52 UTC 2026","0","7. Team Pegasus | Pegasus Staging","Endpoints Tests","Supplier Registration","EP","","keywords - Search for keywords",""
"broken","Wed Jul 29 03:19:22 UTC 2026","Wed Jul 29 03:19:42 UTC 2026","20013","Dolphin","Technical","","","termRecommendTest","AI Search term recommend API",""
"passed","Wed Jul 29 03:13:03 UTC 2026","Wed Jul 29 03:13:03 UTC 2026","16","1.1 Team Hummingbird - BFF | WLW app","Technical Tests","conversation-controller","POST /public_api/conversation/userConversations/{conversationId}/messages [NEG] Missing Auth/API-Key","","POST /public_api/conversation/userConversations/{conversationId}/messages [NEG] Missing Auth/API-Key",""
"passed","Wed Jul 29 03:12:54 UTC 2026","Wed Jul 29 03:12:55 UTC 2026","79","1.1 Team Hummingbird - BFF | WLW app","Endpoint tests","Conversations","mark as read","","mark as read",""
"skipped","Wed Jul 29 03:16:26 UTC 2026","Wed Jul 29 03:16:26 UTC 2026","0","3 Team Techno - UCL","Functional Tests","Endpoint Tests","TopRanking","","get all active on wlw for the given uuid",""
"failed","Wed Jul 29 03:17:20 UTC 2026","Wed Jul 29 03:17:26 UTC 2026","6118","4. Team CRM |CRM Staging","Business Scenarios Tests","Account","Verify HubSpot Sync","","Verify HubSpot Sync",""
"passed","Wed Jul 29 03:12:50 UTC 2026","Wed Jul 29 03:12:50 UTC 2026","70","1.1 Team Hummingbird - BFF | WLW app","Endpoint tests","Support","notifications list","","notifications list",""
"failed","Wed Jul 29 03:13:05 UTC 2026","Wed Jul 29 03:13:05 UTC 2026","14","1.1 Team Hummingbird - BFF | WLW app","Technical Tests","conversation-controller","GET /public_api/conversation/userConversations","","GET /public_api/conversation/userConversations",""
"passed","Wed Jul 29 03:11:58 UTC 2026","Wed Jul 29 03:11:59 UTC 2026","480","1 Team Hummingbird - BFF | EP app","Endpoint tests","Login","native email login purchaser","","native email login purchaser",""
"passed","Wed Jul 29 03:17:25 UTC 2026","Wed Jul 29 03:17:25 UTC 2026","469","4. Team CRM |CRM Staging","Business Scenarios Tests","Lead","Smoke test for Conversion","","Smoke test for Conversion",""
"broken","Wed Jul 29 03:13:40 UTC 2026","Wed Jul 29 03:14:01 UTC 2026","20645","Dolphin","Technical","","","recallCountryFilterTest","AI Search recall: country filter DE",""
"passed","Wed Jul 29 03:17:19 UTC 2026","Wed Jul 29 03:17:22 UTC 2026","2696","4. Team CRM |CRM Staging","Business Scenarios Tests","Quote","Smoke Test Create new quote","","Smoke Test Create new quote",""
"passed","Wed Jul 29 03:13:24 UTC 2026","Wed Jul 29 03:13:24 UTC 2026","33","1.1 Team Hummingbird - BFF | WLW app","Technical Tests","search-controller","GET /public_api/search/ai/tabChange [NEG] Forbidden Role Token","","GET /public_api/search/ai/tabChange [NEG] Forbidden Role Token",""
"broken","Wed Jul 29 03:12:20 UTC 2026","Wed Jul 29 03:12:40 UTC 2026","20020","Dolphin","Technical","","","pvMatchMissingQpInfoTest","AI Search PV match: missing qpInfo → business failure",""
"skipped","Wed Jul 29 03:16:26 UTC 2026","Wed Jul 29 03:16:26 UTC 2026","0","3 Team Techno - UCL","Technical Tests","Membership","GET /unified_commercial_logic/internal_api/api/membership/find_by_id/{id} - Retrieve Membership By ID","","GET /unified_commercial_logic/internal_api/api/membership/find_by_id/{id} - Retrieve Membership By ID",""
"failed","Wed Jul 29 03:12:05 UTC 2026","Wed Jul 29 03:12:05 UTC 2026","156","1 Team Hummingbird - BFF | EP app","Endpoint tests","Conversations","send file message","","send file message",""
"broken","Wed Jul 29 03:16:21 UTC 2026","Wed Jul 29 03:16:41 UTC 2026","20016","Dolphin","Technical","","","recallPaidSupplierFilterTest","AI Search recall: paid supplier filter (verified=true)",""
"passed","Wed Jul 29 03:13:05 UTC 2026","Wed Jul 29 03:13:05 UTC 2026","35","1.1 Team Hummingbird - BFF | WLW app","Technical Tests","conversation-controller","POST /public_api/conversation/userConversations/{conversationId}/messages/file [NEG] Expired Token","","POST /public_api/conversation/userConversations/{conversationId}/messages/file [NEG] Expired Token",""
"passed","Wed Jul 29 03:12:50 UTC 2026","Wed Jul 29 03:12:50 UTC 2026","45","1.1 Team Hummingbird - BFF | WLW app","Endpoint tests","Company","Company ID EN","","Company ID EN",""
"passed","Wed Jul 29 03:13:20 UTC 2026","Wed Jul 29 03:13:20 UTC 2026","34","1.1 Team Hummingbird - BFF | WLW app","Technical Tests","rfq-controller","POST /public_api/connect/purchaser/tenders/","","POST /public_api/connect/purchaser/tenders/",""
"passed","Wed Jul 29 03:12:02 UTC 2026","Wed Jul 29 03:12:02 UTC 2026","237","1 Team Hummingbird - BFF | EP app","Endpoint tests","Search","search autoComplete DE","","search autoComplete DE",""
"failed","Wed Jul 29 03:12:48 UTC 2026","Wed Jul 29 03:12:49 UTC 2026","39","1.1 Team Hummingbird - BFF | WLW app","Endpoint tests","Login","resend code","","resend code",""
"skipped","Wed Jul 29 03:10:52 UTC 2026","Wed Jul 29 03:10:52 UTC 2026","0","7. Team Pegasus | Pegasus Staging","Spike | Profiles link user to company","(root)","04 OAuth — User Storage token","","04 OAuth — User Storage token",""
"passed","Wed Jul 29 03:12:59 UTC 2026","Wed Jul 29 03:12:59 UTC 2026","36","1.1 Team Hummingbird - BFF | WLW app","Technical Tests","categories-controller","GET /preferred/categories [SEC] Injection Probe","","GET /preferred/categories [SEC] Injection Probe",""
"failed","Wed Jul 29 03:13:15 UTC 2026","Wed Jul 29 03:13:15 UTC 2026","14","1.1 Team Hummingbird - BFF | WLW app","Technical Tests","product-controller","GET /public_api/products","","GET /public_api/products",""
"passed","Wed Jul 29 03:17:30 UTC 2026","Wed Jul 29 03:17:30 UTC 2026","379","4. Team CRM |CRM Staging","Endpoints Tests","(root)","trigger a Buyer lead","","trigger a Buyer lead",""
"failed","Wed Jul 29 03:12:06 UTC 2026","Wed Jul 29 03:12:24 UTC 2026","18235","1 Team Hummingbird - BFF | EP app","Endpoint tests","Visitor profiler","csv get","","csv get",""
"failed","Wed Jul 29 03:13:26 UTC 2026","Wed Jul 29 03:13:26 UTC 2026","13","1.1 Team Hummingbird - BFF | WLW app","Technical Tests","supplier-visitors-controller","GET /public_api/suppliers/{supplier_id}/visits [NEG] Forbidden Role Token","","GET /public_api/suppliers/{supplier_id}/visits [NEG] Forbidden Role Token",""
"passed","Wed Jul 29 03:13:20 UTC 2026","Wed Jul 29 03:13:20 UTC 2026","33","1.1 Team Hummingbird - BFF | WLW app","Technical Tests","rfq-controller","POST /public_api/connect/purchaser/tenders [NEG] Expired Token","","POST /public_api/connect/purchaser/tenders [NEG] Expired Token",""
"passed","Wed Jul 29 03:13:09 UTC 2026","Wed Jul 29 03:13:09 UTC 2026","24","1.1 Team Hummingbird - BFF | WLW app","Technical Tests","euro-pages-controller","PUT /public_api/euro-pages/auth/delete [NEG] Missing Auth/API-Key","","PUT /public_api/euro-pages/auth/delete [NEG] Missing Auth/API-Key",""
"skipped","Wed Jul 29 03:16:26 UTC 2026","Wed Jul 29 03:16:26 UTC 2026","0","3 Team Techno - UCL","Technical Tests","Organization","GET /unified_commercial_logic/internal_api/api/organization - Retrieve Organization List","","GET /unified_commercial_logic/internal_api/api/organization - Retrieve Organization List",""
"passed","Wed Jul 29 03:12:50 UTC 2026","Wed Jul 29 03:12:50 UTC 2026","16","1.1 Team Hummingbird - BFF | WLW app","Endpoint tests","Support","Supportmasterdata_FR","","Supportmasterdata_FR",""
"failed","Wed Jul 29 03:13:25 UTC 2026","Wed Jul 29 03:13:25 UTC 2026","12","1.1 Team Hummingbird - BFF | WLW app","Technical Tests","search-controller","GET /public_api/categories/recommendations","","GET /public_api/categories/recommendations",""
"passed","Wed Jul 29 03:17:23 UTC 2026","Wed Jul 29 03:17:23 UTC 2026","250","4. Team CRM |CRM Staging","Business Scenarios Tests","Disable Hubspot","Check hubspot is false","","Check hubspot is false",""
"passed","Wed Jul 29 03:13:27 UTC 2026","Wed Jul 29 03:13:27 UTC 2026","31","1.1 Team Hummingbird - BFF | WLW app","Technical Tests","supplier-visitors-controller","GET /public_api/suppliers/{supplier_id}/visits/{id}","","GET /public_api/suppliers/{supplier_id}/visits/{id}",""
"passed","Wed Jul 29 03:12:00 UTC 2026","Wed Jul 29 03:12:00 UTC 2026","18","1 Team Hummingbird - BFF | EP app","Endpoint tests","Support","Supportmasterdata_DE","","Supportmasterdata_DE",""
"passed","Wed Jul 29 03:13:13 UTC 2026","Wed Jul 29 03:13:13 UTC 2026","42","1.1 Team Hummingbird - BFF | WLW app","Technical Tests","login-controller","POST /public_api/auth/password/login [NEG] Forbidden Role Token","","POST /public_api/auth/password/login [NEG] Forbidden Role Token",""
"failed","Wed Jul 29 03:13:22 UTC 2026","Wed Jul 29 03:13:22 UTC 2026","14","1.1 Team Hummingbird - BFF | WLW app","Technical Tests","search-controller","GET /public_api/search [NEG] Missing Auth/API-Key","","GET /public_api/search [NEG] Missing Auth/API-Key",""
"failed","Wed Jul 29 03:13:26 UTC 2026","Wed Jul 29 03:13:26 UTC 2026","11","1.1 Team Hummingbird - BFF | WLW app","Technical Tests","search-term-controller","POST /public_api/search/track","","POST /public_api/search/track",""
"passed","Wed Jul 29 03:17:22 UTC 2026","Wed Jul 29 03:17:26 UTC 2026","3841","4. Team CRM |CRM Staging","Business Scenarios Tests","Create and edit a contact","Create contact","","Create contact",""
"passed","Wed Jul 29 03:13:24 UTC 2026","Wed Jul 29 03:13:24 UTC 2026","34","1.1 Team Hummingbird - BFF | WLW app","Technical Tests","search-controller","GET /public_api/search/ai/tabChange","","GET /public_api/search/ai/tabChange",""
"skipped","Wed Jul 29 03:16:26 UTC 2026","Wed Jul 29 03:16:26 UTC 2026","0","3 Team Techno - UCL","Functional Tests","Endpoint Tests","Organization","","get organization for the given supplier_facts_uuid",""
"passed","Wed Jul 29 03:12:48 UTC 2026","Wed Jul 29 03:12:48 UTC 2026","213","1.1 Team Hummingbird - BFF | WLW app","Endpoint tests","Login","user Info","","user Info",""
"failed","Wed Jul 29 03:13:00 UTC 2026","Wed Jul 29 03:13:00 UTC 2026","15","1.1 Team Hummingbird - BFF | WLW app","Technical Tests","company-controller","GET /public_api/company [NEG] Forbidden Role Token","","GET /public_api/company [NEG] Forbidden Role Token",""
"broken","Wed Jul 29 03:17:41 UTC 2026","Wed Jul 29 03:18:01 UTC 2026","20010","Dolphin","Technical","","","recallTest","AI Search recall (supplierTextSearch) API using params from inference",""
"failed","Wed Jul 29 03:17:20 UTC 2026","Wed Jul 29 03:17:26 UTC 2026","6118","4. Team CRM |CRM Staging","Business Scenarios Tests","Account","Verify HubSpot Sync","","Verify HubSpot Sync",""
"passed","Wed Jul 29 03:12:48 UTC 2026","Wed Jul 29 03:12:48 UTC 2026","473","1.1 Team Hummingbird - BFF | WLW app","Endpoint tests","Login","native email login purchaser","","native email login purchaser",""
"passed","Wed Jul 29 03:17:27 UTC 2026","Wed Jul 29 03:17:28 UTC 2026","195","4. Team CRM |CRM Staging","Endpoints Tests","(root)","get responsible user","","get responsible user",""
"passed","Wed Jul 29 03:17:18 UTC 2026","Wed Jul 29 03:17:19 UTC 2026","1053","4. Team CRM |CRM Staging","Business Scenarios Tests","Tasks","Smoke test Create task","","Smoke test Create task",""
"passed","Wed Jul 29 03:17:19 UTC 2026","Wed Jul 29 03:18:17 UTC 2026","58261","4. Team CRM |CRM Staging","Business Scenarios Tests","Contacts","Create Contact","","Create Contact",""
"passed","Wed Jul 29 03:13:29 UTC 2026","Wed Jul 29 03:13:29 UTC 2026","20","1.1 Team Hummingbird - BFF | WLW app","Technical Tests","user-controller","GET /public_api/user/userInfo [NEG] Missing Auth/API-Key","","GET /public_api/user/userInfo [NEG] Missing Auth/API-Key",""
"passed","Wed Jul 29 03:17:23 UTC 2026","Wed Jul 29 03:17:24 UTC 2026","379","4. Team CRM |CRM Staging","Business Scenarios Tests","Disable Hubspot","Check hubspot is true","","Check hubspot is true",""
"passed","Wed Jul 29 03:20:38 UTC 2026","Wed Jul 29 03:20:38 UTC 2026","81","Dolphin","Functional","","","EPSameStoreProductRecommendTest","product same store recommend -- ep",""
"failed","Wed Jul 29 03:13:17 UTC 2026","Wed Jul 29 03:13:17 UTC 2026","12","1.1 Team Hummingbird - BFF | WLW app","Technical Tests","purchaser-support-controller","GET /support-faq [NEG] Expired Token","","GET /support-faq [NEG] Expired Token",""
"passed","Wed Jul 29 03:12:02 UTC 2026","Wed Jul 29 03:12:03 UTC 2026","651","1 Team Hummingbird - BFF | EP app","Endpoint tests","Search","search companies DE","","search companies DE",""
"skipped","Wed Jul 29 03:10:52 UTC 2026","Wed Jul 29 03:10:52 UTC 2026","0","7. Team Pegasus | Pegasus Staging","Endpoints Tests","Shop Import & Onboarding Backend","offers/subCategories","","offers/subCategories",""
"passed","Wed Jul 29 03:12:02 UTC 2026","Wed Jul 29 03:12:02 UTC 2026","9","2 Team Dragon - BFF | RFQ Backend","Technical Tests","(root)","GET /v1/rfqs/{rfqId} - Details (Schema + Auth Orchestration)","","GET /v1/rfqs/{rfqId} - Details (Schema + Auth Orchestration)",""
"failed","Wed Jul 29 03:13:06 UTC 2026","Wed Jul 29 03:13:06 UTC 2026","13","1.1 Team Hummingbird - BFF | WLW app","Technical Tests","conversation-controller","GET /public_api/conversation/userConversations/{userId}/unreadCount [NEG] Forbidden Role Token","","GET /public_api/conversation/userConversations/{userId}/unreadCount [NEG] Forbidden Role Token",""
"passed","Wed Jul 29 03:17:21 UTC 2026","Wed Jul 29 03:17:25 UTC 2026","4039","4. Team CRM |CRM Staging","Business Scenarios Tests","Account","Smoke Test Create Account with All Fields","","Smoke Test Create Account with All Fields",""
"skipped","Wed Jul 29 03:10:52 UTC 2026","Wed Jul 29 03:10:52 UTC 2026","0","7. Team Pegasus | Pegasus Staging","Business Scenarios Tests","Supplier Registration","EP - Lead create and update","","leads/{lead_id} - Update a lead",""
"failed","Wed Jul 29 03:13:17 UTC 2026","Wed Jul 29 03:13:17 UTC 2026","16","1.1 Team Hummingbird - BFF | WLW app","Technical Tests","purchaser-support-controller","GET /support-faq","","GET /support-faq",""
"passed","Wed Jul 29 03:13:03 UTC 2026","Wed Jul 29 03:13:03 UTC 2026","34","1.1 Team Hummingbird - BFF | WLW app","Technical Tests","conversation-controller","POST /public_api/conversation/userConversations/{conversationId}/messages [NEG] Expired Token","","POST /public_api/conversation/userConversations/{conversationId}/messages [NEG] Expired Token",""
"passed","Wed Jul 29 03:20:39 UTC 2026","Wed Jul 29 03:20:39 UTC 2026","77","Dolphin","Technical","","","cppProductRecommendTest","recommend products in CPP -- wlw",""
"passed","Wed Jul 29 03:12:01 UTC 2026","Wed Jul 29 03:12:01 UTC 2026","161","1 Team Hummingbird - BFF | EP app","Endpoint tests","Company","Companies / products FR","","Companies / products FR",""
"skipped","Wed Jul 29 03:10:52 UTC 2026","Wed Jul 29 03:10:52 UTC 2026","0","7. Team Pegasus | Pegasus Staging","Endpoints Tests","User & Company Context","UCL Organizations","","UCL Organizations",""
"passed","Wed Jul 29 03:11:59 UTC 2026","Wed Jul 29 03:11:59 UTC 2026","165","1 Team Hummingbird - BFF | EP app","Endpoint tests","Login","forgot password","","forgot password",""
"passed","Wed Jul 29 03:17:29 UTC 2026","Wed Jul 29 03:17:29 UTC 2026","193","4. Team CRM |CRM Staging","Endpoints Tests","(root)","Update Website Leads Fields with sf_id","","Update Website Leads Fields with sf_id",""
"passed","Wed Jul 29 03:12:49 UTC 2026","Wed Jul 29 03:12:49 UTC 2026","32","1.1 Team Hummingbird - BFF | WLW app","Endpoint tests","Support","Support FAQ_EN","","Support FAQ_EN",""
"skipped","Wed Jul 29 03:10:52 UTC 2026","Wed Jul 29 03:10:52 UTC 2026","0","7. Team Pegasus | Pegasus Staging","Endpoints Tests","Business Insights","Visitor","","Visitor",""
"passed","Wed Jul 29 03:13:07 UTC 2026","Wed Jul 29 03:13:07 UTC 2026","32","1.1 Team Hummingbird - BFF | WLW app","Technical Tests","conversation-controller","GET /public_api/conversation/userConversations/{conversationId} [SEC] Injection Probe","","GET /public_api/conversation/userConversations/{conversationId} [SEC] Injection Probe",""
"broken","Wed Jul 29 03:10:59 UTC 2026","Wed Jul 29 03:11:00 UTC 2026","555","Bamboo","Functional","","","leafCategoryPredictTest","leafCategoryPredict",""
"passed","Wed Jul 29 03:12:02 UTC 2026","Wed Jul 29 03:12:02 UTC 2026","9","2 Team Dragon - BFF | RFQ Backend","Technical Tests","(root)","GET /v1/rfqs/{rfqId} - Details (Schema + Auth Orchestration)","","GET /v1/rfqs/{rfqId} - Details (Schema + Auth Orchestration)",""
"passed","Wed Jul 29 03:17:25 UTC 2026","Wed Jul 29 03:17:28 UTC 2026","3017","4. Team CRM |CRM Staging","Business Scenarios Tests","Contacts","Create Contact","","Create Contact",""
"failed","Wed Jul 29 03:12:49 UTC 2026","Wed Jul 29 03:12:49 UTC 2026","55","1.1 Team Hummingbird - BFF | WLW app","Endpoint tests","Login","extend session","","extend session",""
"passed","Wed Jul 29 03:17:25 UTC 2026","Wed Jul 29 03:17:25 UTC 2026","265","4. Team CRM |CRM Staging","Business Scenarios Tests","WLW Price Compaigns","WLW_Price Compaigns","","WLW_Price Compaigns",""
"passed","Wed Jul 29 03:17:24 UTC 2026","Wed Jul 29 03:17:24 UTC 2026","359","4. Team CRM |CRM Staging","Business Scenarios Tests","Lead","Lead-duplicateCheck - with dulicates","","Lead-duplicateCheck - with dulicates",""
"failed","Wed Jul 29 03:12:01 UTC 2026","Wed Jul 29 03:12:01 UTC 2026","41","1 Team Hummingbird - BFF | EP app","Endpoint tests","Company","Company ID EN","","Company ID EN",""
"passed","Wed Jul 29 03:13:01 UTC 2026","Wed Jul 29 03:13:01 UTC 2026","33","1.1 Team Hummingbird - BFF | WLW app","Technical Tests","contact-form-controller","POST /public_api/contact-form/messages [NEG] Missing Auth/API-Key","","POST /public_api/contact-form/messages [NEG] Missing Auth/API-Key",""
"passed","Wed Jul 29 03:12:55 UTC 2026","Wed Jul 29 03:12:58 UTC 2026","3214","1.1 Team Hummingbird - BFF | WLW app","Endpoint tests","Visitor profiler","csv get","","csv get",""
"passed","Wed Jul 29 03:12:06 UTC 2026","Wed Jul 29 03:12:06 UTC 2026","29","Arise","Functional","","","pageElementsGet","pageElementsGet",""
"failed","Wed Jul 29 03:12:03 UTC 2026","Wed Jul 29 03:12:03 UTC 2026","257","1 Team Hummingbird - BFF | EP app","Endpoint tests","Homepage, products","trending products","","trending products",""
"broken","Wed Jul 29 03:16:21 UTC 2026","Wed Jul 29 03:16:41 UTC 2026","20016","Dolphin","Functional","","","recallPaidSupplierFilterTest","AI Search recall: paid supplier filter (verified=true)",""
"failed","Wed Jul 29 03:13:16 UTC 2026","Wed Jul 29 03:13:16 UTC 2026","14","1.1 Team Hummingbird - BFF | WLW app","Technical Tests","product-controller","GET /public_api/companies/{supplierPublicId}/products [NEG] Forbidden Role Token","","GET /public_api/companies/{supplierPublicId}/products [NEG] Forbidden Role Token",""
"passed","Wed Jul 29 03:13:01 UTC 2026","Wed Jul 29 03:13:01 UTC 2026","22","1.1 Team Hummingbird - BFF | WLW app","Technical Tests","conversation-controller","PUT /public_api/conversation/userConversations/{conversationId}/tag [NEG] Missing Auth/API-Key","","PUT /public_api/conversation/userConversations/{conversationId}/tag [NEG] Missing Auth/API-Key",""
"passed","Wed Jul 29 03:13:12 UTC 2026","Wed Jul 29 03:13:12 UTC 2026","34","1.1 Team Hummingbird - BFF | WLW app","Technical Tests","login-controller","POST /public_api/auth/resetPassword","","POST /public_api/auth/resetPassword",""
"failed","Wed Jul 29 03:13:05 UTC 2026","Wed Jul 29 03:13:05 UTC 2026","13","1.1 Team Hummingbird - BFF | WLW app","Technical Tests","conversation-controller","GET /public_api/conversation/userConversations [NEG] Expired Token","","GET /public_api/conversation/userConversations [NEG] Expired Token",""
"passed","Wed Jul 29 03:12:49 UTC 2026","Wed Jul 29 03:12:49 UTC 2026","20","1.1 Team Hummingbird - BFF | WLW app","Endpoint tests","Support","Support FAQ_FR","","Support FAQ_FR",""
"passed","Wed Jul 29 03:12:56 UTC 2026","Wed Jul 29 03:12:56 UTC 2026","32","1.1 Team Hummingbird - BFF | WLW app","Technical Tests","ai-company-search-controller","POST /public_api/search/ai/supplier/recall","","POST /public_api/search/ai/supplier/recall",""
"passed","Wed Jul 29 03:13:09 UTC 2026","Wed Jul 29 03:13:09 UTC 2026","33","1.1 Team Hummingbird - BFF | WLW app","Technical Tests","euro-pages-controller","DELETE /public_api/euro-pages/auth/delete [NEG] Forbidden Role Token","","DELETE /public_api/euro-pages/auth/delete [NEG] Forbidden Role Token",""
"passed","Wed Jul 29 03:12:54 UTC 2026","Wed Jul 29 03:12:54 UTC 2026","348","1.1 Team Hummingbird - BFF | WLW app","Endpoint tests","Conversations","conversation/messages","","conversation/messages",""
"passed","Wed Jul 29 03:17:28 UTC 2026","Wed Jul 29 03:17:29 UTC 2026","718","4. Team CRM |CRM Staging","Endpoints Tests","(root)","sync event to trigger the RFC lead process","","sync event to trigger the RFC lead process",""
"passed","Wed Jul 29 03:12:56 UTC 2026","Wed Jul 29 03:12:57 UTC 2026","43","1.1 Team Hummingbird - BFF | WLW app","Technical Tests","ai-company-search-controller","POST /public_api/search/ai/supplier/pv-match [NEG] Missing Auth/API-Key","","POST /public_api/search/ai/supplier/pv-match [NEG] Missing Auth/API-Key",""
"passed","Wed Jul 29 03:17:26 UTC 2026","Wed Jul 29 03:17:29 UTC 2026","2634","4. Team CRM |CRM Staging","Business Scenarios Tests","Platform Profile","Smoke Test Create Platform Profile","","Smoke Test Create Platform Profile",""
"passed","Wed Jul 29 03:12:01 UTC 2026","Wed Jul 29 03:12:01 UTC 2026","74","1 Team Hummingbird - BFF | EP app","Endpoint tests","Company","Product ID","","Product ID",""
"passed","Wed Jul 29 03:13:08 UTC 2026","Wed Jul 29 03:13:08 UTC 2026","19","1.1 Team Hummingbird - BFF | WLW app","Technical Tests","currency-exchange-controller","GET /exchange/fetch-rates [NEG] Missing Auth/API-Key","","GET /exchange/fetch-rates [NEG] Missing Auth/API-Key",""
"skipped","Wed Jul 29 03:10:52 UTC 2026","Wed Jul 29 03:10:52 UTC 2026","0","7. Team Pegasus | Pegasus Staging","Spike | Profiles link user to company","(root)","05 GET — Profile by email","","05 GET — Profile by email",""
"passed","Wed Jul 29 03:17:28 UTC 2026","Wed Jul 29 03:17:28 UTC 2026","225","4. Team CRM |CRM Staging","Endpoints Tests","(root)","resolve individual id","","resolve individual id",""
"failed","Wed Jul 29 03:13:05 UTC 2026","Wed Jul 29 03:13:05 UTC 2026","12","1.1 Team Hummingbird - BFF | WLW app","Technical Tests","conversation-controller","GET /public_api/conversation/userConversations [NEG] Forbidden Role Token","","GET /public_api/conversation/userConversations [NEG] Forbidden Role Token",""
"passed","Wed Jul 29 03:12:59 UTC 2026","Wed Jul 29 03:12:59 UTC 2026","17","1.1 Team Hummingbird - BFF | WLW app","Technical Tests","categories-controller","GET /public_api/categories/homepage [NEG] Missing Auth/API-Key","","GET /public_api/categories/homepage [NEG] Missing Auth/API-Key",""
"skipped","Wed Jul 29 03:10:52 UTC 2026","Wed Jul 29 03:10:52 UTC 2026","0","7. Team Pegasus | Pegasus Staging","Business Scenarios Tests","Business Insights","Dashboard smoke flow","","Activity",""
"passed","Wed Jul 29 03:13:09 UTC 2026","Wed Jul 29 03:13:09 UTC 2026","33","1.1 Team Hummingbird - BFF | WLW app","Technical Tests","euro-pages-controller","DELETE /public_api/euro-pages/auth/delete [NEG] Expired Token","","DELETE /public_api/euro-pages/auth/delete [NEG] Expired Token",""
"passed","Wed Jul 29 03:13:02 UTC 2026","Wed Jul 29 03:13:02 UTC 2026","35","1.1 Team Hummingbird - BFF | WLW app","Technical Tests","conversation-controller","PUT /public_api/conversation/userConversations/{conversationId}/tag [NEG] Forbidden Role Token","","PUT /public_api/conversation/userConversations/{conversationId}/tag [NEG] Forbidden Role Token",""
"failed","Wed Jul 29 03:13:23 UTC 2026","Wed Jul 29 03:13:23 UTC 2026","16","1.1 Team Hummingbird - BFF | WLW app","Technical Tests","search-controller","GET /public_api/search/ai/termRecommend [NEG] Forbidden Role Token","","GET /public_api/search/ai/termRecommend [NEG] Forbidden Role Token",""
"skipped","Wed Jul 29 03:10:52 UTC 2026","Wed Jul 29 03:10:52 UTC 2026","0","7. Team Pegasus | Pegasus Staging","Business Scenarios Tests","Supplier Registration","EP - Lead create and update","","leads - Create a lead",""
"passed","Wed Jul 29 03:12:57 UTC 2026","Wed Jul 29 03:12:57 UTC 2026","35","1.1 Team Hummingbird - BFF | WLW app","Technical Tests","ai-company-search-controller","POST /public_api/search/ai/company/search","","POST /public_api/search/ai/company/search",""
"skipped","Wed Jul 29 03:16:26 UTC 2026","Wed Jul 29 03:16:26 UTC 2026","0","3 Team Techno - UCL","Technical Tests","Membership","GET /unified_commercial_logic/internal_api/api/membership/v2 - Retrieve Membership V2 List","","GET /unified_commercial_logic/internal_api/api/membership/v2 - Retrieve Membership V2 List",""
"failed","Wed Jul 29 03:13:23 UTC 2026","Wed Jul 29 03:13:23 UTC 2026","13","1.1 Team Hummingbird - BFF | WLW app","Technical Tests","search-controller","GET /public_api/search/autoComplete [SEC] Injection Probe","","GET /public_api/search/autoComplete [SEC] Injection Probe",""
"passed","Wed Jul 29 03:12:01 UTC 2026","Wed Jul 29 03:12:01 UTC 2026","675","1 Team Hummingbird - BFF | EP app","Endpoint tests","Mobile_Feedback","post feedback","","post feedback",""
"passed","Wed Jul 29 03:12:55 UTC 2026","Wed Jul 29 03:12:56 UTC 2026","82","1.1 Team Hummingbird - BFF | WLW app","Endpoint tests","(root)","Log out","","Log out",""
"passed","Wed Jul 29 03:12:00 UTC 2026","Wed Jul 29 03:12:00 UTC 2026","16","1 Team Hummingbird - BFF | EP app","Endpoint tests","Support","Supportmasterdata_FR","","Supportmasterdata_FR",""
"skipped","Wed Jul 29 03:10:52 UTC 2026","Wed Jul 29 03:10:52 UTC 2026","0","7. Team Pegasus | Pegasus Staging","Endpoints Tests","Business Insights","Dashboard","","Dashboard",""
"passed","Wed Jul 29 03:13:12 UTC 2026","Wed Jul 29 03:13:12 UTC 2026","39","1.1 Team Hummingbird - BFF | WLW app","Technical Tests","login-controller","POST /public_api/auth/session/extend [NEG] Missing Auth/API-Key","","POST /public_api/auth/session/extend [NEG] Missing Auth/API-Key",""
"passed","Wed Jul 29 03:12:02 UTC 2026","Wed Jul 29 03:12:02 UTC 2026","54","1 Team Hummingbird - BFF | EP app","Endpoint tests","Search","search autoComplete FR","","search autoComplete FR",""
"passed","Wed Jul 29 03:20:38 UTC 2026","Wed Jul 29 03:20:38 UTC 2026","166","Dolphin","Functional","","","EPHomepageProductRecommendTest","homepage product recommend -- ep",""
"failed","Wed Jul 29 03:13:00 UTC 2026","Wed Jul 29 03:13:00 UTC 2026","13","1.1 Team Hummingbird - BFF | WLW app","Technical Tests","company-controller","GET /public_api/suppliers/{companyID}/listings [NEG] Missing Auth/API-Key","","GET /public_api/suppliers/{companyID}/listings [NEG] Missing Auth/API-Key",""
"passed","Wed Jul 29 03:12:05 UTC 2026","Wed Jul 29 03:12:06 UTC 2026","821","1 Team Hummingbird - BFF | EP app","Endpoint tests","Conversations","decline QDR","","decline QDR",""
"failed","Wed Jul 29 03:17:27 UTC 2026","Wed Jul 29 03:17:29 UTC 2026","2321","4. Team CRM |CRM Staging","Endpoints Tests","Accounts","Get Account Information","","Get Account Information",""
"passed","Wed Jul 29 03:12:06 UTC 2026","Wed Jul 29 03:12:06 UTC 2026","29","Arise","Technical","","","pageElementsGet","pageElementsGet",""
"passed","Wed Jul 29 03:20:40 UTC 2026","Wed Jul 29 03:20:40 UTC 2026","96","Dolphin","Functional","","","otherStoreProductRecommendTest","similar products recommend -- wlw pdp",""
"passed","Wed Jul 29 03:20:32 UTC 2026","Wed Jul 29 03:20:33 UTC 2026","1146","Dolphin","Functional","","","productTextSearchPaidSupplierFilterTest","AI product text search recall: paid/verified supplier filter",""
"passed","Wed Jul 29 03:12:05 UTC 2026","Wed Jul 29 03:12:08 UTC 2026","2261","1 Team Hummingbird - BFF | EP app","Endpoint tests","Visitor profiler","Visits","","Visits",""
"passed","Wed Jul 29 03:20:40 UTC 2026","Wed Jul 29 03:20:40 UTC 2026","86","Dolphin","Technical","","","zeroResultProductRecommendTest","Recommend products in 0 result search list page v1 -- wlw",""
"skipped","Wed Jul 29 03:16:26 UTC 2026","Wed Jul 29 03:16:26 UTC 2026","0","3 Team Techno - UCL","Functional Tests","Endpoint Tests","membership","","get all active membership for business_partner_id",""
"passed","Wed Jul 29 03:17:26 UTC 2026","Wed Jul 29 03:17:26 UTC 2026","0","4. Team CRM |CRM Staging","Business Scenarios Tests","Contacts","Smoke test for Create Contact & Verify HubSpot Sync","","Smoke test for Create Contact & Verify HubSpot Sync",""
"passed","Wed Jul 29 03:17:25 UTC 2026","Wed Jul 29 03:17:25 UTC 2026","0","4. Team CRM |CRM Staging","Business Scenarios Tests","Contacts","Smoke test for Create Contact & Verify HubSpot Sync","","Smoke test for Create Contact & Verify HubSpot Sync",""
"passed","Wed Jul 29 03:17:29 UTC 2026","Wed Jul 29 03:17:30 UTC 2026","1075","4. Team CRM |CRM Staging","Endpoints Tests","(root)","Create Note with sf id Copy","","Create Note with sf id Copy",""
"passed","Wed Jul 29 03:17:21 UTC 2026","Wed Jul 29 03:17:32 UTC 2026","11281","4. Team CRM |CRM Staging","Business Scenarios Tests","Account","Contact for Account","","Contact for Account",""
"passed","Wed Jul 29 03:12:02 UTC 2026","Wed Jul 29 03:12:02 UTC 2026","126","1 Team Hummingbird - BFF | EP app","Endpoint tests","Company","search company products","","search company products",""
"failed","Wed Jul 29 03:13:16 UTC 2026","Wed Jul 29 03:13:16 UTC 2026","12","1.1 Team Hummingbird - BFF | WLW app","Technical Tests","product-controller","GET /public_api/companies/{supplierPublicId}/products","","GET /public_api/companies/{supplierPublicId}/products",""
"passed","Wed Jul 29 03:12:51 UTC 2026","Wed Jul 29 03:12:51 UTC 2026","203","1.1 Team Hummingbird - BFF | WLW app","Endpoint tests","Company","branchIO dynamic link, share CPP","","branchIO dynamic link, share CPP",""
"broken","Wed Jul 29 03:18:41 UTC 2026","Wed Jul 29 03:19:01 UTC 2026","20017","Dolphin","Technical","","","termRecommendBlankLanguageTest","AI Search term recommend: blank language → business failure",""
"broken","Wed Jul 29 03:12:00 UTC 2026","Wed Jul 29 03:12:20 UTC 2026","20036","Dolphin","Technical","","","pvMatchEmptyCompanyListTest","AI Search PV match: empty companyList → business failure",""
"passed","Wed Jul 29 03:17:28 UTC 2026","Wed Jul 29 03:17:28 UTC 2026","225","4. Team CRM |CRM Staging","Endpoints Tests","(root)","resolve individual id","","resolve individual id",""
"passed","Wed Jul 29 03:12:04 UTC 2026","Wed Jul 29 03:12:06 UTC 2026","2154","1 Team Hummingbird - BFF | EP app","Endpoint tests","Conversations","user conversations","","user conversations",""
"passed","Wed Jul 29 03:13:04 UTC 2026","Wed Jul 29 03:13:04 UTC 2026","32","1.1 Team Hummingbird - BFF | WLW app","Technical Tests","conversation-controller","POST /public_api/conversation/userConversations/{conversationId}/messages/file","","POST /public_api/conversation/userConversations/{conversationId}/messages/file",""
"skipped","Wed Jul 29 03:10:52 UTC 2026","Wed Jul 29 03:10:52 UTC 2026","0","7. Team Pegasus | Pegasus Staging","Endpoints Tests","Supplier Registration","EP","","business_sectors - Get business sectors",""
"passed","Wed Jul 29 03:13:09 UTC 2026","Wed Jul 29 03:13:10 UTC 2026","24","1.1 Team Hummingbird - BFF | WLW app","Technical Tests","feedback-controller","POST /v1/feedback [NEG] Missing Auth/API-Key","","POST /v1/feedback [NEG] Missing Auth/API-Key",""
"failed","Wed Jul 29 03:13:00 UTC 2026","Wed Jul 29 03:13:00 UTC 2026","13","1.1 Team Hummingbird - BFF | WLW app","Technical Tests","company-controller","GET /public_api/company [NEG] Expired Token","","GET /public_api/company [NEG] Expired Token",""
"skipped","Wed Jul 29 03:10:52 UTC 2026","Wed Jul 29 03:10:52 UTC 2026","0","7. Team Pegasus | Pegasus Staging","Business Scenarios Tests","Business Insights","Dashboard smoke flow","","Activity by uuid",""
"passed","Wed Jul 29 03:20:38 UTC 2026","Wed Jul 29 03:20:38 UTC 2026","98","Dolphin","Functional","","","EPOtherStoreProductRecommendTest","product other store recommend",""
"passed","Wed Jul 29 03:20:36 UTC 2026","Wed Jul 29 03:20:37 UTC 2026","794","Dolphin","Technical","","","productTextSearchTest","AI product text search recall API",""
"broken","Wed Jul 29 03:14:41 UTC 2026","Wed Jul 29 03:15:01 UTC 2026","20024","Dolphin","Technical","","","recallMissingRequestIdTest","AI Search recall: missing requestId still success",""
"broken","Wed Jul 29 03:13:40 UTC 2026","Wed Jul 29 03:14:01 UTC 2026","20645","Dolphin","Functional","","","recallCountryFilterTest","AI Search recall: country filter DE",""
"passed","Wed Jul 29 03:13:11 UTC 2026","Wed Jul 29 03:13:11 UTC 2026","15","1.1 Team Hummingbird - BFF | WLW app","Technical Tests","login-controller","POST /public_api/auth/sso/login [NEG] Missing Auth/API-Key","","POST /public_api/auth/sso/login [NEG] Missing Auth/API-Key",""
"failed","Wed Jul 29 03:20:28 UTC 2026","Wed Jul 29 03:20:29 UTC 2026","844","Dolphin","Technical","","","productTextSearchNoResultTest","AI product text search recall: no-result query",""
"passed","Wed Jul 29 03:20:35 UTC 2026","Wed Jul 29 03:20:35 UTC 2026","789","Dolphin","Functional","","","productTextSearchSortTest","AI product text search recall: alternate sort",""
"passed","Wed Jul 29 03:13:13 UTC 2026","Wed Jul 29 03:13:13 UTC 2026","23","1.1 Team Hummingbird - BFF | WLW app","Technical Tests","login-controller","POST /public_api/auth/password/login [NEG] Missing Auth/API-Key","","POST /public_api/auth/password/login [NEG] Missing Auth/API-Key",""
"skipped","Wed Jul 29 03:16:26 UTC 2026","Wed Jul 29 03:16:26 UTC 2026","0","3 Team Techno - UCL","Technical Tests","Membership","GET /unified_commercial_logic/internal_api/api/membership/ - Retrieve Membership List","","GET /unified_commercial_logic/internal_api/api/membership/ - Retrieve Membership List",""
"broken","Wed Jul 29 03:13:00 UTC 2026","Wed Jul 29 03:13:20 UTC 2026","20018","Dolphin","Technical","","","recallAlternateSortTest","AI Search recall: alternate sort (order_num_desc)",""
"failed","Wed Jul 29 03:12:59 UTC 2026","Wed Jul 29 03:12:59 UTC 2026","13","1.1 Team Hummingbird - BFF | WLW app","Technical Tests","categories-controller","PUT /preferred/categories [NEG] Missing Auth/API-Key","","PUT /preferred/categories [NEG] Missing Auth/API-Key",""
"skipped","Wed Jul 29 03:10:52 UTC 2026","Wed Jul 29 03:10:52 UTC 2026","0","7. Team Pegasus | Pegasus Staging","Spike | Profiles link user to company","(root)","08 MANUAL — supplier_api GET (needs browser session)","","08 MANUAL — supplier_api GET (needs browser session)",""
"passed","Wed Jul 29 03:13:02 UTC 2026","Wed Jul 29 03:13:02 UTC 2026","35","1.1 Team Hummingbird - BFF | WLW app","Technical Tests","conversation-controller","PUT /public_api/conversation/userConversations/{conversationId}/tag [NEG] Expired Token","","PUT /public_api/conversation/userConversations/{conversationId}/tag [NEG] Expired Token",""
"passed","Wed Jul 29 03:12:50 UTC 2026","Wed Jul 29 03:12:50 UTC 2026","16","1.1 Team Hummingbird - BFF | WLW app","Endpoint tests","Support","Supportmasterdata_EN","","Supportmasterdata_EN",""
"failed","Wed Jul 29 03:13:22 UTC 2026","Wed Jul 29 03:13:22 UTC 2026","14","1.1 Team Hummingbird - BFF | WLW app","Technical Tests","search-controller","GET /public_api/search/products","","GET /public_api/search/products",""
"passed","Wed Jul 29 03:20:39 UTC 2026","Wed Jul 29 03:20:39 UTC 2026","76","Dolphin","Technical","","","getCategoryListEpTest","v-recommend category list -- ep",""
"failed","Wed Jul 29 03:13:22 UTC 2026","Wed Jul 29 03:13:22 UTC 2026","15","1.1 Team Hummingbird - BFF | WLW app","Technical Tests","search-controller","GET /public_api/search/products [NEG] Expired Token","","GET /public_api/search/products [NEG] Expired Token",""
"passed","Wed Jul 29 03:17:26 UTC 2026","Wed Jul 29 03:17:29 UTC 2026","2634","4. Team CRM |CRM Staging","Business Scenarios Tests","Platform Profile","Smoke Test Create Platform Profile","","Smoke Test Create Platform Profile",""
"failed","Wed Jul 29 03:11:59 UTC 2026","Wed Jul 29 03:11:59 UTC 2026","692","1 Team Hummingbird - BFF | EP app","Endpoint tests","Login","registration","","registration",""
"passed","Wed Jul 29 03:20:33 UTC 2026","Wed Jul 29 03:20:35 UTC 2026","1360","Dolphin","Functional","","","productTextSearchSecondPageTest","AI product text search recall: pagination page 2",""
"passed","Wed Jul 29 03:13:09 UTC 2026","Wed Jul 29 03:13:09 UTC 2026","33","1.1 Team Hummingbird - BFF | WLW app","Technical Tests","feedback-controller","POST /v1/feedback","","POST /v1/feedback",""
"passed","Wed Jul 29 03:20:36 UTC 2026","Wed Jul 29 03:20:37 UTC 2026","794","Dolphin","Functional","","","productTextSearchTest","AI product text search recall API",""
"passed","Wed Jul 29 03:13:18 UTC 2026","Wed Jul 29 03:13:18 UTC 2026","33","1.1 Team Hummingbird - BFF | WLW app","Technical Tests","purchaser-user-setting-controller","POST /userSetting/","","POST /userSetting/",""
"passed","Wed Jul 29 03:17:22 UTC 2026","Wed Jul 29 03:17:26 UTC 2026","3841","4. Team CRM |CRM Staging","Business Scenarios Tests","Create and edit a contact","Create contact","","Create contact",""
"passed","Wed Jul 29 03:20:39 UTC 2026","Wed Jul 29 03:20:40 UTC 2026","99","Dolphin","Functional","","","homepageProductRecommendTest","homepage product recommend -- wlw",""
"passed","Wed Jul 29 03:13:17 UTC 2026","Wed Jul 29 03:13:17 UTC 2026","33","1.1 Team Hummingbird - BFF | WLW app","Technical Tests","purchaser-support-controller","GET /support-master-data [NEG] Forbidden Role Token","","GET /support-master-data [NEG] Forbidden Role Token",""
"skipped","Wed Jul 29 03:16:26 UTC 2026","Wed Jul 29 03:16:26 UTC 2026","0","3 Team Techno - UCL","Technical Tests","SponsoredBrand","GET /unified_commercial_logic/internal_api/api/sponsored_brand_v1 - Retrieve SponsoredBrandV1 List","","GET /unified_commercial_logic/internal_api/api/sponsored_brand_v1 - Retrieve SponsoredBrandV1 List",""
"passed","Wed Jul 29 03:20:39 UTC 2026","Wed Jul 29 03:20:39 UTC 2026","245","Dolphin","Technical","","","getProductsByCategoryTest","popular in category -- getProductsByCategory",""
"passed","Wed Jul 29 03:12:51 UTC 2026","Wed Jul 29 03:12:51 UTC 2026","55","1.1 Team Hummingbird - BFF | WLW app","Endpoint tests","Company","Companies / products FR","","Companies / products FR",""
"skipped","Wed Jul 29 03:10:52 UTC 2026","Wed Jul 29 03:10:52 UTC 2026","0","7. Team Pegasus | Pegasus Staging","Endpoints Tests","Shop Import & Onboarding Backend","/offers/suggestCategory","","/offers/suggestCategory",""
"skipped","Wed Jul 29 03:10:52 UTC 2026","Wed Jul 29 03:10:52 UTC 2026","0","7. Team Pegasus | Pegasus Staging","Endpoints Tests","Supplier Facts (CPP)","Supplier Facts","","Supplier Facts",""
"passed","Wed Jul 29 03:20:38 UTC 2026","Wed Jul 29 03:20:38 UTC 2026","81","Dolphin","Technical","","","EPSameStoreProductRecommendTest","product same store recommend -- ep",""
"failed","Wed Jul 29 03:11:59 UTC 2026","Wed Jul 29 03:11:59 UTC 2026","59","1 Team Hummingbird - BFF | EP app","Endpoint tests","Login","resend code","","resend code",""
"failed","Wed Jul 29 03:12:58 UTC 2026","Wed Jul 29 03:12:58 UTC 2026","12","1.1 Team Hummingbird - BFF | WLW app","Technical Tests","ai-company-search-controller","GET /public_api/search/ai/company/stream/mock [NEG] Expired Token","","GET /public_api/search/ai/company/stream/mock [NEG] Expired Token",""
"failed","Wed Jul 29 03:13:16 UTC 2026","Wed Jul 29 03:13:16 UTC 2026","13","1.1 Team Hummingbird - BFF | WLW app","Technical Tests","product-controller","GET /public_api/companies/{supplierPublicId}/products [NEG] Missing Auth/API-Key","","GET /public_api/companies/{supplierPublicId}/products [NEG] Missing Auth/API-Key",""
"passed","Wed Jul 29 03:17:19 UTC 2026","Wed Jul 29 03:18:17 UTC 2026","58261","4. Team CRM |CRM Staging","Business Scenarios Tests","Contacts","Create Contact","","Create Contact",""
"failed","Wed Jul 29 03:13:26 UTC 2026","Wed Jul 29 03:13:26 UTC 2026","12","1.1 Team Hummingbird - BFF | WLW app","Technical Tests","supplier-visitors-controller","GET /public_api/suppliers/{supplier_id}/visits","","GET /public_api/suppliers/{supplier_id}/visits",""
"passed","Wed Jul 29 03:17:18 UTC 2026","Wed Jul 29 03:17:19 UTC 2026","1053","4. Team CRM |CRM Staging","Business Scenarios Tests","Tasks","Smoke test Create task","","Smoke test Create task",""
"failed","Wed Jul 29 03:13:21 UTC 2026","Wed Jul 29 03:13:21 UTC 2026","12","1.1 Team Hummingbird - BFF | WLW app","Technical Tests","search-controller","GET /public_api/suppliers/recommendations [NEG] Forbidden Role Token","","GET /public_api/suppliers/recommendations [NEG] Forbidden Role Token",""
"failed","Wed Jul 29 03:13:00 UTC 2026","Wed Jul 29 03:13:00 UTC 2026","18","1.1 Team Hummingbird - BFF | WLW app","Technical Tests","company-controller","GET /public_api/suppliers/{companyID}/listings [SEC] Injection Probe","","GET /public_api/suppliers/{companyID}/listings [SEC] Injection Probe",""
"broken","Wed Jul 29 03:15:01 UTC 2026","Wed Jul 29 03:15:21 UTC 2026","20023","Dolphin","Technical","","","recallNoResultQueryTest","AI Search recall: no-result query (empty offers or zero total)",""
"failed","Wed Jul 29 03:12:58 UTC 2026","Wed Jul 29 03:12:58 UTC 2026","13","1.1 Team Hummingbird - BFF | WLW app","Technical Tests","ai-company-search-controller","GET /public_api/search/ai/company/stream/mock [SEC] Injection Probe","","GET /public_api/search/ai/company/stream/mock [SEC] Injection Probe",""
"passed","Wed Jul 29 03:17:23 UTC 2026","Wed Jul 29 03:17:23 UTC 2026","250","4. Team CRM |CRM Staging","Business Scenarios Tests","Disable Hubspot","Check hubspot is false","","Check hubspot is false",""
"passed","Wed Jul 29 03:17:18 UTC 2026","Wed Jul 29 03:17:18 UTC 2026","92","4. Team CRM |CRM Staging","Business Scenarios Tests","Tasks","Verify Change","","Verify Change",""
"failed","Wed Jul 29 03:13:07 UTC 2026","Wed Jul 29 03:13:07 UTC 2026","12","1.1 Team Hummingbird - BFF | WLW app","Technical Tests","conversation-controller","GET /public_api/conversation/userConversations/{conversationId}/file/","","GET /public_api/conversation/userConversations/{conversationId}/file/",""
"passed","Wed Jul 29 03:13:10 UTC 2026","Wed Jul 29 03:13:10 UTC 2026","38","1.1 Team Hummingbird - BFF | WLW app","Technical Tests","feedback-controller","POST /v1/feedback [NEG] Expired Token","","POST /v1/feedback [NEG] Expired Token",""
"failed","Wed Jul 29 03:13:22 UTC 2026","Wed Jul 29 03:13:22 UTC 2026","14","1.1 Team Hummingbird - BFF | WLW app","Technical Tests","search-controller","GET /public_api/suppliers/recommendations [SEC] Injection Probe","","GET /public_api/suppliers/recommendations [SEC] Injection Probe",""
"skipped","Wed Jul 29 03:16:26 UTC 2026","Wed Jul 29 03:16:26 UTC 2026","0","3 Team Techno - UCL","Technical Tests","Organization","GET /unified_commercial_logic/internal_api/api/organization/ - Retrieve Organization List","","GET /unified_commercial_logic/internal_api/api/organization/ - Retrieve Organization List",""
"passed","Wed Jul 29 03:12:51 UTC 2026","Wed Jul 29 03:12:52 UTC 2026","187","1.1 Team Hummingbird - BFF | WLW app","Endpoint tests","Company","branchIO dynamic link, share PDP","","branchIO dynamic link, share PDP",""
"skipped","Wed Jul 29 03:10:52 UTC 2026","Wed Jul 29 03:10:52 UTC 2026","0","7. Team Pegasus | Pegasus Staging","Endpoints Tests","Shop Import & Onboarding Backend","/offers/keywordSuggestion","","/offers/keywordSuggestion",""
"broken","Wed Jul 29 03:18:01 UTC 2026","Wed Jul 29 03:18:21 UTC 2026","20022","Dolphin","Technical","","","recallTopRankingScenarioTest","AI Search recall: wlw-staging.de cnc top-ranking scenario",""
"failed","Wed Jul 29 03:11:59 UTC 2026","Wed Jul 29 03:11:59 UTC 2026","36","1 Team Hummingbird - BFF | EP app","Endpoint tests","Login","user Info","","user Info",""
"passed","Wed Jul 29 03:12:53 UTC 2026","Wed Jul 29 03:12:53 UTC 2026","26","1.1 Team Hummingbird - BFF | WLW app","Endpoint tests","Homepage, products","preferred categories","","preferred categories",""
"broken","Wed Jul 29 03:17:01 UTC 2026","Wed Jul 29 03:17:21 UTC 2026","20021","Dolphin","Technical","","","recallSingleFilterTest","AI Search recall: single filter (verified=true)",""
"passed","Wed Jul 29 03:13:14 UTC 2026","Wed Jul 29 03:13:14 UTC 2026","33","1.1 Team Hummingbird - BFF | WLW app","Technical Tests","login-controller","POST /public_api/auth/code/verify [NEG] Forbidden Role Token","","POST /public_api/auth/code/verify [NEG] Forbidden Role Token",""
"passed","Wed Jul 29 03:17:26 UTC 2026","Wed Jul 29 03:17:28 UTC 2026","1153","4. Team CRM |CRM Staging","Business Scenarios Tests","Meetings","Smoke Test for Meeting","","Smoke Test for Meeting",""
"passed","Wed Jul 29 03:13:01 UTC 2026","Wed Jul 29 03:13:01 UTC 2026","35","1.1 Team Hummingbird - BFF | WLW app","Technical Tests","company-controller","GET /public_api/company/{id}","","GET /public_api/company/{id}",""
"skipped","Wed Jul 29 03:16:26 UTC 2026","Wed Jul 29 03:16:26 UTC 2026","0","3 Team Techno - UCL","Technical Tests","Retargeting","GET /unified_commercial_logic/internal_api/api/retargeting/{id} - Retrieve Retargeting By ID","","GET /unified_commercial_logic/internal_api/api/retargeting/{id} - Retrieve Retargeting By ID",""
"passed","Wed Jul 29 03:17:21 UTC 2026","Wed Jul 29 03:17:25 UTC 2026","4039","4. Team CRM |CRM Staging","Business Scenarios Tests","Account","Smoke Test Create Account with All Fields","","Smoke Test Create Account with All Fields",""
"passed","Wed Jul 29 03:12:57 UTC 2026","Wed Jul 29 03:12:57 UTC 2026","34","1.1 Team Hummingbird - BFF | WLW app","Technical Tests","ai-company-search-controller","POST /public_api/search/ai/supplier/pv-match [NEG] Expired Token","","POST /public_api/search/ai/supplier/pv-match [NEG] Expired Token",""
"skipped","Wed Jul 29 03:10:52 UTC 2026","Wed Jul 29 03:10:52 UTC 2026","0","7. Team Pegasus | Pegasus Staging","Business Scenarios Tests","Supplier Facts","API register, publish, and verify in UI","","1. Create registration lead",""
"failed","Wed Jul 29 03:12:01 UTC 2026","Wed Jul 29 03:12:01 UTC 2026","29","1 Team Hummingbird - BFF | EP app","Endpoint tests","Company","Company ID FR","","Company ID FR",""
"skipped","Wed Jul 29 03:10:52 UTC 2026","Wed Jul 29 03:10:52 UTC 2026","0","7. Team Pegasus | Pegasus Staging","Endpoints Tests","Business Insights","Product search","","Product search",""
"passed","Wed Jul 29 03:12:56 UTC 2026","Wed Jul 29 03:12:56 UTC 2026","33","1.1 Team Hummingbird - BFF | WLW app","Technical Tests","ai-company-search-controller","POST /public_api/search/ai/supplier/pv-match","","POST /public_api/search/ai/supplier/pv-match",""
"passed","Wed Jul 29 03:13:10 UTC 2026","Wed Jul 29 03:13:10 UTC 2026","31","1.1 Team Hummingbird - BFF | WLW app","Technical Tests","feedback-controller","POST /feedback [NEG] Forbidden Role Token","","POST /feedback [NEG] Forbidden Role Token",""
"passed","Wed Jul 29 03:12:06 UTC 2026","Wed Jul 29 03:12:06 UTC 2026","249","Arise","Technical","","","psearchProxySearch","psearchProxySearch",""
"passed","Wed Jul 29 03:20:38 UTC 2026","Wed Jul 29 03:20:39 UTC 2026","93","Dolphin","Functional","","","EPZeroResultProductRecommendTest","Recommend products in 0 result search list page v1 -- ep",""
"passed","Wed Jul 29 03:13:24 UTC 2026","Wed Jul 29 03:13:24 UTC 2026","17","1.1 Team Hummingbird - BFF | WLW app","Technical Tests","search-controller","GET /public_api/search/ai/tabChange [NEG] Missing Auth/API-Key","","GET /public_api/search/ai/tabChange [NEG] Missing Auth/API-Key",""
"passed","Wed Jul 29 03:12:53 UTC 2026","Wed Jul 29 03:12:53 UTC 2026","39","1.1 Team Hummingbird - BFF | WLW app","Endpoint tests","Homepage, products","preferred categories","","preferred categories",""
"skipped","Wed Jul 29 03:12:48 UTC 2026","Wed Jul 29 03:12:48 UTC 2026","0","1.1 Team Hummingbird - BFF | WLW app","Business Scenario Tests","(empty)","(empty)","","Business Scenario Tests - empty",""
"skipped","Wed Jul 29 03:10:52 UTC 2026","Wed Jul 29 03:10:52 UTC 2026","0","7. Team Pegasus | Pegasus Staging","Spike | Profiles link user to company","(root)","06 PATCH — Link company to profile","","06 PATCH — Link company to profile",""
"passed","Wed Jul 29 03:12:02 UTC 2026","Wed Jul 29 03:12:02 UTC 2026","5","2 Team Dragon - BFF | RFQ Backend","Technical Tests","(root)","Negative test: malformed UUIDs & content type checks","","Negative test: malformed UUIDs & content type checks",""
"skipped","Wed Jul 29 03:10:52 UTC 2026","Wed Jul 29 03:10:52 UTC 2026","0","7. Team Pegasus | Pegasus Staging","Endpoints Tests","Visitors","Elixir (supplier-app)","","Visitors by uuid",""
"passed","Wed Jul 29 03:13:11 UTC 2026","Wed Jul 29 03:13:11 UTC 2026","34","1.1 Team Hummingbird - BFF | WLW app","Technical Tests","help-and-support-controller","POST /help [NEG] Missing Auth/API-Key","","POST /help [NEG] Missing Auth/API-Key",""
"skipped","Wed Jul 29 03:16:26 UTC 2026","Wed Jul 29 03:16:26 UTC 2026","0","3 Team Techno - UCL","Functional Tests","Endpoint Tests","SponsoredBrand","","get active SPB by uuid",""
"skipped","Wed Jul 29 03:10:52 UTC 2026","Wed Jul 29 03:10:52 UTC 2026","0","7. Team Pegasus | Pegasus Staging","Endpoints Tests","User & Company Context","Get company data crm","","Get company data crm",""
"passed","Wed Jul 29 03:13:01 UTC 2026","Wed Jul 29 03:13:01 UTC 2026","40","1.1 Team Hummingbird - BFF | WLW app","Technical Tests","company-controller","GET /public_api/company/{id} [NEG] Expired Token","","GET /public_api/company/{id} [NEG] Expired Token",""
"passed","Wed Jul 29 03:17:28 UTC 2026","Wed Jul 29 03:17:30 UTC 2026","1886","4. Team CRM |CRM Staging","Endpoints Tests","(root)","trigger the Paid Media lead","","trigger the Paid Media lead",""
"passed","Wed Jul 29 03:12:04 UTC 2026","Wed Jul 29 03:12:04 UTC 2026","153","1 Team Hummingbird - BFF | EP app","Endpoint tests","Conversations","conversation/messages","","conversation/messages",""
"passed","Wed Jul 29 03:17:19 UTC 2026","Wed Jul 29 03:17:22 UTC 2026","2696","4. Team CRM |CRM Staging","Business Scenarios Tests","Quote","Smoke Test Create new quote","","Smoke Test Create new quote",""
"passed","Wed Jul 29 03:13:23 UTC 2026","Wed Jul 29 03:13:23 UTC 2026","32","1.1 Team Hummingbird - BFF | WLW app","Technical Tests","search-controller","GET /public_api/search/products [SEC] Injection Probe","","GET /public_api/search/products [SEC] Injection Probe",""
"failed","Wed Jul 29 03:13:19 UTC 2026","Wed Jul 29 03:13:19 UTC 2026","11","1.1 Team Hummingbird - BFF | WLW app","Technical Tests","push-notification-by-email-controller","GET /v1/pushNotification [NEG] Missing Auth/API-Key","","GET /v1/pushNotification [NEG] Missing Auth/API-Key",""
"failed","Wed Jul 29 03:12:57 UTC 2026","Wed Jul 29 03:12:57 UTC 2026","25","1.1 Team Hummingbird - BFF | WLW app","Technical Tests","ai-company-search-controller","GET /public_api/search/ai/company/search","","GET /public_api/search/ai/company/search",""
"passed","Wed Jul 29 03:20:40 UTC 2026","Wed Jul 29 03:20:40 UTC 2026","228","Dolphin","Functional","","","instoreSearchTest","instore search -- cpp/pdp with sort and leaf filter",""
"passed","Wed Jul 29 03:12:01 UTC 2026","Wed Jul 29 03:12:01 UTC 2026","18","1 Team Hummingbird - BFF | EP app","Endpoint tests","Mobile_Feedback","Feedback Subject_FR","","Feedback Subject_FR",""
"passed","Wed Jul 29 03:20:24 UTC 2026","Wed Jul 29 03:20:25 UTC 2026","1604","Dolphin","Technical","","","productTextSearchIllegalSortTest","AI product text search recall: illegal sort passthrough",""
"skipped","Wed Jul 29 03:10:52 UTC 2026","Wed Jul 29 03:10:52 UTC 2026","0","7. Team Pegasus | Pegasus Staging","Endpoints Tests","Membership Management (PGS-861)","POST /companies — create with UTM (PGS-861)","","POST /companies — create with UTM (PGS-861)",""
"passed","Wed Jul 29 03:11:00 UTC 2026","Wed Jul 29 03:11:00 UTC 2026","41","Bamboo","Functional","","","searchCategoryByNameTest","searchCategoryByName",""
"passed","Wed Jul 29 03:12:52 UTC 2026","Wed Jul 29 03:12:53 UTC 2026","508","1.1 Team Hummingbird - BFF | WLW app","Endpoint tests","Search","Product Search DE","","Product Search DE",""
"passed","Wed Jul 29 03:12:57 UTC 2026","Wed Jul 29 03:12:57 UTC 2026","46","1.1 Team Hummingbird - BFF | WLW app","Technical Tests","ai-company-search-controller","POST /public_api/search/ai/company/search [NEG] Missing Auth/API-Key","","POST /public_api/search/ai/company/search [NEG] Missing Auth/API-Key",""
"passed","Wed Jul 29 03:12:03 UTC 2026","Wed Jul 29 03:12:03 UTC 2026","58","1 Team Hummingbird - BFF | EP app","Endpoint tests","Homepage, products","preferred categories","","preferred categories",""
"failed","Wed Jul 29 03:13:02 UTC 2026","Wed Jul 29 03:13:02 UTC 2026","12","1.1 Team Hummingbird - BFF | WLW app","Technical Tests","conversation-controller","PUT /public_api/conversation/userConversations/{conversationId}/messages/markAsRead [NEG] Missing Auth/API-Key","","PUT /public_api/conversation/userConversations/{conversationId}/messages/markAsRead [NEG] Missing Auth/API-Key",""
"skipped","Wed Jul 29 03:10:52 UTC 2026","Wed Jul 29 03:10:52 UTC 2026","0","7. Team Pegasus | Pegasus Staging","Business Scenarios Tests","Visitors","Statistics visitor drill-down","","CSV status",""
"skipped","Wed Jul 29 03:10:52 UTC 2026","Wed Jul 29 03:10:52 UTC 2026","0","7. Team Pegasus | Pegasus Staging","Endpoints Tests","Shop Import & Onboarding Backend","/categories/suggest","","/categories/suggest",""
"failed","Wed Jul 29 03:12:58 UTC 2026","Wed Jul 29 03:12:58 UTC 2026","13","1.1 Team Hummingbird - BFF | WLW app","Technical Tests","categories-controller","GET /preferred/categories","","GET /preferred/categories",""
"passed","Wed Jul 29 03:13:13 UTC 2026","Wed Jul 29 03:13:13 UTC 2026","39","1.1 Team Hummingbird - BFF | WLW app","Technical Tests","login-controller","POST /public_api/auth/registration [NEG] Expired Token","","POST /public_api/auth/registration [NEG] Expired Token",""
"passed","Wed Jul 29 03:13:19 UTC 2026","Wed Jul 29 03:13:19 UTC 2026","33","1.1 Team Hummingbird - BFF | WLW app","Technical Tests","purchaser-user-setting-controller","POST /userSetting","","POST /userSetting",""
"passed","Wed Jul 29 03:12:01 UTC 2026","Wed Jul 29 03:12:02 UTC 2026","198","2 Team Dragon - BFF | RFQ Backend","Technical Tests","(root)","GET /v1/rfqs (list) - Compliance + Schema + Perf","","GET /v1/rfqs (list) - Compliance + Schema + Perf",""
"failed","Wed Jul 29 03:13:24 UTC 2026","Wed Jul 29 03:13:24 UTC 2026","14","1.1 Team Hummingbird - BFF | WLW app","Technical Tests","search-controller","GET /public_api/products/recommendations","","GET /public_api/products/recommendations",""
"skipped","Wed Jul 29 03:16:26 UTC 2026","Wed Jul 29 03:16:26 UTC 2026","0","3 Team Techno - UCL","Technical Tests","GoogleAd","GET /unified_commercial_logic/internal_api/api/google_ad - Retrieve GoogleAd List","","GET /unified_commercial_logic/internal_api/api/google_ad - Retrieve GoogleAd List",""
"passed","Wed Jul 29 03:13:18 UTC 2026","Wed Jul 29 03:13:18 UTC 2026","55","1.1 Team Hummingbird - BFF | WLW app","Technical Tests","purchaser-user-setting-controller","PUT /userSetting/{id} [NEG] Forbidden Role Token","","PUT /userSetting/{id} [NEG] Forbidden Role Token",""
"skipped","Wed Jul 29 03:10:52 UTC 2026","Wed Jul 29 03:10:52 UTC 2026","0","7. Team Pegasus | Pegasus Staging","Endpoints Tests","Shop Import & Onboarding Backend","/offers/count - get count","","/offers/count - get count",""
"failed","Wed Jul 29 03:13:24 UTC 2026","Wed Jul 29 03:13:24 UTC 2026","13","1.1 Team Hummingbird - BFF | WLW app","Technical Tests","search-controller","GET /public_api/products/recommendations [NEG] Forbidden Role Token","","GET /public_api/products/recommendations [NEG] Forbidden Role Token",""
"passed","Wed Jul 29 03:12:00 UTC 2026","Wed Jul 29 03:12:00 UTC 2026","34","1 Team Hummingbird - BFF | EP app","Endpoint tests","Support","FAQ Alibaba","","FAQ Alibaba",""
"failed","Wed Jul 29 03:12:53 UTC 2026","Wed Jul 29 03:12:54 UTC 2026","397","1.1 Team Hummingbird - BFF | WLW app","Endpoint tests","Contact request","Callback request","","Callback request",""
"passed","Wed Jul 29 03:20:38 UTC 2026","Wed Jul 29 03:20:39 UTC 2026","93","Dolphin","Technical","","","EPZeroResultProductRecommendTest","Recommend products in 0 result search list page v1 -- ep",""
"passed","Wed Jul 29 03:12:00 UTC 2026","Wed Jul 29 03:12:00 UTC 2026","17","1 Team Hummingbird - BFF | EP app","Endpoint tests","Support","Support FAQ_EN","","Support FAQ_EN",""
"passed","Wed Jul 29 03:12:03 UTC 2026","Wed Jul 29 03:12:03 UTC 2026","614","1 Team Hummingbird - BFF | EP app","Endpoint tests","Search","Product Search DE","","Product Search DE",""
"passed","Wed Jul 29 03:13:03 UTC 2026","Wed Jul 29 03:13:04 UTC 2026","33","1.1 Team Hummingbird - BFF | WLW app","Technical Tests","conversation-controller","POST /public_api/conversation/userConversations/{conversationId}/messages [NEG] Forbidden Role Token","","POST /public_api/conversation/userConversations/{conversationId}/messages [NEG] Forbidden Role Token",""
"failed","Wed Jul 29 03:12:05 UTC 2026","Wed Jul 29 03:12:11 UTC 2026","5258","1 Team Hummingbird - BFF | EP app","Endpoint tests","Visitor profiler","Visitor ID","","Visitor ID",""
"failed","Wed Jul 29 03:13:05 UTC 2026","Wed Jul 29 03:13:05 UTC 2026","14","1.1 Team Hummingbird - BFF | WLW app","Technical Tests","conversation-controller","GET /public_api/conversation/userConversations [NEG] Missing Auth/API-Key","","GET /public_api/conversation/userConversations [NEG] Missing Auth/API-Key",""
"passed","Wed Jul 29 03:17:22 UTC 2026","Wed Jul 29 03:17:27 UTC 2026","4844","4. Team CRM |CRM Staging","Business Scenarios Tests","Account","Create Account","","Create Account",""
"failed","Wed Jul 29 03:13:20 UTC 2026","Wed Jul 29 03:13:20 UTC 2026","16","1.1 Team Hummingbird - BFF | WLW app","Technical Tests","push-notification-by-email-controller","PUT /v1/pushNotification [NEG] Forbidden Role Token","","PUT /v1/pushNotification [NEG] Forbidden Role Token",""
"passed","Wed Jul 29 03:13:10 UTC 2026","Wed Jul 29 03:13:10 UTC 2026","17","1.1 Team Hummingbird - BFF | WLW app","Technical Tests","feedback-controller","GET /feedback/subject [NEG] Missing Auth/API-Key","","GET /feedback/subject [NEG] Missing Auth/API-Key",""
"failed","Wed Jul 29 03:13:05 UTC 2026","Wed Jul 29 03:13:05 UTC 2026","13","1.1 Team Hummingbird - BFF | WLW app","Technical Tests","conversation-controller","GET /public_api/conversation/userConversations/{userId}/unreadCount [NEG] Expired Token","","GET /public_api/conversation/userConversations/{userId}/unreadCount [NEG] Expired Token",""
"passed","Wed Jul 29 03:13:04 UTC 2026","Wed Jul 29 03:13:04 UTC 2026","39","1.1 Team Hummingbird - BFF | WLW app","Technical Tests","conversation-controller","POST /public_api/conversation/userConversations/{conversationId}/messages/{messageId}/translate [NEG] Forbidden Role Token","","POST /public_api/conversation/userConversations/{conversationId}/messages/{messageId}/translate [NEG] Forbidden Role Token",""
"passed","Wed Jul 29 03:11:58 UTC 2026","Wed Jul 29 03:11:59 UTC 2026","590","1 Team Hummingbird - BFF | EP app","Endpoint tests","Login","native email login","","native email login",""
"passed","Wed Jul 29 03:13:27 UTC 2026","Wed Jul 29 03:13:27 UTC 2026","34","1.1 Team Hummingbird - BFF | WLW app","Technical Tests","supplier-visitors-controller","GET /public_api/suppliers/{supplier_id}/visits/{id} [NEG] Expired Token","","GET /public_api/suppliers/{supplier_id}/visits/{id} [NEG] Expired Token",""
"broken","Wed Jul 29 03:19:01 UTC 2026","Wed Jul 29 03:19:22 UTC 2026","20698","Dolphin","Functional","","","termRecommendNoMockTest","AI Search term recommend API without mock",""
"failed","Wed Jul 29 03:13:00 UTC 2026","Wed Jul 29 03:13:00 UTC 2026","15","1.1 Team Hummingbird - BFF | WLW app","Technical Tests","company-controller","GET /public_api/suppliers/{companyID}/listings [NEG] Forbidden Role Token","","GET /public_api/suppliers/{companyID}/listings [NEG] Forbidden Role Token",""
"passed","Wed Jul 29 03:13:28 UTC 2026","Wed Jul 29 03:13:28 UTC 2026","34","1.1 Team Hummingbird - BFF | WLW app","Technical Tests","trending-products-controller","POST /public_api/trending/import [NEG] Forbidden Role Token","","POST /public_api/trending/import [NEG] Forbidden Role Token",""
"broken","Wed Jul 29 03:19:22 UTC 2026","Wed Jul 29 03:19:42 UTC 2026","20013","Dolphin","Functional","","","termRecommendTest","AI Search term recommend API",""
"passed","Wed Jul 29 03:20:40 UTC 2026","Wed Jul 29 03:20:40 UTC 2026","228","Dolphin","Technical","","","instoreSearchTest","instore search -- cpp/pdp with sort and leaf filter",""
"failed","Wed Jul 29 03:12:02 UTC 2026","Wed Jul 29 03:12:02 UTC 2026","63","2 Team Dragon - BFF | RFQ Backend","Technical Tests","(root)","GET /v1/rfqs/attachments/{attachmentId} - Download + Cache + Perf","","GET /v1/rfqs/attachments/{attachmentId} - Download + Cache + Perf",""
"failed","Wed Jul 29 03:12:53 UTC 2026","Wed Jul 29 03:12:53 UTC 2026","144","1.1 Team Hummingbird - BFF | WLW app","Endpoint tests","Homepage, products","product recommendations EN","","product recommendations EN",""
"failed","Wed Jul 29 03:13:28 UTC 2026","Wed Jul 29 03:13:28 UTC 2026","13","1.1 Team Hummingbird - BFF | WLW app","Technical Tests","trending-products-controller","GET /public_api/trending/products","","GET /public_api/trending/products",""
"failed","Wed Jul 29 03:12:57 UTC 2026","Wed Jul 29 03:12:57 UTC 2026","15","1.1 Team Hummingbird - BFF | WLW app","Technical Tests","ai-company-search-controller","GET /public_api/search/ai/company/search [NEG] Missing Auth/API-Key","","GET /public_api/search/ai/company/search [NEG] Missing Auth/API-Key",""
"failed","Wed Jul 29 03:12:05 UTC 2026","Wed Jul 29 03:12:05 UTC 2026","167","1 Team Hummingbird - BFF | EP app","Endpoint tests","Conversations","Decline RFQ","","Decline RFQ",""
"skipped","Wed Jul 29 03:16:26 UTC 2026","Wed Jul 29 03:16:26 UTC 2026","0","3 Team Techno - UCL","Functional Tests","Endpoint Tests","TopRanking","","get TR with the given existing id",""
"passed","Wed Jul 29 03:20:39 UTC 2026","Wed Jul 29 03:20:39 UTC 2026","448","Dolphin","Functional","","","getproductRecommendByQueryOnCserpTest","getproductRecommendByQueryOnCserpTest",""
"failed","Wed Jul 29 03:12:01 UTC 2026","Wed Jul 29 03:12:01 UTC 2026","73","1 Team Hummingbird - BFF | EP app","Endpoint tests","Company","Company ID DE","","Company ID DE",""
"passed","Wed Jul 29 03:17:26 UTC 2026","Wed Jul 29 03:17:27 UTC 2026","1144","4. Team CRM |CRM Staging","Business Scenarios Tests","Calls","Smoke test for call","","Smoke test for call",""
"passed","Wed Jul 29 03:12:59 UTC 2026","Wed Jul 29 03:12:59 UTC 2026","59","1.1 Team Hummingbird - BFF | WLW app","Technical Tests","categories-controller","GET /public_api/categories/homepage [NEG] Expired Token","","GET /public_api/categories/homepage [NEG] Expired Token",""
"passed","Wed Jul 29 03:13:24 UTC 2026","Wed Jul 29 03:13:24 UTC 2026","33","1.1 Team Hummingbird - BFF | WLW app","Technical Tests","search-controller","GET /public_api/search/ai/tabChange [SEC] Injection Probe","","GET /public_api/search/ai/tabChange [SEC] Injection Probe",""
"failed","Wed Jul 29 03:12:05 UTC 2026","Wed Jul 29 03:12:05 UTC 2026","67","1 Team Hummingbird - BFF | EP app","Endpoint tests","Conversations","File","","File",""
"passed","Wed Jul 29 03:17:26 UTC 2026","Wed Jul 29 03:17:26 UTC 2026","706","4. Team CRM |CRM Staging","Business Scenarios Tests","Platform Profile","Update Platform Profile","","Update Platform Profile",""
"failed","Wed Jul 29 03:13:15 UTC 2026","Wed Jul 29 03:13:15 UTC 2026","12","1.1 Team Hummingbird - BFF | WLW app","Technical Tests","product-controller","GET /public_api/products [NEG] Missing Auth/API-Key","","GET /public_api/products [NEG] Missing Auth/API-Key",""
"skipped","Wed Jul 29 03:10:52 UTC 2026","Wed Jul 29 03:10:52 UTC 2026","0","7. Team Pegasus | Pegasus Staging","Spike | Profiles link user to company","(root)","02 POST — Create company (Supplier Facts)","","02 POST — Create company (Supplier Facts)",""
"passed","Wed Jul 29 03:17:24 UTC 2026","Wed Jul 29 03:17:24 UTC 2026","207","4. Team CRM |CRM Staging","Business Scenarios Tests","Lead","Lead-duplicateCheck - without dupicates","","Lead-duplicateCheck - without dupicates",""
"skipped","Wed Jul 29 03:10:52 UTC 2026","Wed Jul 29 03:10:52 UTC 2026","0","7. Team Pegasus | Pegasus Staging","Spike | Profiles link user to company","(root)","09 MANUAL — my-account supplier page (browser)","","09 MANUAL — my-account supplier page (browser)",""
"skipped","Wed Jul 29 03:10:52 UTC 2026","Wed Jul 29 03:10:52 UTC 2026","0","7. Team Pegasus | Pegasus Staging","Endpoints Tests","Shop Import & Onboarding Backend","/offers/searchCategories","","/offers/searchCategories",""
"failed","Wed Jul 29 03:13:26 UTC 2026","Wed Jul 29 03:13:26 UTC 2026","13","1.1 Team Hummingbird - BFF | WLW app","Technical Tests","search-term-controller","POST /public_api/search/track [NEG] Forbidden Role Token","","POST /public_api/search/track [NEG] Forbidden Role Token",""
"failed","Wed Jul 29 03:12:59 UTC 2026","Wed Jul 29 03:12:59 UTC 2026","14","1.1 Team Hummingbird - BFF | WLW app","Technical Tests","categories-controller","PUT /preferred/categories","","PUT /preferred/categories",""
"passed","Wed Jul 29 03:12:56 UTC 2026","Wed Jul 29 03:12:56 UTC 2026","42","1.1 Team Hummingbird - BFF | WLW app","Technical Tests","ai-company-search-controller","POST /public_api/search/ai/supplier/recall [NEG] Expired Token","","POST /public_api/search/ai/supplier/recall [NEG] Expired Token",""
"passed","Wed Jul 29 03:17:18 UTC 2026","Wed Jul 29 03:17:18 UTC 2026","115","4. Team CRM |CRM Staging","Business Scenarios Tests","Tasks","Check Task","","Check Task",""
"passed","Wed Jul 29 03:12:59 UTC 2026","Wed Jul 29 03:13:00 UTC 2026","36","1.1 Team Hummingbird - BFF | WLW app","Technical Tests","categories-controller","GET /public_api/categories/homepage [NEG] Forbidden Role Token","","GET /public_api/categories/homepage [NEG] Forbidden Role Token",""
"broken","Wed Jul 29 03:16:01 UTC 2026","Wed Jul 29 03:16:21 UTC 2026","20022","Dolphin","Technical","","","recallPageZeroNormalizedTest","AI Search recall: page=0 normalized, still success",""
"skipped","Wed Jul 29 03:10:52 UTC 2026","Wed Jul 29 03:10:52 UTC 2026","0","7. Team Pegasus | Pegasus Staging","Business Scenarios Tests","Business Insights","Dashboard smoke flow","","Scoring",""
"passed","Wed Jul 29 03:12:00 UTC 2026","Wed Jul 29 03:12:00 UTC 2026","17","1 Team Hummingbird - BFF | EP app","Endpoint tests","Mobile_Feedback","Feedback Subject_EN","","Feedback Subject_EN",""
"skipped","Wed Jul 29 03:10:52 UTC 2026","Wed Jul 29 03:10:52 UTC 2026","0","7. Team Pegasus | Pegasus Staging","Endpoints Tests","Business Insights","PGS-890 Admin company refresh","","PGS-890 Admin company refresh",""
"failed","Wed Jul 29 03:13:16 UTC 2026","Wed Jul 29 03:13:16 UTC 2026","12","1.1 Team Hummingbird - BFF | WLW app","Technical Tests","product-controller","GET /public_api/companies/{supplierPublicId}/products [NEG] Expired Token","","GET /public_api/companies/{supplierPublicId}/products [NEG] Expired Token",""
"passed","Wed Jul 29 03:13:01 UTC 2026","Wed Jul 29 03:13:01 UTC 2026","31","1.1 Team Hummingbird - BFF | WLW app","Technical Tests","company-controller","GET /public_api/company/{id} [NEG] Forbidden Role Token","","GET /public_api/company/{id} [NEG] Forbidden Role Token",""
"failed","Wed Jul 29 03:12:54 UTC 2026","Wed Jul 29 03:12:54 UTC 2026","429","1.1 Team Hummingbird - BFF | WLW app","Endpoint tests","Conversations","user conversations to decline request","","user conversations to decline request",""
"skipped","Wed Jul 29 03:16:26 UTC 2026","Wed Jul 29 03:16:26 UTC 2026","0","3 Team Techno - UCL","Functional Tests","Endpoint Tests","membership","","get all active membership for uuid platform specific",""
"failed","Wed Jul 29 03:13:02 UTC 2026","Wed Jul 29 03:13:02 UTC 2026","14","1.1 Team Hummingbird - BFF | WLW app","Technical Tests","conversation-controller","PUT /public_api/conversation/userConversations/{conversationId}/messages/markAsRead [NEG] Forbidden Role Token","","PUT /public_api/conversation/userConversations/{conversationId}/messages/markAsRead [NEG] Forbidden Role Token",""
"failed","Wed Jul 29 03:12:59 UTC 2026","Wed Jul 29 03:12:59 UTC 2026","13","1.1 Team Hummingbird - BFF | WLW app","Technical Tests","categories-controller","PUT /preferred/categories [NEG] Expired Token","","PUT /preferred/categories [NEG] Expired Token",""
"passed","Wed Jul 29 03:17:28 UTC 2026","Wed Jul 29 03:17:28 UTC 2026","190","4. Team CRM |CRM Staging","Endpoints Tests","(root)","get connect receipient","","get connect receipient",""
"passed","Wed Jul 29 03:20:35 UTC 2026","Wed Jul 29 03:20:36 UTC 2026","1103","Dolphin","Technical","","","productTextSearchSpecialCharTest","AI product text search recall: special-character query",""
"passed","Wed Jul 29 03:13:12 UTC 2026","Wed Jul 29 03:13:12 UTC 2026","33","1.1 Team Hummingbird - BFF | WLW app","Technical Tests","login-controller","POST /public_api/auth/resetPassword [NEG] Expired Token","","POST /public_api/auth/resetPassword [NEG] Expired Token",""
"failed","Wed Jul 29 03:13:00 UTC 2026","Wed Jul 29 03:13:00 UTC 2026","13","1.1 Team Hummingbird - BFF | WLW app","Technical Tests","company-controller","GET /public_api/company [SEC] Injection Probe","","GET /public_api/company [SEC] Injection Probe",""
"passed","Wed Jul 29 03:13:25 UTC 2026","Wed Jul 29 03:13:25 UTC 2026","17","1.1 Team Hummingbird - BFF | WLW app","Technical Tests","search-term-controller","PUT /public_api/search/notification-opened [NEG] Missing Auth/API-Key","","PUT /public_api/search/notification-opened [NEG] Missing Auth/API-Key",""
"passed","Wed Jul 29 03:12:48 UTC 2026","Wed Jul 29 03:12:48 UTC 2026","99","1.1 Team Hummingbird - BFF | WLW app","Endpoint tests","Login","forgot password","","forgot password",""
"passed","Wed Jul 29 03:12:01 UTC 2026","Wed Jul 29 03:12:01 UTC 2026","55","2 Team Dragon - BFF | RFQ Backend","Functional Tests","(root)","GET /v1/rfqs/{rfqId} - Success or 404","","GET /v1/rfqs/{rfqId} - Success or 404",""
"passed","Wed Jul 29 03:13:12 UTC 2026","Wed Jul 29 03:13:12 UTC 2026","17","1.1 Team Hummingbird - BFF | WLW app","Technical Tests","login-controller","POST /public_api/auth/resetPassword [NEG] Missing Auth/API-Key","","POST /public_api/auth/resetPassword [NEG] Missing Auth/API-Key",""
"passed","Wed Jul 29 03:17:24 UTC 2026","Wed Jul 29 03:17:25 UTC 2026","469","4. Team CRM |CRM Staging","Business Scenarios Tests","Lead","Smoke test for Conversion","","Smoke test for Conversion",""
"passed","Wed Jul 29 03:17:23 UTC 2026","Wed Jul 29 03:17:24 UTC 2026","379","4. Team CRM |CRM Staging","Business Scenarios Tests","Disable Hubspot","Check hubspot is true","","Check hubspot is true",""
"passed","Wed Jul 29 03:12:50 UTC 2026","Wed Jul 29 03:12:50 UTC 2026","208","1.1 Team Hummingbird - BFF | WLW app","Endpoint tests","Mobile_Feedback","post feedback","","post feedback",""
"passed","Wed Jul 29 03:13:16 UTC 2026","Wed Jul 29 03:13:16 UTC 2026","18","1.1 Team Hummingbird - BFF | WLW app","Technical Tests","product-controller","GET /public_api/products/{productId} [NEG] Missing Auth/API-Key","","GET /public_api/products/{productId} [NEG] Missing Auth/API-Key",""
"failed","Wed Jul 29 03:13:26 UTC 2026","Wed Jul 29 03:13:26 UTC 2026","13","1.1 Team Hummingbird - BFF | WLW app","Technical Tests","supplier-visitors-controller","GET /public_api/suppliers/{supplier_id}/visits [NEG] Expired Token","","GET /public_api/suppliers/{supplier_id}/visits [NEG] Expired Token",""
"skipped","Wed Jul 29 03:16:26 UTC 2026","Wed Jul 29 03:16:26 UTC 2026","0","3 Team Techno - UCL","Functional Tests","Endpoint Tests","GoogleAd","","get active googleAd for the given uuid",""
"passed","Wed Jul 29 03:11:59 UTC 2026","Wed Jul 29 03:11:59 UTC 2026","27","1 Team Hummingbird - BFF | EP app","Endpoint tests","Support","Support FAQ_DE","","Support FAQ_DE",""
"failed","Wed Jul 29 03:13:27 UTC 2026","Wed Jul 29 03:13:27 UTC 2026","14","1.1 Team Hummingbird - BFF | WLW app","Technical Tests","supplier-visitors-controller","GET /public_api/suppliers/{supplier_id}/visits/csv [NEG] Forbidden Role Token","","GET /public_api/suppliers/{supplier_id}/visits/csv [NEG] Forbidden Role Token",""
"passed","Wed Jul 29 03:12:01 UTC 2026","Wed Jul 29 03:12:01 UTC 2026","178","2 Team Dragon - BFF | RFQ Backend","Functional Tests","(root)","GET /v1/rfqs - Success","","GET /v1/rfqs - Success",""
"passed","Wed Jul 29 03:17:26 UTC 2026","Wed Jul 29 03:17:26 UTC 2026","706","4. Team CRM |CRM Staging","Business Scenarios Tests","Platform Profile","Update Platform Profile","","Update Platform Profile",""
"failed","Wed Jul 29 03:12:54 UTC 2026","Wed Jul 29 03:12:54 UTC 2026","76","1.1 Team Hummingbird - BFF | WLW app","Endpoint tests","Conversations","send file message","","send file message",""
"skipped","Wed Jul 29 03:10:52 UTC 2026","Wed Jul 29 03:10:52 UTC 2026","0","7. Team Pegasus | Pegasus Staging","Endpoints Tests","Supplier Registration","EP","","leads/get - Get a lead",""
"skipped","Wed Jul 29 03:10:52 UTC 2026","Wed Jul 29 03:10:52 UTC 2026","0","7. Team Pegasus | Pegasus Staging","Endpoints Tests","Shop Import & Onboarding Backend","/offers/categoryProperties","","/offers/categoryProperties",""
"skipped","Wed Jul 29 03:10:52 UTC 2026","Wed Jul 29 03:10:52 UTC 2026","0","7. Team Pegasus | Pegasus Staging","Endpoints Tests","Shop Import & Onboarding Backend","/offers/{offerId}","","/offers/{offerId}",""
"failed","Wed Jul 29 03:12:05 UTC 2026","Wed Jul 29 03:12:05 UTC 2026","33","1 Team Hummingbird - BFF | EP app","Endpoint tests","Conversations","mark as read","","mark as read",""
"passed","Wed Jul 29 03:12:54 UTC 2026","Wed Jul 29 03:12:54 UTC 2026","90","1.1 Team Hummingbird - BFF | WLW app","Endpoint tests","Conversations","translate message","","translate message",""
"passed","Wed Jul 29 03:13:29 UTC 2026","Wed Jul 29 03:13:29 UTC 2026","32","1.1 Team Hummingbird - BFF | WLW app","Technical Tests","user-controller","PUT /public_api/user/userInfo","","PUT /public_api/user/userInfo",""
"passed","Wed Jul 29 03:13:29 UTC 2026","Wed Jul 29 03:13:29 UTC 2026","33","1.1 Team Hummingbird - BFF | WLW app","Technical Tests","user-controller","GET /public_api/user/userInfo [NEG] Forbidden Role Token","","GET /public_api/user/userInfo [NEG] Forbidden Role Token",""
"skipped","Wed Jul 29 03:10:52 UTC 2026","Wed Jul 29 03:10:52 UTC 2026","0","7. Team Pegasus | Pegasus Staging","Endpoints Tests","Business Insights","User Activity","","User Activity",""
"passed","Wed Jul 29 03:12:05 UTC 2026","Wed Jul 29 03:12:06 UTC 2026","568","Arise","Technical","","","getAllElementsByUrlTest","getAllElementsByUrlTest",""
"failed","Wed Jul 29 03:11:00 UTC 2026","Wed Jul 29 03:11:00 UTC 2026","24","Bamboo","Functional","","","listSubCategoriesTest","list sub Categories",""
"passed","Wed Jul 29 03:13:26 UTC 2026","Wed Jul 29 03:13:26 UTC 2026","30","1.1 Team Hummingbird - BFF | WLW app","Technical Tests","search-term-controller","POST /public_api/search/track [SEC] Injection Probe","","POST /public_api/search/track [SEC] Injection Probe",""
"passed","Wed Jul 29 03:12:55 UTC 2026","Wed Jul 29 03:12:57 UTC 2026","1720","1.1 Team Hummingbird - BFF | WLW app","Endpoint tests","Visitor profiler","Visits","","Visits",""
"failed","Wed Jul 29 03:13:03 UTC 2026","Wed Jul 29 03:13:03 UTC 2026","13","1.1 Team Hummingbird - BFF | WLW app","Technical Tests","conversation-controller","GET /public_api/conversation/userConversations/{conversationId}/messages [NEG] Expired Token","","GET /public_api/conversation/userConversations/{conversationId}/messages [NEG] Expired Token",""
"skipped","Wed Jul 29 03:10:52 UTC 2026","Wed Jul 29 03:10:52 UTC 2026","0","7. Team Pegasus | Pegasus Staging","Business Scenarios Tests","Supplier Registration","WLW - Lead create and update","","leads/{lead_id} - Update a lead",""
"failed","Wed Jul 29 03:13:07 UTC 2026","Wed Jul 29 03:13:07 UTC 2026","13","1.1 Team Hummingbird - BFF | WLW app","Technical Tests","conversation-controller","GET /public_api/conversation/userConversations/{conversationId}/file/ [NEG] Expired Token","","GET /public_api/conversation/userConversations/{conversationId}/file/ [NEG] Expired Token",""
"broken","Wed Jul 29 03:14:21 UTC 2026","Wed Jul 29 03:14:41 UTC 2026","20022","Dolphin","Technical","","","recallLongQueryTruncationTest","AI Search recall: long query truncated, still success",""
"passed","Wed Jul 29 03:17:24 UTC 2026","Wed Jul 29 03:17:25 UTC 2026","469","4. Team CRM |CRM Staging","Business Scenarios Tests","Lead","Smoke test for Conversion","","Smoke test for Conversion",""
"passed","Wed Jul 29 03:13:05 UTC 2026","Wed Jul 29 03:13:05 UTC 2026","33","1.1 Team Hummingbird - BFF | WLW app","Technical Tests","conversation-controller","POST /public_api/conversation/userConversations/{conversationId}/messages/file [NEG] Forbidden Role Token","","POST /public_api/conversation/userConversations/{conversationId}/messages/file [NEG] Forbidden Role Token",""
"passed","Wed Jul 29 03:12:50 UTC 2026","Wed Jul 29 03:12:50 UTC 2026","16","1.1 Team Hummingbird - BFF | WLW app","Endpoint tests","Mobile_Feedback","Feedback Subject_EN","","Feedback Subject_EN",""
"failed","Wed Jul 29 03:13:19 UTC 2026","Wed Jul 29 03:13:19 UTC 2026","14","1.1 Team Hummingbird - BFF | WLW app","Technical Tests","push-notification-by-email-controller","PUT /v1/pushNotification","","PUT /v1/pushNotification",""
"skipped","Wed Jul 29 03:16:26 UTC 2026","Wed Jul 29 03:16:26 UTC 2026","0","3 Team Techno - UCL","Technical Tests","TopRanking","GET /unified_commercial_logic/internal_api/api/top_ranking_v1 - Retrieve TopRankingV1 List","","GET /unified_commercial_logic/internal_api/api/top_ranking_v1 - Retrieve TopRankingV1 List",""
"broken","Wed Jul 29 03:18:01 UTC 2026","Wed Jul 29 03:18:21 UTC 2026","20022","Dolphin","Functional","","","recallTopRankingScenarioTest","AI Search recall: wlw-staging.de cnc top-ranking scenario",""
"passed","Wed Jul 29 03:17:18 UTC 2026","Wed Jul 29 03:17:19 UTC 2026","92","4. Team CRM |CRM Staging","Business Scenarios Tests","Tasks","Verify Change","","Verify Change",""
"failed","Wed Jul 29 03:13:22 UTC 2026","Wed Jul 29 03:13:22 UTC 2026","13","1.1 Team Hummingbird - BFF | WLW app","Technical Tests","search-controller","GET /public_api/search [NEG] Expired Token","","GET /public_api/search [NEG] Expired Token",""
"passed","Wed Jul 29 03:12:48 UTC 2026","Wed Jul 29 03:12:49 UTC 2026","819","1.1 Team Hummingbird - BFF | WLW app","Endpoint tests","Login","user Info","","user Info",""
"skipped","Wed Jul 29 03:16:26 UTC 2026","Wed Jul 29 03:16:26 UTC 2026","0","3 Team Techno - UCL","Technical Tests","GoogleAd","GET /unified_commercial_logic/internal_api/api/google_ad/ - Retrieve GoogleAd List","","GET /unified_commercial_logic/internal_api/api/google_ad/ - Retrieve GoogleAd List",""
"passed","Wed Jul 29 03:13:01 UTC 2026","Wed Jul 29 03:13:01 UTC 2026","35","1.1 Team Hummingbird - BFF | WLW app","Technical Tests","conversation-controller","PUT /public_api/conversation/userConversations/{conversationId}/tag","","PUT /public_api/conversation/userConversations/{conversationId}/tag",""
"passed","Wed Jul 29 03:20:27 UTC 2026","Wed Jul 29 03:20:28 UTC 2026","1301","Dolphin","Technical","","","productTextSearchMalformedRawQueryStructTest","AI product text search recall: malformed rawQueryStruct still success",""
"failed","Wed Jul 29 03:13:06 UTC 2026","Wed Jul 29 03:13:06 UTC 2026","12","1.1 Team Hummingbird - BFF | WLW app","Technical Tests","conversation-controller","GET /public_api/conversation/userConversations/{userId}/unreadCount/ [NEG] Missing Auth/API-Key","","GET /public_api/conversation/userConversations/{userId}/unreadCount/ [NEG] Missing Auth/API-Key",""
"passed","Wed Jul 29 03:20:39 UTC 2026","Wed Jul 29 03:20:39 UTC 2026","44","Dolphin","Technical","","","getCategoryListWlwTest","v-recommend category list -- wlw, full categories",""
"skipped","Wed Jul 29 03:10:52 UTC 2026","Wed Jul 29 03:10:52 UTC 2026","0","7. Team Pegasus | Pegasus Staging","Business Scenarios Tests","Supplier Facts","API register, publish, and verify in UI","","5. UI login reminder",""
"skipped","Wed Jul 29 03:10:52 UTC 2026","Wed Jul 29 03:10:52 UTC 2026","0","7. Team Pegasus | Pegasus Staging","Business Scenarios Tests","Business Insights","Dashboard smoke flow","","Traffic",""
"broken","Wed Jul 29 03:11:40 UTC 2026","Wed Jul 29 03:12:00 UTC 2026","20021","Dolphin","Technical","","","inferenceTest","AI Search inference API (SSE stream)",""
"passed","Wed Jul 29 03:13:29 UTC 2026","Wed Jul 29 03:13:29 UTC 2026","34","1.1 Team Hummingbird - BFF | WLW app","Technical Tests","trending-products-controller","GET /public_api/trending/notifications [NEG] Expired Token","","GET /public_api/trending/notifications [NEG] Expired Token",""
"passed","Wed Jul 29 03:12:06 UTC 2026","Wed Jul 29 03:12:06 UTC 2026","190","Arise","Technical","","","skwd","skwd",""
"passed","Wed Jul 29 03:17:18 UTC 2026","Wed Jul 29 03:17:19 UTC 2026","479","4. Team CRM |CRM Staging","Business Scenarios Tests","Tasks","Change  Assigned To","","Change  Assigned To",""
"passed","Wed Jul 29 03:17:23 UTC 2026","Wed Jul 29 03:17:24 UTC 2026","359","4. Team CRM |CRM Staging","Business Scenarios Tests","Lead","Lead-duplicateCheck - with dulicates","","Lead-duplicateCheck - with dulicates",""
"failed","Wed Jul 29 03:12:01 UTC 2026","Wed Jul 29 03:12:01 UTC 2026","117","2 Team Dragon - BFF | RFQ Backend","Functional Tests","(root)","POST /v1/rfqs/{rfqId}/respond - Success","","POST /v1/rfqs/{rfqId}/respond - Success",""
"passed","Wed Jul 29 03:17:19 UTC 2026","Wed Jul 29 03:17:19 UTC 2026","136","4. Team CRM |CRM Staging","Business Scenarios Tests","Contacts","Check Contact","","Check Contact",""
"passed","Wed Jul 29 03:12:53 UTC 2026","Wed Jul 29 03:12:53 UTC 2026","20","1.1 Team Hummingbird - BFF | WLW app","Endpoint tests","Homepage, products","categories/homepage","","categories/homepage",""
"passed","Wed Jul 29 03:17:25 UTC 2026","Wed Jul 29 03:17:28 UTC 2026","3017","4. Team CRM |CRM Staging","Business Scenarios Tests","Contacts","Create Contact","","Create Contact",""
"failed","Wed Jul 29 03:13:00 UTC 2026","Wed Jul 29 03:13:00 UTC 2026","11","1.1 Team Hummingbird - BFF | WLW app","Technical Tests","company-controller","GET /public_api/suppliers/{companyID}/listings [NEG] Expired Token","","GET /public_api/suppliers/{companyID}/listings [NEG] Expired Token",""
"passed","Wed Jul 29 03:17:21 UTC 2026","Wed Jul 29 03:17:26 UTC 2026","5281","4. Team CRM |CRM Staging","Business Scenarios Tests","Account","Account for Contact","","Account for Contact",""
"skipped","Wed Jul 29 03:16:26 UTC 2026","Wed Jul 29 03:16:26 UTC 2026","0","3 Team Techno - UCL","Technical Tests","Membership","GET /unified_commercial_logic/internal_api/api/membership/platform-profile-status/{sfuuid} - getStatus By SFUUID","","GET /unified_commercial_logic/internal_api/api/membership/platform-profile-status/{sfuuid} - getStatus By SFUUID",""
"passed","Wed Jul 29 03:13:13 UTC 2026","Wed Jul 29 03:13:13 UTC 2026","38","1.1 Team Hummingbird - BFF | WLW app","Technical Tests","login-controller","POST /public_api/auth/registration [NEG] Forbidden Role Token","","POST /public_api/auth/registration [NEG] Forbidden Role Token",""
"passed","Wed Jul 29 03:13:29 UTC 2026","Wed Jul 29 03:13:30 UTC 2026","34","1.1 Team Hummingbird - BFF | WLW app","Technical Tests","user-controller","PUT /public_api/user/userInfo [NEG] Expired Token","","PUT /public_api/user/userInfo [NEG] Expired Token",""
"broken","Wed Jul 29 03:10:58 UTC 2026","Wed Jul 29 03:10:59 UTC 2026","481","Bamboo","Technical","","","findCategoryByIdTest","findCategoryById",""
"skipped","Wed Jul 29 03:10:52 UTC 2026","Wed Jul 29 03:10:52 UTC 2026","0","7. Team Pegasus | Pegasus Staging","Endpoints Tests","Business Insights","Sister platform","","Sister platform",""
"passed","Wed Jul 29 03:17:22 UTC 2026","Wed Jul 29 03:17:23 UTC 2026","158","4. Team CRM |CRM Staging","Business Scenarios Tests","Create and edit a contact","Check Contact","","Check Contact",""
"passed","Wed Jul 29 03:12:56 UTC 2026","Wed Jul 29 03:12:56 UTC 2026","35","1.1 Team Hummingbird - BFF | WLW app","Technical Tests","ai-company-search-controller","POST /public_api/search/ai/supplier/recall [NEG] Forbidden Role Token","","POST /public_api/search/ai/supplier/recall [NEG] Forbidden Role Token",""
"passed","Wed Jul 29 03:13:05 UTC 2026","Wed Jul 29 03:13:05 UTC 2026","35","1.1 Team Hummingbird - BFF | WLW app","Technical Tests","conversation-controller","GET /public_api/conversation/userConversations [SEC] Injection Probe","","GET /public_api/conversation/userConversations [SEC] Injection Probe",""
"passed","Wed Jul 29 03:12:49 UTC 2026","Wed Jul 29 03:12:49 UTC 2026","82","1.1 Team Hummingbird - BFF | WLW app","Endpoint tests","User settings","user setting","","user setting",""
"passed","Wed Jul 29 03:12:05 UTC 2026","Wed Jul 29 03:12:05 UTC 2026","115","1 Team Hummingbird - BFF | EP app","Endpoint tests","Conversations","translate message","","translate message",""
"skipped","Wed Jul 29 03:16:26 UTC 2026","Wed Jul 29 03:16:26 UTC 2026","0","3 Team Techno - UCL","Technical Tests","Organization","GET /unified_commercial_logic/internal_api/api/organization/{id} - Retrieve Organization By ID","","GET /unified_commercial_logic/internal_api/api/organization/{id} - Retrieve Organization By ID",""
"passed","Wed Jul 29 03:17:27 UTC 2026","Wed Jul 29 03:17:28 UTC 2026","154","4. Team CRM |CRM Staging","Endpoints Tests","(root)","update SF","","update SF",""
"passed","Wed Jul 29 03:12:03 UTC 2026","Wed Jul 29 03:12:03 UTC 2026","147","1 Team Hummingbird - BFF | EP app","Endpoint tests","Homepage, products","product recommendations DE","","product recommendations DE",""
"passed","Wed Jul 29 03:11:59 UTC 2026","Wed Jul 29 03:11:59 UTC 2026","17","1 Team Hummingbird - BFF | EP app","Endpoint tests","User settings","push-notification-by-email-controller","","push-notification-by-email-controller",""
"passed","Wed Jul 29 03:12:52 UTC 2026","Wed Jul 29 03:12:52 UTC 2026","54","1.1 Team Hummingbird - BFF | WLW app","Endpoint tests","Search","search autoComplete DE","","search autoComplete DE",""
"skipped","Wed Jul 29 03:10:52 UTC 2026","Wed Jul 29 03:10:52 UTC 2026","0","7. Team Pegasus | Pegasus Staging","Business Scenarios Tests","Supplier Facts","Company create and update for UI","","Create company",""
"skipped","Wed Jul 29 03:10:52 UTC 2026","Wed Jul 29 03:10:52 UTC 2026","0","7. Team Pegasus | Pegasus Staging","Business Scenarios Tests","Supplier Facts","API register, publish, and verify in UI","","4. Publish company (PATCH supplier-facts)",""
"passed","Wed Jul 29 03:13:30 UTC 2026","Wed Jul 29 03:13:30 UTC 2026","32","1.1 Team Hummingbird - BFF | WLW app","Technical Tests","user-controller","PUT /public_api/user/userInfo [NEG] Forbidden Role Token","","PUT /public_api/user/userInfo [NEG] Forbidden Role Token",""
"failed","Wed Jul 29 03:13:05 UTC 2026","Wed Jul 29 03:13:05 UTC 2026","12","1.1 Team Hummingbird - BFF | WLW app","Technical Tests","conversation-controller","GET /public_api/conversation/userConversations/{userId}/unreadCount","","GET /public_api/conversation/userConversations/{userId}/unreadCount",""
"passed","Wed Jul 29 03:12:57 UTC 2026","Wed Jul 29 03:12:58 UTC 2026","49","1.1 Team Hummingbird - BFF | WLW app","Technical Tests","ai-company-search-controller","POST /public_api/search/ai/company/search [NEG] Expired Token","","POST /public_api/search/ai/company/search [NEG] Expired Token",""
"passed","Wed Jul 29 03:12:56 UTC 2026","Wed Jul 29 03:12:56 UTC 2026","16","1.1 Team Hummingbird - BFF | WLW app","Technical Tests","ab-test-record-controller","POST /public_api/abtest/record [NEG] Missing Auth/API-Key","","POST /public_api/abtest/record [NEG] Missing Auth/API-Key",""
"passed","Wed Jul 29 03:13:25 UTC 2026","Wed Jul 29 03:13:26 UTC 2026","34","1.1 Team Hummingbird - BFF | WLW app","Technical Tests","search-term-controller","PUT /public_api/search/notification-opened [NEG] Forbidden Role Token","","PUT /public_api/search/notification-opened [NEG] Forbidden Role Token",""
"passed","Wed Jul 29 03:12:51 UTC 2026","Wed Jul 29 03:12:51 UTC 2026","59","1.1 Team Hummingbird - BFF | WLW app","Endpoint tests","Company","search company products","","search company products",""
"failed","Wed Jul 29 03:13:18 UTC 2026","Wed Jul 29 03:13:18 UTC 2026","14","1.1 Team Hummingbird - BFF | WLW app","Technical Tests","purchaser-user-setting-controller","GET /userSetting","","GET /userSetting",""
"failed","Wed Jul 29 03:12:58 UTC 2026","Wed Jul 29 03:12:58 UTC 2026","11","1.1 Team Hummingbird - BFF | WLW app","Technical Tests","categories-controller","GET /preferred/categories [NEG] Missing Auth/API-Key","","GET /preferred/categories [NEG] Missing Auth/API-Key",""
"passed","Wed Jul 29 03:12:02 UTC 2026","Wed Jul 29 03:12:03 UTC 2026","1187","1 Team Hummingbird - BFF | EP app","Endpoint tests","Search","search companies, EN","","search companies, EN",""
"skipped","Wed Jul 29 03:10:52 UTC 2026","Wed Jul 29 03:10:52 UTC 2026","0","7. Team Pegasus | Pegasus Staging","Business Scenarios Tests","Business Insights","Dashboard smoke flow","","Visitors",""
"passed","Wed Jul 29 03:12:02 UTC 2026","Wed Jul 29 03:12:02 UTC 2026","5","2 Team Dragon - BFF | RFQ Backend","Technical Tests","(root)","GET /v1/user - User Info + Roles + Negative Auth","","GET /v1/user - User Info + Roles + Negative Auth",""
"passed","Wed Jul 29 03:13:21 UTC 2026","Wed Jul 29 03:13:21 UTC 2026","30","1.1 Team Hummingbird - BFF | WLW app","Technical Tests","rfq-controller","POST /public_api/connect/purchaser/tenders/ [NEG] Expired Token","","POST /public_api/connect/purchaser/tenders/ [NEG] Expired Token",""
"failed","Wed Jul 29 03:13:17 UTC 2026","Wed Jul 29 03:13:17 UTC 2026","13","1.1 Team Hummingbird - BFF | WLW app","Technical Tests","purchaser-support-controller","GET /support-faq [NEG] Missing Auth/API-Key","","GET /support-faq [NEG] Missing Auth/API-Key",""
"failed","Wed Jul 29 03:13:25 UTC 2026","Wed Jul 29 03:13:25 UTC 2026","13","1.1 Team Hummingbird - BFF | WLW app","Technical Tests","search-controller","GET /public_api/categories/recommendations [NEG] Forbidden Role Token","","GET /public_api/categories/recommendations [NEG] Forbidden Role Token",""
"failed","Wed Jul 29 03:13:15 UTC 2026","Wed Jul 29 03:13:15 UTC 2026","14","1.1 Team Hummingbird - BFF | WLW app","Technical Tests","product-controller","GET /public_api/products [NEG] Forbidden Role Token","","GET /public_api/products [NEG] Forbidden Role Token",""
"failed","Wed Jul 29 03:12:51 UTC 2026","Wed Jul 29 03:12:51 UTC 2026","34","1.1 Team Hummingbird - BFF | WLW app","Endpoint tests","Company","Company ID FR","","Company ID FR",""
"skipped","Wed Jul 29 03:10:52 UTC 2026","Wed Jul 29 03:10:52 UTC 2026","0","7. Team Pegasus | Pegasus Staging","Business Scenarios Tests","Visitors","Statistics visitor drill-down","","CSV creation",""
"passed","Wed Jul 29 03:12:00 UTC 2026","Wed Jul 29 03:12:00 UTC 2026","34","1 Team Hummingbird - BFF | EP app","Endpoint tests","Mobile_Feedback","Feedback Subject_DE","","Feedback Subject_DE",""
"passed","Wed Jul 29 03:17:26 UTC 2026","Wed Jul 29 03:17:28 UTC 2026","1144","4. Team CRM |CRM Staging","Business Scenarios Tests","Calls","Smoke test for call","","Smoke test for call",""
"failed","Wed Jul 29 03:13:27 UTC 2026","Wed Jul 29 03:13:27 UTC 2026","12","1.1 Team Hummingbird - BFF | WLW app","Technical Tests","supplier-visitors-controller","GET /public_api/suppliers/{supplier_id}/visits/csv [NEG] Expired Token","","GET /public_api/suppliers/{supplier_id}/visits/csv [NEG] Expired Token",""
"passed","Wed Jul 29 03:12:59 UTC 2026","Wed Jul 29 03:12:59 UTC 2026","37","1.1 Team Hummingbird - BFF | WLW app","Technical Tests","categories-controller","PUT /preferred/categories [SEC] Injection Probe","","PUT /preferred/categories [SEC] Injection Probe",""
"failed","Wed Jul 29 03:13:05 UTC 2026","Wed Jul 29 03:13:05 UTC 2026","12","1.1 Team Hummingbird - BFF | WLW app","Technical Tests","conversation-controller","GET /public_api/conversation/userConversations/{userId}/unreadCount [NEG] Missing Auth/API-Key","","GET /public_api/conversation/userConversations/{userId}/unreadCount [NEG] Missing Auth/API-Key",""
"passed","Wed Jul 29 03:13:13 UTC 2026","Wed Jul 29 03:13:13 UTC 2026","21","1.1 Team Hummingbird - BFF | WLW app","Technical Tests","login-controller","POST /public_api/auth/code/verify [NEG] Missing Auth/API-Key","","POST /public_api/auth/code/verify [NEG] Missing Auth/API-Key",""
"skipped","Wed Jul 29 03:10:52 UTC 2026","Wed Jul 29 03:10:52 UTC 2026","0","7. Team Pegasus | Pegasus Staging","Endpoints Tests","Supplier Registration","One Platform — User Profile API","","Get Profile by ID",""
"skipped","Wed Jul 29 03:10:52 UTC 2026","Wed Jul 29 03:10:52 UTC 2026","0","7. Team Pegasus | Pegasus Staging","Endpoints Tests","Supplier Registration","EP","","email/check - Validate email domain for a specified country",""
"skipped","Wed Jul 29 03:16:26 UTC 2026","Wed Jul 29 03:16:26 UTC 2026","0","3 Team Techno - UCL","Technical Tests","SponsoredBrand","GET /unified_commercial_logic/internal_api/api/sponsored_brand_v1/ - Retrieve SponsoredBrandV1 List","","GET /unified_commercial_logic/internal_api/api/sponsored_brand_v1/ - Retrieve SponsoredBrandV1 List",""
"passed","Wed Jul 29 03:17:21 UTC 2026","Wed Jul 29 03:17:32 UTC 2026","11281","4. Team CRM |CRM Staging","Business Scenarios Tests","Account","Contact for Account","","Contact for Account",""
"passed","Wed Jul 29 03:20:31 UTC 2026","Wed Jul 29 03:20:32 UTC 2026","733","Dolphin","Technical","","","productTextSearchPageZeroTest","AI product text search recall: page=0 normalized",""
"broken","Wed Jul 29 03:11:40 UTC 2026","Wed Jul 29 03:12:00 UTC 2026","20021","Dolphin","Functional","","","inferenceTest","AI Search inference API (SSE stream)",""
"passed","Wed Jul 29 03:13:10 UTC 2026","Wed Jul 29 03:13:10 UTC 2026","34","1.1 Team Hummingbird - BFF | WLW app","Technical Tests","feedback-controller","GET /feedback/subject [NEG] Expired Token","","GET /feedback/subject [NEG] Expired Token",""
"passed","Wed Jul 29 03:17:21 UTC 2026","Wed Jul 29 03:17:26 UTC 2026","5281","4. Team CRM |CRM Staging","Business Scenarios Tests","Account","Account for Contact","","Account for Contact",""
"failed","Wed Jul 29 03:12:54 UTC 2026","Wed Jul 29 03:12:54 UTC 2026","65","1.1 Team Hummingbird - BFF | WLW app","Endpoint tests","Conversations","File","","File",""
"failed","Wed Jul 29 03:12:57 UTC 2026","Wed Jul 29 03:12:57 UTC 2026","15","1.1 Team Hummingbird - BFF | WLW app","Technical Tests","ai-company-search-controller","GET /public_api/search/ai/company/search [NEG] Expired Token","","GET /public_api/search/ai/company/search [NEG] Expired Token",""
"passed","Wed Jul 29 03:17:27 UTC 2026","Wed Jul 29 03:17:28 UTC 2026","1153","4. Team CRM |CRM Staging","Business Scenarios Tests","Meetings","Smoke Test for Meeting","","Smoke Test for Meeting",""
"passed","Wed Jul 29 03:12:55 UTC 2026","Wed Jul 29 03:12:56 UTC 2026","995","1.1 Team Hummingbird - BFF | WLW app","Endpoint tests","Conversations","decline QDR","","decline QDR",""
"failed","Wed Jul 29 03:17:20 UTC 2026","Wed Jul 29 03:17:25 UTC 2026","4702","4. Team CRM |CRM Staging","Business Scenarios Tests","Account","Smoke Test Basic Account Creation","","Smoke Test Basic Account Creation",""
"passed","Wed Jul 29 03:20:25 UTC 2026","Wed Jul 29 03:20:27 UTC 2026","1481","Dolphin","Technical","","","productTextSearchLongQueryTest","AI product text search recall: long query truncated",""
"passed","Wed Jul 29 03:12:49 UTC 2026","Wed Jul 29 03:12:49 UTC 2026","24","1.1 Team Hummingbird - BFF | WLW app","Endpoint tests","Support","FAQ Alibaba","","FAQ Alibaba",""
"passed","Wed Jul 29 03:13:19 UTC 2026","Wed Jul 29 03:13:19 UTC 2026","33","1.1 Team Hummingbird - BFF | WLW app","Technical Tests","purchaser-user-setting-controller","POST /userSetting [NEG] Expired Token","","POST /userSetting [NEG] Expired Token",""
"passed","Wed Jul 29 03:13:10 UTC 2026","Wed Jul 29 03:13:10 UTC 2026","21","1.1 Team Hummingbird - BFF | WLW app","Technical Tests","feedback-controller","POST /feedback [NEG] Missing Auth/API-Key","","POST /feedback [NEG] Missing Auth/API-Key",""
"skipped","Wed Jul 29 03:10:52 UTC 2026","Wed Jul 29 03:10:52 UTC 2026","0","7. Team Pegasus | Pegasus Staging","Business Scenarios Tests","Visitors","Statistics visitor drill-down","","Countries",""
"passed","Wed Jul 29 03:13:20 UTC 2026","Wed Jul 29 03:13:20 UTC 2026","24","1.1 Team Hummingbird - BFF | WLW app","Technical Tests","rfq-controller","POST /public_api/connect/purchaser/tenders [NEG] Missing Auth/API-Key","","POST /public_api/connect/purchaser/tenders [NEG] Missing Auth/API-Key",""
"passed","Wed Jul 29 03:12:01 UTC 2026","Wed Jul 29 03:12:01 UTC 2026","126","2 Team Dragon - BFF | RFQ Backend","Functional Tests","(root)","POST /v1/rfqs/{rfqId}/respond - Error Case (400)","","POST /v1/rfqs/{rfqId}/respond - Error Case (400)",""
"passed","Wed Jul 29 03:13:09 UTC 2026","Wed Jul 29 03:13:09 UTC 2026","34","1.1 Team Hummingbird - BFF | WLW app","Technical Tests","euro-pages-controller","PUT /public_api/euro-pages/auth/delete","","PUT /public_api/euro-pages/auth/delete",""
"passed","Wed Jul 29 03:13:01 UTC 2026","Wed Jul 29 03:13:01 UTC 2026","48","1.1 Team Hummingbird - BFF | WLW app","Technical Tests","contact-form-controller","POST /public_api/contact-form/messages","","POST /public_api/contact-form/messages",""
"passed","Wed Jul 29 03:12:01 UTC 2026","Wed Jul 29 03:12:01 UTC 2026","264","1 Team Hummingbird - BFF | EP app","Endpoint tests","Company","Companies / products DE","","Companies / products DE",""
"failed","Wed Jul 29 03:17:24 UTC 2026","Wed Jul 29 03:17:25 UTC 2026","950","4. Team CRM |CRM Staging","Business Scenarios Tests","Lead","Update a Lead","","Update a Lead",""
"failed","Wed Jul 29 03:13:03 UTC 2026","Wed Jul 29 03:13:03 UTC 2026","13","1.1 Team Hummingbird - BFF | WLW app","Technical Tests","conversation-controller","GET /public_api/conversation/userConversations/{conversationId}/messages","","GET /public_api/conversation/userConversations/{conversationId}/messages",""
"failed","Wed Jul 29 03:13:20 UTC 2026","Wed Jul 29 03:13:20 UTC 2026","15","1.1 Team Hummingbird - BFF | WLW app","Technical Tests","push-notification-by-email-controller","PUT /v1/pushNotification [SEC] Injection Probe","","PUT /v1/pushNotification [SEC] Injection Probe",""
"passed","Wed Jul 29 03:13:12 UTC 2026","Wed Jul 29 03:13:12 UTC 2026","34","1.1 Team Hummingbird - BFF | WLW app","Technical Tests","login-controller","POST /public_api/auth/sso/login [NEG] Expired Token","","POST /public_api/auth/sso/login [NEG] Expired Token",""
"passed","Wed Jul 29 03:17:24 UTC 2026","Wed Jul 29 03:17:25 UTC 2026","469","4. Team CRM |CRM Staging","Business Scenarios Tests","Lead","Smoke test for Conversion","","Smoke test for Conversion",""
"failed","Wed Jul 29 03:13:19 UTC 2026","Wed Jul 29 03:13:19 UTC 2026","13","1.1 Team Hummingbird - BFF | WLW app","Technical Tests","push-notification-by-email-controller","GET /v1/pushNotification [NEG] Expired Token","","GET /v1/pushNotification [NEG] Expired Token",""
"broken","Wed Jul 29 03:12:40 UTC 2026","Wed Jul 29 03:13:00 UTC 2026","20023","Dolphin","Technical","","","pvMatchTest","AI Search PV match (supplierAiMatch) API",""
"skipped","Wed Jul 29 03:10:52 UTC 2026","Wed Jul 29 03:10:52 UTC 2026","0","7. Team Pegasus | Pegasus Staging","Business Scenarios Tests","Business Insights","Dashboard smoke flow","","Admin BI",""
"passed","Wed Jul 29 03:17:29 UTC 2026","Wed Jul 29 03:17:30 UTC 2026","259","4. Team CRM |CRM Staging","Endpoints Tests","(root)","Update WLW Connect Counters with id","","Update WLW Connect Counters with id",""
"passed","Wed Jul 29 03:20:29 UTC 2026","Wed Jul 29 03:20:30 UTC 2026","1491","Dolphin","Technical","","","productTextSearchPageSizeCapTest","AI product text search recall: pageSize over max capped",""
"failed","Wed Jul 29 03:12:51 UTC 2026","Wed Jul 29 03:12:51 UTC 2026","137","1.1 Team Hummingbird - BFF | WLW app","Endpoint tests","Company","Companies / products EN","","Companies / products EN",""
"passed","Wed Jul 29 03:13:11 UTC 2026","Wed Jul 29 03:13:11 UTC 2026","31","1.1 Team Hummingbird - BFF | WLW app","Technical Tests","login-controller","POST /public_api/auth/sso/login","","POST /public_api/auth/sso/login",""
"failed","Wed Jul 29 03:12:53 UTC 2026","Wed Jul 29 03:12:54 UTC 2026","317","1.1 Team Hummingbird - BFF | WLW app","Endpoint tests","Contact request","Other request","","Other request",""
"skipped","Wed Jul 29 03:10:52 UTC 2026","Wed Jul 29 03:10:52 UTC 2026","0","7. Team Pegasus | Pegasus Staging","Endpoints Tests","Supplier Registration","Manual VAT check","","vat/check - Validate VAT number",""
"passed","Wed Jul 29 03:17:27 UTC 2026","Wed Jul 29 03:17:27 UTC 2026","250","4. Team CRM |CRM Staging","Endpoints Tests","(root)","duplicate records","","duplicate records",""
"passed","Wed Jul 29 03:12:49 UTC 2026","Wed Jul 29 03:12:49 UTC 2026","97","1.1 Team Hummingbird - BFF | WLW app","Endpoint tests","User settings","user setting","","user setting",""
"passed","Wed Jul 29 03:17:28 UTC 2026","Wed Jul 29 03:17:29 UTC 2026","480","4. Team CRM |CRM Staging","Endpoints Tests","(root)","trigger from SF Platform Profile","","trigger from SF Platform Profile",""
"broken","Wed Jul 29 03:15:21 UTC 2026","Wed Jul 29 03:15:41 UTC 2026","20023","Dolphin","Technical","","","recallPageSizeOverMaxTest","AI Search recall: pageSize over max capped",""
"passed","Wed Jul 29 03:13:28 UTC 2026","Wed Jul 29 03:13:28 UTC 2026","17","1.1 Team Hummingbird - BFF | WLW app","Technical Tests","trending-products-controller","POST /public_api/trending/import [NEG] Missing Auth/API-Key","","POST /public_api/trending/import [NEG] Missing Auth/API-Key",""
"failed","Wed Jul 29 03:13:23 UTC 2026","Wed Jul 29 03:13:23 UTC 2026","14","1.1 Team Hummingbird - BFF | WLW app","Technical Tests","search-controller","GET /public_api/search/ai/termRecommend","","GET /public_api/search/ai/termRecommend",""
"passed","Wed Jul 29 03:13:09 UTC 2026","Wed Jul 29 03:13:09 UTC 2026","32","1.1 Team Hummingbird - BFF | WLW app","Technical Tests","euro-pages-controller","PUT /public_api/euro-pages/auth/delete [NEG] Expired Token","","PUT /public_api/euro-pages/auth/delete [NEG] Expired Token",""
"broken","Wed Jul 29 03:15:41 UTC 2026","Wed Jul 29 03:16:01 UTC 2026","20021","Dolphin","Technical","","","recallPageSizeZeroNormalizedTest","AI Search recall: pageSize=0 normalized to default",""
"passed","Wed Jul 29 03:13:09 UTC 2026","Wed Jul 29 03:13:09 UTC 2026","32","1.1 Team Hummingbird - BFF | WLW app","Technical Tests","euro-pages-controller","DELETE /public_api/euro-pages/auth/delete","","DELETE /public_api/euro-pages/auth/delete",""
"passed","Wed Jul 29 03:13:06 UTC 2026","Wed Jul 29 03:13:06 UTC 2026","32","1.1 Team Hummingbird - BFF | WLW app","Technical Tests","conversation-controller","GET /public_api/conversation/userConversations/{userId}/unreadCount/ [SEC] Injection Probe","","GET /public_api/conversation/userConversations/{userId}/unreadCount/ [SEC] Injection Probe",""
"passed","Wed Jul 29 03:13:11 UTC 2026","Wed Jul 29 03:13:11 UTC 2026","32","1.1 Team Hummingbird - BFF | WLW app","Technical Tests","inside-business-controller","GET /public_api/inside_business [NEG] Expired Token","","GET /public_api/inside_business [NEG] Expired Token",""
"passed","Wed Jul 29 03:13:13 UTC 2026","Wed Jul 29 03:13:13 UTC 2026","65","1.1 Team Hummingbird - BFF | WLW app","Technical Tests","login-controller","POST /public_api/auth/registration","","POST /public_api/auth/registration",""
"skipped","Wed Jul 29 03:10:52 UTC 2026","Wed Jul 29 03:10:52 UTC 2026","0","7. Team Pegasus | Pegasus Staging","Endpoints Tests","Shop Import & Onboarding Backend","/offers/topCategories","","/offers/topCategories",""
"passed","Wed Jul 29 03:13:11 UTC 2026","Wed Jul 29 03:13:11 UTC 2026","34","1.1 Team Hummingbird - BFF | WLW app","Technical Tests","help-and-support-controller","POST /help","","POST /help",""
"failed","Wed Jul 29 03:17:20 UTC 2026","Wed Jul 29 03:17:25 UTC 2026","4702","4. Team CRM |CRM Staging","Business Scenarios Tests","Account","Smoke Test Basic Account Creation","","Smoke Test Basic Account Creation",""
"passed","Wed Jul 29 03:12:59 UTC 2026","Wed Jul 29 03:12:59 UTC 2026","36","1.1 Team Hummingbird - BFF | WLW app","Technical Tests","categories-controller","GET /public_api/categories/homepage","","GET /public_api/categories/homepage",""
"passed","Wed Jul 29 03:13:02 UTC 2026","Wed Jul 29 03:13:03 UTC 2026","34","1.1 Team Hummingbird - BFF | WLW app","Technical Tests","conversation-controller","PUT /public_api/conversation/userConversations/{conversationId}/decline [NEG] Expired Token","","PUT /public_api/conversation/userConversations/{conversationId}/decline [NEG] Expired Token",""
"skipped","Wed Jul 29 03:16:26 UTC 2026","Wed Jul 29 03:16:26 UTC 2026","0","3 Team Techno - UCL","Functional Tests","Endpoint Tests","Retargeting","","get active retargeting for the given uuid",""
"passed","Wed Jul 29 03:20:35 UTC 2026","Wed Jul 29 03:20:35 UTC 2026","789","Dolphin","Technical","","","productTextSearchSortTest","AI product text search recall: alternate sort",""
"passed","Wed Jul 29 03:13:27 UTC 2026","Wed Jul 29 03:13:27 UTC 2026","36","1.1 Team Hummingbird - BFF | WLW app","Technical Tests","supplier-visitors-controller","GET /public_api/suppliers/{supplier_id}/visits/{id} [NEG] Forbidden Role Token","","GET /public_api/suppliers/{supplier_id}/visits/{id} [NEG] Forbidden Role Token",""
"failed","Wed Jul 29 03:12:06 UTC 2026","Wed Jul 29 03:12:24 UTC 2026","18235","1 Team Hummingbird - BFF | EP app","Endpoint tests","Visitor profiler","csv get","","csv get",""
"passed","Wed Jul 29 03:13:16 UTC 2026","Wed Jul 29 03:13:17 UTC 2026","43","1.1 Team Hummingbird - BFF | WLW app","Technical Tests","purchaser-support-controller","GET /support-master-data [NEG] Missing Auth/API-Key","","GET /support-master-data [NEG] Missing Auth/API-Key",""
"passed","Wed Jul 29 03:11:59 UTC 2026","Wed Jul 29 03:11:59 UTC 2026","208","1 Team Hummingbird - BFF | EP app","Endpoint tests","User settings","user setting","","user setting",""
"passed","Wed Jul 29 03:20:22 UTC 2026","Wed Jul 29 03:20:24 UTC 2026","1489","Dolphin","Functional","","","productTextSearchCountryFilterTest","AI product text search recall: country filter DE",""
"passed","Wed Jul 29 03:12:49 UTC 2026","Wed Jul 29 03:12:49 UTC 2026","17","1.1 Team Hummingbird - BFF | WLW app","Endpoint tests","Support","Supportmasterdata_DE","","Supportmasterdata_DE",""
"passed","Wed Jul 29 03:12:48 UTC 2026","Wed Jul 29 03:12:48 UTC 2026","535","1.1 Team Hummingbird - BFF | WLW app","Endpoint tests","Login","native email login","","native email login",""
"passed","Wed Jul 29 03:20:39 UTC 2026","Wed Jul 29 03:20:39 UTC 2026","24","Dolphin","Functional","","","getLandingPageProductListTest","get Landing page Product List for seo",""
"skipped","Wed Jul 29 03:10:52 UTC 2026","Wed Jul 29 03:10:52 UTC 2026","0","7. Team Pegasus | Pegasus Staging","Business Scenarios Tests","Visitors","Statistics visitor drill-down","","Visitor details",""
"passed","Wed Jul 29 03:12:03 UTC 2026","Wed Jul 29 03:12:03 UTC 2026","190","1 Team Hummingbird - BFF | EP app","Endpoint tests","Homepage, products","product recommendations EN","","product recommendations EN",""
"passed","Wed Jul 29 03:12:51 UTC 2026","Wed Jul 29 03:12:51 UTC 2026","79","1.1 Team Hummingbird - BFF | WLW app","Endpoint tests","Company","Product ID","","Product ID",""
"passed","Wed Jul 29 03:13:09 UTC 2026","Wed Jul 29 03:13:09 UTC 2026","31","1.1 Team Hummingbird - BFF | WLW app","Technical Tests","euro-pages-controller","PUT /public_api/euro-pages/auth/delete [NEG] Forbidden Role Token","","PUT /public_api/euro-pages/auth/delete [NEG] Forbidden Role Token",""
"skipped","Wed Jul 29 03:10:52 UTC 2026","Wed Jul 29 03:10:52 UTC 2026","0","7. Team Pegasus | Pegasus Staging","Endpoints Tests","Business Insights","Scoring by uuid","","Scoring by uuid",""
"passed","Wed Jul 29 03:17:20 UTC 2026","Wed Jul 29 03:17:21 UTC 2026","1474","4. Team CRM |CRM Staging","Business Scenarios Tests","Account","Dunning level 1","","Dunning level 1",""
"passed","Wed Jul 29 03:13:08 UTC 2026","Wed Jul 29 03:13:08 UTC 2026","26","1.1 Team Hummingbird - BFF | WLW app","Technical Tests","dynamic-links-controller","POST /public_api/branchio/dynamiclink [NEG] Missing Auth/API-Key","","POST /public_api/branchio/dynamiclink [NEG] Missing Auth/API-Key",""
"failed","Wed Jul 29 03:12:58 UTC 2026","Wed Jul 29 03:12:58 UTC 2026","19","1.1 Team Hummingbird - BFF | WLW app","Technical Tests","ai-company-search-controller","GET /public_api/search/ai/company/stream/mock","","GET /public_api/search/ai/company/stream/mock",""
"passed","Wed Jul 29 03:12:02 UTC 2026","Wed Jul 29 03:12:02 UTC 2026","19","2 Team Dragon - BFF | RFQ Backend","Technical Tests","(root)","GET /v1/categories - CPV list (schema + contract)","","GET /v1/categories - CPV list (schema + contract)",""
"failed","Wed Jul 29 03:13:22 UTC 2026","Wed Jul 29 03:13:22 UTC 2026","13","1.1 Team Hummingbird - BFF | WLW app","Technical Tests","search-controller","GET /public_api/search/products [NEG] Forbidden Role Token","","GET /public_api/search/products [NEG] Forbidden Role Token",""
"passed","Wed Jul 29 03:20:37 UTC 2026","Wed Jul 29 03:20:38 UTC 2026","743","Dolphin","Technical","","","productTextSearchTopRankingScenarioTest","AI product text search recall: wlw-staging cnc top-ranking scenario",""
"passed","Wed Jul 29 03:13:08 UTC 2026","Wed Jul 29 03:13:08 UTC 2026","36","1.1 Team Hummingbird - BFF | WLW app","Technical Tests","currency-exchange-controller","GET /exchange/fetch-rates","","GET /exchange/fetch-rates",""
"passed","Wed Jul 29 03:13:17 UTC 2026","Wed Jul 29 03:13:17 UTC 2026","32","1.1 Team Hummingbird - BFF | WLW app","Technical Tests","purchaser-user-setting-controller","PUT /userSetting/{id}","","PUT /userSetting/{id}",""
"passed","Wed Jul 29 03:11:59 UTC 2026","Wed Jul 29 03:11:59 UTC 2026","54","1 Team Hummingbird - BFF | EP app","Endpoint tests","User settings","user setting","","user setting",""
"failed","Wed Jul 29 03:13:07 UTC 2026","Wed Jul 29 03:13:07 UTC 2026","13","1.1 Team Hummingbird - BFF | WLW app","Technical Tests","conversation-controller","GET /public_api/conversation/userConversations/{conversationId}/file/ [NEG] Missing Auth/API-Key","","GET /public_api/conversation/userConversations/{conversationId}/file/ [NEG] Missing Auth/API-Key",""
"broken","Wed Jul 29 03:13:00 UTC 2026","Wed Jul 29 03:13:20 UTC 2026","20018","Dolphin","Functional","","","recallAlternateSortTest","AI Search recall: alternate sort (order_num_desc)",""
"passed","Wed Jul 29 03:11:00 UTC 2026","Wed Jul 29 03:11:00 UTC 2026","41","Bamboo","Functional","","","listTopCategoriesTest","list top Categories",""
"passed","Wed Jul 29 03:17:26 UTC 2026","Wed Jul 29 03:17:28 UTC 2026","2214","4. Team CRM |CRM Staging","Business Scenarios Tests","Products","Update Product","","Update Product",""
"passed","Wed Jul 29 03:13:16 UTC 2026","Wed Jul 29 03:13:16 UTC 2026","35","1.1 Team Hummingbird - BFF | WLW app","Technical Tests","purchaser-support-controller","GET /support-master-data","","GET /support-master-data",""
"passed","Wed Jul 29 03:17:29 UTC 2026","Wed Jul 29 03:17:31 UTC 2026","1477","4. Team CRM |CRM Staging","Endpoints Tests","(root)","Create platform profile","","Create platform profile",""
"skipped","Wed Jul 29 03:10:52 UTC 2026","Wed Jul 29 03:10:52 UTC 2026","0","7. Team Pegasus | Pegasus Staging","Business Scenarios Tests","Supplier Facts","API register, publish, and verify in UI","","2. Complete registration (user + company)",""
"skipped","Wed Jul 29 03:17:18 UTC 2026","Wed Jul 29 03:17:18 UTC 2026","0","4. Team CRM |CRM Staging","Endpoints Tests","Users","Quotes","","Endpoints Tests / Users / Quotes - empty",""
"failed","Wed Jul 29 03:12:54 UTC 2026","Wed Jul 29 03:12:54 UTC 2026","346","1.1 Team Hummingbird - BFF | WLW app","Endpoint tests","Contact request","Product request","","Product request",""
"passed","Wed Jul 29 03:12:48 UTC 2026","Wed Jul 29 03:12:49 UTC 2026","499","1.1 Team Hummingbird - BFF | WLW app","Endpoint tests","Login","registration","","registration",""
"broken","Wed Jul 29 03:12:40 UTC 2026","Wed Jul 29 03:13:00 UTC 2026","20023","Dolphin","Functional","","","pvMatchTest","AI Search PV match (supplierAiMatch) API",""
"skipped","Wed Jul 29 03:16:26 UTC 2026","Wed Jul 29 03:16:26 UTC 2026","0","3 Team Techno - UCL","Technical Tests","TopRanking","GET /unified_commercial_logic/internal_api/api/top_ranking_v1/{id} - Retrieve TopRankingV1 By ID","","GET /unified_commercial_logic/internal_api/api/top_ranking_v1/{id} - Retrieve TopRankingV1 By ID",""
"failed","Wed Jul 29 03:13:28 UTC 2026","Wed Jul 29 03:13:28 UTC 2026","11","1.1 Team Hummingbird - BFF | WLW app","Technical Tests","trending-products-controller","GET /public_api/trending/products [SEC] Injection Probe","","GET /public_api/trending/products [SEC] Injection Probe",""
"passed","Wed Jul 29 03:12:00 UTC 2026","Wed Jul 29 03:12:00 UTC 2026","45","1 Team Hummingbird - BFF | EP app","Endpoint tests","Support","Support FAQ_FR","","Support FAQ_FR",""
"passed","Wed Jul 29 03:12:03 UTC 2026","Wed Jul 29 03:12:03 UTC 2026","176","1 Team Hummingbird - BFF | EP app","Endpoint tests","Homepage, products","product recommendations FR","","product recommendations FR",""
"skipped","Wed Jul 29 03:10:52 UTC 2026","Wed Jul 29 03:10:52 UTC 2026","0","7. Team Pegasus | Pegasus Staging","Endpoints Tests","Shop Import & Onboarding Backend","/offers - get offers","","/offers - get offers",""
"passed","Wed Jul 29 03:13:21 UTC 2026","Wed Jul 29 03:13:21 UTC 2026","32","1.1 Team Hummingbird - BFF | WLW app","Technical Tests","rfq-marketing-controller","POST /public_api/rfq-marketing/trigger [NEG] Forbidden Role Token","","POST /public_api/rfq-marketing/trigger [NEG] Forbidden Role Token",""
"failed","Wed Jul 29 03:13:18 UTC 2026","Wed Jul 29 03:13:18 UTC 2026","12","1.1 Team Hummingbird - BFF | WLW app","Technical Tests","purchaser-user-setting-controller","GET /userSetting [NEG] Missing Auth/API-Key","","GET /userSetting [NEG] Missing Auth/API-Key",""
"failed","Wed Jul 29 03:13:20 UTC 2026","Wed Jul 29 03:13:20 UTC 2026","13","1.1 Team Hummingbird - BFF | WLW app","Technical Tests","push-notification-by-email-controller","PUT /v1/pushNotification [NEG] Expired Token","","PUT /v1/pushNotification [NEG] Expired Token",""
"passed","Wed Jul 29 03:13:21 UTC 2026","Wed Jul 29 03:13:21 UTC 2026","16","1.1 Team Hummingbird - BFF | WLW app","Technical Tests","rfq-marketing-controller","POST /public_api/rfq-marketing/trigger [NEG] Missing Auth/API-Key","","POST /public_api/rfq-marketing/trigger [NEG] Missing Auth/API-Key",""
"passed","Wed Jul 29 03:12:02 UTC 2026","Wed Jul 29 03:12:02 UTC 2026","192","1 Team Hummingbird - BFF | EP app","Endpoint tests","Company","branchIO dynamic link, share PDP","","branchIO dynamic link, share PDP",""
"passed","Wed Jul 29 03:13:24 UTC 2026","Wed Jul 29 03:13:24 UTC 2026","32","1.1 Team Hummingbird - BFF | WLW app","Technical Tests","search-controller","GET /public_api/search/ai/tabChange [NEG] Expired Token","","GET /public_api/search/ai/tabChange [NEG] Expired Token",""
"passed","Wed Jul 29 03:17:19 UTC 2026","Wed Jul 29 03:17:20 UTC 2026","622","4. Team CRM |CRM Staging","Business Scenarios Tests","Contacts","Edit Contact","","Edit Contact",""
"passed","Wed Jul 29 03:17:29 UTC 2026","Wed Jul 29 03:17:30 UTC 2026","1549","4. Team CRM |CRM Staging","Endpoints Tests","(root)","Create Note with sf id","","Create Note with sf id",""
"skipped","Wed Jul 29 03:10:52 UTC 2026","Wed Jul 29 03:10:52 UTC 2026","0","7. Team Pegasus | Pegasus Staging","Business Scenarios Tests","Business Insights","Dashboard smoke flow","","Top products",""
"passed","Wed Jul 29 03:11:00 UTC 2026","Wed Jul 29 03:11:00 UTC 2026","41","Bamboo","Technical","","","listTopCategoriesTest","list top Categories",""
"skipped","Wed Jul 29 03:16:26 UTC 2026","Wed Jul 29 03:16:26 UTC 2026","0","3 Team Techno - UCL","Technical Tests","WebsiteLead","GET /unified_commercial_logic/internal_api/api/website_lead/ - Retrieve WebsiteLead List","","GET /unified_commercial_logic/internal_api/api/website_lead/ - Retrieve WebsiteLead List",""
"skipped","Wed Jul 29 03:16:26 UTC 2026","Wed Jul 29 03:16:26 UTC 2026","0","3 Team Techno - UCL","Technical Tests","GoogleAd","GET /unified_commercial_logic/internal_api/api/google_ad/{id} - Retrieve GoogleAd By ID","","GET /unified_commercial_logic/internal_api/api/google_ad/{id} - Retrieve GoogleAd By ID",""
"passed","Wed Jul 29 03:13:03 UTC 2026","Wed Jul 29 03:13:03 UTC 2026","34","1.1 Team Hummingbird - BFF | WLW app","Technical Tests","conversation-controller","GET /public_api/conversation/userConversations/{conversationId}/messages [SEC] Injection Probe","","GET /public_api/conversation/userConversations/{conversationId}/messages [SEC] Injection Probe",""
"passed","Wed Jul 29 03:12:50 UTC 2026","Wed Jul 29 03:12:50 UTC 2026","20","1.1 Team Hummingbird - BFF | WLW app","Endpoint tests","Support","currency daily rates","","currency daily rates",""
"passed","Wed Jul 29 03:20:39 UTC 2026","Wed Jul 29 03:20:39 UTC 2026","24","Dolphin","Technical","","","getLandingPageProductListTest","get Landing page Product List for seo",""
"passed","Wed Jul 29 03:13:29 UTC 2026","Wed Jul 29 03:13:29 UTC 2026","14","1.1 Team Hummingbird - BFF | WLW app","Technical Tests","user-controller","PUT /public_api/user/userInfo [NEG] Missing Auth/API-Key","","PUT /public_api/user/userInfo [NEG] Missing Auth/API-Key",""
"passed","Wed Jul 29 03:17:21 UTC 2026","Wed Jul 29 03:17:22 UTC 2026","209","4. Team CRM |CRM Staging","Business Scenarios Tests","Account","Smoke test : Account + Contact + SAP","","Smoke test : Account + Contact + SAP",""
"skipped","Wed Jul 29 03:17:18 UTC 2026","Wed Jul 29 03:17:18 UTC 2026","0","4. Team CRM |CRM Staging","Endpoints Tests","Activities","(empty)","","Endpoints Tests / Activities - empty",""
"passed","Wed Jul 29 03:20:22 UTC 2026","Wed Jul 29 03:20:22 UTC 2026","327","Dolphin","Technical","","","productTextSearchBlankQueryTest","AI product text search recall: blank query → empty success",""
"skipped","Wed Jul 29 03:10:52 UTC 2026","Wed Jul 29 03:10:52 UTC 2026","0","7. Team Pegasus | Pegasus Staging","Endpoints Tests","Business Insights","Company Overview","","Company Overview",""
"passed","Wed Jul 29 03:17:29 UTC 2026","Wed Jul 29 03:17:30 UTC 2026","1075","4. Team CRM |CRM Staging","Endpoints Tests","(root)","Create Note with sf id Copy","","Create Note with sf id Copy",""
"passed","Wed Jul 29 03:13:01 UTC 2026","Wed Jul 29 03:13:01 UTC 2026","17","1.1 Team Hummingbird - BFF | WLW app","Technical Tests","company-controller","GET /public_api/company/{id} [NEG] Missing Auth/API-Key","","GET /public_api/company/{id} [NEG] Missing Auth/API-Key",""
"passed","Wed Jul 29 03:12:52 UTC 2026","Wed Jul 29 03:12:52 UTC 2026","497","1.1 Team Hummingbird - BFF | WLW app","Endpoint tests","Search","search companies FR","","search companies FR",""
"passed","Wed Jul 29 03:12:01 UTC 2026","Wed Jul 29 03:12:01 UTC 2026","5","2 Team Dragon - BFF | RFQ Backend","Functional Tests","(root)","Assertions Summary (Doc)","","Assertions Summary (Doc)",""
"broken","Wed Jul 29 03:19:42 UTC 2026","Wed Jul 29 03:20:02 UTC 2026","20019","Dolphin","Technical","","","productInferenceShortQueryTest","AI product search inference: minimal searchText boundary",""
"failed","Wed Jul 29 03:13:27 UTC 2026","Wed Jul 29 03:13:27 UTC 2026","14","1.1 Team Hummingbird - BFF | WLW app","Technical Tests","supplier-visitors-controller","GET /public_api/suppliers/{supplier_id}/visits/csv [NEG] Missing Auth/API-Key","","GET /public_api/suppliers/{supplier_id}/visits/csv [NEG] Missing Auth/API-Key",""
"failed","Wed Jul 29 03:13:02 UTC 2026","Wed Jul 29 03:13:02 UTC 2026","14","1.1 Team Hummingbird - BFF | WLW app","Technical Tests","conversation-controller","PUT /public_api/conversation/userConversations/{conversationId}/messages/markAsRead","","PUT /public_api/conversation/userConversations/{conversationId}/messages/markAsRead",""
"passed","Wed Jul 29 03:13:20 UTC 2026","Wed Jul 29 03:13:20 UTC 2026","21","1.1 Team Hummingbird - BFF | WLW app","Technical Tests","rfq-controller","POST /public_api/connect/purchaser/tenders/ [NEG] Missing Auth/API-Key","","POST /public_api/connect/purchaser/tenders/ [NEG] Missing Auth/API-Key",""
"passed","Wed Jul 29 03:13:25 UTC 2026","Wed Jul 29 03:13:25 UTC 2026","31","1.1 Team Hummingbird - BFF | WLW app","Technical Tests","search-controller","GET /public_api/products/recommendations [SEC] Injection Probe","","GET /public_api/products/recommendations [SEC] Injection Probe",""
"skipped","Wed Jul 29 03:16:26 UTC 2026","Wed Jul 29 03:16:26 UTC 2026","0","3 Team Techno - UCL","Technical Tests","SponsoredBrand","GET /unified_commercial_logic/internal_api/api/sponsored_brand_v1/{id} - Retrieve SponsoredBrandV1 By ID","","GET /unified_commercial_logic/internal_api/api/sponsored_brand_v1/{id} - Retrieve SponsoredBrandV1 By ID",""
"passed","Wed Jul 29 03:17:23 UTC 2026","Wed Jul 29 03:17:24 UTC 2026","935","4. Team CRM |CRM Staging","Business Scenarios Tests","Create and edit a contact","Edit contact","","Edit contact",""
"broken","Wed Jul 29 03:13:20 UTC 2026","Wed Jul 29 03:13:40 UTC 2026","20020","Dolphin","Technical","","","recallBlankQueryTest","AI Search recall: blank query and imageUrl → business failure",""
"passed","Wed Jul 29 03:13:14 UTC 2026","Wed Jul 29 03:13:14 UTC 2026","15","1.1 Team Hummingbird - BFF | WLW app","Technical Tests","login-controller","POST /public_api/auth/changePassword [NEG] Missing Auth/API-Key","","POST /public_api/auth/changePassword [NEG] Missing Auth/API-Key",""
"skipped","Wed Jul 29 03:10:52 UTC 2026","Wed Jul 29 03:10:52 UTC 2026","0","7. Team Pegasus | Pegasus Staging","Endpoints Tests","Visitors","Get Visits","","Get Visits",""
"passed","Wed Jul 29 03:13:21 UTC 2026","Wed Jul 29 03:13:21 UTC 2026","37","1.1 Team Hummingbird - BFF | WLW app","Technical Tests","rfq-controller","POST /public_api/connect/purchaser/tenders/ [NEG] Forbidden Role Token","","POST /public_api/connect/purchaser/tenders/ [NEG] Forbidden Role Token",""
"passed","Wed Jul 29 03:12:52 UTC 2026","Wed Jul 29 03:12:52 UTC 2026","710","1.1 Team Hummingbird - BFF | WLW app","Endpoint tests","Search","search companies, EN","","search companies, EN",""
"skipped","Wed Jul 29 03:10:52 UTC 2026","Wed Jul 29 03:10:52 UTC 2026","0","7. Team Pegasus | Pegasus Staging","Endpoints Tests","Membership Management (PGS-861)","GET — Verify UTM in supplier-facts","","GET — Verify UTM in supplier-facts",""
"skipped","Wed Jul 29 03:17:18 UTC 2026","Wed Jul 29 03:17:18 UTC 2026","0","4. Team CRM |CRM Staging","Technical Tests","(empty)","(empty)","","Technical Tests - empty",""
"passed","Wed Jul 29 03:12:06 UTC 2026","Wed Jul 29 03:12:06 UTC 2026","190","Arise","Functional","","","skwd","skwd",""
"passed","Wed Jul 29 03:13:28 UTC 2026","Wed Jul 29 03:13:29 UTC 2026","33","1.1 Team Hummingbird - BFF | WLW app","Technical Tests","trending-products-controller","GET /public_api/trending/notifications","","GET /public_api/trending/notifications",""
"failed","Wed Jul 29 03:13:15 UTC 2026","Wed Jul 29 03:13:15 UTC 2026","12","1.1 Team Hummingbird - BFF | WLW app","Technical Tests","product-controller","GET /public_api/products [NEG] Expired Token","","GET /public_api/products [NEG] Expired Token",""
"failed","Wed Jul 29 03:13:06 UTC 2026","Wed Jul 29 03:13:06 UTC 2026","14","1.1 Team Hummingbird - BFF | WLW app","Technical Tests","conversation-controller","GET /public_api/conversation/userConversations/{conversationId} [NEG] Expired Token","","GET /public_api/conversation/userConversations/{conversationId} [NEG] Expired Token",""
"passed","Wed Jul 29 03:17:29 UTC 2026","Wed Jul 29 03:17:30 UTC 2026","259","4. Team CRM |CRM Staging","Endpoints Tests","(root)","Update WLW Connect Counters with id","","Update WLW Connect Counters with id",""
"passed","Wed Jul 29 03:12:04 UTC 2026","Wed Jul 29 03:12:04 UTC 2026","270","1 Team Hummingbird - BFF | EP app","Endpoint tests","Conversations","conversation id","","conversation id",""
"failed","Wed Jul 29 03:20:40 UTC 2026","Wed Jul 29 03:20:40 UTC 2026","49","Dolphin","Functional","","","sameStoreProductRecommendTest","product same store recommend -- wlw",""
"failed","Wed Jul 29 03:13:20 UTC 2026","Wed Jul 29 03:13:20 UTC 2026","15","1.1 Team Hummingbird - BFF | WLW app","Technical Tests","push-notification-by-email-controller","PUT /v1/pushNotification [NEG] Missing Auth/API-Key","","PUT /v1/pushNotification [NEG] Missing Auth/API-Key",""
"failed","Wed Jul 29 03:13:23 UTC 2026","Wed Jul 29 03:13:23 UTC 2026","13","1.1 Team Hummingbird - BFF | WLW app","Technical Tests","search-controller","GET /public_api/search/ai/termRecommend [NEG] Expired Token","","GET /public_api/search/ai/termRecommend [NEG] Expired Token",""
"failed","Wed Jul 29 03:20:40 UTC 2026","Wed Jul 29 03:20:40 UTC 2026","49","Dolphin","Technical","","","sameStoreProductRecommendTest","product same store recommend -- wlw",""
"passed","Wed Jul 29 03:17:23 UTC 2026","Wed Jul 29 03:17:29 UTC 2026","5946","4. Team CRM |CRM Staging","Business Scenarios Tests","Disable Hubspot","Change Hubspot to true","","Change Hubspot to true",""
"passed","Wed Jul 29 03:12:52 UTC 2026","Wed Jul 29 03:12:52 UTC 2026","260","1.1 Team Hummingbird - BFF | WLW app","Endpoint tests","Search","search autoComplete FR","","search autoComplete FR",""
"passed","Wed Jul 29 03:13:13 UTC 2026","Wed Jul 29 03:13:13 UTC 2026","56","1.1 Team Hummingbird - BFF | WLW app","Technical Tests","login-controller","POST /public_api/auth/registration [NEG] Missing Auth/API-Key","","POST /public_api/auth/registration [NEG] Missing Auth/API-Key",""
"passed","Wed Jul 29 03:12:00 UTC 2026","Wed Jul 29 03:12:00 UTC 2026","37","1 Team Hummingbird - BFF | EP app","Endpoint tests","Support","currency daily rates","","currency daily rates",""
"passed","Wed Jul 29 03:12:50 UTC 2026","Wed Jul 29 03:12:50 UTC 2026","18","1.1 Team Hummingbird - BFF | WLW app","Endpoint tests","Mobile_Feedback","Feedback Subject_FR","","Feedback Subject_FR",""
"passed","Wed Jul 29 03:12:56 UTC 2026","Wed Jul 29 03:12:56 UTC 2026","32","1.1 Team Hummingbird - BFF | WLW app","Technical Tests","ab-test-record-controller","POST /public_api/abtest/record [NEG] Expired Token","","POST /public_api/abtest/record [NEG] Expired Token",""
"failed","Wed Jul 29 03:13:07 UTC 2026","Wed Jul 29 03:13:07 UTC 2026","14","1.1 Team Hummingbird - BFF | WLW app","Technical Tests","conversation-controller","GET /public_api/conversation/userConversations/{conversationId}/file [NEG] Forbidden Role Token","","GET /public_api/conversation/userConversations/{conversationId}/file [NEG] Forbidden Role Token",""
"passed","Wed Jul 29 03:12:54 UTC 2026","Wed Jul 29 03:12:54 UTC 2026","360","1.1 Team Hummingbird - BFF | WLW app","Endpoint tests","Conversations","user conversations","","user conversations",""
"passed","Wed Jul 29 03:20:40 UTC 2026","Wed Jul 29 03:20:40 UTC 2026","86","Dolphin","Functional","","","zeroResultProductRecommendTest","Recommend products in 0 result search list page v1 -- wlw",""
"failed","Wed Jul 29 03:12:04 UTC 2026","Wed Jul 29 03:12:04 UTC 2026","333","1 Team Hummingbird - BFF | EP app","Endpoint tests","Conversations","user conversations to decline request","","user conversations to decline request",""
"passed","Wed Jul 29 03:12:53 UTC 2026","Wed Jul 29 03:12:53 UTC 2026","142","1.1 Team Hummingbird - BFF | WLW app","Endpoint tests","Homepage, products","product recommendations FR","","product recommendations FR",""
"passed","Wed Jul 29 03:20:38 UTC 2026","Wed Jul 29 03:20:38 UTC 2026","92","Dolphin","Technical","","","EPPCppProductRecommendTest","recommend products in CPP -- ep",""
"passed","Wed Jul 29 03:17:20 UTC 2026","Wed Jul 29 03:17:21 UTC 2026","1474","4. Team CRM |CRM Staging","Business Scenarios Tests","Account","Dunning level 1","","Dunning level 1",""
"failed","Wed Jul 29 03:12:04 UTC 2026","Wed Jul 29 03:12:04 UTC 2026","355","1 Team Hummingbird - BFF | EP app","Endpoint tests","Contact request","QDR request","","QDR request",""
"passed","Wed Jul 29 03:13:11 UTC 2026","Wed Jul 29 03:13:11 UTC 2026","32","1.1 Team Hummingbird - BFF | WLW app","Technical Tests","help-and-support-controller","POST /help [NEG] Expired Token","","POST /help [NEG] Expired Token",""
"failed","Wed Jul 29 03:13:02 UTC 2026","Wed Jul 29 03:13:02 UTC 2026","16","1.1 Team Hummingbird - BFF | WLW app","Technical Tests","conversation-controller","PUT /public_api/conversation/userConversations/{conversationId}/messages/markAsRead [NEG] Expired Token","","PUT /public_api/conversation/userConversations/{conversationId}/messages/markAsRead [NEG] Expired Token",""
"passed","Wed Jul 29 03:13:27 UTC 2026","Wed Jul 29 03:13:27 UTC 2026","17","1.1 Team Hummingbird - BFF | WLW app","Technical Tests","supplier-visitors-controller","GET /public_api/suppliers/{supplier_id}/visits/{id} [NEG] Missing Auth/API-Key","","GET /public_api/suppliers/{supplier_id}/visits/{id} [NEG] Missing Auth/API-Key",""
"passed","Wed Jul 29 03:12:51 UTC 2026","Wed Jul 29 03:12:52 UTC 2026","122","1.1 Team Hummingbird - BFF | WLW app","Endpoint tests","Search","search autoComplete EN","","search autoComplete EN",""
"passed","Wed Jul 29 03:13:13 UTC 2026","Wed Jul 29 03:13:13 UTC 2026","221","1.1 Team Hummingbird - BFF | WLW app","Technical Tests","login-controller","POST /public_api/auth/password/login [NEG] Expired Token","","POST /public_api/auth/password/login [NEG] Expired Token",""
"passed","Wed Jul 29 03:13:15 UTC 2026","Wed Jul 29 03:13:15 UTC 2026","56","1.1 Team Hummingbird - BFF | WLW app","Technical Tests","login-controller","DELETE /public_api/auth/sso/logout [NEG] Forbidden Role Token","","DELETE /public_api/auth/sso/logout [NEG] Forbidden Role Token",""
"passed","Wed Jul 29 03:13:06 UTC 2026","Wed Jul 29 03:13:06 UTC 2026","40","1.1 Team Hummingbird - BFF | WLW app","Technical Tests","conversation-controller","GET /public_api/conversation/userConversations/{userId}/unreadCount [SEC] Injection Probe","","GET /public_api/conversation/userConversations/{userId}/unreadCount [SEC] Injection Probe",""
"passed","Wed Jul 29 03:12:02 UTC 2026","Wed Jul 29 03:12:02 UTC 2026","241","1 Team Hummingbird - BFF | EP app","Endpoint tests","Company","branchIO dynamic link, share CPP","","branchIO dynamic link, share CPP",""
"passed","Wed Jul 29 03:17:20 UTC 2026","Wed Jul 29 03:17:22 UTC 2026","1577","4. Team CRM |CRM Staging","Business Scenarios Tests","Account","Update Account","","Update Account",""
"passed","Wed Jul 29 03:17:23 UTC 2026","Wed Jul 29 03:17:24 UTC 2026","895","4. Team CRM |CRM Staging","Business Scenarios Tests","Disable Hubspot","Change Hubspot to false","","Change Hubspot to false",""
"passed","Wed Jul 29 03:13:01 UTC 2026","Wed Jul 29 03:13:01 UTC 2026","43","1.1 Team Hummingbird - BFF | WLW app","Technical Tests","contact-form-controller","POST /public_api/contact-form/messages [NEG] Expired Token","","POST /public_api/contact-form/messages [NEG] Expired Token",""
"skipped","Wed Jul 29 03:10:52 UTC 2026","Wed Jul 29 03:10:52 UTC 2026","0","7. Team Pegasus | Pegasus Staging","Endpoints Tests","Visitors","Java (statistics-app)","","Visitors list",""
"passed","Wed Jul 29 03:20:30 UTC 2026","Wed Jul 29 03:20:31 UTC 2026","807","Dolphin","Technical","","","productTextSearchPageSizeZeroTest","AI product text search recall: pageSize=0 normalized to default",""
"skipped","Wed Jul 29 03:10:52 UTC 2026","Wed Jul 29 03:10:52 UTC 2026","0","7. Team Pegasus | Pegasus Staging","Endpoints Tests","Visitors","Elixir (supplier-app)","","Visitor details",""
"passed","Wed Jul 29 03:13:09 UTC 2026","Wed Jul 29 03:13:09 UTC 2026","22","1.1 Team Hummingbird - BFF | WLW app","Technical Tests","euro-pages-controller","DELETE /public_api/euro-pages/auth/delete [NEG] Missing Auth/API-Key","","DELETE /public_api/euro-pages/auth/delete [NEG] Missing Auth/API-Key",""
"passed","Wed Jul 29 03:13:10 UTC 2026","Wed Jul 29 03:13:10 UTC 2026","35","1.1 Team Hummingbird - BFF | WLW app","Technical Tests","feedback-controller","POST /feedback [NEG] Expired Token","","POST /feedback [NEG] Expired Token",""
"skipped","Wed Jul 29 03:10:52 UTC 2026","Wed Jul 29 03:10:52 UTC 2026","0","7. Team Pegasus | Pegasus Staging","Technical Tests","(empty)","(empty)","","Technical Tests - empty",""
"passed","Wed Jul 29 03:20:38 UTC 2026","Wed Jul 29 03:20:38 UTC 2026","98","Dolphin","Technical","","","EPOtherStoreProductRecommendTest","product other store recommend",""
"passed","Wed Jul 29 03:20:40 UTC 2026","Wed Jul 29 03:20:40 UTC 2026","96","Dolphin","Technical","","","otherStoreProductRecommendTest","similar products recommend -- wlw pdp",""
"passed","Wed Jul 29 03:17:18 UTC 2026","Wed Jul 29 03:17:18 UTC 2026","115","4. Team CRM |CRM Staging","Business Scenarios Tests","Tasks","Check Task","","Check Task",""
"passed","Wed Jul 29 03:13:11 UTC 2026","Wed Jul 29 03:13:11 UTC 2026","17","1.1 Team Hummingbird - BFF | WLW app","Technical Tests","inside-business-controller","GET /public_api/inside_business [NEG] Missing Auth/API-Key","","GET /public_api/inside_business [NEG] Missing Auth/API-Key",""
"passed","Wed Jul 29 03:13:08 UTC 2026","Wed Jul 29 03:13:08 UTC 2026","32","1.1 Team Hummingbird - BFF | WLW app","Technical Tests","dynamic-links-controller","POST /public_api/branchio/dynamiclink [NEG] Expired Token","","POST /public_api/branchio/dynamiclink [NEG] Expired Token",""
"failed","Wed Jul 29 03:12:06 UTC 2026","Wed Jul 29 03:12:06 UTC 2026","24","Arise","Technical","","","skwdAll","skwdAll",""
"passed","Wed Jul 29 03:13:02 UTC 2026","Wed Jul 29 03:13:02 UTC 2026","41","1.1 Team Hummingbird - BFF | WLW app","Technical Tests","conversation-controller","PUT /public_api/conversation/userConversations/{conversationId}/decline","","PUT /public_api/conversation/userConversations/{conversationId}/decline",""
"passed","Wed Jul 29 03:12:50 UTC 2026","Wed Jul 29 03:12:50 UTC 2026","24","1.1 Team Hummingbird - BFF | WLW app","Endpoint tests","Mobile_Feedback","Feedback Subject_DE","","Feedback Subject_DE",""
"passed","Wed Jul 29 03:17:23 UTC 2026","Wed Jul 29 03:17:29 UTC 2026","5946","4. Team CRM |CRM Staging","Business Scenarios Tests","Disable Hubspot","Change Hubspot to true","","Change Hubspot to true",""
"passed","Wed Jul 29 03:13:25 UTC 2026","Wed Jul 29 03:13:25 UTC 2026","33","1.1 Team Hummingbird - BFF | WLW app","Technical Tests","search-controller","GET /public_api/categories/recommendations [SEC] Injection Probe","","GET /public_api/categories/recommendations [SEC] Injection Probe",""
"passed","Wed Jul 29 03:12:53 UTC 2026","Wed Jul 29 03:12:53 UTC 2026","141","1.1 Team Hummingbird - BFF | WLW app","Endpoint tests","Homepage, products","product recommendations DE","","product recommendations DE",""
"passed","Wed Jul 29 03:17:30 UTC 2026","Wed Jul 29 03:17:31 UTC 2026","1477","4. Team CRM |CRM Staging","Endpoints Tests","(root)","Create platform profile","","Create platform profile",""
"failed","Wed Jul 29 03:13:00 UTC 2026","Wed Jul 29 03:13:00 UTC 2026","13","1.1 Team Hummingbird - BFF | WLW app","Technical Tests","company-controller","GET /public_api/company","","GET /public_api/company",""
"skipped","Wed Jul 29 03:10:52 UTC 2026","Wed Jul 29 03:10:52 UTC 2026","0","7. Team Pegasus | Pegasus Staging","Endpoints Tests","Visitors","Java (statistics-app)","","WSL pixel",""
"failed","Wed Jul 29 03:13:18 UTC 2026","Wed Jul 29 03:13:18 UTC 2026","12","1.1 Team Hummingbird - BFF | WLW app","Technical Tests","purchaser-user-setting-controller","GET /userSetting [NEG] Expired Token","","GET /userSetting [NEG] Expired Token",""
"skipped","Wed Jul 29 03:10:52 UTC 2026","Wed Jul 29 03:10:52 UTC 2026","0","7. Team Pegasus | Pegasus Staging","Business Scenarios Tests","Supplier Facts","API register, publish, and verify in UI","","3. Resolve company uuid by email",""
"passed","Wed Jul 29 03:13:29 UTC 2026","Wed Jul 29 03:13:29 UTC 2026","31","1.1 Team Hummingbird - BFF | WLW app","Technical Tests","trending-products-controller","GET /public_api/trending/notifications [NEG] Forbidden Role Token","","GET /public_api/trending/notifications [NEG] Forbidden Role Token",""
"skipped","Wed Jul 29 03:10:52 UTC 2026","Wed Jul 29 03:10:52 UTC 2026","0","7. Team Pegasus | Pegasus Staging","Endpoints Tests","Business Insights","Graph","","Graph",""
"failed","Wed Jul 29 03:13:22 UTC 2026","Wed Jul 29 03:13:22 UTC 2026","13","1.1 Team Hummingbird - BFF | WLW app","Technical Tests","search-controller","GET /public_api/search","","GET /public_api/search",""
"failed","Wed Jul 29 03:13:16 UTC 2026","Wed Jul 29 03:13:16 UTC 2026","13","1.1 Team Hummingbird - BFF | WLW app","Technical Tests","product-controller","GET /public_api/companies/{supplierPublicId}/products [SEC] Injection Probe","","GET /public_api/companies/{supplierPublicId}/products [SEC] Injection Probe",""
"failed","Wed Jul 29 03:11:00 UTC 2026","Wed Jul 29 03:11:00 UTC 2026","24","Bamboo","Technical","","","listSubCategoriesTest","list sub Categories",""
"skipped","Wed Jul 29 03:16:26 UTC 2026","Wed Jul 29 03:16:26 UTC 2026","0","3 Team Techno - UCL","Technical Tests","Retargeting","GET /unified_commercial_logic/internal_api/api/retargeting/ - Retrieve Retargeting List","","GET /unified_commercial_logic/internal_api/api/retargeting/ - Retrieve Retargeting List",""
"skipped","Wed Jul 29 03:10:52 UTC 2026","Wed Jul 29 03:10:52 UTC 2026","0","7. Team Pegasus | Pegasus Staging","Endpoints Tests","Business Insights","Subscription","","Subscription",""
"passed","Wed Jul 29 03:12:51 UTC 2026","Wed Jul 29 03:12:51 UTC 2026","67","1.1 Team Hummingbird - BFF | WLW app","Endpoint tests","Company","Suppliers listings","","Suppliers listings",""
"passed","Wed Jul 29 03:20:39 UTC 2026","Wed Jul 29 03:20:39 UTC 2026","245","Dolphin","Functional","","","getProductsByCategoryTest","popular in category -- getProductsByCategory",""
"skipped","Wed Jul 29 03:10:52 UTC 2026","Wed Jul 29 03:10:52 UTC 2026","0","7. Team Pegasus | Pegasus Staging","Endpoints Tests","User & Company Context","User Profile Storage by email","","User Profile Storage by email",""
"failed","Wed Jul 29 03:13:27 UTC 2026","Wed Jul 29 03:13:27 UTC 2026","12","1.1 Team Hummingbird - BFF | WLW app","Technical Tests","supplier-visitors-controller","GET /public_api/suppliers/{supplier_id}/visits/csv","","GET /public_api/suppliers/{supplier_id}/visits/csv",""
"failed","Wed Jul 29 03:13:07 UTC 2026","Wed Jul 29 03:13:07 UTC 2026","12","1.1 Team Hummingbird - BFF | WLW app","Technical Tests","conversation-controller","GET /public_api/conversation/userConversations/{conversationId}/file [SEC] Injection Probe","","GET /public_api/conversation/userConversations/{conversationId}/file [SEC] Injection Probe",""
"passed","Wed Jul 29 03:12:00 UTC 2026","Wed Jul 29 03:12:00 UTC 2026","19","1 Team Hummingbird - BFF | EP app","Endpoint tests","Support","Supportmasterdata_EN","","Supportmasterdata_EN",""
"passed","Wed Jul 29 03:13:16 UTC 2026","Wed Jul 29 03:13:16 UTC 2026","35","1.1 Team Hummingbird - BFF | WLW app","Technical Tests","product-controller","GET /public_api/products/{productId} [NEG] Forbidden Role Token","","GET /public_api/products/{productId} [NEG] Forbidden Role Token",""
"passed","Wed Jul 29 03:13:12 UTC 2026","Wed Jul 29 03:13:12 UTC 2026","32","1.1 Team Hummingbird - BFF | WLW app","Technical Tests","login-controller","POST /public_api/auth/sso/login [NEG] Forbidden Role Token","","POST /public_api/auth/sso/login [NEG] Forbidden Role Token",""
"skipped","Wed Jul 29 03:10:52 UTC 2026","Wed Jul 29 03:10:52 UTC 2026","0","7. Team Pegasus | Pegasus Staging","Endpoints Tests","Supplier Registration","Manual VAT check","","Import vat",""
"skipped","Wed Jul 29 03:10:52 UTC 2026","Wed Jul 29 03:10:52 UTC 2026","0","7. Team Pegasus | Pegasus Staging","Business Scenarios Tests","Supplier Facts","Company create and update for UI","","Update company",""
"failed","Wed Jul 29 03:13:03 UTC 2026","Wed Jul 29 03:13:03 UTC 2026","13","1.1 Team Hummingbird - BFF | WLW app","Technical Tests","conversation-controller","GET /public_api/conversation/userConversations/{conversationId}/messages [NEG] Missing Auth/API-Key","","GET /public_api/conversation/userConversations/{conversationId}/messages [NEG] Missing Auth/API-Key",""
"failed","Wed Jul 29 03:12:03 UTC 2026","Wed Jul 29 03:12:03 UTC 2026","92","2 Team Dragon - BFF | RFQ Backend","Business Scenario Tests","(root)","RFQ_Listing","","RFQ_Listing",""
"passed","Wed Jul 29 03:17:21 UTC 2026","Wed Jul 29 03:17:30 UTC 2026","9119","4. Team CRM |CRM Staging","Business Scenarios Tests","Account","Trigger SAP Customer number","","Trigger SAP Customer number",""
"passed","Wed Jul 29 03:17:24 UTC 2026","Wed Jul 29 03:17:25 UTC 2026","1576","4. Team CRM |CRM Staging","Business Scenarios Tests","Lead","Create a  lead","","Create a  lead",""
"passed","Wed Jul 29 03:17:22 UTC 2026","Wed Jul 29 03:17:23 UTC 2026","1377","4. Team CRM |CRM Staging","Business Scenarios Tests","Feedback","Trigger Feedback","","Trigger Feedback",""
"skipped","Wed Jul 29 03:10:52 UTC 2026","Wed Jul 29 03:10:52 UTC 2026","0","7. Team Pegasus | Pegasus Staging","Endpoints Tests","Shop Import & Onboarding Backend","/import/status","","/import/status",""
"passed","Wed Jul 29 03:17:28 UTC 2026","Wed Jul 29 03:17:30 UTC 2026","1886","4. Team CRM |CRM Staging","Endpoints Tests","(root)","trigger the Paid Media lead","","trigger the Paid Media lead",""
"passed","Wed Jul 29 03:13:17 UTC 2026","Wed Jul 29 03:13:17 UTC 2026","33","1.1 Team Hummingbird - BFF | WLW app","Technical Tests","purchaser-support-controller","GET /support-faq [SEC] Injection Probe","","GET /support-faq [SEC] Injection Probe",""
"passed","Wed Jul 29 03:11:00 UTC 2026","Wed Jul 29 03:11:00 UTC 2026","41","Bamboo","Technical","","","searchCategoryByNameTest","searchCategoryByName",""
"passed","Wed Jul 29 03:13:10 UTC 2026","Wed Jul 29 03:13:10 UTC 2026","34","1.1 Team Hummingbird - BFF | WLW app","Technical Tests","feedback-controller","GET /feedback/subject","","GET /feedback/subject",""
"failed","Wed Jul 29 03:12:57 UTC 2026","Wed Jul 29 03:12:57 UTC 2026","15","1.1 Team Hummingbird - BFF | WLW app","Technical Tests","ai-company-search-controller","GET /public_api/search/ai/company/search [NEG] Forbidden Role Token","","GET /public_api/search/ai/company/search [NEG] Forbidden Role Token",""
"passed","Wed Jul 29 03:20:39 UTC 2026","Wed Jul 29 03:20:39 UTC 2026","36","Dolphin","Functional","","","getCategoryListWlwWithPreferredSuperCategoryIdsTest","v-recommend category list -- wlw, with preferredSuperCategoryIds",""
"passed","Wed Jul 29 03:17:19 UTC 2026","Wed Jul 29 03:17:20 UTC 2026","270","4. Team CRM |CRM Staging","Business Scenarios Tests","Quote","Check Quote","","Check Quote",""
"failed","Wed Jul 29 03:13:24 UTC 2026","Wed Jul 29 03:13:24 UTC 2026","15","1.1 Team Hummingbird - BFF | WLW app","Technical Tests","search-controller","GET /public_api/search/ai/termRecommend [SEC] Injection Probe","","GET /public_api/search/ai/termRecommend [SEC] Injection Probe",""
"broken","Wed Jul 29 03:19:01 UTC 2026","Wed Jul 29 03:19:22 UTC 2026","20698","Dolphin","Technical","","","termRecommendNoMockTest","AI Search term recommend API without mock",""
"passed","Wed Jul 29 03:13:08 UTC 2026","Wed Jul 29 03:13:08 UTC 2026","37","1.1 Team Hummingbird - BFF | WLW app","Technical Tests","currency-exchange-controller","GET /exchange/fetch-rates [NEG] Forbidden Role Token","","GET /exchange/fetch-rates [NEG] Forbidden Role Token",""
"passed","Wed Jul 29 03:12:03 UTC 2026","Wed Jul 29 03:12:04 UTC 2026","924","1 Team Hummingbird - BFF | EP app","Endpoint tests","RFQ","post RFQ","","post RFQ",""
"passed","Wed Jul 29 03:13:25 UTC 2026","Wed Jul 29 03:13:25 UTC 2026","31","1.1 Team Hummingbird - BFF | WLW app","Technical Tests","search-term-controller","PUT /public_api/search/notification-opened","","PUT /public_api/search/notification-opened",""
"skipped","Wed Jul 29 03:10:52 UTC 2026","Wed Jul 29 03:10:52 UTC 2026","0","7. Team Pegasus | Pegasus Staging","Business Scenarios Tests","Business Insights","Dashboard smoke flow","","Health status",""
"passed","Wed Jul 29 03:13:14 UTC 2026","Wed Jul 29 03:13:14 UTC 2026","39","1.1 Team Hummingbird - BFF | WLW app","Technical Tests","login-controller","POST /public_api/auth/code/verify [NEG] Expired Token","","POST /public_api/auth/code/verify [NEG] Expired Token",""
"failed","Wed Jul 29 03:13:24 UTC 2026","Wed Jul 29 03:13:24 UTC 2026","11","1.1 Team Hummingbird - BFF | WLW app","Technical Tests","search-controller","GET /public_api/products/recommendations [NEG] Missing Auth/API-Key","","GET /public_api/products/recommendations [NEG] Missing Auth/API-Key",""
"passed","Wed Jul 29 03:17:26 UTC 2026","Wed Jul 29 03:17:28 UTC 2026","2214","4. Team CRM |CRM Staging","Business Scenarios Tests","Products","Update Product","","Update Product",""
"skipped","Wed Jul 29 03:10:52 UTC 2026","Wed Jul 29 03:10:52 UTC 2026","0","7. Team Pegasus | Pegasus Staging","Endpoints Tests","Visitors","Elixir (supplier-app)","","Countries by uuid",""
"passed","Wed Jul 29 03:12:55 UTC 2026","Wed Jul 29 03:12:55 UTC 2026","102","1.1 Team Hummingbird - BFF | WLW app","Endpoint tests","Conversations","unread count","","unread count",""
"passed","Wed Jul 29 03:13:27 UTC 2026","Wed Jul 29 03:13:27 UTC 2026","19","1.1 Team Hummingbird - BFF | WLW app","Technical Tests","supplier-visitors-controller","GET /","","GET /",""
"passed","Wed Jul 29 03:12:49 UTC 2026","Wed Jul 29 03:12:49 UTC 2026","44","1.1 Team Hummingbird - BFF | WLW app","Endpoint tests","Support","Support FAQ_DE","","Support FAQ_DE",""
"passed","Wed Jul 29 03:13:14 UTC 2026","Wed Jul 29 03:13:14 UTC 2026","14","1.1 Team Hummingbird - BFF | WLW app","Technical Tests","login-controller","POST /public_api/auth/code/resend [NEG] Missing Auth/API-Key","","POST /public_api/auth/code/resend [NEG] Missing Auth/API-Key",""
"passed","Wed Jul 29 03:20:32 UTC 2026","Wed Jul 29 03:20:33 UTC 2026","1146","Dolphin","Technical","","","productTextSearchPaidSupplierFilterTest","AI product text search recall: paid/verified supplier filter",""
"passed","Wed Jul 29 03:13:03 UTC 2026","Wed Jul 29 03:13:03 UTC 2026","33","1.1 Team Hummingbird - BFF | WLW app","Technical Tests","conversation-controller","POST /public_api/conversation/userConversations/{conversationId}/messages","","POST /public_api/conversation/userConversations/{conversationId}/messages",""
"passed","Wed Jul 29 03:17:29 UTC 2026","Wed Jul 29 03:17:29 UTC 2026","480","4. Team CRM |CRM Staging","Endpoints Tests","(root)","trigger from SF Platform Profile","","trigger from SF Platform Profile",""
"passed","Wed Jul 29 03:13:25 UTC 2026","Wed Jul 29 03:13:25 UTC 2026","33","1.1 Team Hummingbird - BFF | WLW app","Technical Tests","search-term-controller","PUT /public_api/search/notification-opened [NEG] Expired Token","","PUT /public_api/search/notification-opened [NEG] Expired Token",""
"passed","Wed Jul 29 03:13:18 UTC 2026","Wed Jul 29 03:13:18 UTC 2026","31","1.1 Team Hummingbird - BFF | WLW app","Technical Tests","purchaser-user-setting-controller","POST /userSetting/ [NEG] Expired Token","","POST /userSetting/ [NEG] Expired Token",""
"passed","Wed Jul 29 03:13:14 UTC 2026","Wed Jul 29 03:13:14 UTC 2026","32","1.1 Team Hummingbird - BFF | WLW app","Technical Tests","login-controller","POST /public_api/auth/code/resend [NEG] Expired Token","","POST /public_api/auth/code/resend [NEG] Expired Token",""
"passed","Wed Jul 29 03:17:25 UTC 2026","Wed Jul 29 03:17:25 UTC 2026","0","4. Team CRM |CRM Staging","Business Scenarios Tests","Contacts","Smoke test for Create Contact & Verify HubSpot Sync","","Smoke test for Create Contact & Verify HubSpot Sync",""
"failed","Wed Jul 29 03:12:55 UTC 2026","Wed Jul 29 03:12:55 UTC 2026","19","1.1 Team Hummingbird - BFF | WLW app","Endpoint tests","Conversations","dynamic link conversation","","dynamic link conversation",""
"failed","Wed Jul 29 03:12:01 UTC 2026","Wed Jul 29 03:12:01 UTC 2026","9","2 Team Dragon - BFF | RFQ Backend","Functional Tests","(root)","GET /v1/rfqs/attachments/{attachmentId} - Download","","GET /v1/rfqs/attachments/{attachmentId} - Download",""
"passed","Wed Jul 29 03:13:04 UTC 2026","Wed Jul 29 03:13:04 UTC 2026","34","1.1 Team Hummingbird - BFF | WLW app","Technical Tests","conversation-controller","POST /public_api/conversation/userConversations/{conversationId}/messages/{messageId}/translate","","POST /public_api/conversation/userConversations/{conversationId}/messages/{messageId}/translate",""
"passed","Wed Jul 29 03:17:21 UTC 2026","Wed Jul 29 03:17:22 UTC 2026","209","4. Team CRM |CRM Staging","Business Scenarios Tests","Account","Smoke test : Account + Contact + SAP","","Smoke test : Account + Contact + SAP",""
"passed","Wed Jul 29 03:13:28 UTC 2026","Wed Jul 29 03:13:28 UTC 2026","32","1.1 Team Hummingbird - BFF | WLW app","Technical Tests","trending-products-controller","POST /public_api/trending/import [NEG] Expired Token","","POST /public_api/trending/import [NEG] Expired Token",""
"passed","Wed Jul 29 03:13:14 UTC 2026","Wed Jul 29 03:13:14 UTC 2026","31","1.1 Team Hummingbird - BFF | WLW app","Technical Tests","login-controller","POST /public_api/auth/code/resend [NEG] Forbidden Role Token","","POST /public_api/auth/code/resend [NEG] Forbidden Role Token",""
"failed","Wed Jul 29 03:13:08 UTC 2026","Wed Jul 29 03:13:08 UTC 2026","12","1.1 Team Hummingbird - BFF | WLW app","Technical Tests","conversation-controller","GET /public_api/conversation/userConversations/{conversationId}/file/ [SEC] Injection Probe","","GET /public_api/conversation/userConversations/{conversationId}/file/ [SEC] Injection Probe",""
"passed","Wed Jul 29 03:13:15 UTC 2026","Wed Jul 29 03:13:16 UTC 2026","32","1.1 Team Hummingbird - BFF | WLW app","Technical Tests","product-controller","GET /public_api/products/{productId}","","GET /public_api/products/{productId}",""
"passed","Wed Jul 29 03:13:14 UTC 2026","Wed Jul 29 03:13:14 UTC 2026","34","1.1 Team Hummingbird - BFF | WLW app","Technical Tests","login-controller","POST /public_api/auth/changePassword","","POST /public_api/auth/changePassword",""
"failed","Wed Jul 29 03:13:00 UTC 2026","Wed Jul 29 03:13:00 UTC 2026","14","1.1 Team Hummingbird - BFF | WLW app","Technical Tests","company-controller","GET /public_api/company [NEG] Missing Auth/API-Key","","GET /public_api/company [NEG] Missing Auth/API-Key",""
"failed","Wed Jul 29 03:13:28 UTC 2026","Wed Jul 29 03:13:28 UTC 2026","14","1.1 Team Hummingbird - BFF | WLW app","Technical Tests","trending-products-controller","GET /public_api/trending/products [NEG] Forbidden Role Token","","GET /public_api/trending/products [NEG] Forbidden Role Token",""
"passed","Wed Jul 29 03:11:58 UTC 2026","Wed Jul 29 03:12:00 UTC 2026","1359","1 Team Hummingbird - BFF | EP app","Endpoint tests","Login","user Info","","user Info",""
"passed","Wed Jul 29 03:13:17 UTC 2026","Wed Jul 29 03:13:17 UTC 2026","21","1.1 Team Hummingbird - BFF | WLW app","Technical Tests","purchaser-user-setting-controller","PUT /userSetting/{id} [NEG] Missing Auth/API-Key","","PUT /userSetting/{id} [NEG] Missing Auth/API-Key",""
"passed","Wed Jul 29 03:13:12 UTC 2026","Wed Jul 29 03:13:12 UTC 2026","35","1.1 Team Hummingbird - BFF | WLW app","Technical Tests","login-controller","POST /public_api/auth/session/extend [NEG] Expired Token","","POST /public_api/auth/session/extend [NEG] Expired Token",""
"failed","Wed Jul 29 03:12:02 UTC 2026","Wed Jul 29 03:12:02 UTC 2026","19","2 Team Dragon - BFF | RFQ Backend","Technical Tests","(root)","POST /v1/rfqs/{rfqId}/respond - Multipart Upload + Schema + Security","","POST /v1/rfqs/{rfqId}/respond - Multipart Upload + Schema + Security",""
"passed","Wed Jul 29 03:17:28 UTC 2026","Wed Jul 29 03:17:28 UTC 2026","154","4. Team CRM |CRM Staging","Endpoints Tests","(root)","update SF","","update SF",""
"passed","Wed Jul 29 03:12:54 UTC 2026","Wed Jul 29 03:12:54 UTC 2026","200","1.1 Team Hummingbird - BFF | WLW app","Endpoint tests","Conversations","conversation id","","conversation id",""
"broken","Wed Jul 29 03:17:41 UTC 2026","Wed Jul 29 03:18:01 UTC 2026","20010","Dolphin","Functional","","","recallTest","AI Search recall (supplierTextSearch) API using params from inference",""
"passed","Wed Jul 29 03:17:22 UTC 2026","Wed Jul 29 03:17:27 UTC 2026","4844","4. Team CRM |CRM Staging","Business Scenarios Tests","Account","Create Account","","Create Account",""
"failed","Wed Jul 29 03:13:26 UTC 2026","Wed Jul 29 03:13:26 UTC 2026","14","1.1 Team Hummingbird - BFF | WLW app","Technical Tests","supplier-visitors-controller","GET /public_api/suppliers/{supplier_id}/visits [NEG] Missing Auth/API-Key","","GET /public_api/suppliers/{supplier_id}/visits [NEG] Missing Auth/API-Key",""
"passed","Wed Jul 29 03:13:19 UTC 2026","Wed Jul 29 03:13:19 UTC 2026","33","1.1 Team Hummingbird - BFF | WLW app","Technical Tests","purchaser-user-setting-controller","POST /userSetting [NEG] Forbidden Role Token","","POST /userSetting [NEG] Forbidden Role Token",""
"passed","Wed Jul 29 03:17:20 UTC 2026","Wed Jul 29 03:17:22 UTC 2026","1577","4. Team CRM |CRM Staging","Business Scenarios Tests","Account","Update Account","","Update Account",""
"failed","Wed Jul 29 03:13:18 UTC 2026","Wed Jul 29 03:13:18 UTC 2026","14","1.1 Team Hummingbird - BFF | WLW app","Technical Tests","purchaser-user-setting-controller","GET /userSetting [NEG] Forbidden Role Token","","GET /userSetting [NEG] Forbidden Role Token",""
"passed","Wed Jul 29 03:20:39 UTC 2026","Wed Jul 29 03:20:40 UTC 2026","99","Dolphin","Technical","","","homepageProductRecommendTest","homepage product recommend -- wlw",""
"passed","Wed Jul 29 03:13:15 UTC 2026","Wed Jul 29 03:13:15 UTC 2026","36","1.1 Team Hummingbird - BFF | WLW app","Technical Tests","login-controller","DELETE /public_api/auth/sso/logout [NEG] Expired Token","","DELETE /public_api/auth/sso/logout [NEG] Expired Token",""
"failed","Wed Jul 29 03:13:17 UTC 2026","Wed Jul 29 03:13:17 UTC 2026","12","1.1 Team Hummingbird - BFF | WLW app","Technical Tests","purchaser-support-controller","GET /support-faq [NEG] Forbidden Role Token","","GET /support-faq [NEG] Forbidden Role Token",""
"passed","Wed Jul 29 03:13:04 UTC 2026","Wed Jul 29 03:13:04 UTC 2026","35","1.1 Team Hummingbird - BFF | WLW app","Technical Tests","conversation-controller","POST /public_api/conversation/userConversations/{conversationId}/messages/{messageId}/translate [NEG] Expired Token","","POST /public_api/conversation/userConversations/{conversationId}/messages/{messageId}/translate [NEG] Expired Token",""
"failed","Wed Jul 29 03:13:21 UTC 2026","Wed Jul 29 03:13:21 UTC 2026","13","1.1 Team Hummingbird - BFF | WLW app","Technical Tests","search-controller","GET /public_api/suppliers/recommendations","","GET /public_api/suppliers/recommendations",""
"broken","Wed Jul 29 03:10:59 UTC 2026","Wed Jul 29 03:11:00 UTC 2026","555","Bamboo","Technical","","","leafCategoryPredictTest","leafCategoryPredict",""
"skipped","Wed Jul 29 03:16:26 UTC 2026","Wed Jul 29 03:16:26 UTC 2026","0","3 Team Techno - UCL","Technical Tests","Membership","GET /unified_commercial_logic/internal_api/api/membership - Retrieve Membership List","","GET /unified_commercial_logic/internal_api/api/membership - Retrieve Membership List",""
"broken","Wed Jul 29 03:17:21 UTC 2026","Wed Jul 29 03:17:41 UTC 2026","20004","Dolphin","Technical","","","recallSpecialCharQueryTest","AI Search recall: special-character query structure OK",""
"passed","Wed Jul 29 03:12:03 UTC 2026","Wed Jul 29 03:12:03 UTC 2026","28","1 Team Hummingbird - BFF | EP app","Endpoint tests","Homepage, products","preferred categories","","preferred categories",""
"broken","Wed Jul 29 03:16:41 UTC 2026","Wed Jul 29 03:17:01 UTC 2026","20022","Dolphin","Functional","","","recallSecondPageTest","AI Search recall: pagination page 2",""
"failed","Wed Jul 29 03:13:28 UTC 2026","Wed Jul 29 03:13:28 UTC 2026","11","1.1 Team Hummingbird - BFF | WLW app","Technical Tests","trending-products-controller","GET /public_api/trending/products [NEG] Missing Auth/API-Key","","GET /public_api/trending/products [NEG] Missing Auth/API-Key",""
"failed","Wed Jul 29 03:13:21 UTC 2026","Wed Jul 29 03:13:21 UTC 2026","13","1.1 Team Hummingbird - BFF | WLW app","Technical Tests","search-controller","GET /public_api/suppliers/recommendations [NEG] Missing Auth/API-Key","","GET /public_api/suppliers/recommendations [NEG] Missing Auth/API-Key",""
"passed","Wed Jul 29 03:17:30 UTC 2026","Wed Jul 29 03:17:30 UTC 2026","99","4. Team CRM |CRM Staging","Endpoints Tests","(root)","resolve individual id bulk","","resolve individual id bulk",""
"passed","Wed Jul 29 03:13:04 UTC 2026","Wed Jul 29 03:13:04 UTC 2026","32","1.1 Team Hummingbird - BFF | WLW app","Technical Tests","conversation-controller","POST /public_api/conversation/userConversations/{conversationId}/messages/file/","","POST /public_api/conversation/userConversations/{conversationId}/messages/file/",""
