"Status","Start Time","Stop Time","Duration in ms","Parent Suite","Suite","Sub Suite","Test Class","Test Method","Name","Description"
"passed","Thu Aug 13 03:04:20 UTC 2026","Thu Aug 13 03:04:20 UTC 2026","262","1 Team Hummingbird - BFF | EP app","Endpoint tests","Search","search autoComplete EN","","search autoComplete EN",""
"passed","Thu Aug 13 03:06:24 UTC 2026","Thu Aug 13 03:06:24 UTC 2026","39","1.1 Team Hummingbird - BFF | WLW app","Technical Tests","product-controller","GET /public_api/products/{productId} [NEG] Expired Token","","GET /public_api/products/{productId} [NEG] Expired Token",""
"failed","Thu Aug 13 03:03:23 UTC 2026","Thu Aug 13 03:03:23 UTC 2026","46","4. Team CRM |CRM Staging","Business Scenarios Tests","Lead","Update a Lead","","Update a Lead",""
"failed","Thu Aug 13 03:06:29 UTC 2026","Thu Aug 13 03:06:29 UTC 2026","11","1.1 Team Hummingbird - BFF | WLW app","Technical Tests","search-controller","GET /public_api/suppliers/recommendations [NEG] Expired Token","","GET /public_api/suppliers/recommendations [NEG] Expired Token",""
"skipped","Thu Aug 13 03:03:18 UTC 2026","Thu Aug 13 03:03:18 UTC 2026","0","7. Team Pegasus | Pegasus Staging","Business Scenarios Tests","Business Insights","Dashboard smoke flow","","Scoring",""
"passed","Thu Aug 13 03:06:09 UTC 2026","Thu Aug 13 03:06:09 UTC 2026","39","1.1 Team Hummingbird - BFF | WLW app","Technical Tests","contact-form-controller","POST /public_api/contact-form/messages","","POST /public_api/contact-form/messages",""
"broken","Thu Aug 13 03:04:07 UTC 2026","Thu Aug 13 03:04:27 UTC 2026","20464","Dolphin","Functional","","","recallAlternateSortTest","AI Search recall: alternate sort (order_num_desc)",""
"failed","Thu Aug 13 03:06:06 UTC 2026","Thu Aug 13 03:06:06 UTC 2026","14","1.1 Team Hummingbird - BFF | WLW app","Technical Tests","categories-controller","GET /preferred/categories [NEG] Forbidden Role Token","","GET /preferred/categories [NEG] Forbidden Role Token",""
"skipped","Thu Aug 13 03:03:18 UTC 2026","Thu Aug 13 03:03:18 UTC 2026","0","7. Team Pegasus | Pegasus Staging","Endpoints Tests","Business Insights","Graph","","Graph",""
"passed","Thu Aug 13 03:03:17 UTC 2026","Thu Aug 13 03:03:18 UTC 2026","94","4. Team CRM |CRM Staging","Business Scenarios Tests","Tasks","Verify Change","","Verify Change",""
"passed","Thu Aug 13 03:03:18 UTC 2026","Thu Aug 13 03:03:18 UTC 2026","85","4. Team CRM |CRM Staging","Business Scenarios Tests","Quote","Smoke Test Create new quote","","Smoke Test Create new quote",""
"skipped","Thu Aug 13 03:07:26 UTC 2026","Thu Aug 13 03:07:26 UTC 2026","0","3 Team Techno - UCL","Functional Tests","Endpoint Tests","SponsoredBrand","","get active SPB by uuid",""
"passed","Thu Aug 13 03:03:24 UTC 2026","Thu Aug 13 03:03:24 UTC 2026","62","4. Team CRM |CRM Staging","Business Scenarios Tests","Contacts","Create Contact","","Create Contact",""
"failed","Thu Aug 13 03:06:11 UTC 2026","Thu Aug 13 03:06:11 UTC 2026","13","1.1 Team Hummingbird - BFF | WLW app","Technical Tests","conversation-controller","GET /public_api/conversation/userConversations/{conversationId}/messages","","GET /public_api/conversation/userConversations/{conversationId}/messages",""
"failed","Thu Aug 13 03:04:17 UTC 2026","Thu Aug 13 03:04:17 UTC 2026","58","1 Team Hummingbird - BFF | EP app","Endpoint tests","Login","resend code","","resend code",""
"passed","Thu Aug 13 03:04:20 UTC 2026","Thu Aug 13 03:04:20 UTC 2026","121","1 Team Hummingbird - BFF | EP app","Endpoint tests","Company","search company products","","search company products",""
"failed","Thu Aug 13 03:03:18 UTC 2026","Thu Aug 13 03:03:18 UTC 2026","106","4. Team CRM |CRM Staging","Business Scenarios Tests","Contacts","Check Contact","","Check Contact",""
"failed","Thu Aug 13 03:03:59 UTC 2026","Thu Aug 13 03:03:59 UTC 2026","22","2 Team Dragon - BFF | RFQ Backend","Technical Tests","(root)","POST /v1/rfqs/{rfqId}/respond - Multipart Upload + Schema + Security","","POST /v1/rfqs/{rfqId}/respond - Multipart Upload + Schema + Security",""
"failed","Thu Aug 13 03:03:28 UTC 2026","Thu Aug 13 03:03:28 UTC 2026","57","4. Team CRM |CRM Staging","Endpoints Tests","(root)","Update WLW Connect Counters with id","","Update WLW Connect Counters with id",""
"failed","Thu Aug 13 03:06:15 UTC 2026","Thu Aug 13 03:06:15 UTC 2026","15","1.1 Team Hummingbird - BFF | WLW app","Technical Tests","conversation-controller","GET /public_api/conversation/userConversations/{conversationId}/file/","","GET /public_api/conversation/userConversations/{conversationId}/file/",""
"passed","Thu Aug 13 03:11:41 UTC 2026","Thu Aug 13 03:11:42 UTC 2026","1200","Dolphin","Technical","","","productTextSearchSecondPageTest","AI product text search recall: pagination page 2",""
"failed","Thu Aug 13 03:06:23 UTC 2026","Thu Aug 13 03:06:23 UTC 2026","12","1.1 Team Hummingbird - BFF | WLW app","Technical Tests","product-controller","GET /public_api/products","","GET /public_api/products",""
"passed","Thu Aug 13 03:04:17 UTC 2026","Thu Aug 13 03:04:18 UTC 2026","1168","1 Team Hummingbird - BFF | EP app","Endpoint tests","Login","user Info","","user Info",""
"passed","Thu Aug 13 03:03:28 UTC 2026","Thu Aug 13 03:03:28 UTC 2026","72","4. Team CRM |CRM Staging","Endpoints Tests","(root)","Create platform profile","","Create platform profile",""
"failed","Thu Aug 13 03:06:32 UTC 2026","Thu Aug 13 03:06:32 UTC 2026","12","1.1 Team Hummingbird - BFF | WLW app","Technical Tests","search-controller","GET /public_api/products/recommendations [NEG] Forbidden Role Token","","GET /public_api/products/recommendations [NEG] Forbidden Role Token",""
"passed","Thu Aug 13 03:04:20 UTC 2026","Thu Aug 13 03:04:20 UTC 2026","425","1 Team Hummingbird - BFF | EP app","Endpoint tests","Company","Companies / products DE","","Companies / products DE",""
"failed","Thu Aug 13 03:06:34 UTC 2026","Thu Aug 13 03:06:34 UTC 2026","14","1.1 Team Hummingbird - BFF | WLW app","Technical Tests","search-term-controller","POST /public_api/search/track [NEG] Forbidden Role Token","","POST /public_api/search/track [NEG] Forbidden Role Token",""
"skipped","Thu Aug 13 03:03:18 UTC 2026","Thu Aug 13 03:03:18 UTC 2026","0","7. Team Pegasus | Pegasus Staging","Endpoints Tests","Supplier Registration","EP","","request_for_quotations - Endpoints related to the creation of request for quotations",""
"failed","Thu Aug 13 03:05:56 UTC 2026","Thu Aug 13 03:05:56 UTC 2026","40","1.1 Team Hummingbird - BFF | WLW app","Endpoint tests","Login","resend code","","resend code",""
"skipped","Thu Aug 13 03:03:17 UTC 2026","Thu Aug 13 03:03:17 UTC 2026","0","4. Team CRM |CRM Staging","Endpoints Tests","Leads","(empty)","","Endpoints Tests / Leads - empty",""
"passed","Thu Aug 13 03:11:45 UTC 2026","Thu Aug 13 03:11:45 UTC 2026","85","Dolphin","Functional","","","EPOtherStoreProductRecommendTest","product other store recommend",""
"passed","Thu Aug 13 03:06:16 UTC 2026","Thu Aug 13 03:06:16 UTC 2026","39","1.1 Team Hummingbird - BFF | WLW app","Technical Tests","currency-exchange-controller","GET /exchange/fetch-rates [NEG] Forbidden Role Token","","GET /exchange/fetch-rates [NEG] Forbidden Role Token",""
"failed","Thu Aug 13 03:03:19 UTC 2026","Thu Aug 13 03:03:19 UTC 2026","47","4. Team CRM |CRM Staging","Business Scenarios Tests","Account","wlw salesorderitems link","","wlw salesorderitems link",""
"failed","Thu Aug 13 03:06:33 UTC 2026","Thu Aug 13 03:06:33 UTC 2026","12","1.1 Team Hummingbird - BFF | WLW app","Technical Tests","search-term-controller","POST /public_api/search/track","","POST /public_api/search/track",""
"skipped","Thu Aug 13 03:07:26 UTC 2026","Thu Aug 13 03:07:26 UTC 2026","0","3 Team Techno - UCL","Functional Tests","Endpoint Tests","TopRanking","","get TR with the given existing id",""
"failed","Thu Aug 13 03:06:03 UTC 2026","Thu Aug 13 03:06:03 UTC 2026","304","1.1 Team Hummingbird - BFF | WLW app","Endpoint tests","Conversations","Decline RFQ","","Decline RFQ",""
"passed","Thu Aug 13 03:06:09 UTC 2026","Thu Aug 13 03:06:09 UTC 2026","48","1.1 Team Hummingbird - BFF | WLW app","Technical Tests","company-controller","GET /public_api/company/{id} [NEG] Forbidden Role Token","","GET /public_api/company/{id} [NEG] Forbidden Role Token",""
"failed","Thu Aug 13 03:03:18 UTC 2026","Thu Aug 13 03:03:18 UTC 2026","110","4. Team CRM |CRM Staging","Business Scenarios Tests","Contacts","Create Contact","","Create Contact",""
"broken","Thu Aug 13 03:04:47 UTC 2026","Thu Aug 13 03:05:07 UTC 2026","20018","Dolphin","Functional","","","recallCountryFilterTest","AI Search recall: country filter DE",""
"passed","Thu Aug 13 03:06:12 UTC 2026","Thu Aug 13 03:06:12 UTC 2026","32","1.1 Team Hummingbird - BFF | WLW app","Technical Tests","conversation-controller","POST /public_api/conversation/userConversations/{conversationId}/messages/file/","","POST /public_api/conversation/userConversations/{conversationId}/messages/file/",""
"passed","Thu Aug 13 03:06:37 UTC 2026","Thu Aug 13 03:06:37 UTC 2026","44","1.1 Team Hummingbird - BFF | WLW app","Technical Tests","user-controller","PUT /public_api/user/userInfo [NEG] Expired Token","","PUT /public_api/user/userInfo [NEG] Expired Token",""
"broken","Thu Aug 13 03:08:49 UTC 2026","Thu Aug 13 03:09:09 UTC 2026","20021","Dolphin","Functional","","","recallTest","AI Search recall (supplierTextSearch) API using params from inference",""
"skipped","Thu Aug 13 03:03:18 UTC 2026","Thu Aug 13 03:03:18 UTC 2026","0","7. Team Pegasus | Pegasus Staging","Spike | Profiles link user to company","(root)","02 POST — Create company (Supplier Facts)","","02 POST — Create company (Supplier Facts)",""
"passed","Thu Aug 13 03:03:19 UTC 2026","Thu Aug 13 03:03:19 UTC 2026","72","4. Team CRM |CRM Staging","Business Scenarios Tests","Account","Verify HubSpot Sync","","Verify HubSpot Sync",""
"passed","Thu Aug 13 03:06:29 UTC 2026","Thu Aug 13 03:06:29 UTC 2026","40","1.1 Team Hummingbird - BFF | WLW app","Technical Tests","rfq-marketing-controller","POST /public_api/rfq-marketing/trigger [NEG] Expired Token","","POST /public_api/rfq-marketing/trigger [NEG] Expired Token",""
"passed","Thu Aug 13 03:06:33 UTC 2026","Thu Aug 13 03:06:33 UTC 2026","15","1.1 Team Hummingbird - BFF | WLW app","Technical Tests","search-term-controller","PUT /public_api/search/notification-opened [NEG] Missing Auth/API-Key","","PUT /public_api/search/notification-opened [NEG] Missing Auth/API-Key",""
"failed","Thu Aug 13 03:06:30 UTC 2026","Thu Aug 13 03:06:30 UTC 2026","12","1.1 Team Hummingbird - BFF | WLW app","Technical Tests","search-controller","GET /public_api/search/products [NEG] Forbidden Role Token","","GET /public_api/search/products [NEG] Forbidden Role Token",""
"broken","Thu Aug 13 03:03:14 UTC 2026","Thu Aug 13 03:03:15 UTC 2026","559","Bamboo","Functional","","","leafCategoryPredictTest","leafCategoryPredict",""
"skipped","Thu Aug 13 03:03:18 UTC 2026","Thu Aug 13 03:03:18 UTC 2026","0","7. Team Pegasus | Pegasus Staging","Endpoints Tests","Business Insights","Product search","","Product search",""
"passed","Thu Aug 13 03:03:58 UTC 2026","Thu Aug 13 03:03:58 UTC 2026","520","2 Team Dragon - BFF | RFQ Backend","Functional Tests","(root)","GET /v1/rfqs - Success","","GET /v1/rfqs - Success",""
"passed","Thu Aug 13 03:06:18 UTC 2026","Thu Aug 13 03:06:18 UTC 2026","45","1.1 Team Hummingbird - BFF | WLW app","Technical Tests","feedback-controller","GET /feedback/subject","","GET /feedback/subject",""
"passed","Thu Aug 13 03:11:45 UTC 2026","Thu Aug 13 03:11:45 UTC 2026","150","Dolphin","Functional","","","EPHomepageProductRecommendTest","homepage product recommend -- ep",""
"passed","Thu Aug 13 03:06:37 UTC 2026","Thu Aug 13 03:06:37 UTC 2026","39","1.1 Team Hummingbird - BFF | WLW app","Technical Tests","trending-products-controller","GET /public_api/trending/notifications [NEG] Expired Token","","GET /public_api/trending/notifications [NEG] Expired Token",""
"passed","Thu Aug 13 03:03:26 UTC 2026","Thu Aug 13 03:03:26 UTC 2026","57","4. Team CRM |CRM Staging","Endpoints Tests","Accounts","Get Account Information","","Get Account Information",""
"passed","Thu Aug 13 03:04:22 UTC 2026","Thu Aug 13 03:04:22 UTC 2026","38","1 Team Hummingbird - BFF | EP app","Endpoint tests","Homepage, products","preferred categories","","preferred categories",""
"passed","Thu Aug 13 03:05:57 UTC 2026","Thu Aug 13 03:05:57 UTC 2026","253","1.1 Team Hummingbird - BFF | WLW app","Endpoint tests","User settings","user setting","","user setting",""
"skipped","Thu Aug 13 03:03:18 UTC 2026","Thu Aug 13 03:03:18 UTC 2026","0","7. Team Pegasus | Pegasus Staging","Spike | Profiles link user to company","(root)","10 MANUAL — company-editor basic-info (browser)","","10 MANUAL — company-editor basic-info (browser)",""
"passed","Thu Aug 13 03:06:18 UTC 2026","Thu Aug 13 03:06:18 UTC 2026","48","1.1 Team Hummingbird - BFF | WLW app","Technical Tests","feedback-controller","POST /feedback [NEG] Expired Token","","POST /feedback [NEG] Expired Token",""
"passed","Thu Aug 13 03:03:25 UTC 2026","Thu Aug 13 03:03:25 UTC 2026","75","4. Team CRM |CRM Staging","Business Scenarios Tests","Platform Profile","Smoke Test Create Platform Profile","","Smoke Test Create Platform Profile",""
"passed","Thu Aug 13 03:06:35 UTC 2026","Thu Aug 13 03:06:35 UTC 2026","17","1.1 Team Hummingbird - BFF | WLW app","Technical Tests","supplier-visitors-controller","GET /public_api/suppliers/{supplier_id}/visits/{id} [NEG] Missing Auth/API-Key","","GET /public_api/suppliers/{supplier_id}/visits/{id} [NEG] Missing Auth/API-Key",""
"failed","Thu Aug 13 03:06:01 UTC 2026","Thu Aug 13 03:06:01 UTC 2026","138","1.1 Team Hummingbird - BFF | WLW app","Endpoint tests","Homepage, products","product recommendations FR","","product recommendations FR",""
"failed","Thu Aug 13 03:06:31 UTC 2026","Thu Aug 13 03:06:31 UTC 2026","13","1.1 Team Hummingbird - BFF | WLW app","Technical Tests","search-controller","GET /public_api/search/ai/termRecommend [NEG] Expired Token","","GET /public_api/search/ai/termRecommend [NEG] Expired Token",""
"skipped","Thu Aug 13 03:03:18 UTC 2026","Thu Aug 13 03:03:18 UTC 2026","0","7. Team Pegasus | Pegasus Staging","Endpoints Tests","Supplier Registration","One Platform — User Profile API","","Get Profile by ID",""
"failed","Thu Aug 13 03:06:10 UTC 2026","Thu Aug 13 03:06:10 UTC 2026","13","1.1 Team Hummingbird - BFF | WLW app","Technical Tests","conversation-controller","PUT /public_api/conversation/userConversations/{conversationId}/messages/markAsRead [NEG] Missing Auth/API-Key","","PUT /public_api/conversation/userConversations/{conversationId}/messages/markAsRead [NEG] Missing Auth/API-Key",""
"failed","Thu Aug 13 03:06:13 UTC 2026","Thu Aug 13 03:06:13 UTC 2026","13","1.1 Team Hummingbird - BFF | WLW app","Technical Tests","conversation-controller","GET /public_api/conversation/userConversations [NEG] Expired Token","","GET /public_api/conversation/userConversations [NEG] Expired Token",""
"failed","Thu Aug 13 03:11:36 UTC 2026","Thu Aug 13 03:11:37 UTC 2026","874","Dolphin","Technical","","","productTextSearchNoResultTest","AI product text search recall: no-result query",""
"passed","Thu Aug 13 03:06:09 UTC 2026","Thu Aug 13 03:06:09 UTC 2026","20","1.1 Team Hummingbird - BFF | WLW app","Technical Tests","company-controller","GET /public_api/company/{id} [NEG] Missing Auth/API-Key","","GET /public_api/company/{id} [NEG] Missing Auth/API-Key",""
"failed","Thu Aug 13 03:03:28 UTC 2026","Thu Aug 13 03:03:28 UTC 2026","78","4. Team CRM |CRM Staging","Endpoints Tests","(root)","trigger a Buyer lead","","trigger a Buyer lead",""
"passed","Thu Aug 13 03:06:28 UTC 2026","Thu Aug 13 03:06:28 UTC 2026","15","1.1 Team Hummingbird - BFF | WLW app","Technical Tests","rfq-controller","POST /public_api/connect/purchaser/tenders/ [NEG] Missing Auth/API-Key","","POST /public_api/connect/purchaser/tenders/ [NEG] Missing Auth/API-Key",""
"passed","Thu Aug 13 03:06:10 UTC 2026","Thu Aug 13 03:06:10 UTC 2026","40","1.1 Team Hummingbird - BFF | WLW app","Technical Tests","conversation-controller","PUT /public_api/conversation/userConversations/{conversationId}/tag [NEG] Forbidden Role Token","","PUT /public_api/conversation/userConversations/{conversationId}/tag [NEG] Forbidden Role Token",""
"passed","Thu Aug 13 03:05:59 UTC 2026","Thu Aug 13 03:06:00 UTC 2026","79","1.1 Team Hummingbird - BFF | WLW app","Endpoint tests","Search","search autoComplete DE","","search autoComplete DE",""
"passed","Thu Aug 13 03:06:21 UTC 2026","Thu Aug 13 03:06:21 UTC 2026","13","1.1 Team Hummingbird - BFF | WLW app","Technical Tests","login-controller","POST /public_api/auth/code/verify [NEG] Missing Auth/API-Key","","POST /public_api/auth/code/verify [NEG] Missing Auth/API-Key",""
"failed","Thu Aug 13 03:06:13 UTC 2026","Thu Aug 13 03:06:13 UTC 2026","13","1.1 Team Hummingbird - BFF | WLW app","Technical Tests","conversation-controller","GET /public_api/conversation/userConversations/{userId}/unreadCount","","GET /public_api/conversation/userConversations/{userId}/unreadCount",""
"passed","Thu Aug 13 03:06:20 UTC 2026","Thu Aug 13 03:06:20 UTC 2026","33","1.1 Team Hummingbird - BFF | WLW app","Technical Tests","login-controller","POST /public_api/auth/session/extend [NEG] Forbidden Role Token","","POST /public_api/auth/session/extend [NEG] Forbidden Role Token",""
"skipped","Thu Aug 13 03:04:17 UTC 2026","Thu Aug 13 03:04:17 UTC 2026","0","1 Team Hummingbird - BFF | EP app","Business Scenario Tests","(empty)","(empty)","","Business Scenario Tests - empty",""
"passed","Thu Aug 13 03:04:20 UTC 2026","Thu Aug 13 03:04:20 UTC 2026","772","1 Team Hummingbird - BFF | EP app","Endpoint tests","Company","Companies / products EN","","Companies / products EN",""
"passed","Thu Aug 13 03:06:09 UTC 2026","Thu Aug 13 03:06:09 UTC 2026","13","1.1 Team Hummingbird - BFF | WLW app","Technical Tests","contact-form-controller","POST /public_api/contact-form/messages [NEG] Missing Auth/API-Key","","POST /public_api/contact-form/messages [NEG] Missing Auth/API-Key",""
"failed","Thu Aug 13 03:03:29 UTC 2026","Thu Aug 13 03:03:29 UTC 2026","73","4. Team CRM |CRM Staging","Endpoints Tests","(root)","resolve individual id bulk","","resolve individual id bulk",""
"passed","Thu Aug 13 03:06:02 UTC 2026","Thu Aug 13 03:06:02 UTC 2026","602","1.1 Team Hummingbird - BFF | WLW app","Endpoint tests","Conversations","conversation/messages","","conversation/messages",""
"passed","Thu Aug 13 03:05:56 UTC 2026","Thu Aug 13 03:05:56 UTC 2026","447","1.1 Team Hummingbird - BFF | WLW app","Endpoint tests","Login","native email login purchaser","","native email login purchaser",""
"passed","Thu Aug 13 03:06:17 UTC 2026","Thu Aug 13 03:06:17 UTC 2026","29","1.1 Team Hummingbird - BFF | WLW app","Technical Tests","feedback-controller","POST /v1/feedback [NEG] Missing Auth/API-Key","","POST /v1/feedback [NEG] Missing Auth/API-Key",""
"failed","Thu Aug 13 03:06:11 UTC 2026","Thu Aug 13 03:06:11 UTC 2026","11","1.1 Team Hummingbird - BFF | WLW app","Technical Tests","conversation-controller","GET /public_api/conversation/userConversations/{conversationId}/messages [NEG] Forbidden Role Token","","GET /public_api/conversation/userConversations/{conversationId}/messages [NEG] Forbidden Role Token",""
"passed","Thu Aug 13 03:11:45 UTC 2026","Thu Aug 13 03:11:45 UTC 2026","71","Dolphin","Functional","","","EPPCppProductRecommendTest","recommend products in CPP -- ep",""
"broken","Thu Aug 13 03:03:14 UTC 2026","Thu Aug 13 03:03:14 UTC 2026","644","Bamboo","Functional","","","findCategoryByIdTest","findCategoryById",""
"failed","Thu Aug 13 03:06:10 UTC 2026","Thu Aug 13 03:06:10 UTC 2026","11","1.1 Team Hummingbird - BFF | WLW app","Technical Tests","conversation-controller","PUT /public_api/conversation/userConversations/{conversationId}/messages/markAsRead","","PUT /public_api/conversation/userConversations/{conversationId}/messages/markAsRead",""
"passed","Thu Aug 13 03:06:20 UTC 2026","Thu Aug 13 03:06:20 UTC 2026","38","1.1 Team Hummingbird - BFF | WLW app","Technical Tests","login-controller","POST /public_api/auth/session/extend [NEG] Missing Auth/API-Key","","POST /public_api/auth/session/extend [NEG] Missing Auth/API-Key",""
"passed","Thu Aug 13 03:06:27 UTC 2026","Thu Aug 13 03:06:27 UTC 2026","38","1.1 Team Hummingbird - BFF | WLW app","Technical Tests","purchaser-user-setting-controller","POST /userSetting [NEG] Expired Token","","POST /userSetting [NEG] Expired Token",""
"skipped","Thu Aug 13 03:07:26 UTC 2026","Thu Aug 13 03:07:26 UTC 2026","0","3 Team Techno - UCL","Technical Tests","TopRanking","GET /unified_commercial_logic/internal_api/api/top_ranking_v1/{id} - Retrieve TopRankingV1 By ID","","GET /unified_commercial_logic/internal_api/api/top_ranking_v1/{id} - Retrieve TopRankingV1 By ID",""
"passed","Thu Aug 13 03:04:21 UTC 2026","Thu Aug 13 03:04:22 UTC 2026","1020","1 Team Hummingbird - BFF | EP app","Endpoint tests","Search","search companies, EN","","search companies, EN",""
"passed","Thu Aug 13 03:11:38 UTC 2026","Thu Aug 13 03:11:39 UTC 2026","771","Dolphin","Technical","","","productTextSearchPageSizeZeroTest","AI product text search recall: pageSize=0 normalized to default",""
"passed","Thu Aug 13 03:03:24 UTC 2026","Thu Aug 13 03:03:24 UTC 2026","62","4. Team CRM |CRM Staging","Business Scenarios Tests","Contacts","Create Contact","","Create Contact",""
"passed","Thu Aug 13 03:05:58 UTC 2026","Thu Aug 13 03:05:58 UTC 2026","49","1.1 Team Hummingbird - BFF | WLW app","Endpoint tests","Company","Company ID EN","","Company ID EN",""
"failed","Thu Aug 13 03:03:19 UTC 2026","Thu Aug 13 03:03:19 UTC 2026","113","4. Team CRM |CRM Staging","Business Scenarios Tests","Account","Dunning level 1","","Dunning level 1",""
"failed","Thu Aug 13 03:04:24 UTC 2026","Thu Aug 13 03:04:29 UTC 2026","5059","1 Team Hummingbird - BFF | EP app","Endpoint tests","Visitor profiler","Visits","","Visits",""
"failed","Thu Aug 13 03:06:25 UTC 2026","Thu Aug 13 03:06:25 UTC 2026","11","1.1 Team Hummingbird - BFF | WLW app","Technical Tests","purchaser-support-controller","GET /support-faq [NEG] Missing Auth/API-Key","","GET /support-faq [NEG] Missing Auth/API-Key",""
"passed","Thu Aug 13 03:03:24 UTC 2026","Thu Aug 13 03:03:24 UTC 2026","61","4. Team CRM |CRM Staging","Business Scenarios Tests","Contacts","Smoke test for Create Contact & Verify HubSpot Sync","","Smoke test for Create Contact & Verify HubSpot Sync",""
"broken","Thu Aug 13 03:03:14 UTC 2026","Thu Aug 13 03:03:15 UTC 2026","559","Bamboo","Technical","","","leafCategoryPredictTest","leafCategoryPredict",""
"failed","Thu Aug 13 03:04:19 UTC 2026","Thu Aug 13 03:04:19 UTC 2026","139","1 Team Hummingbird - BFF | EP app","Endpoint tests","Company","Company ID FR","","Company ID FR",""
"failed","Thu Aug 13 03:03:28 UTC 2026","Thu Aug 13 03:03:29 UTC 2026","78","4. Team CRM |CRM Staging","Endpoints Tests","(root)","trigger a Buyer lead","","trigger a Buyer lead",""
"passed","Thu Aug 13 03:06:17 UTC 2026","Thu Aug 13 03:06:17 UTC 2026","24","1.1 Team Hummingbird - BFF | WLW app","Technical Tests","euro-pages-controller","PUT /public_api/euro-pages/auth/delete [NEG] Missing Auth/API-Key","","PUT /public_api/euro-pages/auth/delete [NEG] Missing Auth/API-Key",""
"failed","Thu Aug 13 03:06:05 UTC 2026","Thu Aug 13 03:06:05 UTC 2026","13","1.1 Team Hummingbird - BFF | WLW app","Technical Tests","ai-company-search-controller","GET /public_api/search/ai/company/search [NEG] Forbidden Role Token","","GET /public_api/search/ai/company/search [NEG] Forbidden Role Token",""
"failed","Thu Aug 13 03:04:24 UTC 2026","Thu Aug 13 03:04:42 UTC 2026","18442","1 Team Hummingbird - BFF | EP app","Endpoint tests","Visitor profiler","csv get","","csv get",""
"skipped","Thu Aug 13 03:03:18 UTC 2026","Thu Aug 13 03:03:18 UTC 2026","0","7. Team Pegasus | Pegasus Staging","Spike | Profiles link user to company","(root)","08 MANUAL — supplier_api GET (needs browser session)","","08 MANUAL — supplier_api GET (needs browser session)",""
"passed","Thu Aug 13 03:04:23 UTC 2026","Thu Aug 13 03:04:24 UTC 2026","660","1 Team Hummingbird - BFF | EP app","Endpoint tests","Conversations","translate message","","translate message",""
"passed","Thu Aug 13 03:04:19 UTC 2026","Thu Aug 13 03:04:20 UTC 2026","340","1 Team Hummingbird - BFF | EP app","Endpoint tests","Company","Suppliers listings","","Suppliers listings",""
"passed","Thu Aug 13 03:06:18 UTC 2026","Thu Aug 13 03:06:18 UTC 2026","16","1.1 Team Hummingbird - BFF | WLW app","Technical Tests","feedback-controller","POST /feedback [NEG] Missing Auth/API-Key","","POST /feedback [NEG] Missing Auth/API-Key",""
"passed","Thu Aug 13 03:06:11 UTC 2026","Thu Aug 13 03:06:11 UTC 2026","36","1.1 Team Hummingbird - BFF | WLW app","Technical Tests","conversation-controller","POST /public_api/conversation/userConversations/{conversationId}/messages [NEG] Forbidden Role Token","","POST /public_api/conversation/userConversations/{conversationId}/messages [NEG] Forbidden Role Token",""
"skipped","Thu Aug 13 03:07:26 UTC 2026","Thu Aug 13 03:07:26 UTC 2026","0","3 Team Techno - UCL","Functional Tests","Endpoint Tests","membership","","get all active membership for business_partner_id",""
"passed","Thu Aug 13 03:11:44 UTC 2026","Thu Aug 13 03:11:44 UTC 2026","727","Dolphin","Technical","","","productTextSearchTest","AI product text search recall API",""
"failed","Thu Aug 13 03:06:10 UTC 2026","Thu Aug 13 03:06:10 UTC 2026","13","1.1 Team Hummingbird - BFF | WLW app","Technical Tests","conversation-controller","PUT /public_api/conversation/userConversations/{conversationId}/messages/markAsRead [NEG] Forbidden Role Token","","PUT /public_api/conversation/userConversations/{conversationId}/messages/markAsRead [NEG] Forbidden Role Token",""
"failed","Thu Aug 13 03:03:29 UTC 2026","Thu Aug 13 03:03:29 UTC 2026","59","4. Team CRM |CRM Staging","Endpoints Tests","(root)","get company data via SF id","","get company data via SF id",""
"failed","Thu Aug 13 03:06:30 UTC 2026","Thu Aug 13 03:06:30 UTC 2026","13","1.1 Team Hummingbird - BFF | WLW app","Technical Tests","search-controller","GET /public_api/search [NEG] Missing Auth/API-Key","","GET /public_api/search [NEG] Missing Auth/API-Key",""
"failed","Thu Aug 13 03:06:27 UTC 2026","Thu Aug 13 03:06:27 UTC 2026","14","1.1 Team Hummingbird - BFF | WLW app","Technical Tests","push-notification-by-email-controller","GET /v1/pushNotification [SEC] Injection Probe","","GET /v1/pushNotification [SEC] Injection Probe",""
"skipped","Thu Aug 13 03:03:18 UTC 2026","Thu Aug 13 03:03:18 UTC 2026","0","7. Team Pegasus | Pegasus Staging","Endpoints Tests","Visitors","Java (statistics-app)","","WSL pixel",""
"passed","Thu Aug 13 03:06:00 UTC 2026","Thu Aug 13 03:06:00 UTC 2026","398","1.1 Team Hummingbird - BFF | WLW app","Endpoint tests","Search","search companies FR","","search companies FR",""
"passed","Thu Aug 13 03:06:25 UTC 2026","Thu Aug 13 03:06:25 UTC 2026","18","1.1 Team Hummingbird - BFF | WLW app","Technical Tests","purchaser-user-setting-controller","PUT /userSetting/{id} [NEG] Missing Auth/API-Key","","PUT /userSetting/{id} [NEG] Missing Auth/API-Key",""
"passed","Thu Aug 13 03:03:21 UTC 2026","Thu Aug 13 03:03:21 UTC 2026","46","4. Team CRM |CRM Staging","Business Scenarios Tests","Create and edit a contact","Create contact","","Create contact",""
"failed","Thu Aug 13 03:05:58 UTC 2026","Thu Aug 13 03:05:58 UTC 2026","53","1.1 Team Hummingbird - BFF | WLW app","Endpoint tests","Company","Company ID DE","","Company ID DE",""
"failed","Thu Aug 13 03:03:26 UTC 2026","Thu Aug 13 03:03:26 UTC 2026","72","4. Team CRM |CRM Staging","Endpoints Tests","(root)","get responsible user","","get responsible user",""
"passed","Thu Aug 13 03:06:11 UTC 2026","Thu Aug 13 03:06:12 UTC 2026","38","1.1 Team Hummingbird - BFF | WLW app","Technical Tests","conversation-controller","POST /public_api/conversation/userConversations/{conversationId}/messages/{messageId}/translate","","POST /public_api/conversation/userConversations/{conversationId}/messages/{messageId}/translate",""
"passed","Thu Aug 13 03:03:22 UTC 2026","Thu Aug 13 03:03:22 UTC 2026","55","4. Team CRM |CRM Staging","Business Scenarios Tests","Disable Hubspot","Check hubspot is true","","Check hubspot is true",""
"skipped","Thu Aug 13 03:07:26 UTC 2026","Thu Aug 13 03:07:26 UTC 2026","0","3 Team Techno - UCL","Functional Tests","Endpoint Tests","Organization","","get organization for the given supplier_facts_uuid",""
"passed","Thu Aug 13 03:11:42 UTC 2026","Thu Aug 13 03:11:43 UTC 2026","763","Dolphin","Functional","","","productTextSearchSortTest","AI product text search recall: alternate sort",""
"skipped","Thu Aug 13 03:03:18 UTC 2026","Thu Aug 13 03:03:18 UTC 2026","0","7. Team Pegasus | Pegasus Staging","Business Scenarios Tests","Supplier Registration","WLW - Lead create and update","","leads/{lead_id} - Update a lead",""
"passed","Thu Aug 13 03:06:16 UTC 2026","Thu Aug 13 03:06:16 UTC 2026","33","1.1 Team Hummingbird - BFF | WLW app","Technical Tests","dynamic-links-controller","POST /public_api/branchio/dynamiclink","","POST /public_api/branchio/dynamiclink",""
"passed","Thu Aug 13 03:04:20 UTC 2026","Thu Aug 13 03:04:20 UTC 2026","168","1 Team Hummingbird - BFF | EP app","Endpoint tests","Company","branchIO dynamic link, share PDP","","branchIO dynamic link, share PDP",""
"passed","Thu Aug 13 03:11:46 UTC 2026","Thu Aug 13 03:11:46 UTC 2026","33","Dolphin","Functional","","","getCategoryListWlwWithPreferredSuperCategoryIdsTest","v-recommend category list -- wlw, with preferredSuperCategoryIds",""
"passed","Thu Aug 13 03:06:18 UTC 2026","Thu Aug 13 03:06:19 UTC 2026","38","1.1 Team Hummingbird - BFF | WLW app","Technical Tests","help-and-support-controller","POST /help","","POST /help",""
"failed","Thu Aug 13 03:03:27 UTC 2026","Thu Aug 13 03:03:27 UTC 2026","42","4. Team CRM |CRM Staging","Endpoints Tests","(root)","trigger the Paid Media lead","","trigger the Paid Media lead",""
"failed","Thu Aug 13 03:06:08 UTC 2026","Thu Aug 13 03:06:08 UTC 2026","13","1.1 Team Hummingbird - BFF | WLW app","Technical Tests","company-controller","GET /public_api/company [NEG] Missing Auth/API-Key","","GET /public_api/company [NEG] Missing Auth/API-Key",""
"failed","Thu Aug 13 03:03:59 UTC 2026","Thu Aug 13 03:03:59 UTC 2026","22","2 Team Dragon - BFF | RFQ Backend","Technical Tests","(root)","POST /v1/rfqs/{rfqId}/respond - Multipart Upload + Schema + Security","","POST /v1/rfqs/{rfqId}/respond - Multipart Upload + Schema + Security",""
"failed","Thu Aug 13 03:06:32 UTC 2026","Thu Aug 13 03:06:32 UTC 2026","12","1.1 Team Hummingbird - BFF | WLW app","Technical Tests","search-controller","GET /public_api/products/recommendations [NEG] Missing Auth/API-Key","","GET /public_api/products/recommendations [NEG] Missing Auth/API-Key",""
"failed","Thu Aug 13 03:06:02 UTC 2026","Thu Aug 13 03:06:04 UTC 2026","2218","1.1 Team Hummingbird - BFF | WLW app","Endpoint tests","Conversations","user conversations to decline request","","user conversations to decline request",""
"broken","Thu Aug 13 03:11:10 UTC 2026","Thu Aug 13 03:11:30 UTC 2026","20018","Dolphin","Technical","","","productInferenceTest","AI product search inference stream API",""
"passed","Thu Aug 13 03:11:45 UTC 2026","Thu Aug 13 03:11:45 UTC 2026","75","Dolphin","Technical","","","EPSameStoreProductRecommendTest","product same store recommend -- ep",""
"passed","Thu Aug 13 03:06:35 UTC 2026","Thu Aug 13 03:06:35 UTC 2026","38","1.1 Team Hummingbird - BFF | WLW app","Technical Tests","supplier-visitors-controller","GET /public_api/suppliers/{supplier_id}/visits/{id} [NEG] Expired Token","","GET /public_api/suppliers/{supplier_id}/visits/{id} [NEG] Expired Token",""
"broken","Thu Aug 13 03:07:28 UTC 2026","Thu Aug 13 03:07:48 UTC 2026","20022","Dolphin","Technical","","","recallPaidSupplierFilterTest","AI Search recall: paid supplier filter (verified=true)",""
"passed","Thu Aug 13 03:06:17 UTC 2026","Thu Aug 13 03:06:17 UTC 2026","57","1.1 Team Hummingbird - BFF | WLW app","Technical Tests","euro-pages-controller","PUT /public_api/euro-pages/auth/delete [NEG] Forbidden Role Token","","PUT /public_api/euro-pages/auth/delete [NEG] Forbidden Role Token",""
"failed","Thu Aug 13 03:03:15 UTC 2026","Thu Aug 13 03:03:15 UTC 2026","20","Bamboo","Functional","","","listSubCategoriesTest","list sub Categories",""
"passed","Thu Aug 13 03:11:45 UTC 2026","Thu Aug 13 03:11:45 UTC 2026","23","Dolphin","Technical","","","productTextSearchWhitespaceQueryTest","AI product text search recall: whitespace-only query → empty success",""
"passed","Thu Aug 13 03:03:22 UTC 2026","Thu Aug 13 03:03:22 UTC 2026","54","4. Team CRM |CRM Staging","Business Scenarios Tests","Disable Hubspot","Check hubspot is false","","Check hubspot is false",""
"failed","Thu Aug 13 03:06:01 UTC 2026","Thu Aug 13 03:06:03 UTC 2026","1763","1.1 Team Hummingbird - BFF | WLW app","Endpoint tests","Contact request","Callback request","","Callback request",""
"broken","Thu Aug 13 03:10:50 UTC 2026","Thu Aug 13 03:11:10 UTC 2026","20025","Dolphin","Technical","","","productInferenceShortQueryTest","AI product search inference: minimal searchText boundary",""
"skipped","Thu Aug 13 03:03:18 UTC 2026","Thu Aug 13 03:03:18 UTC 2026","0","7. Team Pegasus | Pegasus Staging","Endpoints Tests","Membership Management (PGS-861)","POST /companies — create with UTM (PGS-861)","","POST /companies — create with UTM (PGS-861)",""
"skipped","Thu Aug 13 03:03:18 UTC 2026","Thu Aug 13 03:03:18 UTC 2026","0","7. Team Pegasus | Pegasus Staging","Business Scenarios Tests","Business Insights","Dashboard smoke flow","","Activity",""
"passed","Thu Aug 13 03:06:16 UTC 2026","Thu Aug 13 03:06:16 UTC 2026","31","1.1 Team Hummingbird - BFF | WLW app","Technical Tests","currency-exchange-controller","GET /exchange/fetch-rates [NEG] Expired Token","","GET /exchange/fetch-rates [NEG] Expired Token",""
"passed","Thu Aug 13 03:03:18 UTC 2026","Thu Aug 13 03:03:18 UTC 2026","344","Arise","Technical","","","skwd","skwd",""
"passed","Thu Aug 13 03:06:25 UTC 2026","Thu Aug 13 03:06:25 UTC 2026","40","1.1 Team Hummingbird - BFF | WLW app","Technical Tests","purchaser-user-setting-controller","PUT /userSetting/{id}","","PUT /userSetting/{id}",""
"passed","Thu Aug 13 03:06:05 UTC 2026","Thu Aug 13 03:06:05 UTC 2026","36","1.1 Team Hummingbird - BFF | WLW app","Technical Tests","ai-company-search-controller","POST /public_api/search/ai/company/search","","POST /public_api/search/ai/company/search",""
"passed","Thu Aug 13 03:05:57 UTC 2026","Thu Aug 13 03:05:57 UTC 2026","498","1.1 Team Hummingbird - BFF | WLW app","Endpoint tests","User settings","user setting","","user setting",""
"passed","Thu Aug 13 03:06:09 UTC 2026","Thu Aug 13 03:06:09 UTC 2026","50","1.1 Team Hummingbird - BFF | WLW app","Technical Tests","contact-form-controller","POST /public_api/contact-form/messages [NEG] Forbidden Role Token","","POST /public_api/contact-form/messages [NEG] Forbidden Role Token",""
"failed","Thu Aug 13 03:06:23 UTC 2026","Thu Aug 13 03:06:23 UTC 2026","11","1.1 Team Hummingbird - BFF | WLW app","Technical Tests","product-controller","GET /public_api/products [NEG] Missing Auth/API-Key","","GET /public_api/products [NEG] Missing Auth/API-Key",""
"failed","Thu Aug 13 03:06:31 UTC 2026","Thu Aug 13 03:06:31 UTC 2026","13","1.1 Team Hummingbird - BFF | WLW app","Technical Tests","search-controller","GET /public_api/search/autoComplete [NEG] Missing Auth/API-Key","","GET /public_api/search/autoComplete [NEG] Missing Auth/API-Key",""
"passed","Thu Aug 13 03:11:33 UTC 2026","Thu Aug 13 03:11:34 UTC 2026","1513","Dolphin","Technical","","","productTextSearchLongQueryTest","AI product text search recall: long query truncated",""
"passed","Thu Aug 13 03:06:04 UTC 2026","Thu Aug 13 03:06:05 UTC 2026","43","1.1 Team Hummingbird - BFF | WLW app","Technical Tests","ai-company-search-controller","POST /public_api/search/ai/supplier/pv-match [NEG] Expired Token","","POST /public_api/search/ai/supplier/pv-match [NEG] Expired Token",""
"passed","Thu Aug 13 03:06:34 UTC 2026","Thu Aug 13 03:06:35 UTC 2026","45","1.1 Team Hummingbird - BFF | WLW app","Technical Tests","supplier-visitors-controller","GET /public_api/suppliers/{supplier_id}/visits/{id}","","GET /public_api/suppliers/{supplier_id}/visits/{id}",""
"failed","Thu Aug 13 03:06:35 UTC 2026","Thu Aug 13 03:06:35 UTC 2026","11","1.1 Team Hummingbird - BFF | WLW app","Technical Tests","supplier-visitors-controller","GET /public_api/suppliers/{supplier_id}/visits/csv","","GET /public_api/suppliers/{supplier_id}/visits/csv",""
"skipped","Thu Aug 13 03:03:18 UTC 2026","Thu Aug 13 03:03:18 UTC 2026","0","7. Team Pegasus | Pegasus Staging","Endpoints Tests","Shop Import & Onboarding Backend","/offers/fetchCategory","","/offers/fetchCategory",""
"passed","Thu Aug 13 03:03:59 UTC 2026","Thu Aug 13 03:03:59 UTC 2026","6","2 Team Dragon - BFF | RFQ Backend","Technical Tests","(root)","Negative test: malformed UUIDs & content type checks","","Negative test: malformed UUIDs & content type checks",""
"passed","Thu Aug 13 03:06:04 UTC 2026","Thu Aug 13 03:06:04 UTC 2026","48","1.1 Team Hummingbird - BFF | WLW app","Technical Tests","ab-test-record-controller","POST /public_api/abtest/record [NEG] Expired Token","","POST /public_api/abtest/record [NEG] Expired Token",""
"passed","Thu Aug 13 03:03:59 UTC 2026","Thu Aug 13 03:03:59 UTC 2026","20","2 Team Dragon - BFF | RFQ Backend","Technical Tests","(root)","GET /v1/categories - CPV list (schema + contract)","","GET /v1/categories - CPV list (schema + contract)",""
"passed","Thu Aug 13 03:06:17 UTC 2026","Thu Aug 13 03:06:17 UTC 2026","45","1.1 Team Hummingbird - BFF | WLW app","Technical Tests","euro-pages-controller","DELETE /public_api/euro-pages/auth/delete [NEG] Forbidden Role Token","","DELETE /public_api/euro-pages/auth/delete [NEG] Forbidden Role Token",""
"skipped","Thu Aug 13 03:03:18 UTC 2026","Thu Aug 13 03:03:18 UTC 2026","0","7. Team Pegasus | Pegasus Staging","Endpoints Tests","Visitors","Elixir (supplier-app)","","Visitors by uuid",""
"failed","Thu Aug 13 03:06:01 UTC 2026","Thu Aug 13 03:06:01 UTC 2026","152","1.1 Team Hummingbird - BFF | WLW app","Endpoint tests","Homepage, products","product recommendations DE","","product recommendations DE",""
"passed","Thu Aug 13 03:05:58 UTC 2026","Thu Aug 13 03:05:59 UTC 2026","467","1.1 Team Hummingbird - BFF | WLW app","Endpoint tests","Mobile_Feedback","post feedback","","post feedback",""
"failed","Thu Aug 13 03:06:06 UTC 2026","Thu Aug 13 03:06:06 UTC 2026","12","1.1 Team Hummingbird - BFF | WLW app","Technical Tests","ai-company-search-controller","GET /public_api/search/ai/company/stream/mock [NEG] Forbidden Role Token","","GET /public_api/search/ai/company/stream/mock [NEG] Forbidden Role Token",""
"skipped","Thu Aug 13 03:03:18 UTC 2026","Thu Aug 13 03:03:18 UTC 2026","0","7. Team Pegasus | Pegasus Staging","Spike | Profiles link user to company","(root)","06 PATCH — Link company to profile","","06 PATCH — Link company to profile",""
"passed","Thu Aug 13 03:05:58 UTC 2026","Thu Aug 13 03:05:58 UTC 2026","15","1.1 Team Hummingbird - BFF | WLW app","Endpoint tests","Support","Supportmasterdata_FR","","Supportmasterdata_FR",""
"passed","Thu Aug 13 03:03:58 UTC 2026","Thu Aug 13 03:03:58 UTC 2026","59","2 Team Dragon - BFF | RFQ Backend","Technical Tests","(root)","GET /v1/rfqs/{rfqId} - Details (Schema + Auth Orchestration)","","GET /v1/rfqs/{rfqId} - Details (Schema + Auth Orchestration)",""
"skipped","Thu Aug 13 03:07:26 UTC 2026","Thu Aug 13 03:07:26 UTC 2026","0","3 Team Techno - UCL","Functional Tests","Endpoint Tests","WebsiteLead","","get all active on ep for given existing uuid",""
"passed","Thu Aug 13 03:06:14 UTC 2026","Thu Aug 13 03:06:14 UTC 2026","47","1.1 Team Hummingbird - BFF | WLW app","Technical Tests","conversation-controller","GET /public_api/conversation/userConversations/{userId}/unreadCount/ [SEC] Injection Probe","","GET /public_api/conversation/userConversations/{userId}/unreadCount/ [SEC] Injection Probe",""
"failed","Thu Aug 13 03:06:24 UTC 2026","Thu Aug 13 03:06:24 UTC 2026","12","1.1 Team Hummingbird - BFF | WLW app","Technical Tests","product-controller","GET /public_api/companies/{supplierPublicId}/products [NEG] Forbidden Role Token","","GET /public_api/companies/{supplierPublicId}/products [NEG] Forbidden Role Token",""
"skipped","Thu Aug 13 03:07:26 UTC 2026","Thu Aug 13 03:07:26 UTC 2026","0","3 Team Techno - UCL","Functional Tests","Endpoint Tests","Retargeting","","get active retargeting for the given uuid",""
"passed","Thu Aug 13 03:06:05 UTC 2026","Thu Aug 13 03:06:06 UTC 2026","38","1.1 Team Hummingbird - BFF | WLW app","Technical Tests","ai-company-search-controller","POST /public_api/search/ai/company/search [NEG] Forbidden Role Token","","POST /public_api/search/ai/company/search [NEG] Forbidden Role Token",""
"passed","Thu Aug 13 03:03:19 UTC 2026","Thu Aug 13 03:03:19 UTC 2026","72","4. Team CRM |CRM Staging","Business Scenarios Tests","Account","Verify HubSpot Sync","","Verify HubSpot Sync",""
"failed","Thu Aug 13 03:06:15 UTC 2026","Thu Aug 13 03:06:15 UTC 2026","12","1.1 Team Hummingbird - BFF | WLW app","Technical Tests","conversation-controller","GET /public_api/conversation/userConversations/{conversationId}/file [NEG] Forbidden Role Token","","GET /public_api/conversation/userConversations/{conversationId}/file [NEG] Forbidden Role Token",""
"failed","Thu Aug 13 03:06:32 UTC 2026","Thu Aug 13 03:06:32 UTC 2026","13","1.1 Team Hummingbird - BFF | WLW app","Technical Tests","search-controller","GET /public_api/products/recommendations","","GET /public_api/products/recommendations",""
"passed","Thu Aug 13 03:06:26 UTC 2026","Thu Aug 13 03:06:26 UTC 2026","47","1.1 Team Hummingbird - BFF | WLW app","Technical Tests","purchaser-user-setting-controller","POST /userSetting/","","POST /userSetting/",""
"skipped","Thu Aug 13 03:03:18 UTC 2026","Thu Aug 13 03:03:18 UTC 2026","0","7. Team Pegasus | Pegasus Staging","Business Scenarios Tests","Supplier Facts","API register, publish, and verify in UI","","5. UI login reminder",""
"failed","Thu Aug 13 03:03:21 UTC 2026","Thu Aug 13 03:03:21 UTC 2026","59","4. Team CRM |CRM Staging","Business Scenarios Tests","Feedback","Trigger Feedback","","Trigger Feedback",""
"skipped","Thu Aug 13 03:03:18 UTC 2026","Thu Aug 13 03:03:18 UTC 2026","0","7. Team Pegasus | Pegasus Staging","Business Scenarios Tests","Supplier Registration","EP - Lead create and update","","leads - Create a lead",""
"skipped","Thu Aug 13 03:07:26 UTC 2026","Thu Aug 13 03:07:26 UTC 2026","0","3 Team Techno - UCL","Technical Tests","SponsoredBrand","GET /unified_commercial_logic/internal_api/api/sponsored_brand_v1 - Retrieve SponsoredBrandV1 List","","GET /unified_commercial_logic/internal_api/api/sponsored_brand_v1 - Retrieve SponsoredBrandV1 List",""
"passed","Thu Aug 13 03:03:28 UTC 2026","Thu Aug 13 03:03:28 UTC 2026","72","4. Team CRM |CRM Staging","Endpoints Tests","(root)","Create platform profile","","Create platform profile",""
"skipped","Thu Aug 13 03:03:18 UTC 2026","Thu Aug 13 03:03:18 UTC 2026","0","7. Team Pegasus | Pegasus Staging","Business Scenarios Tests","Business Insights","Dashboard smoke flow","","Activity by uuid",""
"skipped","Thu Aug 13 03:03:18 UTC 2026","Thu Aug 13 03:03:18 UTC 2026","0","7. Team Pegasus | Pegasus Staging","Endpoints Tests","Business Insights","Sister platform","","Sister platform",""
"failed","Thu Aug 13 03:03:22 UTC 2026","Thu Aug 13 03:03:22 UTC 2026","72","4. Team CRM |CRM Staging","Business Scenarios Tests","Lead","Lead-duplicateCheck - with dulicates","","Lead-duplicateCheck - with dulicates",""
"passed","Thu Aug 13 03:06:00 UTC 2026","Thu Aug 13 03:06:00 UTC 2026","210","1.1 Team Hummingbird - BFF | WLW app","Endpoint tests","Search","search track","","search track",""
"failed","Thu Aug 13 03:06:33 UTC 2026","Thu Aug 13 03:06:33 UTC 2026","12","1.1 Team Hummingbird - BFF | WLW app","Technical Tests","search-controller","GET /public_api/categories/recommendations [NEG] Forbidden Role Token","","GET /public_api/categories/recommendations [NEG] Forbidden Role Token",""
"passed","Thu Aug 13 03:06:26 UTC 2026","Thu Aug 13 03:06:26 UTC 2026","30","1.1 Team Hummingbird - BFF | WLW app","Technical Tests","purchaser-user-setting-controller","POST /userSetting","","POST /userSetting",""
"passed","Thu Aug 13 03:11:46 UTC 2026","Thu Aug 13 03:11:47 UTC 2026","83","Dolphin","Functional","","","homepageProductRecommendTest","homepage product recommend -- wlw",""
"failed","Thu Aug 13 03:03:27 UTC 2026","Thu Aug 13 03:03:27 UTC 2026","75","4. Team CRM |CRM Staging","Endpoints Tests","(root)","trigger from SF Platform Profile","","trigger from SF Platform Profile",""
"failed","Thu Aug 13 03:03:23 UTC 2026","Thu Aug 13 03:03:23 UTC 2026","40","4. Team CRM |CRM Staging","Business Scenarios Tests","Lead","Create a  lead","","Create a  lead",""
"passed","Thu Aug 13 03:06:28 UTC 2026","Thu Aug 13 03:06:29 UTC 2026","51","1.1 Team Hummingbird - BFF | WLW app","Technical Tests","rfq-controller","POST /public_api/connect/purchaser/tenders/ [NEG] Expired Token","","POST /public_api/connect/purchaser/tenders/ [NEG] Expired Token",""
"skipped","Thu Aug 13 03:03:18 UTC 2026","Thu Aug 13 03:03:18 UTC 2026","0","7. Team Pegasus | Pegasus Staging","Endpoints Tests","Business Insights","Visitor","","Visitor",""
"failed","Thu Aug 13 03:06:08 UTC 2026","Thu Aug 13 03:06:08 UTC 2026","13","1.1 Team Hummingbird - BFF | WLW app","Technical Tests","company-controller","GET /public_api/company [NEG] Expired Token","","GET /public_api/company [NEG] Expired Token",""
"passed","Thu Aug 13 03:04:18 UTC 2026","Thu Aug 13 03:04:18 UTC 2026","17","1 Team Hummingbird - BFF | EP app","Endpoint tests","Support","Support FAQ_EN","","Support FAQ_EN",""
"passed","Thu Aug 13 03:06:04 UTC 2026","Thu Aug 13 03:06:04 UTC 2026","37","1.1 Team Hummingbird - BFF | WLW app","Technical Tests","ab-test-record-controller","POST /public_api/abtest/record [NEG] Forbidden Role Token","","POST /public_api/abtest/record [NEG] Forbidden Role Token",""
"passed","Thu Aug 13 03:06:36 UTC 2026","Thu Aug 13 03:06:36 UTC 2026","14","1.1 Team Hummingbird - BFF | WLW app","Technical Tests","trending-products-controller","GET /public_api/trending/notifications [NEG] Missing Auth/API-Key","","GET /public_api/trending/notifications [NEG] Missing Auth/API-Key",""
"passed","Thu Aug 13 03:05:57 UTC 2026","Thu Aug 13 03:05:57 UTC 2026","16","1.1 Team Hummingbird - BFF | WLW app","Endpoint tests","Support","FAQ Alibaba","","FAQ Alibaba",""
"passed","Thu Aug 13 03:06:19 UTC 2026","Thu Aug 13 03:06:19 UTC 2026","14","1.1 Team Hummingbird - BFF | WLW app","Technical Tests","login-controller","POST /public_api/auth/sso/login [NEG] Missing Auth/API-Key","","POST /public_api/auth/sso/login [NEG] Missing Auth/API-Key",""
"skipped","Thu Aug 13 03:03:18 UTC 2026","Thu Aug 13 03:03:18 UTC 2026","0","7. Team Pegasus | Pegasus Staging","Endpoints Tests","Business Insights","User Activity","","User Activity",""
"passed","Thu Aug 13 03:06:20 UTC 2026","Thu Aug 13 03:06:20 UTC 2026","58","1.1 Team Hummingbird - BFF | WLW app","Technical Tests","login-controller","POST /public_api/auth/resetPassword","","POST /public_api/auth/resetPassword",""
"failed","Thu Aug 13 03:03:15 UTC 2026","Thu Aug 13 03:03:15 UTC 2026","20","Bamboo","Technical","","","listSubCategoriesTest","list sub Categories",""
"skipped","Thu Aug 13 03:07:26 UTC 2026","Thu Aug 13 03:07:26 UTC 2026","0","3 Team Techno - UCL","Technical Tests","TopRanking","GET /unified_commercial_logic/internal_api/api/top_ranking_v1/ - Retrieve TopRankingV1 List","","GET /unified_commercial_logic/internal_api/api/top_ranking_v1/ - Retrieve TopRankingV1 List",""
"skipped","Thu Aug 13 03:03:18 UTC 2026","Thu Aug 13 03:03:18 UTC 2026","0","7. Team Pegasus | Pegasus Staging","Business Scenarios Tests","Supplier Facts","API register, publish, and verify in UI","","3. Resolve company uuid by email",""
"skipped","Thu Aug 13 03:03:18 UTC 2026","Thu Aug 13 03:03:18 UTC 2026","0","7. Team Pegasus | Pegasus Staging","Business Scenarios Tests","Supplier Registration","EP - Lead create and update","","leads/{lead_id} - Update a lead",""
"skipped","Thu Aug 13 03:07:26 UTC 2026","Thu Aug 13 03:07:26 UTC 2026","0","3 Team Techno - UCL","Technical Tests","Retargeting","GET /unified_commercial_logic/internal_api/api/retargeting/{id} - Retrieve Retargeting By ID","","GET /unified_commercial_logic/internal_api/api/retargeting/{id} - Retrieve Retargeting By ID",""
"passed","Thu Aug 13 03:04:17 UTC 2026","Thu Aug 13 03:04:17 UTC 2026","646","1 Team Hummingbird - BFF | EP app","Endpoint tests","Login","native email login purchaser","","native email login purchaser",""
"passed","Thu Aug 13 03:03:58 UTC 2026","Thu Aug 13 03:03:58 UTC 2026","109","2 Team Dragon - BFF | RFQ Backend","Functional Tests","(root)","POST /v1/rfqs/{rfqId}/respond - Error Case (400)","","POST /v1/rfqs/{rfqId}/respond - Error Case (400)",""
"skipped","Thu Aug 13 03:03:17 UTC 2026","Thu Aug 13 03:03:17 UTC 2026","0","4. Team CRM |CRM Staging","Endpoints Tests","Users","Quotes","","Endpoints Tests / Users / Quotes - empty",""
"passed","Thu Aug 13 03:06:07 UTC 2026","Thu Aug 13 03:06:07 UTC 2026","26","1.1 Team Hummingbird - BFF | WLW app","Technical Tests","categories-controller","GET /public_api/categories/homepage [NEG] Missing Auth/API-Key","","GET /public_api/categories/homepage [NEG] Missing Auth/API-Key",""
"failed","Thu Aug 13 03:06:06 UTC 2026","Thu Aug 13 03:06:06 UTC 2026","12","1.1 Team Hummingbird - BFF | WLW app","Technical Tests","ai-company-search-controller","GET /public_api/search/ai/company/stream/mock [NEG] Missing Auth/API-Key","","GET /public_api/search/ai/company/stream/mock [NEG] Missing Auth/API-Key",""
"failed","Thu Aug 13 03:06:07 UTC 2026","Thu Aug 13 03:06:07 UTC 2026","13","1.1 Team Hummingbird - BFF | WLW app","Technical Tests","company-controller","GET /public_api/suppliers/{companyID}/listings","","GET /public_api/suppliers/{companyID}/listings",""
"passed","Thu Aug 13 03:06:37 UTC 2026","Thu Aug 13 03:06:38 UTC 2026","36","1.1 Team Hummingbird - BFF | WLW app","Technical Tests","user-controller","PUT /public_api/user/userInfo [NEG] Forbidden Role Token","","PUT /public_api/user/userInfo [NEG] Forbidden Role Token",""
"failed","Thu Aug 13 03:06:28 UTC 2026","Thu Aug 13 03:06:28 UTC 2026","13","1.1 Team Hummingbird - BFF | WLW app","Technical Tests","push-notification-by-email-controller","PUT /v1/pushNotification [NEG] Expired Token","","PUT /v1/pushNotification [NEG] Expired Token",""
"passed","Thu Aug 13 03:06:04 UTC 2026","Thu Aug 13 03:06:04 UTC 2026","25","1.1 Team Hummingbird - BFF | WLW app","Technical Tests","ai-company-search-controller","POST /public_api/search/ai/supplier/recall [NEG] Missing Auth/API-Key","","POST /public_api/search/ai/supplier/recall [NEG] Missing Auth/API-Key",""
"passed","Thu Aug 13 03:03:20 UTC 2026","Thu Aug 13 03:03:20 UTC 2026","62","4. Team CRM |CRM Staging","Business Scenarios Tests","Account","Smoke Test Create Account with All Fields","","Smoke Test Create Account with All Fields",""
"broken","Thu Aug 13 03:07:48 UTC 2026","Thu Aug 13 03:08:08 UTC 2026","20017","Dolphin","Functional","","","recallSecondPageTest","AI Search recall: pagination page 2",""
"passed","Thu Aug 13 03:03:59 UTC 2026","Thu Aug 13 03:03:59 UTC 2026","59","2 Team Dragon - BFF | RFQ Backend","Technical Tests","(root)","GET /v1/rfqs/{rfqId} - Details (Schema + Auth Orchestration)","","GET /v1/rfqs/{rfqId} - Details (Schema + Auth Orchestration)",""
"passed","Thu Aug 13 03:06:23 UTC 2026","Thu Aug 13 03:06:23 UTC 2026","35","1.1 Team Hummingbird - BFF | WLW app","Technical Tests","login-controller","DELETE /public_api/auth/sso/logout [NEG] Missing Auth/API-Key","","DELETE /public_api/auth/sso/logout [NEG] Missing Auth/API-Key",""
"skipped","Thu Aug 13 03:03:18 UTC 2026","Thu Aug 13 03:03:18 UTC 2026","0","7. Team Pegasus | Pegasus Staging","Endpoints Tests","Visitors","Elixir (supplier-app)","","Countries by uuid",""
"passed","Thu Aug 13 03:06:28 UTC 2026","Thu Aug 13 03:06:28 UTC 2026","17","1.1 Team Hummingbird - BFF | WLW app","Technical Tests","rfq-controller","POST /public_api/connect/purchaser/tenders [NEG] Missing Auth/API-Key","","POST /public_api/connect/purchaser/tenders [NEG] Missing Auth/API-Key",""
"skipped","Thu Aug 13 03:07:26 UTC 2026","Thu Aug 13 03:07:26 UTC 2026","0","3 Team Techno - UCL","Functional Tests","Endpoint Tests","WebsiteLead","","get all active on wlw for given existing uuid",""
"passed","Thu Aug 13 03:11:39 UTC 2026","Thu Aug 13 03:11:41 UTC 2026","1179","Dolphin","Functional","","","productTextSearchPaidSupplierFilterTest","AI product text search recall: paid/verified supplier filter",""
"passed","Thu Aug 13 03:05:57 UTC 2026","Thu Aug 13 03:05:57 UTC 2026","143","1.1 Team Hummingbird - BFF | WLW app","Endpoint tests","User settings","user setting","","user setting",""
"failed","Thu Aug 13 03:06:31 UTC 2026","Thu Aug 13 03:06:31 UTC 2026","11","1.1 Team Hummingbird - BFF | WLW app","Technical Tests","search-controller","GET /public_api/search/ai/termRecommend [NEG] Missing Auth/API-Key","","GET /public_api/search/ai/termRecommend [NEG] Missing Auth/API-Key",""
"broken","Thu Aug 13 03:07:08 UTC 2026","Thu Aug 13 03:07:28 UTC 2026","20013","Dolphin","Technical","","","recallPageZeroNormalizedTest","AI Search recall: page=0 normalized, still success",""
"passed","Thu Aug 13 03:06:37 UTC 2026","Thu Aug 13 03:06:37 UTC 2026","14","1.1 Team Hummingbird - BFF | WLW app","Technical Tests","user-controller","PUT /public_api/user/userInfo [NEG] Missing Auth/API-Key","","PUT /public_api/user/userInfo [NEG] Missing Auth/API-Key",""
"passed","Thu Aug 13 03:03:17 UTC 2026","Thu Aug 13 03:03:17 UTC 2026","75","4. Team CRM |CRM Staging","Business Scenarios Tests","Tasks","Check Task","","Check Task",""
"skipped","Thu Aug 13 03:07:26 UTC 2026","Thu Aug 13 03:07:26 UTC 2026","0","3 Team Techno - UCL","Functional Tests","Endpoint Tests","TopRanking","","get all active on wlw for the given uuid",""
"skipped","Thu Aug 13 03:03:18 UTC 2026","Thu Aug 13 03:03:18 UTC 2026","0","7. Team Pegasus | Pegasus Staging","Spike | Profiles link user to company","(root)","03 GET — Verify company (Supplier Facts)","","03 GET — Verify company (Supplier Facts)",""
"failed","Thu Aug 13 03:06:08 UTC 2026","Thu Aug 13 03:06:08 UTC 2026","12","1.1 Team Hummingbird - BFF | WLW app","Technical Tests","company-controller","GET /public_api/suppliers/{companyID}/listings [NEG] Forbidden Role Token","","GET /public_api/suppliers/{companyID}/listings [NEG] Forbidden Role Token",""
"broken","Thu Aug 13 03:03:47 UTC 2026","Thu Aug 13 03:04:07 UTC 2026","20023","Dolphin","Functional","","","pvMatchTest","AI Search PV match (supplierAiMatch) API",""
"failed","Thu Aug 13 03:06:06 UTC 2026","Thu Aug 13 03:06:06 UTC 2026","14","1.1 Team Hummingbird - BFF | WLW app","Technical Tests","categories-controller","GET /preferred/categories [NEG] Missing Auth/API-Key","","GET /preferred/categories [NEG] Missing Auth/API-Key",""
"failed","Thu Aug 13 03:06:13 UTC 2026","Thu Aug 13 03:06:13 UTC 2026","11","1.1 Team Hummingbird - BFF | WLW app","Technical Tests","conversation-controller","GET /public_api/conversation/userConversations [NEG] Forbidden Role Token","","GET /public_api/conversation/userConversations [NEG] Forbidden Role Token",""
"failed","Thu Aug 13 03:06:30 UTC 2026","Thu Aug 13 03:06:30 UTC 2026","12","1.1 Team Hummingbird - BFF | WLW app","Technical Tests","search-controller","GET /public_api/search/products","","GET /public_api/search/products",""
"skipped","Thu Aug 13 03:07:26 UTC 2026","Thu Aug 13 03:07:26 UTC 2026","0","3 Team Techno - UCL","Technical Tests","GoogleAd","GET /unified_commercial_logic/internal_api/api/google_ad/ - Retrieve GoogleAd List","","GET /unified_commercial_logic/internal_api/api/google_ad/ - Retrieve GoogleAd List",""
"passed","Thu Aug 13 03:04:19 UTC 2026","Thu Aug 13 03:04:19 UTC 2026","19","1 Team Hummingbird - BFF | EP app","Endpoint tests","Mobile_Feedback","Feedback Subject_DE","","Feedback Subject_DE",""
"skipped","Thu Aug 13 03:03:18 UTC 2026","Thu Aug 13 03:03:18 UTC 2026","0","7. Team Pegasus | Pegasus Staging","Endpoints Tests","User & Company Context","User Profile Storage by uuid","","User Profile Storage by uuid",""
"failed","Thu Aug 13 03:03:23 UTC 2026","Thu Aug 13 03:03:24 UTC 2026","45","4. Team CRM |CRM Staging","Business Scenarios Tests","Lead","Get a Lead","","Get a Lead",""
"skipped","Thu Aug 13 03:07:26 UTC 2026","Thu Aug 13 03:07:26 UTC 2026","0","3 Team Techno - UCL","Technical Tests","Membership","GET /unified_commercial_logic/internal_api/api/membership/{id} - Retrieve Membership fields By ID","","GET /unified_commercial_logic/internal_api/api/membership/{id} - Retrieve Membership fields By ID",""
"failed","Thu Aug 13 03:06:14 UTC 2026","Thu Aug 13 03:06:14 UTC 2026","15","1.1 Team Hummingbird - BFF | WLW app","Technical Tests","conversation-controller","GET /public_api/conversation/userConversations/{conversationId} [NEG] Expired Token","","GET /public_api/conversation/userConversations/{conversationId} [NEG] Expired Token",""
"passed","Thu Aug 13 03:06:02 UTC 2026","Thu Aug 13 03:06:03 UTC 2026","1087","1.1 Team Hummingbird - BFF | WLW app","Endpoint tests","Conversations","user conversations","","user conversations",""
"passed","Thu Aug 13 03:06:02 UTC 2026","Thu Aug 13 03:06:03 UTC 2026","1491","1.1 Team Hummingbird - BFF | WLW app","Endpoint tests","Conversations","new message","","new message",""
"failed","Thu Aug 13 03:04:17 UTC 2026","Thu Aug 13 03:04:17 UTC 2026","63","1 Team Hummingbird - BFF | EP app","Endpoint tests","Login","user Info","","user Info",""
"passed","Thu Aug 13 03:06:23 UTC 2026","Thu Aug 13 03:06:23 UTC 2026","14","1.1 Team Hummingbird - BFF | WLW app","Technical Tests","product-controller","GET /public_api/products/{productId} [NEG] Missing Auth/API-Key","","GET /public_api/products/{productId} [NEG] Missing Auth/API-Key",""
"skipped","Thu Aug 13 03:03:18 UTC 2026","Thu Aug 13 03:03:18 UTC 2026","0","7. Team Pegasus | Pegasus Staging","Business Scenarios Tests","Supplier Facts","API register, publish, and verify in UI","","2. Complete registration (user + company)",""
"passed","Thu Aug 13 03:11:43 UTC 2026","Thu Aug 13 03:11:44 UTC 2026","1044","Dolphin","Technical","","","productTextSearchSpecialCharTest","AI product text search recall: special-character query",""
"passed","Thu Aug 13 03:06:37 UTC 2026","Thu Aug 13 03:06:37 UTC 2026","31","1.1 Team Hummingbird - BFF | WLW app","Technical Tests","trending-products-controller","GET /public_api/trending/notifications [NEG] Forbidden Role Token","","GET /public_api/trending/notifications [NEG] Forbidden Role Token",""
"failed","Thu Aug 13 03:06:15 UTC 2026","Thu Aug 13 03:06:15 UTC 2026","13","1.1 Team Hummingbird - BFF | WLW app","Technical Tests","conversation-controller","GET /public_api/conversation/userConversations/{conversationId}/file/ [NEG] Missing Auth/API-Key","","GET /public_api/conversation/userConversations/{conversationId}/file/ [NEG] Missing Auth/API-Key",""
"passed","Thu Aug 13 03:03:17 UTC 2026","Thu Aug 13 03:03:18 UTC 2026","370","Arise","Technical","","","psearchProxySearch","psearchProxySearch",""
"failed","Thu Aug 13 03:03:21 UTC 2026","Thu Aug 13 03:03:21 UTC 2026","61","4. Team CRM |CRM Staging","Business Scenarios Tests","Account","Create Account","","Create Account",""
"failed","Thu Aug 13 03:06:13 UTC 2026","Thu Aug 13 03:06:13 UTC 2026","12","1.1 Team Hummingbird - BFF | WLW app","Technical Tests","conversation-controller","GET /public_api/conversation/userConversations/{userId}/unreadCount [NEG] Missing Auth/API-Key","","GET /public_api/conversation/userConversations/{userId}/unreadCount [NEG] Missing Auth/API-Key",""
"passed","Thu Aug 13 03:06:20 UTC 2026","Thu Aug 13 03:06:20 UTC 2026","37","1.1 Team Hummingbird - BFF | WLW app","Technical Tests","login-controller","POST /public_api/auth/session/extend [NEG] Expired Token","","POST /public_api/auth/session/extend [NEG] Expired Token",""
"passed","Thu Aug 13 03:06:33 UTC 2026","Thu Aug 13 03:06:33 UTC 2026","53","1.1 Team Hummingbird - BFF | WLW app","Technical Tests","search-controller","GET /public_api/categories/recommendations [SEC] Injection Probe","","GET /public_api/categories/recommendations [SEC] Injection Probe",""
"passed","Thu Aug 13 03:06:01 UTC 2026","Thu Aug 13 03:06:01 UTC 2026","18","1.1 Team Hummingbird - BFF | WLW app","Endpoint tests","Homepage, products","categories/homepage","","categories/homepage",""
"passed","Thu Aug 13 03:06:04 UTC 2026","Thu Aug 13 03:06:04 UTC 2026","39","1.1 Team Hummingbird - BFF | WLW app","Technical Tests","ai-company-search-controller","POST /public_api/search/ai/supplier/pv-match","","POST /public_api/search/ai/supplier/pv-match",""
"passed","Thu Aug 13 03:11:45 UTC 2026","Thu Aug 13 03:11:45 UTC 2026","75","Dolphin","Functional","","","EPSameStoreProductRecommendTest","product same store recommend -- ep",""
"passed","Thu Aug 13 03:03:26 UTC 2026","Thu Aug 13 03:03:26 UTC 2026","57","4. Team CRM |CRM Staging","Endpoints Tests","Accounts","Get Account Information","","Get Account Information",""
"passed","Thu Aug 13 03:06:22 UTC 2026","Thu Aug 13 03:06:23 UTC 2026","39","1.1 Team Hummingbird - BFF | WLW app","Technical Tests","login-controller","DELETE /public_api/auth/sso/logout","","DELETE /public_api/auth/sso/logout",""
"passed","Thu Aug 13 03:11:44 UTC 2026","Thu Aug 13 03:11:45 UTC 2026","767","Dolphin","Functional","","","productTextSearchTopRankingScenarioTest","AI product text search recall: wlw-staging cnc top-ranking scenario",""
"passed","Thu Aug 13 03:03:21 UTC 2026","Thu Aug 13 03:03:21 UTC 2026","61","4. Team CRM |CRM Staging","Business Scenarios Tests","Create and edit a contact","Edit contact","","Edit contact",""
"skipped","Thu Aug 13 03:03:18 UTC 2026","Thu Aug 13 03:03:18 UTC 2026","0","7. Team Pegasus | Pegasus Staging","Endpoints Tests","Shop Import & Onboarding Backend","/offers/count - get count","","/offers/count - get count",""
"passed","Thu Aug 13 03:04:20 UTC 2026","Thu Aug 13 03:04:20 UTC 2026","58","1 Team Hummingbird - BFF | EP app","Endpoint tests","Search","search autoComplete FR","","search autoComplete FR",""
"failed","Thu Aug 13 03:06:02 UTC 2026","Thu Aug 13 03:06:02 UTC 2026","22","1.1 Team Hummingbird - BFF | WLW app","Endpoint tests","Conversations","dynamic link conversation","","dynamic link conversation",""
"skipped","Thu Aug 13 03:03:18 UTC 2026","Thu Aug 13 03:03:18 UTC 2026","0","7. Team Pegasus | Pegasus Staging","Endpoints Tests","Supplier Registration","EP","","vat/check - Validate VAT number",""
"skipped","Thu Aug 13 03:07:26 UTC 2026","Thu Aug 13 03:07:26 UTC 2026","0","3 Team Techno - UCL","Technical Tests","Membership","GET /unified_commercial_logic/internal_api/api/membership/v2 - Retrieve Membership V2 List","","GET /unified_commercial_logic/internal_api/api/membership/v2 - Retrieve Membership V2 List",""
"passed","Thu Aug 13 03:11:46 UTC 2026","Thu Aug 13 03:11:46 UTC 2026","27","Dolphin","Technical","","","getLandingPageProductListTest","get Landing page Product List for seo",""
"passed","Thu Aug 13 03:06:18 UTC 2026","Thu Aug 13 03:06:18 UTC 2026","43","1.1 Team Hummingbird - BFF | WLW app","Technical Tests","feedback-controller","GET /feedback/subject [NEG] Forbidden Role Token","","GET /feedback/subject [NEG] Forbidden Role Token",""
"passed","Thu Aug 13 03:06:01 UTC 2026","Thu Aug 13 03:06:01 UTC 2026","45","1.1 Team Hummingbird - BFF | WLW app","Endpoint tests","Homepage, products","preferred categories","","preferred categories",""
"passed","Thu Aug 13 03:06:06 UTC 2026","Thu Aug 13 03:06:07 UTC 2026","39","1.1 Team Hummingbird - BFF | WLW app","Technical Tests","categories-controller","GET /preferred/categories [SEC] Injection Probe","","GET /preferred/categories [SEC] Injection Probe",""
"broken","Thu Aug 13 03:06:48 UTC 2026","Thu Aug 13 03:07:08 UTC 2026","20014","Dolphin","Technical","","","recallPageSizeZeroNormalizedTest","AI Search recall: pageSize=0 normalized to default",""
"passed","Thu Aug 13 03:03:18 UTC 2026","Thu Aug 13 03:03:18 UTC 2026","344","Arise","Functional","","","skwd","skwd",""
"passed","Thu Aug 13 03:03:58 UTC 2026","Thu Aug 13 03:03:58 UTC 2026","5","2 Team Dragon - BFF | RFQ Backend","Functional Tests","(root)","Assertions Summary (Doc)","","Assertions Summary (Doc)",""
"failed","Thu Aug 13 03:05:58 UTC 2026","Thu Aug 13 03:05:58 UTC 2026","16","1.1 Team Hummingbird - BFF | WLW app","Endpoint tests","Support","currency daily rates","","currency daily rates",""
"passed","Thu Aug 13 03:06:22 UTC 2026","Thu Aug 13 03:06:22 UTC 2026","44","1.1 Team Hummingbird - BFF | WLW app","Technical Tests","login-controller","POST /public_api/auth/changePassword [NEG] Expired Token","","POST /public_api/auth/changePassword [NEG] Expired Token",""
"failed","Thu Aug 13 03:03:18 UTC 2026","Thu Aug 13 03:03:18 UTC 2026","25","Arise","Functional","","","skwdAll","skwdAll",""
"skipped","Thu Aug 13 03:03:18 UTC 2026","Thu Aug 13 03:03:18 UTC 2026","0","7. Team Pegasus | Pegasus Staging","Endpoints Tests","Business Insights","Origin","","Origin",""
"passed","Thu Aug 13 03:11:46 UTC 2026","Thu Aug 13 03:11:46 UTC 2026","33","Dolphin","Technical","","","getCategoryListWlwWithPreferredSuperCategoryIdsTest","v-recommend category list -- wlw, with preferredSuperCategoryIds",""
"skipped","Thu Aug 13 03:03:17 UTC 2026","Thu Aug 13 03:03:17 UTC 2026","0","7. Team Pegasus | Pegasus Staging","Technical Tests","(empty)","(empty)","","Technical Tests - empty",""
"passed","Thu Aug 13 03:06:05 UTC 2026","Thu Aug 13 03:06:05 UTC 2026","56","1.1 Team Hummingbird - BFF | WLW app","Technical Tests","ai-company-search-controller","POST /public_api/search/ai/company/search [NEG] Expired Token","","POST /public_api/search/ai/company/search [NEG] Expired Token",""
"passed","Thu Aug 13 03:05:57 UTC 2026","Thu Aug 13 03:05:57 UTC 2026","14","1.1 Team Hummingbird - BFF | WLW app","Endpoint tests","Support","Support FAQ_EN","","Support FAQ_EN",""
"passed","Thu Aug 13 03:03:21 UTC 2026","Thu Aug 13 03:03:22 UTC 2026","61","4. Team CRM |CRM Staging","Business Scenarios Tests","Create and edit a contact","Edit contact","","Edit contact",""
"failed","Thu Aug 13 03:04:21 UTC 2026","Thu Aug 13 03:04:22 UTC 2026","130","1 Team Hummingbird - BFF | EP app","Endpoint tests","Homepage, products","product recommendations EN","","product recommendations EN",""
"passed","Thu Aug 13 03:06:22 UTC 2026","Thu Aug 13 03:06:22 UTC 2026","35","1.1 Team Hummingbird - BFF | WLW app","Technical Tests","login-controller","POST /public_api/auth/code/resend","","POST /public_api/auth/code/resend",""
"broken","Thu Aug 13 03:10:09 UTC 2026","Thu Aug 13 03:10:30 UTC 2026","20775","Dolphin","Technical","","","termRecommendNoMockTest","AI Search term recommend API without mock",""
"passed","Thu Aug 13 03:05:58 UTC 2026","Thu Aug 13 03:05:58 UTC 2026","98","1.1 Team Hummingbird - BFF | WLW app","Endpoint tests","Support","notifications list","","notifications list",""
"passed","Thu Aug 13 03:06:09 UTC 2026","Thu Aug 13 03:06:09 UTC 2026","33","1.1 Team Hummingbird - BFF | WLW app","Technical Tests","conversation-controller","PUT /public_api/conversation/userConversations/{conversationId}/tag","","PUT /public_api/conversation/userConversations/{conversationId}/tag",""
"failed","Thu Aug 13 03:06:27 UTC 2026","Thu Aug 13 03:06:27 UTC 2026","13","1.1 Team Hummingbird - BFF | WLW app","Technical Tests","push-notification-by-email-controller","GET /v1/pushNotification","","GET /v1/pushNotification",""
"passed","Thu Aug 13 03:06:12 UTC 2026","Thu Aug 13 03:06:12 UTC 2026","18","1.1 Team Hummingbird - BFF | WLW app","Technical Tests","conversation-controller","POST /public_api/conversation/userConversations/{conversationId}/messages/file/ [NEG] Missing Auth/API-Key","","POST /public_api/conversation/userConversations/{conversationId}/messages/file/ [NEG] Missing Auth/API-Key",""
"passed","Thu Aug 13 03:03:58 UTC 2026","Thu Aug 13 03:03:58 UTC 2026","370","2 Team Dragon - BFF | RFQ Backend","Functional Tests","(root)","GET /v1/user - Success","","GET /v1/user - Success",""
"passed","Thu Aug 13 03:03:26 UTC 2026","Thu Aug 13 03:03:26 UTC 2026","58","4. Team CRM |CRM Staging","Endpoints Tests","(root)","duplicate records","","duplicate records",""
"passed","Thu Aug 13 03:04:23 UTC 2026","Thu Aug 13 03:04:23 UTC 2026","511","1 Team Hummingbird - BFF | EP app","Endpoint tests","Conversations","conversation id","","conversation id",""
"passed","Thu Aug 13 03:03:22 UTC 2026","Thu Aug 13 03:03:22 UTC 2026","53","4. Team CRM |CRM Staging","Business Scenarios Tests","Disable Hubspot","Change Hubspot to true","","Change Hubspot to true",""
"passed","Thu Aug 13 03:03:15 UTC 2026","Thu Aug 13 03:03:15 UTC 2026","50","Bamboo","Technical","","","listTopCategoriesTest","list top Categories",""
"failed","Thu Aug 13 03:04:22 UTC 2026","Thu Aug 13 03:04:24 UTC 2026","2123","1 Team Hummingbird - BFF | EP app","Endpoint tests","Contact request","QDR request","","QDR request",""
"failed","Thu Aug 13 03:06:36 UTC 2026","Thu Aug 13 03:06:36 UTC 2026","12","1.1 Team Hummingbird - BFF | WLW app","Technical Tests","trending-products-controller","GET /public_api/trending/products [NEG] Expired Token","","GET /public_api/trending/products [NEG] Expired Token",""
"passed","Thu Aug 13 03:04:23 UTC 2026","Thu Aug 13 03:04:23 UTC 2026","327","1 Team Hummingbird - BFF | EP app","Endpoint tests","Conversations","conversation/messages","","conversation/messages",""
"skipped","Thu Aug 13 03:07:26 UTC 2026","Thu Aug 13 03:07:26 UTC 2026","0","3 Team Techno - UCL","Technical Tests","WebsiteLead","GET /unified_commercial_logic/internal_api/api/website_lead/{id} - Retrieve WebsiteLead By ID","","GET /unified_commercial_logic/internal_api/api/website_lead/{id} - Retrieve WebsiteLead By ID",""
"failed","Thu Aug 13 03:03:18 UTC 2026","Thu Aug 13 03:03:18 UTC 2026","106","4. Team CRM |CRM Staging","Business Scenarios Tests","Contacts","Check Contact","","Check Contact",""
"passed","Thu Aug 13 03:06:13 UTC 2026","Thu Aug 13 03:06:13 UTC 2026","48","1.1 Team Hummingbird - BFF | WLW app","Technical Tests","conversation-controller","GET /public_api/conversation/userConversations [SEC] Injection Probe","","GET /public_api/conversation/userConversations [SEC] Injection Probe",""
"passed","Thu Aug 13 03:05:59 UTC 2026","Thu Aug 13 03:05:59 UTC 2026","73","1.1 Team Hummingbird - BFF | WLW app","Endpoint tests","Search","search autoComplete EN","","search autoComplete EN",""
"passed","Thu Aug 13 03:06:10 UTC 2026","Thu Aug 13 03:06:10 UTC 2026","35","1.1 Team Hummingbird - BFF | WLW app","Technical Tests","conversation-controller","PUT /public_api/conversation/userConversations/{conversationId}/messages/markAsRead [SEC] Injection Probe","","PUT /public_api/conversation/userConversations/{conversationId}/messages/markAsRead [SEC] Injection Probe",""
"passed","Thu Aug 13 03:03:17 UTC 2026","Thu Aug 13 03:03:17 UTC 2026","564","Arise","Technical","","","getAllElementsByUrlTest","getAllElementsByUrlTest",""
"passed","Thu Aug 13 03:06:19 UTC 2026","Thu Aug 13 03:06:19 UTC 2026","31","1.1 Team Hummingbird - BFF | WLW app","Technical Tests","help-and-support-controller","POST /help [NEG] Missing Auth/API-Key","","POST /help [NEG] Missing Auth/API-Key",""
"failed","Thu Aug 13 03:06:26 UTC 2026","Thu Aug 13 03:06:26 UTC 2026","13","1.1 Team Hummingbird - BFF | WLW app","Technical Tests","purchaser-user-setting-controller","GET /userSetting [NEG] Expired Token","","GET /userSetting [NEG] Expired Token",""
"failed","Thu Aug 13 03:06:32 UTC 2026","Thu Aug 13 03:06:32 UTC 2026","13","1.1 Team Hummingbird - BFF | WLW app","Technical Tests","search-controller","GET /public_api/products/recommendations [NEG] Expired Token","","GET /public_api/products/recommendations [NEG] Expired Token",""
"passed","Thu Aug 13 03:11:44 UTC 2026","Thu Aug 13 03:11:45 UTC 2026","767","Dolphin","Technical","","","productTextSearchTopRankingScenarioTest","AI product text search recall: wlw-staging cnc top-ranking scenario",""
"passed","Thu Aug 13 03:06:10 UTC 2026","Thu Aug 13 03:06:10 UTC 2026","16","1.1 Team Hummingbird - BFF | WLW app","Technical Tests","conversation-controller","PUT /public_api/conversation/userConversations/{conversationId}/decline [NEG] Missing Auth/API-Key","","PUT /public_api/conversation/userConversations/{conversationId}/decline [NEG] Missing Auth/API-Key",""
"failed","Thu Aug 13 03:06:06 UTC 2026","Thu Aug 13 03:06:06 UTC 2026","12","1.1 Team Hummingbird - BFF | WLW app","Technical Tests","categories-controller","GET /preferred/categories","","GET /preferred/categories",""
"skipped","Thu Aug 13 03:03:18 UTC 2026","Thu Aug 13 03:03:18 UTC 2026","0","7. Team Pegasus | Pegasus Staging","Endpoints Tests","Shop Import & Onboarding Backend","/offers/topCategories","","/offers/topCategories",""
"failed","Thu Aug 13 03:06:29 UTC 2026","Thu Aug 13 03:06:29 UTC 2026","12","1.1 Team Hummingbird - BFF | WLW app","Technical Tests","search-controller","GET /public_api/suppliers/recommendations [SEC] Injection Probe","","GET /public_api/suppliers/recommendations [SEC] Injection Probe",""
"passed","Thu Aug 13 03:03:58 UTC 2026","Thu Aug 13 03:03:58 UTC 2026","111","2 Team Dragon - BFF | RFQ Backend","Functional Tests","(root)","GET /v1/rfqs/{rfqId} - Success or 404","","GET /v1/rfqs/{rfqId} - Success or 404",""
"skipped","Thu Aug 13 03:03:18 UTC 2026","Thu Aug 13 03:03:18 UTC 2026","0","7. Team Pegasus | Pegasus Staging","Endpoints Tests","Visitors","Elixir (supplier-app)","","Filters",""
"failed","Thu Aug 13 03:03:27 UTC 2026","Thu Aug 13 03:03:28 UTC 2026","72","4. Team CRM |CRM Staging","Endpoints Tests","(root)","Create Note with sf id","","Create Note with sf id",""
"failed","Thu Aug 13 03:06:34 UTC 2026","Thu Aug 13 03:06:34 UTC 2026","11","1.1 Team Hummingbird - BFF | WLW app","Technical Tests","supplier-visitors-controller","GET /public_api/suppliers/{supplier_id}/visits [SEC] Injection Probe","","GET /public_api/suppliers/{supplier_id}/visits [SEC] Injection Probe",""
"failed","Thu Aug 13 03:06:27 UTC 2026","Thu Aug 13 03:06:27 UTC 2026","13","1.1 Team Hummingbird - BFF | WLW app","Technical Tests","push-notification-by-email-controller","GET /v1/pushNotification [NEG] Missing Auth/API-Key","","GET /v1/pushNotification [NEG] Missing Auth/API-Key",""
"passed","Thu Aug 13 03:05:59 UTC 2026","Thu Aug 13 03:05:59 UTC 2026","103","1.1 Team Hummingbird - BFF | WLW app","Endpoint tests","Company","Product ID","","Product ID",""
"failed","Thu Aug 13 03:06:06 UTC 2026","Thu Aug 13 03:06:06 UTC 2026","10","1.1 Team Hummingbird - BFF | WLW app","Technical Tests","categories-controller","GET /preferred/categories [NEG] Expired Token","","GET /preferred/categories [NEG] Expired Token",""
"failed","Thu Aug 13 03:03:27 UTC 2026","Thu Aug 13 03:03:27 UTC 2026","44","4. Team CRM |CRM Staging","Endpoints Tests","(root)","resolve individual id","","resolve individual id",""
"broken","Thu Aug 13 03:10:30 UTC 2026","Thu Aug 13 03:10:50 UTC 2026","20023","Dolphin","Functional","","","termRecommendTest","AI Search term recommend API",""
"passed","Thu Aug 13 03:06:23 UTC 2026","Thu Aug 13 03:06:23 UTC 2026","57","1.1 Team Hummingbird - BFF | WLW app","Technical Tests","login-controller","DELETE /public_api/auth/sso/logout [NEG] Forbidden Role Token","","DELETE /public_api/auth/sso/logout [NEG] Forbidden Role Token",""
"passed","Thu Aug 13 03:06:12 UTC 2026","Thu Aug 13 03:06:12 UTC 2026","34","1.1 Team Hummingbird - BFF | WLW app","Technical Tests","conversation-controller","POST /public_api/conversation/userConversations/{conversationId}/messages/file/ [NEG] Expired Token","","POST /public_api/conversation/userConversations/{conversationId}/messages/file/ [NEG] Expired Token",""
"passed","Thu Aug 13 03:11:37 UTC 2026","Thu Aug 13 03:11:38 UTC 2026","1317","Dolphin","Technical","","","productTextSearchPageSizeCapTest","AI product text search recall: pageSize over max capped",""
"failed","Thu Aug 13 03:06:36 UTC 2026","Thu Aug 13 03:06:36 UTC 2026","12","1.1 Team Hummingbird - BFF | WLW app","Technical Tests","trending-products-controller","GET /public_api/trending/products [NEG] Missing Auth/API-Key","","GET /public_api/trending/products [NEG] Missing Auth/API-Key",""
"failed","Thu Aug 13 03:04:19 UTC 2026","Thu Aug 13 03:04:19 UTC 2026","27","1 Team Hummingbird - BFF | EP app","Endpoint tests","Support","currency daily rates","","currency daily rates",""
"failed","Thu Aug 13 03:06:30 UTC 2026","Thu Aug 13 03:06:30 UTC 2026","11","1.1 Team Hummingbird - BFF | WLW app","Technical Tests","search-controller","GET /public_api/search/products [NEG] Expired Token","","GET /public_api/search/products [NEG] Expired Token",""
"skipped","Thu Aug 13 03:07:26 UTC 2026","Thu Aug 13 03:07:26 UTC 2026","0","3 Team Techno - UCL","Technical Tests","Membership","GET /unified_commercial_logic/internal_api/api/membership/find_by_id/{id} - Retrieve Membership By ID","","GET /unified_commercial_logic/internal_api/api/membership/find_by_id/{id} - Retrieve Membership By ID",""
"failed","Thu Aug 13 03:06:29 UTC 2026","Thu Aug 13 03:06:29 UTC 2026","10","1.1 Team Hummingbird - BFF | WLW app","Technical Tests","search-controller","GET /public_api/suppliers/recommendations [NEG] Forbidden Role Token","","GET /public_api/suppliers/recommendations [NEG] Forbidden Role Token",""
"passed","Thu Aug 13 03:06:08 UTC 2026","Thu Aug 13 03:06:09 UTC 2026","41","1.1 Team Hummingbird - BFF | WLW app","Technical Tests","company-controller","GET /public_api/company/{id}","","GET /public_api/company/{id}",""
"passed","Thu Aug 13 03:11:45 UTC 2026","Thu Aug 13 03:11:45 UTC 2026","85","Dolphin","Technical","","","EPOtherStoreProductRecommendTest","product other store recommend",""
"failed","Thu Aug 13 03:06:13 UTC 2026","Thu Aug 13 03:06:13 UTC 2026","12","1.1 Team Hummingbird - BFF | WLW app","Technical Tests","conversation-controller","GET /public_api/conversation/userConversations","","GET /public_api/conversation/userConversations",""
"passed","Thu Aug 13 03:11:39 UTC 2026","Thu Aug 13 03:11:41 UTC 2026","1179","Dolphin","Technical","","","productTextSearchPaidSupplierFilterTest","AI product text search recall: paid/verified supplier filter",""
"passed","Thu Aug 13 03:06:07 UTC 2026","Thu Aug 13 03:06:07 UTC 2026","35","1.1 Team Hummingbird - BFF | WLW app","Technical Tests","categories-controller","GET /public_api/categories/homepage [NEG] Expired Token","","GET /public_api/categories/homepage [NEG] Expired Token",""
"failed","Thu Aug 13 03:06:36 UTC 2026","Thu Aug 13 03:06:36 UTC 2026","12","1.1 Team Hummingbird - BFF | WLW app","Technical Tests","trending-products-controller","GET /public_api/trending/products","","GET /public_api/trending/products",""
"skipped","Thu Aug 13 03:07:26 UTC 2026","Thu Aug 13 03:07:26 UTC 2026","0","3 Team Techno - UCL","Technical Tests","SponsoredBrand","GET /unified_commercial_logic/internal_api/api/sponsored_brand_v1/{id} - Retrieve SponsoredBrandV1 By ID","","GET /unified_commercial_logic/internal_api/api/sponsored_brand_v1/{id} - Retrieve SponsoredBrandV1 By ID",""
"passed","Thu Aug 13 03:11:30 UTC 2026","Thu Aug 13 03:11:31 UTC 2026","1306","Dolphin","Technical","","","productTextSearchCountryFilterTest","AI product text search recall: country filter DE",""
"skipped","Thu Aug 13 03:03:18 UTC 2026","Thu Aug 13 03:03:18 UTC 2026","0","7. Team Pegasus | Pegasus Staging","Endpoints Tests","Supplier Registration","WLW","","categories - Endpoints for retrieving categories",""
"broken","Thu Aug 13 03:03:14 UTC 2026","Thu Aug 13 03:03:14 UTC 2026","644","Bamboo","Technical","","","findCategoryByIdTest","findCategoryById",""
"failed","Thu Aug 13 03:03:27 UTC 2026","Thu Aug 13 03:03:27 UTC 2026","61","4. Team CRM |CRM Staging","Endpoints Tests","(root)","sync event to trigger the RFC lead process","","sync event to trigger the RFC lead process",""
"skipped","Thu Aug 13 03:03:18 UTC 2026","Thu Aug 13 03:03:18 UTC 2026","0","7. Team Pegasus | Pegasus Staging","Endpoints Tests","Supplier Registration","Manual VAT check","","Import vat",""
"passed","Thu Aug 13 03:04:21 UTC 2026","Thu Aug 13 03:04:23 UTC 2026","1910","1 Team Hummingbird - BFF | EP app","Endpoint tests","RFQ","post RFQ","","post RFQ",""
"passed","Thu Aug 13 03:03:20 UTC 2026","Thu Aug 13 03:03:21 UTC 2026","62","4. Team CRM |CRM Staging","Business Scenarios Tests","Account","Smoke test : Account + Contact + SAP","","Smoke test : Account + Contact + SAP",""
"passed","Thu Aug 13 03:04:18 UTC 2026","Thu Aug 13 03:04:18 UTC 2026","20","1 Team Hummingbird - BFF | EP app","Endpoint tests","Support","Support FAQ_DE","","Support FAQ_DE",""
"failed","Thu Aug 13 03:03:19 UTC 2026","Thu Aug 13 03:03:19 UTC 2026","79","4. Team CRM |CRM Staging","Business Scenarios Tests","Account","Update Account","","Update Account",""
"broken","Thu Aug 13 03:02:06 UTC 2026","Thu Aug 13 03:02:26 UTC 2026","20824","Dolphin","Technical","","","inferenceEmptySearchTextTest","AI Search inference: empty searchText still streams",""
"failed","Thu Aug 13 03:06:07 UTC 2026","Thu Aug 13 03:06:07 UTC 2026","13","1.1 Team Hummingbird - BFF | WLW app","Technical Tests","categories-controller","PUT /preferred/categories [NEG] Missing Auth/API-Key","","PUT /preferred/categories [NEG] Missing Auth/API-Key",""
"passed","Thu Aug 13 03:06:12 UTC 2026","Thu Aug 13 03:06:12 UTC 2026","16","1.1 Team Hummingbird - BFF | WLW app","Technical Tests","conversation-controller","POST /public_api/conversation/userConversations/{conversationId}/messages/file [NEG] Missing Auth/API-Key","","POST /public_api/conversation/userConversations/{conversationId}/messages/file [NEG] Missing Auth/API-Key",""
"passed","Thu Aug 13 03:06:00 UTC 2026","Thu Aug 13 03:06:01 UTC 2026","782","1.1 Team Hummingbird - BFF | WLW app","Endpoint tests","Search","search companies DE","","search companies DE",""
"passed","Thu Aug 13 03:11:46 UTC 2026","Thu Aug 13 03:11:46 UTC 2026","518","Dolphin","Functional","","","getproductRecommendByQueryOnCserpTest","getproductRecommendByQueryOnCserpTest",""
"failed","Thu Aug 13 03:03:59 UTC 2026","Thu Aug 13 03:03:59 UTC 2026","94","2 Team Dragon - BFF | RFQ Backend","Business Scenario Tests","(root)","RFQ_Listing","","RFQ_Listing",""
"passed","Thu Aug 13 03:03:15 UTC 2026","Thu Aug 13 03:03:15 UTC 2026","50","Bamboo","Technical","","","searchCategoryByNameTest","searchCategoryByName",""
"passed","Thu Aug 13 03:06:01 UTC 2026","Thu Aug 13 03:06:01 UTC 2026","129","1.1 Team Hummingbird - BFF | WLW app","Endpoint tests","Homepage, products","product recommendations EN","","product recommendations EN",""
"passed","Thu Aug 13 03:04:18 UTC 2026","Thu Aug 13 03:04:18 UTC 2026","59","1 Team Hummingbird - BFF | EP app","Endpoint tests","User settings","user setting","","user setting",""
"passed","Thu Aug 13 03:06:19 UTC 2026","Thu Aug 13 03:06:19 UTC 2026","34","1.1 Team Hummingbird - BFF | WLW app","Technical Tests","inside-business-controller","GET /public_api/inside_business","","GET /public_api/inside_business",""
"skipped","Thu Aug 13 03:07:26 UTC 2026","Thu Aug 13 03:07:26 UTC 2026","0","3 Team Techno - UCL","Technical Tests","WebsiteLead","GET /unified_commercial_logic/internal_api/api/website_lead/ - Retrieve WebsiteLead List","","GET /unified_commercial_logic/internal_api/api/website_lead/ - Retrieve WebsiteLead List",""
"passed","Thu Aug 13 03:03:24 UTC 2026","Thu Aug 13 03:03:24 UTC 2026","61","4. Team CRM |CRM Staging","Business Scenarios Tests","Contacts","Smoke test for Create Contact & Verify HubSpot Sync","","Smoke test for Create Contact & Verify HubSpot Sync",""
"passed","Thu Aug 13 03:03:18 UTC 2026","Thu Aug 13 03:03:18 UTC 2026","85","4. Team CRM |CRM Staging","Business Scenarios Tests","Quote","Smoke Test Create new quote","","Smoke Test Create new quote",""
"passed","Thu Aug 13 03:06:32 UTC 2026","Thu Aug 13 03:06:32 UTC 2026","36","1.1 Team Hummingbird - BFF | WLW app","Technical Tests","search-controller","GET /public_api/search/ai/tabChange [NEG] Expired Token","","GET /public_api/search/ai/tabChange [NEG] Expired Token",""
"skipped","Thu Aug 13 03:07:26 UTC 2026","Thu Aug 13 03:07:26 UTC 2026","0","3 Team Techno - UCL","Functional Tests","Endpoint Tests","GoogleAd","","get active googleAd for the given uuid",""
"failed","Thu Aug 13 03:04:23 UTC 2026","Thu Aug 13 03:04:23 UTC 2026","48","1 Team Hummingbird - BFF | EP app","Endpoint tests","Conversations","dynamic link conversation","","dynamic link conversation",""
"passed","Thu Aug 13 03:03:24 UTC 2026","Thu Aug 13 03:03:24 UTC 2026","45","4. Team CRM |CRM Staging","Business Scenarios Tests","Platform Profile","Update Platform Profile","","Update Platform Profile",""
"passed","Thu Aug 13 03:06:18 UTC 2026","Thu Aug 13 03:06:18 UTC 2026","43","1.1 Team Hummingbird - BFF | WLW app","Technical Tests","feedback-controller","POST /feedback","","POST /feedback",""
"passed","Thu Aug 13 03:05:57 UTC 2026","Thu Aug 13 03:05:57 UTC 2026","14","1.1 Team Hummingbird - BFF | WLW app","Endpoint tests","Support","Supportmasterdata_EN","","Supportmasterdata_EN",""
"failed","Thu Aug 13 03:03:25 UTC 2026","Thu Aug 13 03:03:25 UTC 2026","73","4. Team CRM |CRM Staging","Business Scenarios Tests","Products","Update Product","","Update Product",""
"passed","Thu Aug 13 03:03:23 UTC 2026","Thu Aug 13 03:03:23 UTC 2026","47","4. Team CRM |CRM Staging","Business Scenarios Tests","Lead","Smoke test for Conversion","","Smoke test for Conversion",""
"passed","Thu Aug 13 03:03:59 UTC 2026","Thu Aug 13 03:03:59 UTC 2026","20","2 Team Dragon - BFF | RFQ Backend","Technical Tests","(root)","GET /v1/categories - CPV list (schema + contract)","","GET /v1/categories - CPV list (schema + contract)",""
"failed","Thu Aug 13 03:06:14 UTC 2026","Thu Aug 13 03:06:14 UTC 2026","11","1.1 Team Hummingbird - BFF | WLW app","Technical Tests","conversation-controller","GET /public_api/conversation/userConversations/{userId}/unreadCount/ [NEG] Forbidden Role Token","","GET /public_api/conversation/userConversations/{userId}/unreadCount/ [NEG] Forbidden Role Token",""
"passed","Thu Aug 13 03:06:03 UTC 2026","Thu Aug 13 03:06:04 UTC 2026","308","1.1 Team Hummingbird - BFF | WLW app","Endpoint tests","(root)","Log out","","Log out",""
"passed","Thu Aug 13 03:06:19 UTC 2026","Thu Aug 13 03:06:19 UTC 2026","33","1.1 Team Hummingbird - BFF | WLW app","Technical Tests","help-and-support-controller","POST /help [NEG] Expired Token","","POST /help [NEG] Expired Token",""
"passed","Thu Aug 13 03:04:23 UTC 2026","Thu Aug 13 03:04:24 UTC 2026","358","1 Team Hummingbird - BFF | EP app","Endpoint tests","Conversations","unread count","","unread count",""
"skipped","Thu Aug 13 03:07:26 UTC 2026","Thu Aug 13 03:07:26 UTC 2026","0","3 Team Techno - UCL","Technical Tests","Membership","GET /unified_commercial_logic/internal_api/api/membership/ - Retrieve Membership List","","GET /unified_commercial_logic/internal_api/api/membership/ - Retrieve Membership List",""
"passed","Thu Aug 13 03:06:19 UTC 2026","Thu Aug 13 03:06:19 UTC 2026","15","1.1 Team Hummingbird - BFF | WLW app","Technical Tests","inside-business-controller","GET /public_api/inside_business [NEG] Missing Auth/API-Key","","GET /public_api/inside_business [NEG] Missing Auth/API-Key",""
"passed","Thu Aug 13 03:06:15 UTC 2026","Thu Aug 13 03:06:15 UTC 2026","50","1.1 Team Hummingbird - BFF | WLW app","Technical Tests","conversation-controller","GET /public_api/conversation/userConversations/{conversationId} [SEC] Injection Probe","","GET /public_api/conversation/userConversations/{conversationId} [SEC] Injection Probe",""
"failed","Thu Aug 13 03:06:01 UTC 2026","Thu Aug 13 03:06:04 UTC 2026","2064","1.1 Team Hummingbird - BFF | WLW app","Endpoint tests","Contact request","Product request","","Product request",""
"skipped","Thu Aug 13 03:07:26 UTC 2026","Thu Aug 13 03:07:26 UTC 2026","0","3 Team Techno - UCL","Technical Tests","WebsiteLead","GET /unified_commercial_logic/internal_api/api/website_lead - Retrieve WebsiteLead List","","GET /unified_commercial_logic/internal_api/api/website_lead - Retrieve WebsiteLead List",""
"passed","Thu Aug 13 03:06:32 UTC 2026","Thu Aug 13 03:06:33 UTC 2026","40","1.1 Team Hummingbird - BFF | WLW app","Technical Tests","search-controller","GET /public_api/products/recommendations [SEC] Injection Probe","","GET /public_api/products/recommendations [SEC] Injection Probe",""
"passed","Thu Aug 13 03:11:45 UTC 2026","Thu Aug 13 03:11:46 UTC 2026","73","Dolphin","Technical","","","EPZeroResultProductRecommendTest","Recommend products in 0 result search list page v1 -- ep",""
"failed","Thu Aug 13 03:05:56 UTC 2026","Thu Aug 13 03:05:57 UTC 2026","66","1.1 Team Hummingbird - BFF | WLW app","Endpoint tests","Login","extend session","","extend session",""
"skipped","Thu Aug 13 03:03:18 UTC 2026","Thu Aug 13 03:03:18 UTC 2026","0","7. Team Pegasus | Pegasus Staging","Endpoints Tests","Shop Import & Onboarding Backend","/offers - get offers","","/offers - get offers",""
"failed","Thu Aug 13 03:06:05 UTC 2026","Thu Aug 13 03:06:05 UTC 2026","21","1.1 Team Hummingbird - BFF | WLW app","Technical Tests","ai-company-search-controller","GET /public_api/search/ai/company/search","","GET /public_api/search/ai/company/search",""
"passed","Thu Aug 13 03:06:12 UTC 2026","Thu Aug 13 03:06:12 UTC 2026","14","1.1 Team Hummingbird - BFF | WLW app","Technical Tests","conversation-controller","POST /public_api/conversation/userConversations/{conversationId}/messages/{messageId}/translate [NEG] Missing Auth/API-Key","","POST /public_api/conversation/userConversations/{conversationId}/messages/{messageId}/translate [NEG] Missing Auth/API-Key",""
"broken","Thu Aug 13 03:03:27 UTC 2026","Thu Aug 13 03:03:47 UTC 2026","20023","Dolphin","Technical","","","pvMatchMissingQpInfoTest","AI Search PV match: missing qpInfo → business failure",""
"skipped","Thu Aug 13 03:03:18 UTC 2026","Thu Aug 13 03:03:18 UTC 2026","0","7. Team Pegasus | Pegasus Staging","Endpoints Tests","Business Insights","Dashboard","","Dashboard",""
"passed","Thu Aug 13 03:06:20 UTC 2026","Thu Aug 13 03:06:21 UTC 2026","38","1.1 Team Hummingbird - BFF | WLW app","Technical Tests","login-controller","POST /public_api/auth/registration","","POST /public_api/auth/registration",""
"passed","Thu Aug 13 03:04:20 UTC 2026","Thu Aug 13 03:04:20 UTC 2026","207","1 Team Hummingbird - BFF | EP app","Endpoint tests","Company","branchIO dynamic link, share CPP","","branchIO dynamic link, share CPP",""
"failed","Thu Aug 13 03:06:33 UTC 2026","Thu Aug 13 03:06:33 UTC 2026","11","1.1 Team Hummingbird - BFF | WLW app","Technical Tests","search-controller","GET /public_api/categories/recommendations [NEG] Missing Auth/API-Key","","GET /public_api/categories/recommendations [NEG] Missing Auth/API-Key",""
"skipped","Thu Aug 13 03:07:26 UTC 2026","Thu Aug 13 03:07:26 UTC 2026","0","3 Team Techno - UCL","Technical Tests","Organization","GET /unified_commercial_logic/internal_api/api/organization/{id} - Retrieve Organization By ID","","GET /unified_commercial_logic/internal_api/api/organization/{id} - Retrieve Organization By ID",""
"passed","Thu Aug 13 03:04:20 UTC 2026","Thu Aug 13 03:04:21 UTC 2026","243","1 Team Hummingbird - BFF | EP app","Endpoint tests","Search","search autoComplete DE","","search autoComplete DE",""
"failed","Thu Aug 13 03:06:23 UTC 2026","Thu Aug 13 03:06:23 UTC 2026","12","1.1 Team Hummingbird - BFF | WLW app","Technical Tests","product-controller","GET /public_api/products [SEC] Injection Probe","","GET /public_api/products [SEC] Injection Probe",""
"failed","Thu Aug 13 03:04:24 UTC 2026","Thu Aug 13 03:04:24 UTC 2026","180","1 Team Hummingbird - BFF | EP app","Endpoint tests","Conversations","Decline RFQ","","Decline RFQ",""
"passed","Thu Aug 13 03:03:17 UTC 2026","Thu Aug 13 03:03:17 UTC 2026","68","4. Team CRM |CRM Staging","Business Scenarios Tests","Tasks","Change  Assigned To","","Change  Assigned To",""
"passed","Thu Aug 13 03:06:17 UTC 2026","Thu Aug 13 03:06:17 UTC 2026","40","1.1 Team Hummingbird - BFF | WLW app","Technical Tests","euro-pages-controller","DELETE /public_api/euro-pages/auth/delete","","DELETE /public_api/euro-pages/auth/delete",""
"passed","Thu Aug 13 03:03:17 UTC 2026","Thu Aug 13 03:03:17 UTC 2026","68","4. Team CRM |CRM Staging","Business Scenarios Tests","Tasks","Change  Assigned To","","Change  Assigned To",""
"passed","Thu Aug 13 03:06:35 UTC 2026","Thu Aug 13 03:06:35 UTC 2026","15","1.1 Team Hummingbird - BFF | WLW app","Technical Tests","supplier-visitors-controller","GET /","","GET /",""
"passed","Thu Aug 13 03:03:17 UTC 2026","Thu Aug 13 03:03:17 UTC 2026","92","4. Team CRM |CRM Staging","Business Scenarios Tests","Tasks","Smoke test Create task","","Smoke test Create task",""
"failed","Thu Aug 13 03:06:25 UTC 2026","Thu Aug 13 03:06:25 UTC 2026","16","1.1 Team Hummingbird - BFF | WLW app","Technical Tests","purchaser-support-controller","GET /support-faq","","GET /support-faq",""
"passed","Thu Aug 13 03:06:28 UTC 2026","Thu Aug 13 03:06:28 UTC 2026","39","1.1 Team Hummingbird - BFF | WLW app","Technical Tests","rfq-controller","POST /public_api/connect/purchaser/tenders","","POST /public_api/connect/purchaser/tenders",""
"failed","Thu Aug 13 03:06:35 UTC 2026","Thu Aug 13 03:06:35 UTC 2026","11","1.1 Team Hummingbird - BFF | WLW app","Technical Tests","supplier-visitors-controller","GET /public_api/suppliers/{supplier_id}/visits/csv [SEC] Injection Probe","","GET /public_api/suppliers/{supplier_id}/visits/csv [SEC] Injection Probe",""
"failed","Thu Aug 13 03:03:19 UTC 2026","Thu Aug 13 03:03:19 UTC 2026","47","4. Team CRM |CRM Staging","Business Scenarios Tests","Account","wlw salesorderitems link","","wlw salesorderitems link",""
"passed","Thu Aug 13 03:04:19 UTC 2026","Thu Aug 13 03:04:20 UTC 2026","630","1 Team Hummingbird - BFF | EP app","Endpoint tests","Mobile_Feedback","post feedback","","post feedback",""
"passed","Thu Aug 13 03:06:20 UTC 2026","Thu Aug 13 03:06:20 UTC 2026","50","1.1 Team Hummingbird - BFF | WLW app","Technical Tests","login-controller","POST /public_api/auth/session/extend","","POST /public_api/auth/session/extend",""
"passed","Thu Aug 13 03:06:25 UTC 2026","Thu Aug 13 03:06:25 UTC 2026","40","1.1 Team Hummingbird - BFF | WLW app","Technical Tests","purchaser-support-controller","GET /support-faq [SEC] Injection Probe","","GET /support-faq [SEC] Injection Probe",""
"failed","Thu Aug 13 03:06:35 UTC 2026","Thu Aug 13 03:06:35 UTC 2026","15","1.1 Team Hummingbird - BFF | WLW app","Technical Tests","supplier-visitors-controller","GET /public_api/suppliers/{supplier_id}/visits/csv [NEG] Missing Auth/API-Key","","GET /public_api/suppliers/{supplier_id}/visits/csv [NEG] Missing Auth/API-Key",""
"skipped","Thu Aug 13 03:03:18 UTC 2026","Thu Aug 13 03:03:18 UTC 2026","0","7. Team Pegasus | Pegasus Staging","Business Scenarios Tests","Business Insights","Dashboard smoke flow","","Set User Activity",""
"passed","Thu Aug 13 03:05:57 UTC 2026","Thu Aug 13 03:05:57 UTC 2026","19","1.1 Team Hummingbird - BFF | WLW app","Endpoint tests","Support","Support FAQ_DE","","Support FAQ_DE",""
"broken","Thu Aug 13 03:08:49 UTC 2026","Thu Aug 13 03:09:09 UTC 2026","20021","Dolphin","Technical","","","recallTest","AI Search recall (supplierTextSearch) API using params from inference",""
"passed","Thu Aug 13 03:06:22 UTC 2026","Thu Aug 13 03:06:22 UTC 2026","44","1.1 Team Hummingbird - BFF | WLW app","Technical Tests","login-controller","POST /public_api/auth/code/resend [NEG] Expired Token","","POST /public_api/auth/code/resend [NEG] Expired Token",""
"failed","Thu Aug 13 03:06:26 UTC 2026","Thu Aug 13 03:06:26 UTC 2026","11","1.1 Team Hummingbird - BFF | WLW app","Technical Tests","purchaser-user-setting-controller","GET /userSetting","","GET /userSetting",""
"passed","Thu Aug 13 03:06:20 UTC 2026","Thu Aug 13 03:06:20 UTC 2026","16","1.1 Team Hummingbird - BFF | WLW app","Technical Tests","login-controller","POST /public_api/auth/resetPassword [NEG] Missing Auth/API-Key","","POST /public_api/auth/resetPassword [NEG] Missing Auth/API-Key",""
"failed","Thu Aug 13 03:06:36 UTC 2026","Thu Aug 13 03:06:36 UTC 2026","15","1.1 Team Hummingbird - BFF | WLW app","Technical Tests","trending-products-controller","GET /public_api/trending/products [SEC] Injection Probe","","GET /public_api/trending/products [SEC] Injection Probe",""
"failed","Thu Aug 13 03:04:23 UTC 2026","Thu Aug 13 03:04:23 UTC 2026","92","1 Team Hummingbird - BFF | EP app","Endpoint tests","Conversations","File","","File",""
"failed","Thu Aug 13 03:06:34 UTC 2026","Thu Aug 13 03:06:34 UTC 2026","13","1.1 Team Hummingbird - BFF | WLW app","Technical Tests","supplier-visitors-controller","GET /public_api/suppliers/{supplier_id}/visits [NEG] Expired Token","","GET /public_api/suppliers/{supplier_id}/visits [NEG] Expired Token",""
"passed","Thu Aug 13 03:06:24 UTC 2026","Thu Aug 13 03:06:24 UTC 2026","38","1.1 Team Hummingbird - BFF | WLW app","Technical Tests","product-controller","GET /public_api/products/{productId} [NEG] Forbidden Role Token","","GET /public_api/products/{productId} [NEG] Forbidden Role Token",""
"failed","Thu Aug 13 03:06:24 UTC 2026","Thu Aug 13 03:06:24 UTC 2026","12","1.1 Team Hummingbird - BFF | WLW app","Technical Tests","product-controller","GET /public_api/companies/{supplierPublicId}/products [NEG] Missing Auth/API-Key","","GET /public_api/companies/{supplierPublicId}/products [NEG] Missing Auth/API-Key",""
"passed","Thu Aug 13 03:06:04 UTC 2026","Thu Aug 13 03:06:04 UTC 2026","17","1.1 Team Hummingbird - BFF | WLW app","Technical Tests","ai-company-search-controller","POST /public_api/search/ai/supplier/pv-match [NEG] Missing Auth/API-Key","","POST /public_api/search/ai/supplier/pv-match [NEG] Missing Auth/API-Key",""
"failed","Thu Aug 13 03:04:22 UTC 2026","Thu Aug 13 03:04:26 UTC 2026","3619","1 Team Hummingbird - BFF | EP app","Endpoint tests","Contact request","Callback request","","Callback request",""
"passed","Thu Aug 13 03:06:33 UTC 2026","Thu Aug 13 03:06:33 UTC 2026","69","1.1 Team Hummingbird - BFF | WLW app","Technical Tests","search-term-controller","PUT /public_api/search/notification-opened [NEG] Forbidden Role Token","","PUT /public_api/search/notification-opened [NEG] Forbidden Role Token",""
"passed","Thu Aug 13 03:06:04 UTC 2026","Thu Aug 13 03:06:04 UTC 2026","33","1.1 Team Hummingbird - BFF | WLW app","Technical Tests","ai-company-search-controller","POST /public_api/search/ai/supplier/recall [NEG] Forbidden Role Token","","POST /public_api/search/ai/supplier/recall [NEG] Forbidden Role Token",""
"failed","Thu Aug 13 03:06:28 UTC 2026","Thu Aug 13 03:06:28 UTC 2026","14","1.1 Team Hummingbird - BFF | WLW app","Technical Tests","push-notification-by-email-controller","PUT /v1/pushNotification [SEC] Injection Probe","","PUT /v1/pushNotification [SEC] Injection Probe",""
"failed","Thu Aug 13 03:06:31 UTC 2026","Thu Aug 13 03:06:31 UTC 2026","10","1.1 Team Hummingbird - BFF | WLW app","Technical Tests","search-controller","GET /public_api/search/autoComplete [NEG] Expired Token","","GET /public_api/search/autoComplete [NEG] Expired Token",""
"passed","Thu Aug 13 03:06:16 UTC 2026","Thu Aug 13 03:06:16 UTC 2026","40","1.1 Team Hummingbird - BFF | WLW app","Technical Tests","currency-exchange-controller","GET /exchange/fetch-rates","","GET /exchange/fetch-rates",""
"passed","Thu Aug 13 03:06:13 UTC 2026","Thu Aug 13 03:06:13 UTC 2026","36","1.1 Team Hummingbird - BFF | WLW app","Technical Tests","conversation-controller","POST /public_api/conversation/userConversations/{conversationId}/messages/file [NEG] Forbidden Role Token","","POST /public_api/conversation/userConversations/{conversationId}/messages/file [NEG] Forbidden Role Token",""
"passed","Thu Aug 13 03:06:09 UTC 2026","Thu Aug 13 03:06:10 UTC 2026","33","1.1 Team Hummingbird - BFF | WLW app","Technical Tests","conversation-controller","PUT /public_api/conversation/userConversations/{conversationId}/tag [NEG] Expired Token","","PUT /public_api/conversation/userConversations/{conversationId}/tag [NEG] Expired Token",""
"skipped","Thu Aug 13 03:07:26 UTC 2026","Thu Aug 13 03:07:26 UTC 2026","0","3 Team Techno - UCL","Technical Tests","TopRanking","GET /unified_commercial_logic/internal_api/api/top_ranking_v1 - Retrieve TopRankingV1 List","","GET /unified_commercial_logic/internal_api/api/top_ranking_v1 - Retrieve TopRankingV1 List",""
"skipped","Thu Aug 13 03:03:18 UTC 2026","Thu Aug 13 03:03:18 UTC 2026","0","7. Team Pegasus | Pegasus Staging","Business Scenarios Tests","Visitors","Statistics visitor drill-down","","CSV creation",""
"failed","Thu Aug 13 03:06:34 UTC 2026","Thu Aug 13 03:06:34 UTC 2026","12","1.1 Team Hummingbird - BFF | WLW app","Technical Tests","search-term-controller","POST /public_api/search/track [NEG] Missing Auth/API-Key","","POST /public_api/search/track [NEG] Missing Auth/API-Key",""
"passed","Thu Aug 13 03:04:24 UTC 2026","Thu Aug 13 03:04:25 UTC 2026","462","1 Team Hummingbird - BFF | EP app","Endpoint tests","(root)","Log out","","Log out",""
"passed","Thu Aug 13 03:06:26 UTC 2026","Thu Aug 13 03:06:26 UTC 2026","40","1.1 Team Hummingbird - BFF | WLW app","Technical Tests","purchaser-user-setting-controller","GET /userSetting [SEC] Injection Probe","","GET /userSetting [SEC] Injection Probe",""
"passed","Thu Aug 13 03:06:30 UTC 2026","Thu Aug 13 03:06:31 UTC 2026","53","1.1 Team Hummingbird - BFF | WLW app","Technical Tests","search-controller","GET /public_api/search/products [SEC] Injection Probe","","GET /public_api/search/products [SEC] Injection Probe",""
"failed","Thu Aug 13 03:06:24 UTC 2026","Thu Aug 13 03:06:24 UTC 2026","14","1.1 Team Hummingbird - BFF | WLW app","Technical Tests","product-controller","GET /public_api/companies/{supplierPublicId}/products","","GET /public_api/companies/{supplierPublicId}/products",""
"failed","Thu Aug 13 03:06:36 UTC 2026","Thu Aug 13 03:06:36 UTC 2026","11","1.1 Team Hummingbird - BFF | WLW app","Technical Tests","trending-products-controller","GET /public_api/trending/products [NEG] Forbidden Role Token","","GET /public_api/trending/products [NEG] Forbidden Role Token",""
"failed","Thu Aug 13 03:06:31 UTC 2026","Thu Aug 13 03:06:31 UTC 2026","14","1.1 Team Hummingbird - BFF | WLW app","Technical Tests","search-controller","GET /public_api/search/ai/termRecommend [SEC] Injection Probe","","GET /public_api/search/ai/termRecommend [SEC] Injection Probe",""
"broken","Thu Aug 13 03:07:48 UTC 2026","Thu Aug 13 03:08:08 UTC 2026","20017","Dolphin","Technical","","","recallSecondPageTest","AI Search recall: pagination page 2",""
"passed","Thu Aug 13 03:11:46 UTC 2026","Thu Aug 13 03:11:46 UTC 2026","27","Dolphin","Functional","","","getLandingPageProductListTest","get Landing page Product List for seo",""
"failed","Thu Aug 13 03:03:28 UTC 2026","Thu Aug 13 03:03:28 UTC 2026","57","4. Team CRM |CRM Staging","Endpoints Tests","(root)","Update WLW Connect Counters with id","","Update WLW Connect Counters with id",""
"failed","Thu Aug 13 03:06:31 UTC 2026","Thu Aug 13 03:06:31 UTC 2026","10","1.1 Team Hummingbird - BFF | WLW app","Technical Tests","search-controller","GET /public_api/search/autoComplete","","GET /public_api/search/autoComplete",""
"skipped","Thu Aug 13 03:03:18 UTC 2026","Thu Aug 13 03:03:18 UTC 2026","0","7. Team Pegasus | Pegasus Staging","Endpoints Tests","Membership Management (PGS-861)","GET — Verify UTM in supplier-facts","","GET — Verify UTM in supplier-facts",""
"failed","Thu Aug 13 03:03:24 UTC 2026","Thu Aug 13 03:03:24 UTC 2026","58","4. Team CRM |CRM Staging","Business Scenarios Tests","WLW Price Compaigns","WLW_Price Compaigns","","WLW_Price Compaigns",""
"passed","Thu Aug 13 03:05:58 UTC 2026","Thu Aug 13 03:05:58 UTC 2026","14","1.1 Team Hummingbird - BFF | WLW app","Endpoint tests","Mobile_Feedback","Feedback Subject_DE","","Feedback Subject_DE",""
"failed","Thu Aug 13 03:06:13 UTC 2026","Thu Aug 13 03:06:13 UTC 2026","11","1.1 Team Hummingbird - BFF | WLW app","Technical Tests","conversation-controller","GET /public_api/conversation/userConversations [NEG] Missing Auth/API-Key","","GET /public_api/conversation/userConversations [NEG] Missing Auth/API-Key",""
"passed","Thu Aug 13 03:06:16 UTC 2026","Thu Aug 13 03:06:16 UTC 2026","43","1.1 Team Hummingbird - BFF | WLW app","Technical Tests","dynamic-links-controller","POST /public_api/branchio/dynamiclink [NEG] Forbidden Role Token","","POST /public_api/branchio/dynamiclink [NEG] Forbidden Role Token",""
"passed","Thu Aug 13 03:06:37 UTC 2026","Thu Aug 13 03:06:37 UTC 2026","39","1.1 Team Hummingbird - BFF | WLW app","Technical Tests","user-controller","GET /public_api/user/userInfo [NEG] Forbidden Role Token","","GET /public_api/user/userInfo [NEG] Forbidden Role Token",""
"passed","Thu Aug 13 03:06:36 UTC 2026","Thu Aug 13 03:06:36 UTC 2026","40","1.1 Team Hummingbird - BFF | WLW app","Technical Tests","trending-products-controller","GET /public_api/trending/notifications","","GET /public_api/trending/notifications",""
"broken","Thu Aug 13 03:02:46 UTC 2026","Thu Aug 13 03:03:06 UTC 2026","20015","Dolphin","Functional","","","inferenceTest","AI Search inference API (SSE stream)",""
"passed","Thu Aug 13 03:03:23 UTC 2026","Thu Aug 13 03:03:23 UTC 2026","47","4. Team CRM |CRM Staging","Business Scenarios Tests","Lead","Smoke test for Conversion","","Smoke test for Conversion",""
"failed","Thu Aug 13 03:06:35 UTC 2026","Thu Aug 13 03:06:35 UTC 2026","14","1.1 Team Hummingbird - BFF | WLW app","Technical Tests","supplier-visitors-controller","GET /public_api/suppliers/{supplier_id}/visits/csv [NEG] Forbidden Role Token","","GET /public_api/suppliers/{supplier_id}/visits/csv [NEG] Forbidden Role Token",""
"passed","Thu Aug 13 03:06:21 UTC 2026","Thu Aug 13 03:06:21 UTC 2026","37","1.1 Team Hummingbird - BFF | WLW app","Technical Tests","login-controller","POST /public_api/auth/registration [NEG] Forbidden Role Token","","POST /public_api/auth/registration [NEG] Forbidden Role Token",""
"skipped","Thu Aug 13 03:03:18 UTC 2026","Thu Aug 13 03:03:18 UTC 2026","0","7. Team Pegasus | Pegasus Staging","Endpoints Tests","Supplier Registration","EP","","email/check - Validate email domain for a specified country",""
"passed","Thu Aug 13 03:11:47 UTC 2026","Thu Aug 13 03:11:47 UTC 2026","75","Dolphin","Technical","","","zeroResultProductRecommendTest","Recommend products in 0 result search list page v1 -- wlw",""
"failed","Thu Aug 13 03:05:58 UTC 2026","Thu Aug 13 03:05:59 UTC 2026","38","1.1 Team Hummingbird - BFF | WLW app","Endpoint tests","Company","Company ID FR","","Company ID FR",""
"failed","Thu Aug 13 03:06:28 UTC 2026","Thu Aug 13 03:06:28 UTC 2026","11","1.1 Team Hummingbird - BFF | WLW app","Technical Tests","push-notification-by-email-controller","PUT /v1/pushNotification [NEG] Forbidden Role Token","","PUT /v1/pushNotification [NEG] Forbidden Role Token",""
"passed","Thu Aug 13 03:05:56 UTC 2026","Thu Aug 13 03:05:57 UTC 2026","942","1.1 Team Hummingbird - BFF | WLW app","Endpoint tests","Login","user Info","","user Info",""
"passed","Thu Aug 13 03:06:10 UTC 2026","Thu Aug 13 03:06:10 UTC 2026","61","1.1 Team Hummingbird - BFF | WLW app","Technical Tests","conversation-controller","PUT /public_api/conversation/userConversations/{conversationId}/decline [NEG] Expired Token","","PUT /public_api/conversation/userConversations/{conversationId}/decline [NEG] Expired Token",""
"skipped","Thu Aug 13 03:07:26 UTC 2026","Thu Aug 13 03:07:26 UTC 2026","0","3 Team Techno - UCL","Functional Tests","Endpoint Tests","membership","","get all active membership for uuid platform specific",""
"broken","Thu Aug 13 03:06:07 UTC 2026","Thu Aug 13 03:06:28 UTC 2026","20691","Dolphin","Technical","","","recallNoResultQueryTest","AI Search recall: no-result query (empty offers or zero total)",""
"failed","Thu Aug 13 03:06:24 UTC 2026","Thu Aug 13 03:06:24 UTC 2026","12","1.1 Team Hummingbird - BFF | WLW app","Technical Tests","product-controller","GET /public_api/companies/{supplierPublicId}/products [NEG] Expired Token","","GET /public_api/companies/{supplierPublicId}/products [NEG] Expired Token",""
"passed","Thu Aug 13 03:04:21 UTC 2026","Thu Aug 13 03:04:22 UTC 2026","1526","1 Team Hummingbird - BFF | EP app","Endpoint tests","Search","Product Search EN","","Product Search EN",""
"passed","Thu Aug 13 03:04:17 UTC 2026","Thu Aug 13 03:04:18 UTC 2026","1343","1 Team Hummingbird - BFF | EP app","Endpoint tests","Login","native email login","","native email login",""
"failed","Thu Aug 13 03:03:26 UTC 2026","Thu Aug 13 03:03:26 UTC 2026","61","4. Team CRM |CRM Staging","Endpoints Tests","(root)","update SF","","update SF",""
"failed","Thu Aug 13 03:06:15 UTC 2026","Thu Aug 13 03:06:15 UTC 2026","12","1.1 Team Hummingbird - BFF | WLW app","Technical Tests","conversation-controller","GET /public_api/conversation/userConversations/{conversationId}/file/ [NEG] Expired Token","","GET /public_api/conversation/userConversations/{conversationId}/file/ [NEG] Expired Token",""
"broken","Thu Aug 13 03:02:26 UTC 2026","Thu Aug 13 03:02:46 UTC 2026","20022","Dolphin","Technical","","","inferenceShortQueryTest","AI Search inference: minimal searchText boundary",""
"passed","Thu Aug 13 03:05:57 UTC 2026","Thu Aug 13 03:05:57 UTC 2026","16","1.1 Team Hummingbird - BFF | WLW app","Endpoint tests","Support","Support FAQ_FR","","Support FAQ_FR",""
"passed","Thu Aug 13 03:05:59 UTC 2026","Thu Aug 13 03:05:59 UTC 2026","64","1.1 Team Hummingbird - BFF | WLW app","Endpoint tests","Company","Suppliers listings","","Suppliers listings",""
"failed","Thu Aug 13 03:06:15 UTC 2026","Thu Aug 13 03:06:15 UTC 2026","14","1.1 Team Hummingbird - BFF | WLW app","Technical Tests","conversation-controller","GET /public_api/conversation/userConversations/{conversationId}/file/ [NEG] Forbidden Role Token","","GET /public_api/conversation/userConversations/{conversationId}/file/ [NEG] Forbidden Role Token",""
"passed","Thu Aug 13 03:06:03 UTC 2026","Thu Aug 13 03:06:04 UTC 2026","983","1.1 Team Hummingbird - BFF | WLW app","Endpoint tests","Conversations","decline QDR","","decline QDR",""
"failed","Thu Aug 13 03:06:14 UTC 2026","Thu Aug 13 03:06:14 UTC 2026","18","1.1 Team Hummingbird - BFF | WLW app","Technical Tests","conversation-controller","GET /public_api/conversation/userConversations/{conversationId} [NEG] Missing Auth/API-Key","","GET /public_api/conversation/userConversations/{conversationId} [NEG] Missing Auth/API-Key",""
"skipped","Thu Aug 13 03:07:26 UTC 2026","Thu Aug 13 03:07:26 UTC 2026","0","3 Team Techno - UCL","Technical Tests","Organization","GET /unified_commercial_logic/internal_api/api/organization/ - Retrieve Organization List","","GET /unified_commercial_logic/internal_api/api/organization/ - Retrieve Organization List",""
"skipped","Thu Aug 13 03:03:18 UTC 2026","Thu Aug 13 03:03:18 UTC 2026","0","7. Team Pegasus | Pegasus Staging","Endpoints Tests","Visitors","Java (statistics-app)","","Filter types",""
"skipped","Thu Aug 13 03:03:18 UTC 2026","Thu Aug 13 03:03:18 UTC 2026","0","7. Team Pegasus | Pegasus Staging","Business Scenarios Tests","Visitors","Statistics visitor drill-down","","Visitor details",""
"broken","Thu Aug 13 03:05:47 UTC 2026","Thu Aug 13 03:06:07 UTC 2026","20022","Dolphin","Technical","","","recallMissingRequestIdTest","AI Search recall: missing requestId still success",""
"passed","Thu Aug 13 03:03:24 UTC 2026","Thu Aug 13 03:03:24 UTC 2026","61","4. Team CRM |CRM Staging","Business Scenarios Tests","Contacts","Smoke test for Create Contact & Verify HubSpot Sync","","Smoke test for Create Contact & Verify HubSpot Sync",""
"skipped","Thu Aug 13 03:03:18 UTC 2026","Thu Aug 13 03:03:18 UTC 2026","0","7. Team Pegasus | Pegasus Staging","Endpoints Tests","Shop Import & Onboarding Backend","/offers/{offerId}","","/offers/{offerId}",""
"passed","Thu Aug 13 03:03:59 UTC 2026","Thu Aug 13 03:03:59 UTC 2026","7","2 Team Dragon - BFF | RFQ Backend","Technical Tests","(root)","GET /v1/user - User Info + Roles + Negative Auth","","GET /v1/user - User Info + Roles + Negative Auth",""
"passed","Thu Aug 13 03:06:14 UTC 2026","Thu Aug 13 03:06:14 UTC 2026","99","1.1 Team Hummingbird - BFF | WLW app","Technical Tests","conversation-controller","GET /public_api/conversation/userConversations/{userId}/unreadCount [SEC] Injection Probe","","GET /public_api/conversation/userConversations/{userId}/unreadCount [SEC] Injection Probe",""
"passed","Thu Aug 13 03:06:29 UTC 2026","Thu Aug 13 03:06:29 UTC 2026","37","1.1 Team Hummingbird - BFF | WLW app","Technical Tests","rfq-marketing-controller","POST /public_api/rfq-marketing/trigger","","POST /public_api/rfq-marketing/trigger",""
"passed","Thu Aug 13 03:06:27 UTC 2026","Thu Aug 13 03:06:27 UTC 2026","40","1.1 Team Hummingbird - BFF | WLW app","Technical Tests","purchaser-user-setting-controller","POST /userSetting [NEG] Forbidden Role Token","","POST /userSetting [NEG] Forbidden Role Token",""
"passed","Thu Aug 13 03:06:04 UTC 2026","Thu Aug 13 03:06:04 UTC 2026","34","1.1 Team Hummingbird - BFF | WLW app","Technical Tests","ai-company-search-controller","POST /public_api/search/ai/supplier/recall [NEG] Expired Token","","POST /public_api/search/ai/supplier/recall [NEG] Expired Token",""
"failed","Thu Aug 13 03:03:27 UTC 2026","Thu Aug 13 03:03:27 UTC 2026","61","4. Team CRM |CRM Staging","Endpoints Tests","(root)","sync event to trigger the RFC lead process","","sync event to trigger the RFC lead process",""
"skipped","Thu Aug 13 03:03:18 UTC 2026","Thu Aug 13 03:03:18 UTC 2026","0","7. Team Pegasus | Pegasus Staging","Endpoints Tests","User & Company Context","Get user details by","","Get user details by",""
"skipped","Thu Aug 13 03:03:18 UTC 2026","Thu Aug 13 03:03:18 UTC 2026","0","7. Team Pegasus | Pegasus Staging","Endpoints Tests","Visitors","Java (statistics-app)","","Visitors list",""
"failed","Thu Aug 13 03:04:22 UTC 2026","Thu Aug 13 03:04:24 UTC 2026","1824","1 Team Hummingbird - BFF | EP app","Endpoint tests","Contact request","Other request","","Other request",""
"skipped","Thu Aug 13 03:03:18 UTC 2026","Thu Aug 13 03:03:18 UTC 2026","0","7. Team Pegasus | Pegasus Staging","Endpoints Tests","Shop Import & Onboarding Backend","/offers/keywordSuggestion","","/offers/keywordSuggestion",""
"skipped","Thu Aug 13 03:03:18 UTC 2026","Thu Aug 13 03:03:18 UTC 2026","0","7. Team Pegasus | Pegasus Staging","Business Scenarios Tests","Business Insights","Dashboard smoke flow","","Traffic",""
"passed","Thu Aug 13 03:04:18 UTC 2026","Thu Aug 13 03:04:18 UTC 2026","13","1 Team Hummingbird - BFF | EP app","Endpoint tests","Support","Supportmasterdata_EN","","Supportmasterdata_EN",""
"failed","Thu Aug 13 03:04:21 UTC 2026","Thu Aug 13 03:04:21 UTC 2026","321","1 Team Hummingbird - BFF | EP app","Endpoint tests","Search","search track","","search track",""
"passed","Thu Aug 13 03:06:24 UTC 2026","Thu Aug 13 03:06:24 UTC 2026","37","1.1 Team Hummingbird - BFF | WLW app","Technical Tests","purchaser-support-controller","GET /support-master-data","","GET /support-master-data",""
"passed","Thu Aug 13 03:06:02 UTC 2026","Thu Aug 13 03:06:03 UTC 2026","235","1.1 Team Hummingbird - BFF | WLW app","Endpoint tests","Conversations","translate message","","translate message",""
"passed","Thu Aug 13 03:06:36 UTC 2026","Thu Aug 13 03:06:36 UTC 2026","14","1.1 Team Hummingbird - BFF | WLW app","Technical Tests","trending-products-controller","POST /public_api/trending/import [NEG] Missing Auth/API-Key","","POST /public_api/trending/import [NEG] Missing Auth/API-Key",""
"passed","Thu Aug 13 03:06:17 UTC 2026","Thu Aug 13 03:06:17 UTC 2026","16","1.1 Team Hummingbird - BFF | WLW app","Technical Tests","euro-pages-controller","DELETE /public_api/euro-pages/auth/delete [NEG] Missing Auth/API-Key","","DELETE /public_api/euro-pages/auth/delete [NEG] Missing Auth/API-Key",""
"failed","Thu Aug 13 03:03:24 UTC 2026","Thu Aug 13 03:03:24 UTC 2026","45","4. Team CRM |CRM Staging","Business Scenarios Tests","Lead","Get a Lead","","Get a Lead",""
"passed","Thu Aug 13 03:06:12 UTC 2026","Thu Aug 13 03:06:12 UTC 2026","50","1.1 Team Hummingbird - BFF | WLW app","Technical Tests","conversation-controller","POST /public_api/conversation/userConversations/{conversationId}/messages/file","","POST /public_api/conversation/userConversations/{conversationId}/messages/file",""
"passed","Thu Aug 13 03:03:17 UTC 2026","Thu Aug 13 03:03:17 UTC 2026","32","Arise","Technical","","","pageElementsGet","pageElementsGet",""
"skipped","Thu Aug 13 03:03:18 UTC 2026","Thu Aug 13 03:03:18 UTC 2026","0","7. Team Pegasus | Pegasus Staging","Endpoints Tests","Shop Import & Onboarding Backend","/offers/categoryProperties","","/offers/categoryProperties",""
"failed","Thu Aug 13 03:06:08 UTC 2026","Thu Aug 13 03:06:08 UTC 2026","14","1.1 Team Hummingbird - BFF | WLW app","Technical Tests","company-controller","GET /public_api/company","","GET /public_api/company",""
"passed","Thu Aug 13 03:06:19 UTC 2026","Thu Aug 13 03:06:19 UTC 2026","30","1.1 Team Hummingbird - BFF | WLW app","Technical Tests","login-controller","POST /public_api/auth/sso/login","","POST /public_api/auth/sso/login",""
"passed","Thu Aug 13 03:06:11 UTC 2026","Thu Aug 13 03:06:11 UTC 2026","42","1.1 Team Hummingbird - BFF | WLW app","Technical Tests","conversation-controller","GET /public_api/conversation/userConversations/{conversationId}/messages [SEC] Injection Probe","","GET /public_api/conversation/userConversations/{conversationId}/messages [SEC] Injection Probe",""
"failed","Thu Aug 13 03:06:07 UTC 2026","Thu Aug 13 03:06:07 UTC 2026","11","1.1 Team Hummingbird - BFF | WLW app","Technical Tests","categories-controller","PUT /preferred/categories [NEG] Expired Token","","PUT /preferred/categories [NEG] Expired Token",""
"failed","Thu Aug 13 03:03:26 UTC 2026","Thu Aug 13 03:03:26 UTC 2026","72","4. Team CRM |CRM Staging","Endpoints Tests","(root)","get responsible user","","get responsible user",""
"passed","Thu Aug 13 03:03:22 UTC 2026","Thu Aug 13 03:03:22 UTC 2026","81","4. Team CRM |CRM Staging","Business Scenarios Tests","Disable Hubspot","Change Hubspot to false","","Change Hubspot to false",""
"passed","Thu Aug 13 03:06:19 UTC 2026","Thu Aug 13 03:06:19 UTC 2026","36","1.1 Team Hummingbird - BFF | WLW app","Technical Tests","inside-business-controller","GET /public_api/inside_business [NEG] Forbidden Role Token","","GET /public_api/inside_business [NEG] Forbidden Role Token",""
"failed","Thu Aug 13 03:05:59 UTC 2026","Thu Aug 13 03:05:59 UTC 2026","129","1.1 Team Hummingbird - BFF | WLW app","Endpoint tests","Company","Companies / products EN","","Companies / products EN",""
"failed","Thu Aug 13 03:06:29 UTC 2026","Thu Aug 13 03:06:29 UTC 2026","12","1.1 Team Hummingbird - BFF | WLW app","Technical Tests","search-controller","GET /public_api/suppliers/recommendations [NEG] Missing Auth/API-Key","","GET /public_api/suppliers/recommendations [NEG] Missing Auth/API-Key",""
"passed","Thu Aug 13 03:04:18 UTC 2026","Thu Aug 13 03:04:18 UTC 2026","21","1 Team Hummingbird - BFF | EP app","Endpoint tests","Support","Supportmasterdata_DE","","Supportmasterdata_DE",""
"passed","Thu Aug 13 03:11:46 UTC 2026","Thu Aug 13 03:11:46 UTC 2026","101","Dolphin","Functional","","","cppProductRecommendTest","recommend products in CPP -- wlw",""
"passed","Thu Aug 13 03:11:46 UTC 2026","Thu Aug 13 03:11:46 UTC 2026","90","Dolphin","Technical","","","getProductsByCategoryTest","popular in category -- getProductsByCategory",""
"passed","Thu Aug 13 03:03:22 UTC 2026","Thu Aug 13 03:03:22 UTC 2026","54","4. Team CRM |CRM Staging","Business Scenarios Tests","Disable Hubspot","Check hubspot is false","","Check hubspot is false",""
"passed","Thu Aug 13 03:04:21 UTC 2026","Thu Aug 13 03:04:21 UTC 2026","562","1 Team Hummingbird - BFF | EP app","Endpoint tests","Search","search companies FR","","search companies FR",""
"failed","Thu Aug 13 03:06:03 UTC 2026","Thu Aug 13 03:06:08 UTC 2026","5143","1.1 Team Hummingbird - BFF | WLW app","Endpoint tests","Visitor profiler","Visitor ID","","Visitor ID",""
"passed","Thu Aug 13 03:06:34 UTC 2026","Thu Aug 13 03:06:34 UTC 2026","40","1.1 Team Hummingbird - BFF | WLW app","Technical Tests","search-term-controller","POST /public_api/search/track [SEC] Injection Probe","","POST /public_api/search/track [SEC] Injection Probe",""
"passed","Thu Aug 13 03:06:09 UTC 2026","Thu Aug 13 03:06:09 UTC 2026","44","1.1 Team Hummingbird - BFF | WLW app","Technical Tests","company-controller","GET /public_api/company/{id} [NEG] Expired Token","","GET /public_api/company/{id} [NEG] Expired Token",""
"failed","Thu Aug 13 03:03:21 UTC 2026","Thu Aug 13 03:03:21 UTC 2026","59","4. Team CRM |CRM Staging","Business Scenarios Tests","Feedback","Trigger Feedback","","Trigger Feedback",""
"passed","Thu Aug 13 03:03:17 UTC 2026","Thu Aug 13 03:03:17 UTC 2026","75","4. Team CRM |CRM Staging","Business Scenarios Tests","Tasks","Check Task","","Check Task",""
"passed","Thu Aug 13 03:06:21 UTC 2026","Thu Aug 13 03:06:21 UTC 2026","34","1.1 Team Hummingbird - BFF | WLW app","Technical Tests","login-controller","POST /public_api/auth/password/login","","POST /public_api/auth/password/login",""
"failed","Thu Aug 13 03:06:14 UTC 2026","Thu Aug 13 03:06:14 UTC 2026","13","1.1 Team Hummingbird - BFF | WLW app","Technical Tests","conversation-controller","GET /public_api/conversation/userConversations/{conversationId}","","GET /public_api/conversation/userConversations/{conversationId}",""
"failed","Thu Aug 13 03:06:14 UTC 2026","Thu Aug 13 03:06:14 UTC 2026","14","1.1 Team Hummingbird - BFF | WLW app","Technical Tests","conversation-controller","GET /public_api/conversation/userConversations/{userId}/unreadCount/","","GET /public_api/conversation/userConversations/{userId}/unreadCount/",""
"skipped","Thu Aug 13 03:03:18 UTC 2026","Thu Aug 13 03:03:18 UTC 2026","0","7. Team Pegasus | Pegasus Staging","Endpoints Tests","Business Insights","PGS-890 Admin company refresh","","PGS-890 Admin company refresh",""
"passed","Thu Aug 13 03:06:10 UTC 2026","Thu Aug 13 03:06:11 UTC 2026","38","1.1 Team Hummingbird - BFF | WLW app","Technical Tests","conversation-controller","PUT /public_api/conversation/userConversations/{conversationId}/decline [NEG] Forbidden Role Token","","PUT /public_api/conversation/userConversations/{conversationId}/decline [NEG] Forbidden Role Token",""
"passed","Thu Aug 13 03:03:25 UTC 2026","Thu Aug 13 03:03:26 UTC 2026","84","4. Team CRM |CRM Staging","Business Scenarios Tests","Cases","Smoke Test for Case Creation","","Smoke Test for Case Creation",""
"passed","Thu Aug 13 03:06:05 UTC 2026","Thu Aug 13 03:06:05 UTC 2026","34","1.1 Team Hummingbird - BFF | WLW app","Technical Tests","ai-company-search-controller","POST /public_api/search/ai/supplier/pv-match [NEG] Forbidden Role Token","","POST /public_api/search/ai/supplier/pv-match [NEG] Forbidden Role Token",""
"passed","Thu Aug 13 03:06:16 UTC 2026","Thu Aug 13 03:06:16 UTC 2026","52","1.1 Team Hummingbird - BFF | WLW app","Technical Tests","dynamic-links-controller","POST /public_api/branchio/dynamiclink [NEG] Expired Token","","POST /public_api/branchio/dynamiclink [NEG] Expired Token",""
"passed","Thu Aug 13 03:06:37 UTC 2026","Thu Aug 13 03:06:37 UTC 2026","36","1.1 Team Hummingbird - BFF | WLW app","Technical Tests","user-controller","PUT /public_api/user/userInfo","","PUT /public_api/user/userInfo",""
"passed","Thu Aug 13 03:04:19 UTC 2026","Thu Aug 13 03:04:19 UTC 2026","15","1 Team Hummingbird - BFF | EP app","Endpoint tests","Mobile_Feedback","Feedback Subject_EN","","Feedback Subject_EN",""
"failed","Thu Aug 13 03:06:10 UTC 2026","Thu Aug 13 03:06:10 UTC 2026","12","1.1 Team Hummingbird - BFF | WLW app","Technical Tests","conversation-controller","PUT /public_api/conversation/userConversations/{conversationId}/messages/markAsRead [NEG] Expired Token","","PUT /public_api/conversation/userConversations/{conversationId}/messages/markAsRead [NEG] Expired Token",""
"skipped","Thu Aug 13 03:03:18 UTC 2026","Thu Aug 13 03:03:18 UTC 2026","0","7. Team Pegasus | Pegasus Staging","Spike | Profiles link user to company","(root)","01 OAuth — Supplier Facts token","","01 OAuth — Supplier Facts token",""
"passed","Thu Aug 13 03:06:24 UTC 2026","Thu Aug 13 03:06:24 UTC 2026","15","1.1 Team Hummingbird - BFF | WLW app","Technical Tests","purchaser-support-controller","GET /support-master-data [NEG] Missing Auth/API-Key","","GET /support-master-data [NEG] Missing Auth/API-Key",""
"passed","Thu Aug 13 03:03:25 UTC 2026","Thu Aug 13 03:03:25 UTC 2026","84","4. Team CRM |CRM Staging","Business Scenarios Tests","Cases","Smoke Test for Case Creation","","Smoke Test for Case Creation",""
"passed","Thu Aug 13 03:11:47 UTC 2026","Thu Aug 13 03:11:47 UTC 2026","209","Dolphin","Technical","","","instoreSearchTest","instore search -- cpp/pdp with sort and leaf filter",""
"passed","Thu Aug 13 03:03:21 UTC 2026","Thu Aug 13 03:03:21 UTC 2026","60","4. Team CRM |CRM Staging","Business Scenarios Tests","Create and edit a contact","Check Contact","","Check Contact",""
"passed","Thu Aug 13 03:11:46 UTC 2026","Thu Aug 13 03:11:46 UTC 2026","101","Dolphin","Technical","","","cppProductRecommendTest","recommend products in CPP -- wlw",""
"passed","Thu Aug 13 03:03:22 UTC 2026","Thu Aug 13 03:03:22 UTC 2026","53","4. Team CRM |CRM Staging","Business Scenarios Tests","Disable Hubspot","Change Hubspot to true","","Change Hubspot to true",""
"passed","Thu Aug 13 03:11:45 UTC 2026","Thu Aug 13 03:11:45 UTC 2026","150","Dolphin","Technical","","","EPHomepageProductRecommendTest","homepage product recommend -- ep",""
"passed","Thu Aug 13 03:06:21 UTC 2026","Thu Aug 13 03:06:21 UTC 2026","37","1.1 Team Hummingbird - BFF | WLW app","Technical Tests","login-controller","POST /public_api/auth/registration [NEG] Expired Token","","POST /public_api/auth/registration [NEG] Expired Token",""
"failed","Thu Aug 13 03:04:17 UTC 2026","Thu Aug 13 03:04:17 UTC 2026","164","1 Team Hummingbird - BFF | EP app","Endpoint tests","Login","extend session","","extend session",""
"passed","Thu Aug 13 03:06:05 UTC 2026","Thu Aug 13 03:06:05 UTC 2026","29","1.1 Team Hummingbird - BFF | WLW app","Technical Tests","ai-company-search-controller","POST /public_api/search/ai/company/search [NEG] Missing Auth/API-Key","","POST /public_api/search/ai/company/search [NEG] Missing Auth/API-Key",""
"failed","Thu Aug 13 03:04:21 UTC 2026","Thu Aug 13 03:04:22 UTC 2026","508","1 Team Hummingbird - BFF | EP app","Endpoint tests","Homepage, products","trending products","","trending products",""
"broken","Thu Aug 13 03:09:09 UTC 2026","Thu Aug 13 03:09:29 UTC 2026","20016","Dolphin","Technical","","","recallTopRankingScenarioTest","AI Search recall: wlw-staging.de cnc top-ranking scenario",""
"passed","Thu Aug 13 03:11:39 UTC 2026","Thu Aug 13 03:11:39 UTC 2026","724","Dolphin","Technical","","","productTextSearchPageZeroTest","AI product text search recall: page=0 normalized",""
"passed","Thu Aug 13 03:11:47 UTC 2026","Thu Aug 13 03:11:47 UTC 2026","86","Dolphin","Functional","","","otherStoreProductRecommendTest","similar products recommend -- wlw pdp",""
"passed","Thu Aug 13 03:11:47 UTC 2026","Thu Aug 13 03:11:47 UTC 2026","86","Dolphin","Technical","","","otherStoreProductRecommendTest","similar products recommend -- wlw pdp",""
"passed","Thu Aug 13 03:11:47 UTC 2026","Thu Aug 13 03:11:47 UTC 2026","75","Dolphin","Functional","","","sameStoreProductRecommendTest","product same store recommend -- wlw",""
"skipped","Thu Aug 13 03:03:17 UTC 2026","Thu Aug 13 03:03:17 UTC 2026","0","4. Team CRM |CRM Staging","Endpoints Tests","Activities","(empty)","","Endpoints Tests / Activities - empty",""
"passed","Thu Aug 13 03:03:29 UTC 2026","Thu Aug 13 03:03:29 UTC 2026","44","4. Team CRM |CRM Staging","Endpoints Tests","(root)","get company data via CRM id","","get company data via CRM id",""
"passed","Thu Aug 13 03:06:12 UTC 2026","Thu Aug 13 03:06:12 UTC 2026","32","1.1 Team Hummingbird - BFF | WLW app","Technical Tests","conversation-controller","POST /public_api/conversation/userConversations/{conversationId}/messages/file/ [NEG] Forbidden Role Token","","POST /public_api/conversation/userConversations/{conversationId}/messages/file/ [NEG] Forbidden Role Token",""
"passed","Thu Aug 13 03:03:19 UTC 2026","Thu Aug 13 03:03:20 UTC 2026","75","4. Team CRM |CRM Staging","Business Scenarios Tests","Account","Smoke Test Basic Account Creation","","Smoke Test Basic Account Creation",""
"broken","Thu Aug 13 03:03:06 UTC 2026","Thu Aug 13 03:03:27 UTC 2026","20026","Dolphin","Technical","","","pvMatchEmptyCompanyListTest","AI Search PV match: empty companyList → business failure",""
"passed","Thu Aug 13 03:03:22 UTC 2026","Thu Aug 13 03:03:22 UTC 2026","55","4. Team CRM |CRM Staging","Business Scenarios Tests","Disable Hubspot","Check hubspot is true","","Check hubspot is true",""
"passed","Thu Aug 13 03:06:22 UTC 2026","Thu Aug 13 03:06:22 UTC 2026","38","1.1 Team Hummingbird - BFF | WLW app","Technical Tests","login-controller","POST /public_api/auth/code/verify [NEG] Forbidden Role Token","","POST /public_api/auth/code/verify [NEG] Forbidden Role Token",""
"skipped","Thu Aug 13 03:03:18 UTC 2026","Thu Aug 13 03:03:18 UTC 2026","0","7. Team Pegasus | Pegasus Staging","Endpoints Tests","Supplier Registration","EP","","keywords - Search for keywords",""
"passed","Thu Aug 13 03:04:21 UTC 2026","Thu Aug 13 03:04:21 UTC 2026","510","1 Team Hummingbird - BFF | EP app","Endpoint tests","Search","search companies DE","","search companies DE",""
"passed","Thu Aug 13 03:06:26 UTC 2026","Thu Aug 13 03:06:26 UTC 2026","31","1.1 Team Hummingbird - BFF | WLW app","Technical Tests","purchaser-user-setting-controller","POST /userSetting/ [NEG] Forbidden Role Token","","POST /userSetting/ [NEG] Forbidden Role Token",""
"failed","Thu Aug 13 03:06:15 UTC 2026","Thu Aug 13 03:06:15 UTC 2026","12","1.1 Team Hummingbird - BFF | WLW app","Technical Tests","conversation-controller","GET /public_api/conversation/userConversations/{conversationId}/file [NEG] Expired Token","","GET /public_api/conversation/userConversations/{conversationId}/file [NEG] Expired Token",""
"failed","Thu Aug 13 03:06:03 UTC 2026","Thu Aug 13 03:06:08 UTC 2026","5111","1.1 Team Hummingbird - BFF | WLW app","Endpoint tests","Visitor profiler","Visits","","Visits",""
"failed","Thu Aug 13 03:03:26 UTC 2026","Thu Aug 13 03:03:26 UTC 2026","60","4. Team CRM |CRM Staging","Endpoints Tests","(root)","get connect receipient","","get connect receipient",""
"skipped","Thu Aug 13 03:07:26 UTC 2026","Thu Aug 13 03:07:26 UTC 2026","0","3 Team Techno - UCL","Technical Tests","Retargeting","GET /unified_commercial_logic/internal_api/api/retargeting/ - Retrieve Retargeting List","","GET /unified_commercial_logic/internal_api/api/retargeting/ - Retrieve Retargeting List",""
"failed","Thu Aug 13 03:03:59 UTC 2026","Thu Aug 13 03:03:59 UTC 2026","92","2 Team Dragon - BFF | RFQ Backend","Technical Tests","(root)","GET /v1/rfqs/attachments/{attachmentId} - Download + Cache + Perf","","GET /v1/rfqs/attachments/{attachmentId} - Download + Cache + Perf",""
"passed","Thu Aug 13 03:03:20 UTC 2026","Thu Aug 13 03:03:20 UTC 2026","62","4. Team CRM |CRM Staging","Business Scenarios Tests","Account","Smoke test : Account + Contact + SAP","","Smoke test : Account + Contact + SAP",""
"skipped","Thu Aug 13 03:03:18 UTC 2026","Thu Aug 13 03:03:18 UTC 2026","0","7. Team Pegasus | Pegasus Staging","Endpoints Tests","Business Insights","Company","","Company",""
"skipped","Thu Aug 13 03:07:26 UTC 2026","Thu Aug 13 03:07:26 UTC 2026","0","3 Team Techno - UCL","Technical Tests","Retargeting","GET /unified_commercial_logic/internal_api/api/retargeting - Retrieve Retargeting List","","GET /unified_commercial_logic/internal_api/api/retargeting - Retrieve Retargeting List",""
"skipped","Thu Aug 13 03:07:26 UTC 2026","Thu Aug 13 03:07:26 UTC 2026","0","3 Team Techno - UCL","Technical Tests","GoogleAd","GET /unified_commercial_logic/internal_api/api/google_ad/{id} - Retrieve GoogleAd By ID","","GET /unified_commercial_logic/internal_api/api/google_ad/{id} - Retrieve GoogleAd By ID",""
"failed","Thu Aug 13 03:06:03 UTC 2026","Thu Aug 13 03:06:03 UTC 2026","0","1.1 Team Hummingbird - BFF | WLW app","Endpoint tests","Visitor profiler","download visitors csv","","download visitors csv",""
"passed","Thu Aug 13 03:05:59 UTC 2026","Thu Aug 13 03:05:59 UTC 2026","71","1.1 Team Hummingbird - BFF | WLW app","Endpoint tests","Company","search company products","","search company products",""
"failed","Thu Aug 13 03:06:06 UTC 2026","Thu Aug 13 03:06:06 UTC 2026","13","1.1 Team Hummingbird - BFF | WLW app","Technical Tests","ai-company-search-controller","GET /public_api/search/ai/company/stream/mock [NEG] Expired Token","","GET /public_api/search/ai/company/stream/mock [NEG] Expired Token",""
"skipped","Thu Aug 13 03:03:18 UTC 2026","Thu Aug 13 03:03:18 UTC 2026","0","7. Team Pegasus | Pegasus Staging","Endpoints Tests","Supplier Registration","Manual VAT check","","vat/check - Validate VAT number",""
"failed","Thu Aug 13 03:06:06 UTC 2026","Thu Aug 13 03:06:06 UTC 2026","13","1.1 Team Hummingbird - BFF | WLW app","Technical Tests","ai-company-search-controller","GET /public_api/search/ai/company/stream/mock","","GET /public_api/search/ai/company/stream/mock",""
"passed","Thu Aug 13 03:04:20 UTC 2026","Thu Aug 13 03:04:20 UTC 2026","90","1 Team Hummingbird - BFF | EP app","Endpoint tests","Company","Product ID","","Product ID",""
"passed","Thu Aug 13 03:03:20 UTC 2026","Thu Aug 13 03:03:20 UTC 2026","78","4. Team CRM |CRM Staging","Business Scenarios Tests","Account","Account for Contact","","Account for Contact",""
"passed","Thu Aug 13 03:03:15 UTC 2026","Thu Aug 13 03:03:15 UTC 2026","50","Bamboo","Functional","","","searchCategoryByNameTest","searchCategoryByName",""
"skipped","Thu Aug 13 03:03:18 UTC 2026","Thu Aug 13 03:03:18 UTC 2026","0","7. Team Pegasus | Pegasus Staging","Endpoints Tests","Shop Import & Onboarding Backend","/offers/suggestCategory","","/offers/suggestCategory",""
"passed","Thu Aug 13 03:03:22 UTC 2026","Thu Aug 13 03:03:22 UTC 2026","81","4. Team CRM |CRM Staging","Business Scenarios Tests","Disable Hubspot","Change Hubspot to false","","Change Hubspot to false",""
"broken","Thu Aug 13 03:03:47 UTC 2026","Thu Aug 13 03:04:07 UTC 2026","20023","Dolphin","Technical","","","pvMatchTest","AI Search PV match (supplierAiMatch) API",""
"broken","Thu Aug 13 03:09:09 UTC 2026","Thu Aug 13 03:09:29 UTC 2026","20016","Dolphin","Functional","","","recallTopRankingScenarioTest","AI Search recall: wlw-staging.de cnc top-ranking scenario",""
"passed","Thu Aug 13 03:06:00 UTC 2026","Thu Aug 13 03:06:00 UTC 2026","54","1.1 Team Hummingbird - BFF | WLW app","Endpoint tests","Search","search autoComplete FR","","search autoComplete FR",""
"skipped","Thu Aug 13 03:03:18 UTC 2026","Thu Aug 13 03:03:18 UTC 2026","0","7. Team Pegasus | Pegasus Staging","Business Scenarios Tests","Business Insights","Dashboard smoke flow","","Admin BI",""
"failed","Thu Aug 13 03:06:07 UTC 2026","Thu Aug 13 03:06:07 UTC 2026","13","1.1 Team Hummingbird - BFF | WLW app","Technical Tests","categories-controller","PUT /preferred/categories","","PUT /preferred/categories",""
"passed","Thu Aug 13 03:03:24 UTC 2026","Thu Aug 13 03:03:25 UTC 2026","45","4. Team CRM |CRM Staging","Business Scenarios Tests","Platform Profile","Update Platform Profile","","Update Platform Profile",""
"failed","Thu Aug 13 03:06:03 UTC 2026","Thu Aug 13 03:06:22 UTC 2026","18496","1.1 Team Hummingbird - BFF | WLW app","Endpoint tests","Visitor profiler","csv get","","csv get",""
"failed","Thu Aug 13 03:06:31 UTC 2026","Thu Aug 13 03:06:31 UTC 2026","14","1.1 Team Hummingbird - BFF | WLW app","Technical Tests","search-controller","GET /public_api/search/ai/termRecommend","","GET /public_api/search/ai/termRecommend",""
"skipped","Thu Aug 13 03:03:18 UTC 2026","Thu Aug 13 03:03:18 UTC 2026","0","7. Team Pegasus | Pegasus Staging","Endpoints Tests","Shop Import & Onboarding Backend","/offers/searchCategories","","/offers/searchCategories",""
"passed","Thu Aug 13 03:06:27 UTC 2026","Thu Aug 13 03:06:27 UTC 2026","16","1.1 Team Hummingbird - BFF | WLW app","Technical Tests","purchaser-user-setting-controller","POST /userSetting [NEG] Missing Auth/API-Key","","POST /userSetting [NEG] Missing Auth/API-Key",""
"failed","Thu Aug 13 03:06:15 UTC 2026","Thu Aug 13 03:06:15 UTC 2026","14","1.1 Team Hummingbird - BFF | WLW app","Technical Tests","conversation-controller","GET /public_api/conversation/userConversations/{conversationId}/file","","GET /public_api/conversation/userConversations/{conversationId}/file",""
"failed","Thu Aug 13 03:06:27 UTC 2026","Thu Aug 13 03:06:27 UTC 2026","11","1.1 Team Hummingbird - BFF | WLW app","Technical Tests","push-notification-by-email-controller","PUT /v1/pushNotification [NEG] Missing Auth/API-Key","","PUT /v1/pushNotification [NEG] Missing Auth/API-Key",""
"skipped","Thu Aug 13 03:03:18 UTC 2026","Thu Aug 13 03:03:18 UTC 2026","0","7. Team Pegasus | Pegasus Staging","Spike | Profiles link user to company","(root)","05 GET — Profile by email","","05 GET — Profile by email",""
"passed","Thu Aug 13 03:03:23 UTC 2026","Thu Aug 13 03:03:23 UTC 2026","47","4. Team CRM |CRM Staging","Business Scenarios Tests","Lead","Smoke test for Conversion","","Smoke test for Conversion",""
"failed","Thu Aug 13 03:06:30 UTC 2026","Thu Aug 13 03:06:30 UTC 2026","11","1.1 Team Hummingbird - BFF | WLW app","Technical Tests","search-controller","GET /public_api/search","","GET /public_api/search",""
"passed","Thu Aug 13 03:04:22 UTC 2026","Thu Aug 13 03:04:22 UTC 2026","159","1 Team Hummingbird - BFF | EP app","Endpoint tests","Homepage, products","product recommendations FR","","product recommendations FR",""
"passed","Thu Aug 13 03:03:15 UTC 2026","Thu Aug 13 03:03:15 UTC 2026","50","Bamboo","Functional","","","listTopCategoriesTest","list top Categories",""
"skipped","Thu Aug 13 03:03:18 UTC 2026","Thu Aug 13 03:03:18 UTC 2026","0","7. Team Pegasus | Pegasus Staging","Endpoints Tests","Visitors","Get Visits","","Get Visits",""
"broken","Thu Aug 13 03:04:27 UTC 2026","Thu Aug 13 03:04:47 UTC 2026","20016","Dolphin","Technical","","","recallBlankQueryTest","AI Search recall: blank query and imageUrl → business failure",""
"failed","Thu Aug 13 03:06:00 UTC 2026","Thu Aug 13 03:06:01 UTC 2026","477","1.1 Team Hummingbird - BFF | WLW app","Endpoint tests","Homepage, products","trending products","","trending products",""
"failed","Thu Aug 13 03:06:05 UTC 2026","Thu Aug 13 03:06:05 UTC 2026","12","1.1 Team Hummingbird - BFF | WLW app","Technical Tests","ai-company-search-controller","GET /public_api/search/ai/company/search [NEG] Missing Auth/API-Key","","GET /public_api/search/ai/company/search [NEG] Missing Auth/API-Key",""
"failed","Thu Aug 13 03:06:29 UTC 2026","Thu Aug 13 03:06:29 UTC 2026","13","1.1 Team Hummingbird - BFF | WLW app","Technical Tests","search-controller","GET /public_api/suppliers/recommendations","","GET /public_api/suppliers/recommendations",""
"passed","Thu Aug 13 03:06:35 UTC 2026","Thu Aug 13 03:06:36 UTC 2026","37","1.1 Team Hummingbird - BFF | WLW app","Technical Tests","trending-products-controller","POST /public_api/trending/import","","POST /public_api/trending/import",""
"passed","Thu Aug 13 03:06:37 UTC 2026","Thu Aug 13 03:06:37 UTC 2026","16","1.1 Team Hummingbird - BFF | WLW app","Technical Tests","user-controller","GET /public_api/user/userInfo [NEG] Missing Auth/API-Key","","GET /public_api/user/userInfo [NEG] Missing Auth/API-Key",""
"passed","Thu Aug 13 03:06:25 UTC 2026","Thu Aug 13 03:06:25 UTC 2026","41","1.1 Team Hummingbird - BFF | WLW app","Technical Tests","purchaser-support-controller","GET /support-master-data [NEG] Forbidden Role Token","","GET /support-master-data [NEG] Forbidden Role Token",""
"failed","Thu Aug 13 03:04:19 UTC 2026","Thu Aug 13 03:04:19 UTC 2026","157","1 Team Hummingbird - BFF | EP app","Endpoint tests","Company","Company ID DE","","Company ID DE",""
"passed","Thu Aug 13 03:03:20 UTC 2026","Thu Aug 13 03:03:20 UTC 2026","45","4. Team CRM |CRM Staging","Business Scenarios Tests","Account","Trigger SAP Customer number","","Trigger SAP Customer number",""
"passed","Thu Aug 13 03:03:17 UTC 2026","Thu Aug 13 03:03:17 UTC 2026","94","4. Team CRM |CRM Staging","Business Scenarios Tests","Tasks","Verify Change","","Verify Change",""
"failed","Thu Aug 13 03:06:26 UTC 2026","Thu Aug 13 03:06:26 UTC 2026","11","1.1 Team Hummingbird - BFF | WLW app","Technical Tests","purchaser-user-setting-controller","GET /userSetting [NEG] Missing Auth/API-Key","","GET /userSetting [NEG] Missing Auth/API-Key",""
"skipped","Thu Aug 13 03:03:18 UTC 2026","Thu Aug 13 03:03:18 UTC 2026","0","7. Team Pegasus | Pegasus Staging","Endpoints Tests","Supplier Facts (CPP)","Supplier Facts","","Supplier Facts",""
"failed","Thu Aug 13 03:03:23 UTC 2026","Thu Aug 13 03:03:23 UTC 2026","46","4. Team CRM |CRM Staging","Business Scenarios Tests","Lead","Update a Lead","","Update a Lead",""
"passed","Thu Aug 13 03:11:30 UTC 2026","Thu Aug 13 03:11:31 UTC 2026","1306","Dolphin","Functional","","","productTextSearchCountryFilterTest","AI product text search recall: country filter DE",""
"passed","Thu Aug 13 03:11:45 UTC 2026","Thu Aug 13 03:11:45 UTC 2026","71","Dolphin","Technical","","","EPPCppProductRecommendTest","recommend products in CPP -- ep",""
"passed","Thu Aug 13 03:03:58 UTC 2026","Thu Aug 13 03:03:58 UTC 2026","30","2 Team Dragon - BFF | RFQ Backend","Functional Tests","(root)","GET /v1/categories - Success","","GET /v1/categories - Success",""
"failed","Thu Aug 13 03:06:31 UTC 2026","Thu Aug 13 03:06:31 UTC 2026","14","1.1 Team Hummingbird - BFF | WLW app","Technical Tests","search-controller","GET /public_api/search/autoComplete [NEG] Forbidden Role Token","","GET /public_api/search/autoComplete [NEG] Forbidden Role Token",""
"passed","Thu Aug 13 03:04:18 UTC 2026","Thu Aug 13 03:04:18 UTC 2026","34","1 Team Hummingbird - BFF | EP app","Endpoint tests","Support","Support FAQ_FR","","Support FAQ_FR",""
"passed","Thu Aug 13 03:06:20 UTC 2026","Thu Aug 13 03:06:20 UTC 2026","45","1.1 Team Hummingbird - BFF | WLW app","Technical Tests","login-controller","POST /public_api/auth/resetPassword [NEG] Forbidden Role Token","","POST /public_api/auth/resetPassword [NEG] Forbidden Role Token",""
"broken","Thu Aug 13 03:10:30 UTC 2026","Thu Aug 13 03:10:50 UTC 2026","20023","Dolphin","Technical","","","termRecommendTest","AI Search term recommend API",""
"passed","Thu Aug 13 03:03:17 UTC 2026","Thu Aug 13 03:03:17 UTC 2026","92","4. Team CRM |CRM Staging","Business Scenarios Tests","Tasks","Smoke test Create task","","Smoke test Create task",""
"passed","Thu Aug 13 03:04:17 UTC 2026","Thu Aug 13 03:04:18 UTC 2026","508","1 Team Hummingbird - BFF | EP app","Endpoint tests","Login","forgot password","","forgot password",""
"failed","Thu Aug 13 03:03:27 UTC 2026","Thu Aug 13 03:03:27 UTC 2026","75","4. Team CRM |CRM Staging","Endpoints Tests","(root)","trigger from SF Platform Profile","","trigger from SF Platform Profile",""
"failed","Thu Aug 13 03:03:22 UTC 2026","Thu Aug 13 03:03:23 UTC 2026","72","4. Team CRM |CRM Staging","Business Scenarios Tests","Lead","Lead-duplicateCheck - with dulicates","","Lead-duplicateCheck - with dulicates",""
"passed","Thu Aug 13 03:06:19 UTC 2026","Thu Aug 13 03:06:19 UTC 2026","30","1.1 Team Hummingbird - BFF | WLW app","Technical Tests","inside-business-controller","GET /public_api/inside_business [NEG] Expired Token","","GET /public_api/inside_business [NEG] Expired Token",""
"passed","Thu Aug 13 03:06:32 UTC 2026","Thu Aug 13 03:06:32 UTC 2026","39","1.1 Team Hummingbird - BFF | WLW app","Technical Tests","search-controller","GET /public_api/search/ai/tabChange","","GET /public_api/search/ai/tabChange",""
"failed","Thu Aug 13 03:06:34 UTC 2026","Thu Aug 13 03:06:34 UTC 2026","11","1.1 Team Hummingbird - BFF | WLW app","Technical Tests","supplier-visitors-controller","GET /public_api/suppliers/{supplier_id}/visits","","GET /public_api/suppliers/{supplier_id}/visits",""
"failed","Thu Aug 13 03:06:31 UTC 2026","Thu Aug 13 03:06:31 UTC 2026","12","1.1 Team Hummingbird - BFF | WLW app","Technical Tests","search-controller","GET /public_api/search/ai/termRecommend [NEG] Forbidden Role Token","","GET /public_api/search/ai/termRecommend [NEG] Forbidden Role Token",""
"failed","Thu Aug 13 03:04:19 UTC 2026","Thu Aug 13 03:04:19 UTC 2026","162","1 Team Hummingbird - BFF | EP app","Endpoint tests","Company","Company ID EN","","Company ID EN",""
"passed","Thu Aug 13 03:06:22 UTC 2026","Thu Aug 13 03:06:22 UTC 2026","43","1.1 Team Hummingbird - BFF | WLW app","Technical Tests","login-controller","POST /public_api/auth/changePassword","","POST /public_api/auth/changePassword",""
"skipped","Thu Aug 13 03:03:18 UTC 2026","Thu Aug 13 03:03:18 UTC 2026","0","7. Team Pegasus | Pegasus Staging","Business Scenarios Tests","Business Insights","Dashboard smoke flow","","Top products",""
"passed","Thu Aug 13 03:06:03 UTC 2026","Thu Aug 13 03:06:04 UTC 2026","196","1.1 Team Hummingbird - BFF | WLW app","Technical Tests","ab-test-record-controller","POST /public_api/abtest/record","","POST /public_api/abtest/record",""
"skipped","Thu Aug 13 03:03:18 UTC 2026","Thu Aug 13 03:03:18 UTC 2026","0","7. Team Pegasus | Pegasus Staging","Endpoints Tests","User & Company Context","UCL Organizations","","UCL Organizations",""
"passed","Thu Aug 13 03:05:58 UTC 2026","Thu Aug 13 03:05:58 UTC 2026","16","1.1 Team Hummingbird - BFF | WLW app","Endpoint tests","Mobile_Feedback","Feedback Subject_FR","","Feedback Subject_FR",""
"passed","Thu Aug 13 03:06:22 UTC 2026","Thu Aug 13 03:06:22 UTC 2026","14","1.1 Team Hummingbird - BFF | WLW app","Technical Tests","login-controller","POST /public_api/auth/code/resend [NEG] Missing Auth/API-Key","","POST /public_api/auth/code/resend [NEG] Missing Auth/API-Key",""
"passed","Thu Aug 13 03:03:21 UTC 2026","Thu Aug 13 03:03:21 UTC 2026","60","4. Team CRM |CRM Staging","Business Scenarios Tests","Create and edit a contact","Check Contact","","Check Contact",""
"skipped","Thu Aug 13 03:03:18 UTC 2026","Thu Aug 13 03:03:18 UTC 2026","0","7. Team Pegasus | Pegasus Staging","Endpoints Tests","Business Insights","Admin BIOPS imports","","Admin BIOPS imports",""
"failed","Thu Aug 13 03:06:13 UTC 2026","Thu Aug 13 03:06:13 UTC 2026","13","1.1 Team Hummingbird - BFF | WLW app","Technical Tests","conversation-controller","GET /public_api/conversation/userConversations/{userId}/unreadCount [NEG] Forbidden Role Token","","GET /public_api/conversation/userConversations/{userId}/unreadCount [NEG] Forbidden Role Token",""
"failed","Thu Aug 13 03:06:02 UTC 2026","Thu Aug 13 03:06:02 UTC 2026","61","1.1 Team Hummingbird - BFF | WLW app","Endpoint tests","Conversations","File","","File",""
"passed","Thu Aug 13 03:04:22 UTC 2026","Thu Aug 13 03:04:22 UTC 2026","42","1 Team Hummingbird - BFF | EP app","Endpoint tests","Homepage, products","categories/homepage","","categories/homepage",""
"passed","Thu Aug 13 03:04:21 UTC 2026","Thu Aug 13 03:04:21 UTC 2026","461","1 Team Hummingbird - BFF | EP app","Endpoint tests","Search","Product Search FR","","Product Search FR",""
"passed","Thu Aug 13 03:06:12 UTC 2026","Thu Aug 13 03:06:13 UTC 2026","40","1.1 Team Hummingbird - BFF | WLW app","Technical Tests","conversation-controller","POST /public_api/conversation/userConversations/{conversationId}/messages/file [NEG] Expired Token","","POST /public_api/conversation/userConversations/{conversationId}/messages/file [NEG] Expired Token",""
"passed","Thu Aug 13 03:03:20 UTC 2026","Thu Aug 13 03:03:20 UTC 2026","79","4. Team CRM |CRM Staging","Business Scenarios Tests","Account","Contact for Account","","Contact for Account",""
"passed","Thu Aug 13 03:05:59 UTC 2026","Thu Aug 13 03:05:59 UTC 2026","222","1.1 Team Hummingbird - BFF | WLW app","Endpoint tests","Company","branchIO dynamic link, share PDP","","branchIO dynamic link, share PDP",""
"passed","Thu Aug 13 03:06:12 UTC 2026","Thu Aug 13 03:06:12 UTC 2026","43","1.1 Team Hummingbird - BFF | WLW app","Technical Tests","conversation-controller","POST /public_api/conversation/userConversations/{conversationId}/messages/{messageId}/translate [NEG] Forbidden Role Token","","POST /public_api/conversation/userConversations/{conversationId}/messages/{messageId}/translate [NEG] Forbidden Role Token",""
"passed","Thu Aug 13 03:11:47 UTC 2026","Thu Aug 13 03:11:47 UTC 2026","209","Dolphin","Functional","","","instoreSearchTest","instore search -- cpp/pdp with sort and leaf filter",""
"passed","Thu Aug 13 03:11:46 UTC 2026","Thu Aug 13 03:11:46 UTC 2026","42","Dolphin","Technical","","","getCategoryListWlwTest","v-recommend category list -- wlw, full categories",""
"passed","Thu Aug 13 03:05:58 UTC 2026","Thu Aug 13 03:05:58 UTC 2026","16","1.1 Team Hummingbird - BFF | WLW app","Endpoint tests","Mobile_Feedback","Feedback Subject_EN","","Feedback Subject_EN",""
"failed","Thu Aug 13 03:06:08 UTC 2026","Thu Aug 13 03:06:08 UTC 2026","12","1.1 Team Hummingbird - BFF | WLW app","Technical Tests","company-controller","GET /public_api/company [SEC] Injection Probe","","GET /public_api/company [SEC] Injection Probe",""
"passed","Thu Aug 13 03:06:10 UTC 2026","Thu Aug 13 03:06:10 UTC 2026","42","1.1 Team Hummingbird - BFF | WLW app","Technical Tests","conversation-controller","PUT /public_api/conversation/userConversations/{conversationId}/decline","","PUT /public_api/conversation/userConversations/{conversationId}/decline",""
"passed","Thu Aug 13 03:03:20 UTC 2026","Thu Aug 13 03:03:20 UTC 2026","45","4. Team CRM |CRM Staging","Business Scenarios Tests","Account","Trigger SAP Customer number","","Trigger SAP Customer number",""
"passed","Thu Aug 13 03:06:09 UTC 2026","Thu Aug 13 03:06:09 UTC 2026","34","1.1 Team Hummingbird - BFF | WLW app","Technical Tests","contact-form-controller","POST /public_api/contact-form/messages [NEG] Expired Token","","POST /public_api/contact-form/messages [NEG] Expired Token",""
"passed","Thu Aug 13 03:05:57 UTC 2026","Thu Aug 13 03:05:57 UTC 2026","17","1.1 Team Hummingbird - BFF | WLW app","Endpoint tests","User settings","push-notification-by-email-controller","","push-notification-by-email-controller",""
"passed","Thu Aug 13 03:04:18 UTC 2026","Thu Aug 13 03:04:18 UTC 2026","14","1 Team Hummingbird - BFF | EP app","Endpoint tests","Support","Supportmasterdata_FR","","Supportmasterdata_FR",""
"passed","Thu Aug 13 03:06:18 UTC 2026","Thu Aug 13 03:06:18 UTC 2026","66","1.1 Team Hummingbird - BFF | WLW app","Technical Tests","feedback-controller","GET /feedback/subject [NEG] Expired Token","","GET /feedback/subject [NEG] Expired Token",""
"skipped","Thu Aug 13 03:03:18 UTC 2026","Thu Aug 13 03:03:18 UTC 2026","0","7. Team Pegasus | Pegasus Staging","Business Scenarios Tests","Visitors","Statistics visitor drill-down","","Countries",""
"passed","Thu Aug 13 03:03:20 UTC 2026","Thu Aug 13 03:03:20 UTC 2026","79","4. Team CRM |CRM Staging","Business Scenarios Tests","Account","Contact for Account","","Contact for Account",""
"passed","Thu Aug 13 03:11:46 UTC 2026","Thu Aug 13 03:11:46 UTC 2026","42","Dolphin","Functional","","","getCategoryListEpTest","v-recommend category list -- ep",""
"passed","Thu Aug 13 03:05:56 UTC 2026","Thu Aug 13 03:05:57 UTC 2026","761","1.1 Team Hummingbird - BFF | WLW app","Endpoint tests","Login","native email login","","native email login",""
"passed","Thu Aug 13 03:06:17 UTC 2026","Thu Aug 13 03:06:18 UTC 2026","50","1.1 Team Hummingbird - BFF | WLW app","Technical Tests","feedback-controller","POST /v1/feedback [NEG] Expired Token","","POST /v1/feedback [NEG] Expired Token",""
"failed","Thu Aug 13 03:06:02 UTC 2026","Thu Aug 13 03:06:02 UTC 2026","146","1.1 Team Hummingbird - BFF | WLW app","Endpoint tests","Conversations","send file message","","send file message",""
"passed","Thu Aug 13 03:06:12 UTC 2026","Thu Aug 13 03:06:12 UTC 2026","45","1.1 Team Hummingbird - BFF | WLW app","Technical Tests","conversation-controller","POST /public_api/conversation/userConversations/{conversationId}/messages/{messageId}/translate [NEG] Expired Token","","POST /public_api/conversation/userConversations/{conversationId}/messages/{messageId}/translate [NEG] Expired Token",""
"failed","Thu Aug 13 03:06:08 UTC 2026","Thu Aug 13 03:06:08 UTC 2026","14","1.1 Team Hummingbird - BFF | WLW app","Technical Tests","company-controller","GET /public_api/company [NEG] Forbidden Role Token","","GET /public_api/company [NEG] Forbidden Role Token",""
"passed","Thu Aug 13 03:04:19 UTC 2026","Thu Aug 13 03:04:19 UTC 2026","328","1 Team Hummingbird - BFF | EP app","Endpoint tests","Support","notifications list","","notifications list",""
"passed","Thu Aug 13 03:06:21 UTC 2026","Thu Aug 13 03:06:21 UTC 2026","13","1.1 Team Hummingbird - BFF | WLW app","Technical Tests","login-controller","POST /public_api/auth/registration [NEG] Missing Auth/API-Key","","POST /public_api/auth/registration [NEG] Missing Auth/API-Key",""
"broken","Thu Aug 13 03:05:27 UTC 2026","Thu Aug 13 03:05:47 UTC 2026","20023","Dolphin","Technical","","","recallLongQueryTruncationTest","AI Search recall: long query truncated, still success",""
"failed","Thu Aug 13 03:03:27 UTC 2026","Thu Aug 13 03:03:27 UTC 2026","42","4. Team CRM |CRM Staging","Endpoints Tests","(root)","trigger the Paid Media lead","","trigger the Paid Media lead",""
"failed","Thu Aug 13 03:06:33 UTC 2026","Thu Aug 13 03:06:33 UTC 2026","13","1.1 Team Hummingbird - BFF | WLW app","Technical Tests","search-controller","GET /public_api/categories/recommendations","","GET /public_api/categories/recommendations",""
"broken","Thu Aug 13 03:02:46 UTC 2026","Thu Aug 13 03:03:06 UTC 2026","20015","Dolphin","Technical","","","inferenceTest","AI Search inference API (SSE stream)",""
"skipped","Thu Aug 13 03:03:18 UTC 2026","Thu Aug 13 03:03:18 UTC 2026","0","7. Team Pegasus | Pegasus Staging","Endpoints Tests","User & Company Context","Get company data crm","","Get company data crm",""
"failed","Thu Aug 13 03:06:31 UTC 2026","Thu Aug 13 03:06:31 UTC 2026","11","1.1 Team Hummingbird - BFF | WLW app","Technical Tests","search-controller","GET /public_api/search/autoComplete [SEC] Injection Probe","","GET /public_api/search/autoComplete [SEC] Injection Probe",""
"passed","Thu Aug 13 03:11:47 UTC 2026","Thu Aug 13 03:11:47 UTC 2026","75","Dolphin","Technical","","","sameStoreProductRecommendTest","product same store recommend -- wlw",""
"failed","Thu Aug 13 03:06:01 UTC 2026","Thu Aug 13 03:06:03 UTC 2026","1582","1.1 Team Hummingbird - BFF | WLW app","Endpoint tests","Contact request","QDR request","","QDR request",""
"skipped","Thu Aug 13 03:03:17 UTC 2026","Thu Aug 13 03:03:17 UTC 2026","0","7. Team Pegasus | Pegasus Staging","Business Scenarios Tests","Business Insights","Dashboard smoke flow","","Health status",""
"failed","Thu Aug 13 03:06:06 UTC 2026","Thu Aug 13 03:06:06 UTC 2026","14","1.1 Team Hummingbird - BFF | WLW app","Technical Tests","ai-company-search-controller","GET /public_api/search/ai/company/stream/mock [SEC] Injection Probe","","GET /public_api/search/ai/company/stream/mock [SEC] Injection Probe",""
"failed","Thu Aug 13 03:06:26 UTC 2026","Thu Aug 13 03:06:26 UTC 2026","11","1.1 Team Hummingbird - BFF | WLW app","Technical Tests","purchaser-user-setting-controller","GET /userSetting [NEG] Forbidden Role Token","","GET /userSetting [NEG] Forbidden Role Token",""
"failed","Thu Aug 13 03:04:17 UTC 2026","Thu Aug 13 03:04:19 UTC 2026","1705","1 Team Hummingbird - BFF | EP app","Endpoint tests","Login","registration","","registration",""
"passed","Thu Aug 13 03:06:36 UTC 2026","Thu Aug 13 03:06:36 UTC 2026","40","1.1 Team Hummingbird - BFF | WLW app","Technical Tests","trending-products-controller","POST /public_api/trending/import [NEG] Expired Token","","POST /public_api/trending/import [NEG] Expired Token",""
"passed","Thu Aug 13 03:04:23 UTC 2026","Thu Aug 13 03:04:24 UTC 2026","1355","1 Team Hummingbird - BFF | EP app","Endpoint tests","Conversations","new message","","new message",""
"skipped","Thu Aug 13 03:03:18 UTC 2026","Thu Aug 13 03:03:18 UTC 2026","0","7. Team Pegasus | Pegasus Staging","Business Scenarios Tests","Supplier Registration","WLW - Lead create and update","","leads - Create a lead",""
"passed","Thu Aug 13 03:06:33 UTC 2026","Thu Aug 13 03:06:33 UTC 2026","43","1.1 Team Hummingbird - BFF | WLW app","Technical Tests","search-term-controller","PUT /public_api/search/notification-opened","","PUT /public_api/search/notification-opened",""
"failed","Thu Aug 13 03:06:13 UTC 2026","Thu Aug 13 03:06:13 UTC 2026","14","1.1 Team Hummingbird - BFF | WLW app","Technical Tests","conversation-controller","GET /public_api/conversation/userConversations/{userId}/unreadCount [NEG] Expired Token","","GET /public_api/conversation/userConversations/{userId}/unreadCount [NEG] Expired Token",""
"failed","Thu Aug 13 03:06:27 UTC 2026","Thu Aug 13 03:06:27 UTC 2026","11","1.1 Team Hummingbird - BFF | WLW app","Technical Tests","push-notification-by-email-controller","GET /v1/pushNotification [NEG] Expired Token","","GET /v1/pushNotification [NEG] Expired Token",""
"passed","Thu Aug 13 03:05:59 UTC 2026","Thu Aug 13 03:05:59 UTC 2026","190","1.1 Team Hummingbird - BFF | WLW app","Endpoint tests","Company","branchIO dynamic link, share CPP","","branchIO dynamic link, share CPP",""
"skipped","Thu Aug 13 03:07:26 UTC 2026","Thu Aug 13 03:07:26 UTC 2026","0","3 Team Techno - UCL","Technical Tests","SponsoredBrand","GET /unified_commercial_logic/internal_api/api/sponsored_brand_v1/ - Retrieve SponsoredBrandV1 List","","GET /unified_commercial_logic/internal_api/api/sponsored_brand_v1/ - Retrieve SponsoredBrandV1 List",""
"skipped","Thu Aug 13 03:03:18 UTC 2026","Thu Aug 13 03:03:18 UTC 2026","0","7. Team Pegasus | Pegasus Staging","Endpoints Tests","Shop Import & Onboarding Backend","/categories/suggest","","/categories/suggest",""
"passed","Thu Aug 13 03:06:11 UTC 2026","Thu Aug 13 03:06:11 UTC 2026","15","1.1 Team Hummingbird - BFF | WLW app","Technical Tests","conversation-controller","POST /public_api/conversation/userConversations/{conversationId}/messages [NEG] Missing Auth/API-Key","","POST /public_api/conversation/userConversations/{conversationId}/messages [NEG] Missing Auth/API-Key",""
"failed","Thu Aug 13 03:03:28 UTC 2026","Thu Aug 13 03:03:28 UTC 2026","73","4. Team CRM |CRM Staging","Endpoints Tests","(root)","Update Website Leads Fields with sf_id","","Update Website Leads Fields with sf_id",""
"failed","Thu Aug 13 03:06:24 UTC 2026","Thu Aug 13 03:06:24 UTC 2026","14","1.1 Team Hummingbird - BFF | WLW app","Technical Tests","product-controller","GET /public_api/companies/{supplierPublicId}/products [SEC] Injection Probe","","GET /public_api/companies/{supplierPublicId}/products [SEC] Injection Probe",""
"passed","Thu Aug 13 03:11:30 UTC 2026","Thu Aug 13 03:11:30 UTC 2026","205","Dolphin","Technical","","","productTextSearchBlankQueryTest","AI product text search recall: blank query → empty success",""
"skipped","Thu Aug 13 03:05:56 UTC 2026","Thu Aug 13 03:05:56 UTC 2026","0","1.1 Team Hummingbird - BFF | WLW app","Business Scenario Tests","(empty)","(empty)","","Business Scenario Tests - empty",""
"skipped","Thu Aug 13 03:03:18 UTC 2026","Thu Aug 13 03:03:18 UTC 2026","0","7. Team Pegasus | Pegasus Staging","Business Scenarios Tests","Supplier Facts","API register, publish, and verify in UI","","1. Create registration lead",""
"passed","Thu Aug 13 03:06:02 UTC 2026","Thu Aug 13 03:06:02 UTC 2026","95","1.1 Team Hummingbird - BFF | WLW app","Endpoint tests","Conversations","mark as read","","mark as read",""
"passed","Thu Aug 13 03:06:02 UTC 2026","Thu Aug 13 03:06:02 UTC 2026","187","1.1 Team Hummingbird - BFF | WLW app","Endpoint tests","Conversations","conversation id","","conversation id",""
"passed","Thu Aug 13 03:03:25 UTC 2026","Thu Aug 13 03:03:25 UTC 2026","59","4. Team CRM |CRM Staging","Business Scenarios Tests","Calls","Smoke test for call","","Smoke test for call",""
"failed","Thu Aug 13 03:03:27 UTC 2026","Thu Aug 13 03:03:27 UTC 2026","72","4. Team CRM |CRM Staging","Endpoints Tests","(root)","Create Note with sf id","","Create Note with sf id",""
"passed","Thu Aug 13 03:05:56 UTC 2026","Thu Aug 13 03:05:56 UTC 2026","268","1.1 Team Hummingbird - BFF | WLW app","Endpoint tests","Login","forgot password","","forgot password",""
"passed","Thu Aug 13 03:11:42 UTC 2026","Thu Aug 13 03:11:43 UTC 2026","763","Dolphin","Technical","","","productTextSearchSortTest","AI product text search recall: alternate sort",""
"passed","Thu Aug 13 03:03:58 UTC 2026","Thu Aug 13 03:03:58 UTC 2026","146","2 Team Dragon - BFF | RFQ Backend","Technical Tests","(root)","GET /v1/rfqs (list) - Compliance + Schema + Perf","","GET /v1/rfqs (list) - Compliance + Schema + Perf",""
"passed","Thu Aug 13 03:03:25 UTC 2026","Thu Aug 13 03:03:25 UTC 2026","59","4. Team CRM |CRM Staging","Business Scenarios Tests","Calls","Smoke test for call","","Smoke test for call",""
"passed","Thu Aug 13 03:06:24 UTC 2026","Thu Aug 13 03:06:25 UTC 2026","35","1.1 Team Hummingbird - BFF | WLW app","Technical Tests","purchaser-support-controller","GET /support-master-data [NEG] Expired Token","","GET /support-master-data [NEG] Expired Token",""
"passed","Thu Aug 13 03:04:17 UTC 2026","Thu Aug 13 03:04:17 UTC 2026","14","1 Team Hummingbird - BFF | EP app","Endpoint tests","User settings","push-notification-by-email-controller","","push-notification-by-email-controller",""
"passed","Thu Aug 13 03:03:19 UTC 2026","Thu Aug 13 03:03:19 UTC 2026","75","4. Team CRM |CRM Staging","Business Scenarios Tests","Account","Smoke Test Basic Account Creation","","Smoke Test Basic Account Creation",""
"passed","Thu Aug 13 03:05:57 UTC 2026","Thu Aug 13 03:05:57 UTC 2026","16","1.1 Team Hummingbird - BFF | WLW app","Endpoint tests","Support","Supportmasterdata_DE","","Supportmasterdata_DE",""
"passed","Thu Aug 13 03:03:17 UTC 2026","Thu Aug 13 03:03:18 UTC 2026","370","Arise","Functional","","","psearchProxySearch","psearchProxySearch",""
"broken","Thu Aug 13 03:08:29 UTC 2026","Thu Aug 13 03:08:49 UTC 2026","20003","Dolphin","Technical","","","recallSpecialCharQueryTest","AI Search recall: special-character query structure OK",""
"passed","Thu Aug 13 03:06:29 UTC 2026","Thu Aug 13 03:06:29 UTC 2026","41","1.1 Team Hummingbird - BFF | WLW app","Technical Tests","rfq-controller","POST /public_api/connect/purchaser/tenders/ [NEG] Forbidden Role Token","","POST /public_api/connect/purchaser/tenders/ [NEG] Forbidden Role Token",""
"skipped","Thu Aug 13 03:03:18 UTC 2026","Thu Aug 13 03:03:18 UTC 2026","0","7. Team Pegasus | Pegasus Staging","Endpoints Tests","Business Insights","Subscription","","Subscription",""
"passed","Thu Aug 13 03:06:22 UTC 2026","Thu Aug 13 03:06:22 UTC 2026","13","1.1 Team Hummingbird - BFF | WLW app","Technical Tests","login-controller","POST /public_api/auth/changePassword [NEG] Missing Auth/API-Key","","POST /public_api/auth/changePassword [NEG] Missing Auth/API-Key",""
"passed","Thu Aug 13 03:06:19 UTC 2026","Thu Aug 13 03:06:19 UTC 2026","29","1.1 Team Hummingbird - BFF | WLW app","Technical Tests","login-controller","POST /public_api/auth/sso/login [NEG] Expired Token","","POST /public_api/auth/sso/login [NEG] Expired Token",""
"passed","Thu Aug 13 03:04:22 UTC 2026","Thu Aug 13 03:04:22 UTC 2026","73","1 Team Hummingbird - BFF | EP app","Endpoint tests","Homepage, products","preferred categories","","preferred categories",""
"failed","Thu Aug 13 03:06:03 UTC 2026","Thu Aug 13 03:06:22 UTC 2026","18496","1.1 Team Hummingbird - BFF | WLW app","Endpoint tests","Visitor profiler","csv get","","csv get",""
"passed","Thu Aug 13 03:06:07 UTC 2026","Thu Aug 13 03:06:07 UTC 2026","30","1.1 Team Hummingbird - BFF | WLW app","Technical Tests","categories-controller","GET /public_api/categories/homepage [NEG] Forbidden Role Token","","GET /public_api/categories/homepage [NEG] Forbidden Role Token",""
"failed","Thu Aug 13 03:03:26 UTC 2026","Thu Aug 13 03:03:26 UTC 2026","61","4. Team CRM |CRM Staging","Endpoints Tests","(root)","update SF","","update SF",""
"skipped","Thu Aug 13 03:03:18 UTC 2026","Thu Aug 13 03:03:18 UTC 2026","0","7. Team Pegasus | Pegasus Staging","Business Scenarios Tests","Supplier Facts","API register, publish, and verify in UI","","4. Publish company (PATCH supplier-facts)",""
"passed","Thu Aug 13 03:06:11 UTC 2026","Thu Aug 13 03:06:11 UTC 2026","40","1.1 Team Hummingbird - BFF | WLW app","Technical Tests","conversation-controller","POST /public_api/conversation/userConversations/{conversationId}/messages","","POST /public_api/conversation/userConversations/{conversationId}/messages",""
"skipped","Thu Aug 13 03:03:18 UTC 2026","Thu Aug 13 03:03:18 UTC 2026","0","7. Team Pegasus | Pegasus Staging","Endpoints Tests","Supplier Registration","EP","","business_sectors - Get business sectors",""
"failed","Thu Aug 13 03:06:34 UTC 2026","Thu Aug 13 03:06:34 UTC 2026","14","1.1 Team Hummingbird - BFF | WLW app","Technical Tests","supplier-visitors-controller","GET /public_api/suppliers/{supplier_id}/visits [NEG] Missing Auth/API-Key","","GET /public_api/suppliers/{supplier_id}/visits [NEG] Missing Auth/API-Key",""
"failed","Thu Aug 13 03:03:24 UTC 2026","Thu Aug 13 03:03:24 UTC 2026","58","4. Team CRM |CRM Staging","Business Scenarios Tests","WLW Price Compaigns","WLW_Price Compaigns","","WLW_Price Compaigns",""
"failed","Thu Aug 13 03:04:24 UTC 2026","Thu Aug 13 03:04:29 UTC 2026","5319","1 Team Hummingbird - BFF | EP app","Endpoint tests","Visitor profiler","Visitor ID","","Visitor ID",""
"failed","Thu Aug 13 03:04:23 UTC 2026","Thu Aug 13 03:04:26 UTC 2026","3047","1 Team Hummingbird - BFF | EP app","Endpoint tests","Conversations","user conversations to decline request","","user conversations to decline request",""
"passed","Thu Aug 13 03:06:20 UTC 2026","Thu Aug 13 03:06:20 UTC 2026","30","1.1 Team Hummingbird - BFF | WLW app","Technical Tests","login-controller","POST /public_api/auth/sso/login [NEG] Forbidden Role Token","","POST /public_api/auth/sso/login [NEG] Forbidden Role Token",""
"passed","Thu Aug 13 03:06:23 UTC 2026","Thu Aug 13 03:06:23 UTC 2026","34","1.1 Team Hummingbird - BFF | WLW app","Technical Tests","product-controller","GET /public_api/products/{productId}","","GET /public_api/products/{productId}",""
"passed","Thu Aug 13 03:06:00 UTC 2026","Thu Aug 13 03:06:00 UTC 2026","638","1.1 Team Hummingbird - BFF | WLW app","Endpoint tests","Search","search companies, EN","","search companies, EN",""
"failed","Thu Aug 13 03:06:08 UTC 2026","Thu Aug 13 03:06:08 UTC 2026","13","1.1 Team Hummingbird - BFF | WLW app","Technical Tests","company-controller","GET /public_api/suppliers/{companyID}/listings [NEG] Missing Auth/API-Key","","GET /public_api/suppliers/{companyID}/listings [NEG] Missing Auth/API-Key",""
"failed","Thu Aug 13 03:06:30 UTC 2026","Thu Aug 13 03:06:30 UTC 2026","11","1.1 Team Hummingbird - BFF | WLW app","Technical Tests","search-controller","GET /public_api/search [NEG] Expired Token","","GET /public_api/search [NEG] Expired Token",""
"failed","Thu Aug 13 03:06:34 UTC 2026","Thu Aug 13 03:06:34 UTC 2026","12","1.1 Team Hummingbird - BFF | WLW app","Technical Tests","search-term-controller","POST /public_api/search/track [NEG] Expired Token","","POST /public_api/search/track [NEG] Expired Token",""
"skipped","Thu Aug 13 03:07:26 UTC 2026","Thu Aug 13 03:07:26 UTC 2026","0","3 Team Techno - UCL","Technical Tests","Membership","GET /unified_commercial_logic/internal_api/api/membership - Retrieve Membership List","","GET /unified_commercial_logic/internal_api/api/membership - Retrieve Membership List",""
"passed","Thu Aug 13 03:11:46 UTC 2026","Thu Aug 13 03:11:46 UTC 2026","90","Dolphin","Functional","","","getProductsByCategoryTest","popular in category -- getProductsByCategory",""
"failed","Thu Aug 13 03:03:25 UTC 2026","Thu Aug 13 03:03:25 UTC 2026","73","4. Team CRM |CRM Staging","Business Scenarios Tests","Products","Update Product","","Update Product",""
"skipped","Thu Aug 13 03:03:17 UTC 2026","Thu Aug 13 03:03:17 UTC 2026","0","4. Team CRM |CRM Staging","Endpoints Tests","Users","Custom Endpoints","","Endpoints Tests / Users / Custom Endpoints - empty",""
"skipped","Thu Aug 13 03:03:18 UTC 2026","Thu Aug 13 03:03:18 UTC 2026","0","7. Team Pegasus | Pegasus Staging","Endpoints Tests","Business Insights","User by uuid","","User by uuid",""
"failed","Thu Aug 13 03:03:29 UTC 2026","Thu Aug 13 03:03:29 UTC 2026","73","4. Team CRM |CRM Staging","Endpoints Tests","(root)","resolve individual id bulk","","resolve individual id bulk",""
"passed","Thu Aug 13 03:06:00 UTC 2026","Thu Aug 13 03:06:01 UTC 2026","317","1.1 Team Hummingbird - BFF | WLW app","Endpoint tests","RFQ","post RFQ","","post RFQ",""
"failed","Thu Aug 13 03:06:08 UTC 2026","Thu Aug 13 03:06:08 UTC 2026","14","1.1 Team Hummingbird - BFF | WLW app","Technical Tests","company-controller","GET /public_api/suppliers/{companyID}/listings [SEC] Injection Probe","","GET /public_api/suppliers/{companyID}/listings [SEC] Injection Probe",""
"failed","Thu Aug 13 03:06:16 UTC 2026","Thu Aug 13 03:06:16 UTC 2026","11","1.1 Team Hummingbird - BFF | WLW app","Technical Tests","conversation-controller","GET /public_api/conversation/userConversations/{conversationId}/file/ [SEC] Injection Probe","","GET /public_api/conversation/userConversations/{conversationId}/file/ [SEC] Injection Probe",""
"passed","Thu Aug 13 03:06:01 UTC 2026","Thu Aug 13 03:06:01 UTC 2026","92","1.1 Team Hummingbird - BFF | WLW app","Endpoint tests","Homepage, products","preferred categories","","preferred categories",""
"passed","Thu Aug 13 03:06:22 UTC 2026","Thu Aug 13 03:06:22 UTC 2026","50","1.1 Team Hummingbird - BFF | WLW app","Technical Tests","login-controller","POST /public_api/auth/changePassword [NEG] Forbidden Role Token","","POST /public_api/auth/changePassword [NEG] Forbidden Role Token",""
"passed","Thu Aug 13 03:03:21 UTC 2026","Thu Aug 13 03:03:21 UTC 2026","46","4. Team CRM |CRM Staging","Business Scenarios Tests","Create and edit a contact","Create contact","","Create contact",""
"passed","Thu Aug 13 03:06:25 UTC 2026","Thu Aug 13 03:06:25 UTC 2026","45","1.1 Team Hummingbird - BFF | WLW app","Technical Tests","purchaser-user-setting-controller","PUT /userSetting/{id} [NEG] Expired Token","","PUT /userSetting/{id} [NEG] Expired Token",""
"passed","Thu Aug 13 03:06:11 UTC 2026","Thu Aug 13 03:06:11 UTC 2026","44","1.1 Team Hummingbird - BFF | WLW app","Technical Tests","conversation-controller","POST /public_api/conversation/userConversations/{conversationId}/messages [NEG] Expired Token","","POST /public_api/conversation/userConversations/{conversationId}/messages [NEG] Expired Token",""
"skipped","Thu Aug 13 03:03:18 UTC 2026","Thu Aug 13 03:03:18 UTC 2026","0","7. Team Pegasus | Pegasus Staging","Endpoints Tests","Supplier Registration","EP","","{{supplierRegistrationBackendBaseUrlForGetRequests}}/api/business_sectors/index?lang=en&query=Biscuits",""
"passed","Thu Aug 13 03:11:46 UTC 2026","Thu Aug 13 03:11:46 UTC 2026","42","Dolphin","Functional","","","getCategoryListWlwTest","v-recommend category list -- wlw, full categories",""
"passed","Thu Aug 13 03:06:03 UTC 2026","Thu Aug 13 03:06:03 UTC 2026","325","1.1 Team Hummingbird - BFF | WLW app","Endpoint tests","Conversations","unread count","","unread count",""
"broken","Thu Aug 13 03:11:10 UTC 2026","Thu Aug 13 03:11:30 UTC 2026","20018","Dolphin","Functional","","","productInferenceTest","AI product search inference stream API",""
"failed","Thu Aug 13 03:04:24 UTC 2026","Thu Aug 13 03:04:24 UTC 2026","0","1 Team Hummingbird - BFF | EP app","Endpoint tests","Visitor profiler","download visitors csv","","download visitors csv",""
"passed","Thu Aug 13 03:03:26 UTC 2026","Thu Aug 13 03:03:26 UTC 2026","58","4. Team CRM |CRM Staging","Endpoints Tests","(root)","duplicate records","","duplicate records",""
"passed","Thu Aug 13 03:06:04 UTC 2026","Thu Aug 13 03:06:04 UTC 2026","16","1.1 Team Hummingbird - BFF | WLW app","Technical Tests","ab-test-record-controller","POST /public_api/abtest/record [NEG] Missing Auth/API-Key","","POST /public_api/abtest/record [NEG] Missing Auth/API-Key",""
"passed","Thu Aug 13 03:06:16 UTC 2026","Thu Aug 13 03:06:16 UTC 2026","17","1.1 Team Hummingbird - BFF | WLW app","Technical Tests","currency-exchange-controller","GET /exchange/fetch-rates [NEG] Missing Auth/API-Key","","GET /exchange/fetch-rates [NEG] Missing Auth/API-Key",""
"passed","Thu Aug 13 03:06:00 UTC 2026","Thu Aug 13 03:06:01 UTC 2026","517","1.1 Team Hummingbird - BFF | WLW app","Endpoint tests","Search","Product Search FR","","Product Search FR",""
"passed","Thu Aug 13 03:06:33 UTC 2026","Thu Aug 13 03:06:33 UTC 2026","33","1.1 Team Hummingbird - BFF | WLW app","Technical Tests","search-term-controller","PUT /public_api/search/notification-opened [NEG] Expired Token","","PUT /public_api/search/notification-opened [NEG] Expired Token",""
"skipped","Thu Aug 13 03:03:18 UTC 2026","Thu Aug 13 03:03:18 UTC 2026","0","7. Team Pegasus | Pegasus Staging","Endpoints Tests","User & Company Context","User Profile Storage by email","","User Profile Storage by email",""
"passed","Thu Aug 13 03:11:46 UTC 2026","Thu Aug 13 03:11:46 UTC 2026","42","Dolphin","Technical","","","getCategoryListEpTest","v-recommend category list -- ep",""
"passed","Thu Aug 13 03:03:59 UTC 2026","Thu Aug 13 03:03:59 UTC 2026","7","2 Team Dragon - BFF | RFQ Backend","Technical Tests","(root)","GET /v1/user - User Info + Roles + Negative Auth","","GET /v1/user - User Info + Roles + Negative Auth",""
"passed","Thu Aug 13 03:06:23 UTC 2026","Thu Aug 13 03:06:23 UTC 2026","44","1.1 Team Hummingbird - BFF | WLW app","Technical Tests","login-controller","DELETE /public_api/auth/sso/logout [NEG] Expired Token","","DELETE /public_api/auth/sso/logout [NEG] Expired Token",""
"skipped","Thu Aug 13 03:03:18 UTC 2026","Thu Aug 13 03:03:18 UTC 2026","0","7. Team Pegasus | Pegasus Staging","Endpoints Tests","Shop Import & Onboarding Backend","/import/status","","/import/status",""
"failed","Thu Aug 13 03:03:26 UTC 2026","Thu Aug 13 03:03:27 UTC 2026","60","4. Team CRM |CRM Staging","Endpoints Tests","(root)","get connect receipient","","get connect receipient",""
"passed","Thu Aug 13 03:06:09 UTC 2026","Thu Aug 13 03:06:09 UTC 2026","20","1.1 Team Hummingbird - BFF | WLW app","Technical Tests","conversation-controller","PUT /public_api/conversation/userConversations/{conversationId}/tag [NEG] Missing Auth/API-Key","","PUT /public_api/conversation/userConversations/{conversationId}/tag [NEG] Missing Auth/API-Key",""
"failed","Thu Aug 13 03:03:19 UTC 2026","Thu Aug 13 03:03:19 UTC 2026","79","4. Team CRM |CRM Staging","Business Scenarios Tests","Account","Update Account","","Update Account",""
"failed","Thu Aug 13 03:06:08 UTC 2026","Thu Aug 13 03:06:08 UTC 2026","13","1.1 Team Hummingbird - BFF | WLW app","Technical Tests","company-controller","GET /public_api/suppliers/{companyID}/listings [NEG] Expired Token","","GET /public_api/suppliers/{companyID}/listings [NEG] Expired Token",""
"passed","Thu Aug 13 03:06:28 UTC 2026","Thu Aug 13 03:06:28 UTC 2026","50","1.1 Team Hummingbird - BFF | WLW app","Technical Tests","rfq-controller","POST /public_api/connect/purchaser/tenders [NEG] Forbidden Role Token","","POST /public_api/connect/purchaser/tenders [NEG] Forbidden Role Token",""
"skipped","Thu Aug 13 03:03:18 UTC 2026","Thu Aug 13 03:03:18 UTC 2026","0","7. Team Pegasus | Pegasus Staging","Endpoints Tests","Shop Import & Onboarding Backend","offers/subCategories","","offers/subCategories",""
"passed","Thu Aug 13 03:06:18 UTC 2026","Thu Aug 13 03:06:18 UTC 2026","38","1.1 Team Hummingbird - BFF | WLW app","Technical Tests","feedback-controller","POST /feedback [NEG] Forbidden Role Token","","POST /feedback [NEG] Forbidden Role Token",""
"passed","Thu Aug 13 03:06:28 UTC 2026","Thu Aug 13 03:06:28 UTC 2026","38","1.1 Team Hummingbird - BFF | WLW app","Technical Tests","rfq-controller","POST /public_api/connect/purchaser/tenders/","","POST /public_api/connect/purchaser/tenders/",""
"passed","Thu Aug 13 03:04:22 UTC 2026","Thu Aug 13 03:04:24 UTC 2026","2025","1 Team Hummingbird - BFF | EP app","Endpoint tests","Conversations","user conversations","","user conversations",""
"failed","Thu Aug 13 03:06:33 UTC 2026","Thu Aug 13 03:06:33 UTC 2026","16","1.1 Team Hummingbird - BFF | WLW app","Technical Tests","search-controller","GET /public_api/categories/recommendations [NEG] Expired Token","","GET /public_api/categories/recommendations [NEG] Expired Token",""
"failed","Thu Aug 13 03:03:58 UTC 2026","Thu Aug 13 03:03:58 UTC 2026","277","2 Team Dragon - BFF | RFQ Backend","Functional Tests","(root)","POST /v1/rfqs/{rfqId}/respond - Success","","POST /v1/rfqs/{rfqId}/respond - Success",""
"failed","Thu Aug 13 03:04:24 UTC 2026","Thu Aug 13 03:04:28 UTC 2026","4104","1 Team Hummingbird - BFF | EP app","Endpoint tests","Conversations","decline QDR","","decline QDR",""
"failed","Thu Aug 13 03:06:07 UTC 2026","Thu Aug 13 03:06:07 UTC 2026","14","1.1 Team Hummingbird - BFF | WLW app","Technical Tests","categories-controller","PUT /preferred/categories [NEG] Forbidden Role Token","","PUT /preferred/categories [NEG] Forbidden Role Token",""
"skipped","Thu Aug 13 03:03:18 UTC 2026","Thu Aug 13 03:03:18 UTC 2026","0","7. Team Pegasus | Pegasus Staging","Business Scenarios Tests","Business Insights","Dashboard smoke flow","","Visitors",""
"skipped","Thu Aug 13 03:07:26 UTC 2026","Thu Aug 13 03:07:26 UTC 2026","0","3 Team Techno - UCL","Functional Tests","Endpoint Tests","membership","","get all membership for non-existing uuid",""
"failed","Thu Aug 13 03:06:15 UTC 2026","Thu Aug 13 03:06:15 UTC 2026","11","1.1 Team Hummingbird - BFF | WLW app","Technical Tests","conversation-controller","GET /public_api/conversation/userConversations/{conversationId}/file [NEG] Missing Auth/API-Key","","GET /public_api/conversation/userConversations/{conversationId}/file [NEG] Missing Auth/API-Key",""
"skipped","Thu Aug 13 03:07:26 UTC 2026","Thu Aug 13 03:07:26 UTC 2026","0","3 Team Techno - UCL","Functional Tests","Endpoint Tests","SponsoredBrand","","get SPB by id",""
"failed","Thu Aug 13 03:06:30 UTC 2026","Thu Aug 13 03:06:30 UTC 2026","13","1.1 Team Hummingbird - BFF | WLW app","Technical Tests","search-controller","GET /public_api/search/products [NEG] Missing Auth/API-Key","","GET /public_api/search/products [NEG] Missing Auth/API-Key",""
"passed","Thu Aug 13 03:06:17 UTC 2026","Thu Aug 13 03:06:17 UTC 2026","37","1.1 Team Hummingbird - BFF | WLW app","Technical Tests","euro-pages-controller","DELETE /public_api/euro-pages/auth/delete [NEG] Expired Token","","DELETE /public_api/euro-pages/auth/delete [NEG] Expired Token",""
"failed","Thu Aug 13 03:06:34 UTC 2026","Thu Aug 13 03:06:34 UTC 2026","13","1.1 Team Hummingbird - BFF | WLW app","Technical Tests","supplier-visitors-controller","GET /public_api/suppliers/{supplier_id}/visits [NEG] Forbidden Role Token","","GET /public_api/suppliers/{supplier_id}/visits [NEG] Forbidden Role Token",""
"passed","Thu Aug 13 03:05:56 UTC 2026","Thu Aug 13 03:05:57 UTC 2026","1356","1.1 Team Hummingbird - BFF | WLW app","Endpoint tests","Login","user Info","","user Info",""
"passed","Thu Aug 13 03:11:31 UTC 2026","Thu Aug 13 03:11:33 UTC 2026","1458","Dolphin","Technical","","","productTextSearchIllegalSortTest","AI product text search recall: illegal sort passthrough",""
"failed","Thu Aug 13 03:03:27 UTC 2026","Thu Aug 13 03:03:27 UTC 2026","44","4. Team CRM |CRM Staging","Endpoints Tests","(root)","resolve individual id","","resolve individual id",""
"passed","Thu Aug 13 03:06:00 UTC 2026","Thu Aug 13 03:06:01 UTC 2026","946","1.1 Team Hummingbird - BFF | WLW app","Endpoint tests","Search","Product Search EN","","Product Search EN",""
"failed","Thu Aug 13 03:03:28 UTC 2026","Thu Aug 13 03:03:28 UTC 2026","73","4. Team CRM |CRM Staging","Endpoints Tests","(root)","Update Website Leads Fields with sf_id","","Update Website Leads Fields with sf_id",""
"failed","Thu Aug 13 03:03:18 UTC 2026","Thu Aug 13 03:03:19 UTC 2026","38","4. Team CRM |CRM Staging","Business Scenarios Tests","Quote","Check Quote","","Check Quote",""
"passed","Thu Aug 13 03:03:17 UTC 2026","Thu Aug 13 03:03:17 UTC 2026","32","Arise","Functional","","","pageElementsGet","pageElementsGet",""
"passed","Thu Aug 13 03:11:47 UTC 2026","Thu Aug 13 03:11:47 UTC 2026","75","Dolphin","Functional","","","zeroResultProductRecommendTest","Recommend products in 0 result search list page v1 -- wlw",""
"failed","Thu Aug 13 03:06:05 UTC 2026","Thu Aug 13 03:06:05 UTC 2026","14","1.1 Team Hummingbird - BFF | WLW app","Technical Tests","ai-company-search-controller","GET /public_api/search/ai/company/search [SEC] Injection Probe","","GET /public_api/search/ai/company/search [SEC] Injection Probe",""
"skipped","Thu Aug 13 03:07:26 UTC 2026","Thu Aug 13 03:07:26 UTC 2026","0","3 Team Techno - UCL","Technical Tests","Organization","GET /unified_commercial_logic/internal_api/api/organization - Retrieve Organization List","","GET /unified_commercial_logic/internal_api/api/organization - Retrieve Organization List",""
"passed","Thu Aug 13 03:06:17 UTC 2026","Thu Aug 13 03:06:17 UTC 2026","42","1.1 Team Hummingbird - BFF | WLW app","Technical Tests","euro-pages-controller","PUT /public_api/euro-pages/auth/delete [NEG] Expired Token","","PUT /public_api/euro-pages/auth/delete [NEG] Expired Token",""
"skipped","Thu Aug 13 03:03:18 UTC 2026","Thu Aug 13 03:03:18 UTC 2026","0","7. Team Pegasus | Pegasus Staging","Business Scenarios Tests","Supplier Facts","Company create and update for UI","","Update company",""
"passed","Thu Aug 13 03:06:29 UTC 2026","Thu Aug 13 03:06:29 UTC 2026","49","1.1 Team Hummingbird - BFF | WLW app","Technical Tests","rfq-marketing-controller","POST /public_api/rfq-marketing/trigger [NEG] Forbidden Role Token","","POST /public_api/rfq-marketing/trigger [NEG] Forbidden Role Token",""
"passed","Thu Aug 13 03:06:22 UTC 2026","Thu Aug 13 03:06:22 UTC 2026","39","1.1 Team Hummingbird - BFF | WLW app","Technical Tests","login-controller","POST /public_api/auth/code/resend [NEG] Forbidden Role Token","","POST /public_api/auth/code/resend [NEG] Forbidden Role Token",""
"skipped","Thu Aug 13 03:03:18 UTC 2026","Thu Aug 13 03:03:18 UTC 2026","0","7. Team Pegasus | Pegasus Staging","Spike | Profiles link user to company","(root)","07 GET — Verify profile after PATCH","","07 GET — Verify profile after PATCH",""
"failed","Thu Aug 13 03:04:22 UTC 2026","Thu Aug 13 03:04:25 UTC 2026","2333","1 Team Hummingbird - BFF | EP app","Endpoint tests","Contact request","Product request","","Product request",""
"failed","Thu Aug 13 03:03:23 UTC 2026","Thu Aug 13 03:03:23 UTC 2026","51","4. Team CRM |CRM Staging","Business Scenarios Tests","Lead","Lead-duplicateCheck - without dupicates","","Lead-duplicateCheck - without dupicates",""
"failed","Thu Aug 13 03:06:30 UTC 2026","Thu Aug 13 03:06:30 UTC 2026","15","1.1 Team Hummingbird - BFF | WLW app","Technical Tests","search-controller","GET /public_api/search [NEG] Forbidden Role Token","","GET /public_api/search [NEG] Forbidden Role Token",""
"failed","Thu Aug 13 03:06:11 UTC 2026","Thu Aug 13 03:06:11 UTC 2026","12","1.1 Team Hummingbird - BFF | WLW app","Technical Tests","conversation-controller","GET /public_api/conversation/userConversations/{conversationId}/messages [NEG] Expired Token","","GET /public_api/conversation/userConversations/{conversationId}/messages [NEG] Expired Token",""
"passed","Thu Aug 13 03:06:21 UTC 2026","Thu Aug 13 03:06:22 UTC 2026","63","1.1 Team Hummingbird - BFF | WLW app","Technical Tests","login-controller","POST /public_api/auth/code/verify [NEG] Expired Token","","POST /public_api/auth/code/verify [NEG] Expired Token",""
"broken","Thu Aug 13 03:10:09 UTC 2026","Thu Aug 13 03:10:30 UTC 2026","20775","Dolphin","Functional","","","termRecommendNoMockTest","AI Search term recommend API without mock",""
"passed","Thu Aug 13 03:06:00 UTC 2026","Thu Aug 13 03:06:01 UTC 2026","485","1.1 Team Hummingbird - BFF | WLW app","Endpoint tests","Search","Product Search DE","","Product Search DE",""
"failed","Thu Aug 13 03:06:25 UTC 2026","Thu Aug 13 03:06:25 UTC 2026","12","1.1 Team Hummingbird - BFF | WLW app","Technical Tests","purchaser-support-controller","GET /support-faq [NEG] Expired Token","","GET /support-faq [NEG] Expired Token",""
"passed","Thu Aug 13 03:04:18 UTC 2026","Thu Aug 13 03:04:18 UTC 2026","23","1 Team Hummingbird - BFF | EP app","Endpoint tests","Support","FAQ Alibaba","","FAQ Alibaba",""
"passed","Thu Aug 13 03:06:25 UTC 2026","Thu Aug 13 03:06:25 UTC 2026","30","1.1 Team Hummingbird - BFF | WLW app","Technical Tests","purchaser-user-setting-controller","PUT /userSetting/{id} [NEG] Forbidden Role Token","","PUT /userSetting/{id} [NEG] Forbidden Role Token",""
"passed","Thu Aug 13 03:06:18 UTC 2026","Thu Aug 13 03:06:18 UTC 2026","15","1.1 Team Hummingbird - BFF | WLW app","Technical Tests","feedback-controller","GET /feedback/subject [NEG] Missing Auth/API-Key","","GET /feedback/subject [NEG] Missing Auth/API-Key",""
"passed","Thu Aug 13 03:11:34 UTC 2026","Thu Aug 13 03:11:36 UTC 2026","1272","Dolphin","Technical","","","productTextSearchMalformedRawQueryStructTest","AI product text search recall: malformed rawQueryStruct still success",""
"skipped","Thu Aug 13 03:03:18 UTC 2026","Thu Aug 13 03:03:18 UTC 2026","0","7. Team Pegasus | Pegasus Staging","Endpoints Tests","Business Insights","Company Overview","","Company Overview",""
"passed","Thu Aug 13 03:06:35 UTC 2026","Thu Aug 13 03:06:35 UTC 2026","37","1.1 Team Hummingbird - BFF | WLW app","Technical Tests","supplier-visitors-controller","GET /public_api/suppliers/{supplier_id}/visits/{id} [NEG] Forbidden Role Token","","GET /public_api/suppliers/{supplier_id}/visits/{id} [NEG] Forbidden Role Token",""
"passed","Thu Aug 13 03:06:26 UTC 2026","Thu Aug 13 03:06:26 UTC 2026","44","1.1 Team Hummingbird - BFF | WLW app","Technical Tests","purchaser-user-setting-controller","POST /userSetting/ [NEG] Expired Token","","POST /userSetting/ [NEG] Expired Token",""
"failed","Thu Aug 13 03:03:28 UTC 2026","Thu Aug 13 03:03:28 UTC 2026","74","4. Team CRM |CRM Staging","Endpoints Tests","(root)","Create Note with sf id Copy","","Create Note with sf id Copy",""
"failed","Thu Aug 13 03:06:27 UTC 2026","Thu Aug 13 03:06:27 UTC 2026","11","1.1 Team Hummingbird - BFF | WLW app","Technical Tests","push-notification-by-email-controller","GET /v1/pushNotification [NEG] Forbidden Role Token","","GET /v1/pushNotification [NEG] Forbidden Role Token",""
"broken","Thu Aug 13 03:04:47 UTC 2026","Thu Aug 13 03:05:07 UTC 2026","20018","Dolphin","Technical","","","recallCountryFilterTest","AI Search recall: country filter DE",""
"failed","Thu Aug 13 03:06:23 UTC 2026","Thu Aug 13 03:06:23 UTC 2026","9","1.1 Team Hummingbird - BFF | WLW app","Technical Tests","product-controller","GET /public_api/products [NEG] Forbidden Role Token","","GET /public_api/products [NEG] Forbidden Role Token",""
"passed","Thu Aug 13 03:06:36 UTC 2026","Thu Aug 13 03:06:36 UTC 2026","42","1.1 Team Hummingbird - BFF | WLW app","Technical Tests","trending-products-controller","POST /public_api/trending/import [NEG] Forbidden Role Token","","POST /public_api/trending/import [NEG] Forbidden Role Token",""
"passed","Thu Aug 13 03:11:45 UTC 2026","Thu Aug 13 03:11:46 UTC 2026","73","Dolphin","Functional","","","EPZeroResultProductRecommendTest","Recommend products in 0 result search list page v1 -- ep",""
"skipped","Thu Aug 13 03:04:17 UTC 2026","Thu Aug 13 03:04:17 UTC 2026","0","1 Team Hummingbird - BFF | EP app","Technical Tests","(empty)","(empty)","","Technical Tests - empty",""
"passed","Thu Aug 13 03:06:19 UTC 2026","Thu Aug 13 03:06:19 UTC 2026","35","1.1 Team Hummingbird - BFF | WLW app","Technical Tests","help-and-support-controller","POST /help [NEG] Forbidden Role Token","","POST /help [NEG] Forbidden Role Token",""
"passed","Thu Aug 13 03:06:29 UTC 2026","Thu Aug 13 03:06:29 UTC 2026","18","1.1 Team Hummingbird - BFF | WLW app","Technical Tests","rfq-marketing-controller","POST /public_api/rfq-marketing/trigger [NEG] Missing Auth/API-Key","","POST /public_api/rfq-marketing/trigger [NEG] Missing Auth/API-Key",""
"passed","Thu Aug 13 03:06:37 UTC 2026","Thu Aug 13 03:06:37 UTC 2026","39","1.1 Team Hummingbird - BFF | WLW app","Technical Tests","user-controller","GET /public_api/user/userInfo [NEG] Expired Token","","GET /public_api/user/userInfo [NEG] Expired Token",""
"passed","Thu Aug 13 03:04:18 UTC 2026","Thu Aug 13 03:04:18 UTC 2026","133","1 Team Hummingbird - BFF | EP app","Endpoint tests","User settings","user setting","","user setting",""
"failed","Thu Aug 13 03:03:28 UTC 2026","Thu Aug 13 03:03:28 UTC 2026","74","4. Team CRM |CRM Staging","Endpoints Tests","(root)","Create Note with sf id Copy","","Create Note with sf id Copy",""
"broken","Thu Aug 13 03:08:08 UTC 2026","Thu Aug 13 03:08:29 UTC 2026","20987","Dolphin","Functional","","","recallSingleFilterTest","AI Search recall: single filter (verified=true)",""
"skipped","Thu Aug 13 03:03:18 UTC 2026","Thu Aug 13 03:03:18 UTC 2026","0","7. Team Pegasus | Pegasus Staging","Endpoints Tests","Visitors","Elixir (supplier-app)","","Visitor details",""
"skipped","Thu Aug 13 03:07:26 UTC 2026","Thu Aug 13 03:07:26 UTC 2026","0","3 Team Techno - UCL","Technical Tests","Membership","GET /unified_commercial_logic/internal_api/api/membership/platform-profile-status/{sfuuid} - getStatus By SFUUID","","GET /unified_commercial_logic/internal_api/api/membership/platform-profile-status/{sfuuid} - getStatus By SFUUID",""
"broken","Thu Aug 13 03:05:07 UTC 2026","Thu Aug 13 03:05:27 UTC 2026","20015","Dolphin","Technical","","","recallIllegalSortPassthroughTest","AI Search recall: illegal sort passthrough (no param fail)",""
"passed","Thu Aug 13 03:04:18 UTC 2026","Thu Aug 13 03:04:18 UTC 2026","745","1 Team Hummingbird - BFF | EP app","Endpoint tests","User settings","user setting","","user setting",""
"passed","Thu Aug 13 03:06:32 UTC 2026","Thu Aug 13 03:06:32 UTC 2026","40","1.1 Team Hummingbird - BFF | WLW app","Technical Tests","search-controller","GET /public_api/search/ai/tabChange [SEC] Injection Probe","","GET /public_api/search/ai/tabChange [SEC] Injection Probe",""
"passed","Thu Aug 13 03:03:20 UTC 2026","Thu Aug 13 03:03:20 UTC 2026","62","4. Team CRM |CRM Staging","Business Scenarios Tests","Account","Smoke Test Create Account with All Fields","","Smoke Test Create Account with All Fields",""
"passed","Thu Aug 13 03:06:07 UTC 2026","Thu Aug 13 03:06:07 UTC 2026","36","1.1 Team Hummingbird - BFF | WLW app","Technical Tests","categories-controller","PUT /preferred/categories [SEC] Injection Probe","","PUT /preferred/categories [SEC] Injection Probe",""
"failed","Thu Aug 13 03:03:29 UTC 2026","Thu Aug 13 03:03:29 UTC 2026","59","4. Team CRM |CRM Staging","Endpoints Tests","(root)","get company data via SF id","","get company data via SF id",""
"passed","Thu Aug 13 03:04:22 UTC 2026","Thu Aug 13 03:04:22 UTC 2026","141","1 Team Hummingbird - BFF | EP app","Endpoint tests","Homepage, products","product recommendations DE","","product recommendations DE",""
"passed","Thu Aug 13 03:04:20 UTC 2026","Thu Aug 13 03:04:20 UTC 2026","363","1 Team Hummingbird - BFF | EP app","Endpoint tests","Company","Companies / products FR","","Companies / products FR",""
"passed","Thu Aug 13 03:05:56 UTC 2026","Thu Aug 13 03:05:57 UTC 2026","628","1.1 Team Hummingbird - BFF | WLW app","Endpoint tests","Login","registration","","registration",""
"broken","Thu Aug 13 03:08:08 UTC 2026","Thu Aug 13 03:08:29 UTC 2026","20987","Dolphin","Technical","","","recallSingleFilterTest","AI Search recall: single filter (verified=true)",""
"failed","Thu Aug 13 03:03:23 UTC 2026","Thu Aug 13 03:03:23 UTC 2026","51","4. Team CRM |CRM Staging","Business Scenarios Tests","Lead","Lead-duplicateCheck - without dupicates","","Lead-duplicateCheck - without dupicates",""
"passed","Thu Aug 13 03:03:18 UTC 2026","Thu Aug 13 03:03:18 UTC 2026","84","4. Team CRM |CRM Staging","Business Scenarios Tests","Contacts","Edit Contact","","Edit Contact",""
"passed","Thu Aug 13 03:04:19 UTC 2026","Thu Aug 13 03:04:19 UTC 2026","14","1 Team Hummingbird - BFF | EP app","Endpoint tests","Mobile_Feedback","Feedback Subject_FR","","Feedback Subject_FR",""
"passed","Thu Aug 13 03:06:21 UTC 2026","Thu Aug 13 03:06:21 UTC 2026","36","1.1 Team Hummingbird - BFF | WLW app","Technical Tests","login-controller","POST /public_api/auth/password/login [NEG] Expired Token","","POST /public_api/auth/password/login [NEG] Expired Token",""
"failed","Thu Aug 13 03:06:15 UTC 2026","Thu Aug 13 03:06:15 UTC 2026","14","1.1 Team Hummingbird - BFF | WLW app","Technical Tests","conversation-controller","GET /public_api/conversation/userConversations/{conversationId}/file [SEC] Injection Probe","","GET /public_api/conversation/userConversations/{conversationId}/file [SEC] Injection Probe",""
"passed","Thu Aug 13 03:03:29 UTC 2026","Thu Aug 13 03:03:29 UTC 2026","44","4. Team CRM |CRM Staging","Endpoints Tests","(root)","get company data via CRM id","","get company data via CRM id",""
"skipped","Thu Aug 13 03:03:18 UTC 2026","Thu Aug 13 03:03:18 UTC 2026","0","7. Team Pegasus | Pegasus Staging","Endpoints Tests","Business Insights","Scoring by uuid","","Scoring by uuid",""
"passed","Thu Aug 13 03:06:32 UTC 2026","Thu Aug 13 03:06:32 UTC 2026","15","1.1 Team Hummingbird - BFF | WLW app","Technical Tests","search-controller","GET /public_api/search/ai/tabChange [NEG] Missing Auth/API-Key","","GET /public_api/search/ai/tabChange [NEG] Missing Auth/API-Key",""
"failed","Thu Aug 13 03:03:18 UTC 2026","Thu Aug 13 03:03:18 UTC 2026","38","4. Team CRM |CRM Staging","Business Scenarios Tests","Quote","Check Quote","","Check Quote",""
"failed","Thu Aug 13 03:06:27 UTC 2026","Thu Aug 13 03:06:27 UTC 2026","14","1.1 Team Hummingbird - BFF | WLW app","Technical Tests","push-notification-by-email-controller","PUT /v1/pushNotification","","PUT /v1/pushNotification",""
"passed","Thu Aug 13 03:11:46 UTC 2026","Thu Aug 13 03:11:47 UTC 2026","83","Dolphin","Technical","","","homepageProductRecommendTest","homepage product recommend -- wlw",""
"failed","Thu Aug 13 03:06:23 UTC 2026","Thu Aug 13 03:06:23 UTC 2026","13","1.1 Team Hummingbird - BFF | WLW app","Technical Tests","product-controller","GET /public_api/products [NEG] Expired Token","","GET /public_api/products [NEG] Expired Token",""
"skipped","Thu Aug 13 03:07:26 UTC 2026","Thu Aug 13 03:07:26 UTC 2026","0","3 Team Techno - UCL","Functional Tests","Endpoint Tests","membership","","get all active membership for uuid not platform specific",""
"passed","Thu Aug 13 03:06:16 UTC 2026","Thu Aug 13 03:06:16 UTC 2026","15","1.1 Team Hummingbird - BFF | WLW app","Technical Tests","dynamic-links-controller","POST /public_api/branchio/dynamiclink [NEG] Missing Auth/API-Key","","POST /public_api/branchio/dynamiclink [NEG] Missing Auth/API-Key",""
"passed","Thu Aug 13 03:06:18 UTC 2026","Thu Aug 13 03:06:18 UTC 2026","45","1.1 Team Hummingbird - BFF | WLW app","Technical Tests","feedback-controller","POST /v1/feedback [NEG] Forbidden Role Token","","POST /v1/feedback [NEG] Forbidden Role Token",""
"passed","Thu Aug 13 03:03:25 UTC 2026","Thu Aug 13 03:03:25 UTC 2026","75","4. Team CRM |CRM Staging","Business Scenarios Tests","Platform Profile","Smoke Test Create Platform Profile","","Smoke Test Create Platform Profile",""
"passed","Thu Aug 13 03:11:44 UTC 2026","Thu Aug 13 03:11:44 UTC 2026","727","Dolphin","Functional","","","productTextSearchTest","AI product text search recall API",""
"passed","Thu Aug 13 03:06:17 UTC 2026","Thu Aug 13 03:06:17 UTC 2026","43","1.1 Team Hummingbird - BFF | WLW app","Technical Tests","feedback-controller","POST /v1/feedback","","POST /v1/feedback",""
"failed","Thu Aug 13 03:06:14 UTC 2026","Thu Aug 13 03:06:14 UTC 2026","13","1.1 Team Hummingbird - BFF | WLW app","Technical Tests","conversation-controller","GET /public_api/conversation/userConversations/{userId}/unreadCount/ [NEG] Missing Auth/API-Key","","GET /public_api/conversation/userConversations/{userId}/unreadCount/ [NEG] Missing Auth/API-Key",""
"failed","Thu Aug 13 03:03:18 UTC 2026","Thu Aug 13 03:03:18 UTC 2026","25","Arise","Technical","","","skwdAll","skwdAll",""
"failed","Thu Aug 13 03:06:35 UTC 2026","Thu Aug 13 03:06:35 UTC 2026","11","1.1 Team Hummingbird - BFF | WLW app","Technical Tests","supplier-visitors-controller","GET /public_api/suppliers/{supplier_id}/visits/csv [NEG] Expired Token","","GET /public_api/suppliers/{supplier_id}/visits/csv [NEG] Expired Token",""
"passed","Thu Aug 13 03:06:21 UTC 2026","Thu Aug 13 03:06:21 UTC 2026","13","1.1 Team Hummingbird - BFF | WLW app","Technical Tests","login-controller","POST /public_api/auth/password/login [NEG] Missing Auth/API-Key","","POST /public_api/auth/password/login [NEG] Missing Auth/API-Key",""
"passed","Thu Aug 13 03:03:18 UTC 2026","Thu Aug 13 03:03:18 UTC 2026","84","4. Team CRM |CRM Staging","Business Scenarios Tests","Contacts","Edit Contact","","Edit Contact",""
"broken","Thu Aug 13 03:09:29 UTC 2026","Thu Aug 13 03:09:49 UTC 2026","20017","Dolphin","Technical","","","recallWhitespaceQueryTest","AI Search recall: whitespace-only query → business failure",""
"passed","Thu Aug 13 03:06:26 UTC 2026","Thu Aug 13 03:06:26 UTC 2026","15","1.1 Team Hummingbird - BFF | WLW app","Technical Tests","purchaser-user-setting-controller","POST /userSetting/ [NEG] Missing Auth/API-Key","","POST /userSetting/ [NEG] Missing Auth/API-Key",""
"passed","Thu Aug 13 03:03:25 UTC 2026","Thu Aug 13 03:03:25 UTC 2026","72","4. Team CRM |CRM Staging","Business Scenarios Tests","Meetings","Smoke Test for Meeting","","Smoke Test for Meeting",""
"failed","Thu Aug 13 03:04:23 UTC 2026","Thu Aug 13 03:04:23 UTC 2026","43","1 Team Hummingbird - BFF | EP app","Endpoint tests","Conversations","mark as read","","mark as read",""
"failed","Thu Aug 13 03:03:23 UTC 2026","Thu Aug 13 03:03:23 UTC 2026","40","4. Team CRM |CRM Staging","Business Scenarios Tests","Lead","Create a  lead","","Create a  lead",""
"skipped","Thu Aug 13 03:03:17 UTC 2026","Thu Aug 13 03:03:17 UTC 2026","0","4. Team CRM |CRM Staging","Technical Tests","(empty)","(empty)","","Technical Tests - empty",""
"passed","Thu Aug 13 03:04:00 UTC 2026","Thu Aug 13 03:04:00 UTC 2026","31","2 Team Dragon - BFF | RFQ Backend","Business Scenario Tests","(root)","RFQ_details","","RFQ_details",""
"passed","Thu Aug 13 03:03:20 UTC 2026","Thu Aug 13 03:03:20 UTC 2026","78","4. Team CRM |CRM Staging","Business Scenarios Tests","Account","Account for Contact","","Account for Contact",""
"failed","Thu Aug 13 03:06:14 UTC 2026","Thu Aug 13 03:06:14 UTC 2026","13","1.1 Team Hummingbird - BFF | WLW app","Technical Tests","conversation-controller","GET /public_api/conversation/userConversations/{userId}/unreadCount/ [NEG] Expired Token","","GET /public_api/conversation/userConversations/{userId}/unreadCount/ [NEG] Expired Token",""
"failed","Thu Aug 13 03:06:05 UTC 2026","Thu Aug 13 03:06:05 UTC 2026","12","1.1 Team Hummingbird - BFF | WLW app","Technical Tests","ai-company-search-controller","GET /public_api/search/ai/company/search [NEG] Expired Token","","GET /public_api/search/ai/company/search [NEG] Expired Token",""
"passed","Thu Aug 13 03:03:17 UTC 2026","Thu Aug 13 03:03:17 UTC 2026","564","Arise","Functional","","","getAllElementsByUrlTest","getAllElementsByUrlTest",""
"failed","Thu Aug 13 03:06:11 UTC 2026","Thu Aug 13 03:06:11 UTC 2026","11","1.1 Team Hummingbird - BFF | WLW app","Technical Tests","conversation-controller","GET /public_api/conversation/userConversations/{conversationId}/messages [NEG] Missing Auth/API-Key","","GET /public_api/conversation/userConversations/{conversationId}/messages [NEG] Missing Auth/API-Key",""
"broken","Thu Aug 13 03:06:28 UTC 2026","Thu Aug 13 03:06:48 UTC 2026","20023","Dolphin","Technical","","","recallPageSizeOverMaxTest","AI Search recall: pageSize over max capped",""
"passed","Thu Aug 13 03:06:37 UTC 2026","Thu Aug 13 03:06:37 UTC 2026","42","1.1 Team Hummingbird - BFF | WLW app","Technical Tests","user-controller","GET /public_api/user/userInfo","","GET /public_api/user/userInfo",""
"broken","Thu Aug 13 03:07:28 UTC 2026","Thu Aug 13 03:07:48 UTC 2026","20022","Dolphin","Functional","","","recallPaidSupplierFilterTest","AI Search recall: paid supplier filter (verified=true)",""
"failed","Thu Aug 13 03:06:25 UTC 2026","Thu Aug 13 03:06:25 UTC 2026","13","1.1 Team Hummingbird - BFF | WLW app","Technical Tests","purchaser-support-controller","GET /support-faq [NEG] Forbidden Role Token","","GET /support-faq [NEG] Forbidden Role Token",""
"failed","Thu Aug 13 03:05:59 UTC 2026","Thu Aug 13 03:05:59 UTC 2026","77","1.1 Team Hummingbird - BFF | WLW app","Endpoint tests","Company","Companies / products DE","","Companies / products DE",""
"passed","Thu Aug 13 03:05:59 UTC 2026","Thu Aug 13 03:05:59 UTC 2026","77","1.1 Team Hummingbird - BFF | WLW app","Endpoint tests","Company","Companies / products FR","","Companies / products FR",""
"passed","Thu Aug 13 03:04:21 UTC 2026","Thu Aug 13 03:04:21 UTC 2026","492","1 Team Hummingbird - BFF | EP app","Endpoint tests","Search","Product Search DE","","Product Search DE",""
"passed","Thu Aug 13 03:06:20 UTC 2026","Thu Aug 13 03:06:20 UTC 2026","38","1.1 Team Hummingbird - BFF | WLW app","Technical Tests","login-controller","POST /public_api/auth/resetPassword [NEG] Expired Token","","POST /public_api/auth/resetPassword [NEG] Expired Token",""
"skipped","Thu Aug 13 03:07:26 UTC 2026","Thu Aug 13 03:07:26 UTC 2026","0","3 Team Techno - UCL","Technical Tests","GoogleAd","GET /unified_commercial_logic/internal_api/api/google_ad - Retrieve GoogleAd List","","GET /unified_commercial_logic/internal_api/api/google_ad - Retrieve GoogleAd List",""
"passed","Thu Aug 13 03:06:28 UTC 2026","Thu Aug 13 03:06:28 UTC 2026","53","1.1 Team Hummingbird - BFF | WLW app","Technical Tests","rfq-controller","POST /public_api/connect/purchaser/tenders [NEG] Expired Token","","POST /public_api/connect/purchaser/tenders [NEG] Expired Token",""
"broken","Thu Aug 13 03:09:49 UTC 2026","Thu Aug 13 03:10:09 UTC 2026","20022","Dolphin","Technical","","","termRecommendBlankLanguageTest","AI Search term recommend: blank language → business failure",""
"skipped","Thu Aug 13 03:03:18 UTC 2026","Thu Aug 13 03:03:18 UTC 2026","0","7. Team Pegasus | Pegasus Staging","Spike | Profiles link user to company","(root)","09 MANUAL — my-account supplier page (browser)","","09 MANUAL — my-account supplier page (browser)",""
"skipped","Thu Aug 13 03:03:18 UTC 2026","Thu Aug 13 03:03:18 UTC 2026","0","7. Team Pegasus | Pegasus Staging","Business Scenarios Tests","Supplier Facts","Company create and update for UI","","Create company",""
"failed","Thu Aug 13 03:06:01 UTC 2026","Thu Aug 13 03:06:03 UTC 2026","2166","1.1 Team Hummingbird - BFF | WLW app","Endpoint tests","Contact request","Other request","","Other request",""
"failed","Thu Aug 13 03:06:14 UTC 2026","Thu Aug 13 03:06:14 UTC 2026","12","1.1 Team Hummingbird - BFF | WLW app","Technical Tests","conversation-controller","GET /public_api/conversation/userConversations/{conversationId} [NEG] Forbidden Role Token","","GET /public_api/conversation/userConversations/{conversationId} [NEG] Forbidden Role Token",""
"passed","Thu Aug 13 03:06:16 UTC 2026","Thu Aug 13 03:06:17 UTC 2026","40","1.1 Team Hummingbird - BFF | WLW app","Technical Tests","euro-pages-controller","PUT /public_api/euro-pages/auth/delete","","PUT /public_api/euro-pages/auth/delete",""
"failed","Thu Aug 13 03:04:24 UTC 2026","Thu Aug 13 03:04:42 UTC 2026","18442","1 Team Hummingbird - BFF | EP app","Endpoint tests","Visitor profiler","csv get","","csv get",""
"passed","Thu Aug 13 03:11:41 UTC 2026","Thu Aug 13 03:11:42 UTC 2026","1200","Dolphin","Functional","","","productTextSearchSecondPageTest","AI product text search recall: pagination page 2",""
"passed","Thu Aug 13 03:06:04 UTC 2026","Thu Aug 13 03:06:04 UTC 2026","43","1.1 Team Hummingbird - BFF | WLW app","Technical Tests","ai-company-search-controller","POST /public_api/search/ai/supplier/recall","","POST /public_api/search/ai/supplier/recall",""
"skipped","Thu Aug 13 03:03:18 UTC 2026","Thu Aug 13 03:03:18 UTC 2026","0","7. Team Pegasus | Pegasus Staging","Spike | Profiles link user to company","(root)","04 OAuth — User Storage token","","04 OAuth — User Storage token",""
"failed","Thu Aug 13 03:03:18 UTC 2026","Thu Aug 13 03:03:18 UTC 2026","110","4. Team CRM |CRM Staging","Business Scenarios Tests","Contacts","Create Contact","","Create Contact",""
"failed","Thu Aug 13 03:03:58 UTC 2026","Thu Aug 13 03:03:58 UTC 2026","58","2 Team Dragon - BFF | RFQ Backend","Functional Tests","(root)","GET /v1/rfqs/attachments/{attachmentId} - Download","","GET /v1/rfqs/attachments/{attachmentId} - Download",""
"passed","Thu Aug 13 03:06:21 UTC 2026","Thu Aug 13 03:06:21 UTC 2026","41","1.1 Team Hummingbird - BFF | WLW app","Technical Tests","login-controller","POST /public_api/auth/password/login [NEG] Forbidden Role Token","","POST /public_api/auth/password/login [NEG] Forbidden Role Token",""
"passed","Thu Aug 13 03:06:30 UTC 2026","Thu Aug 13 03:06:30 UTC 2026","35","1.1 Team Hummingbird - BFF | WLW app","Technical Tests","search-controller","GET /public_api/search [SEC] Injection Probe","","GET /public_api/search [SEC] Injection Probe",""
"broken","Thu Aug 13 03:04:07 UTC 2026","Thu Aug 13 03:04:27 UTC 2026","20464","Dolphin","Technical","","","recallAlternateSortTest","AI Search recall: alternate sort (order_num_desc)",""
"passed","Thu Aug 13 03:06:32 UTC 2026","Thu Aug 13 03:06:32 UTC 2026","33","1.1 Team Hummingbird - BFF | WLW app","Technical Tests","search-controller","GET /public_api/search/ai/tabChange [NEG] Forbidden Role Token","","GET /public_api/search/ai/tabChange [NEG] Forbidden Role Token",""
"failed","Thu Aug 13 03:03:19 UTC 2026","Thu Aug 13 03:03:19 UTC 2026","113","4. Team CRM |CRM Staging","Business Scenarios Tests","Account","Dunning level 1","","Dunning level 1",""
"skipped","Thu Aug 13 03:03:18 UTC 2026","Thu Aug 13 03:03:18 UTC 2026","0","7. Team Pegasus | Pegasus Staging","Endpoints Tests","Supplier Registration","EP","","leads/get - Get a lead",""
"failed","Thu Aug 13 03:04:23 UTC 2026","Thu Aug 13 03:04:23 UTC 2026","126","1 Team Hummingbird - BFF | EP app","Endpoint tests","Conversations","send file message","","send file message",""
"passed","Thu Aug 13 03:06:21 UTC 2026","Thu Aug 13 03:06:21 UTC 2026","50","1.1 Team Hummingbird - BFF | WLW app","Technical Tests","login-controller","POST /public_api/auth/code/verify","","POST /public_api/auth/code/verify",""
"skipped","Thu Aug 13 03:03:18 UTC 2026","Thu Aug 13 03:03:18 UTC 2026","0","7. Team Pegasus | Pegasus Staging","Business Scenarios Tests","Visitors","Statistics visitor drill-down","","CSV status",""
"passed","Thu Aug 13 03:06:07 UTC 2026","Thu Aug 13 03:06:07 UTC 2026","31","1.1 Team Hummingbird - BFF | WLW app","Technical Tests","categories-controller","GET /public_api/categories/homepage","","GET /public_api/categories/homepage",""
"passed","Thu Aug 13 03:03:25 UTC 2026","Thu Aug 13 03:03:25 UTC 2026","72","4. Team CRM |CRM Staging","Business Scenarios Tests","Meetings","Smoke Test for Meeting","","Smoke Test for Meeting",""
"failed","Thu Aug 13 03:03:21 UTC 2026","Thu Aug 13 03:03:21 UTC 2026","61","4. Team CRM |CRM Staging","Business Scenarios Tests","Account","Create Account","","Create Account",""
