"Status","Start Time","Stop Time","Duration in ms","Parent Suite","Suite","Sub Suite","Test Class","Test Method","Name","Description"
"passed","Mon Jul 27 05:43:05 UTC 2026","Mon Jul 27 05:43:05 UTC 2026","15","2 Team Dragon - BFF | RFQ Backend","Technical Tests","(root)","GET /v1/categories - CPV list (schema + contract)","","GET /v1/categories - CPV list (schema + contract)",""
"broken","Mon Jul 27 05:45:59 UTC 2026","Mon Jul 27 05:46:19 UTC 2026","20023","Dolphin","Technical","","","recallCountryFilterTest","AI Search recall: country filter DE",""
"passed","Mon Jul 27 05:52:53 UTC 2026","Mon Jul 27 05:52:53 UTC 2026","73","Dolphin","Functional","","","homepageProductRecommendTest","homepage product recommend -- wlw",""
"failed","Mon Jul 27 05:45:12 UTC 2026","Mon Jul 27 05:45:12 UTC 2026","9","1.1 Team Hummingbird - BFF | WLW app","Technical Tests","conversation-controller","GET /public_api/conversation/userConversations","","GET /public_api/conversation/userConversations",""
"passed","Mon Jul 27 05:45:24 UTC 2026","Mon Jul 27 05:45:24 UTC 2026","33","1.1 Team Hummingbird - BFF | WLW app","Technical Tests","purchaser-support-controller","GET /support-master-data","","GET /support-master-data",""
"failed","Mon Jul 27 05:45:31 UTC 2026","Mon Jul 27 05:45:31 UTC 2026","10","1.1 Team Hummingbird - BFF | WLW app","Technical Tests","search-controller","GET /public_api/search/ai/termRecommend [NEG] Missing Auth/API-Key","","GET /public_api/search/ai/termRecommend [NEG] Missing Auth/API-Key",""
"failed","Mon Jul 27 05:45:23 UTC 2026","Mon Jul 27 05:45:23 UTC 2026","10","1.1 Team Hummingbird - BFF | WLW app","Technical Tests","product-controller","GET /public_api/products [SEC] Injection Probe","","GET /public_api/products [SEC] Injection Probe",""
"failed","Mon Jul 27 05:45:08 UTC 2026","Mon Jul 27 05:45:08 UTC 2026","9","1.1 Team Hummingbird - BFF | WLW app","Technical Tests","company-controller","GET /public_api/company [NEG] Missing Auth/API-Key","","GET /public_api/company [NEG] Missing Auth/API-Key",""
"failed","Mon Jul 27 05:45:32 UTC 2026","Mon Jul 27 05:45:32 UTC 2026","10","1.1 Team Hummingbird - BFF | WLW app","Technical Tests","search-controller","GET /public_api/products/recommendations [NEG] Missing Auth/API-Key","","GET /public_api/products/recommendations [NEG] Missing Auth/API-Key",""
"passed","Mon Jul 27 05:44:04 UTC 2026","Mon Jul 27 05:44:04 UTC 2026","187","Arise","Technical","","","skwd","skwd",""
"passed","Mon Jul 27 05:45:25 UTC 2026","Mon Jul 27 05:45:25 UTC 2026","32","1.1 Team Hummingbird - BFF | WLW app","Technical Tests","purchaser-user-setting-controller","PUT /userSetting/{id} [NEG] Forbidden Role Token","","PUT /userSetting/{id} [NEG] Forbidden Role Token",""
"passed","Mon Jul 27 05:45:06 UTC 2026","Mon Jul 27 05:45:06 UTC 2026","96","4. Team CRM |CRM Staging","Endpoints Tests","(root)","get company data via SF id","","get company data via SF id",""
"passed","Mon Jul 27 05:44:58 UTC 2026","Mon Jul 27 05:44:59 UTC 2026","293","4. Team CRM |CRM Staging","Business Scenarios Tests","Disable Hubspot","Check hubspot is false","","Check hubspot is false",""
"failed","Mon Jul 27 05:45:32 UTC 2026","Mon Jul 27 05:45:32 UTC 2026","13","1.1 Team Hummingbird - BFF | WLW app","Technical Tests","search-controller","GET /public_api/categories/recommendations [NEG] Missing Auth/API-Key","","GET /public_api/categories/recommendations [NEG] Missing Auth/API-Key",""
"failed","Mon Jul 27 05:45:29 UTC 2026","Mon Jul 27 05:45:29 UTC 2026","11","1.1 Team Hummingbird - BFF | WLW app","Technical Tests","search-controller","GET /public_api/search [NEG] Missing Auth/API-Key","","GET /public_api/search [NEG] Missing Auth/API-Key",""
"passed","Mon Jul 27 05:45:02 UTC 2026","Mon Jul 27 05:45:03 UTC 2026","625","4. Team CRM |CRM Staging","Business Scenarios Tests","Meetings","Smoke Test for Meeting","","Smoke Test for Meeting",""
"failed","Mon Jul 27 05:45:09 UTC 2026","Mon Jul 27 05:45:09 UTC 2026","12","1.1 Team Hummingbird - BFF | WLW app","Technical Tests","conversation-controller","PUT /public_api/conversation/userConversations/{conversationId}/messages/markAsRead [NEG] Missing Auth/API-Key","","PUT /public_api/conversation/userConversations/{conversationId}/messages/markAsRead [NEG] Missing Auth/API-Key",""
"failed","Mon Jul 27 05:52:53 UTC 2026","Mon Jul 27 05:52:53 UTC 2026","45","Dolphin","Functional","","","sameStoreProductRecommendTest","product same store recommend -- wlw",""
"passed","Mon Jul 27 05:45:04 UTC 2026","Mon Jul 27 05:45:04 UTC 2026","35","1.1 Team Hummingbird - BFF | WLW app","Technical Tests","ai-company-search-controller","POST /public_api/search/ai/supplier/recall [NEG] Forbidden Role Token","","POST /public_api/search/ai/supplier/recall [NEG] Forbidden Role Token",""
"passed","Mon Jul 27 05:44:04 UTC 2026","Mon Jul 27 05:44:04 UTC 2026","20","1 Team Hummingbird - BFF | EP app","Endpoint tests","Support","Supportmasterdata_FR","","Supportmasterdata_FR",""
"passed","Mon Jul 27 05:45:16 UTC 2026","Mon Jul 27 05:45:16 UTC 2026","33","1.1 Team Hummingbird - BFF | WLW app","Technical Tests","euro-pages-controller","PUT /public_api/euro-pages/auth/delete","","PUT /public_api/euro-pages/auth/delete",""
"passed","Mon Jul 27 05:45:06 UTC 2026","Mon Jul 27 05:45:06 UTC 2026","96","4. Team CRM |CRM Staging","Endpoints Tests","(root)","get company data via SF id","","get company data via SF id",""
"passed","Mon Jul 27 05:45:11 UTC 2026","Mon Jul 27 05:45:11 UTC 2026","39","1.1 Team Hummingbird - BFF | WLW app","Technical Tests","conversation-controller","POST /public_api/conversation/userConversations/{conversationId}/messages/{messageId}/translate [NEG] Expired Token","","POST /public_api/conversation/userConversations/{conversationId}/messages/{messageId}/translate [NEG] Expired Token",""
"failed","Mon Jul 27 05:45:31 UTC 2026","Mon Jul 27 05:45:31 UTC 2026","13","1.1 Team Hummingbird - BFF | WLW app","Technical Tests","search-controller","GET /public_api/search/ai/termRecommend","","GET /public_api/search/ai/termRecommend",""
"passed","Mon Jul 27 05:45:16 UTC 2026","Mon Jul 27 05:45:16 UTC 2026","18","1.1 Team Hummingbird - BFF | WLW app","Technical Tests","euro-pages-controller","DELETE /public_api/euro-pages/auth/delete [NEG] Missing Auth/API-Key","","DELETE /public_api/euro-pages/auth/delete [NEG] Missing Auth/API-Key",""
"skipped","Mon Jul 27 05:44:10 UTC 2026","Mon Jul 27 05:44:10 UTC 2026","0","7. Team Pegasus | Pegasus Staging","Business Scenarios Tests","Supplier Facts","API register, publish, and verify in UI","","5. UI login reminder",""
"failed","Mon Jul 27 05:44:04 UTC 2026","Mon Jul 27 05:44:04 UTC 2026","26","Arise","Functional","","","skwdAll","skwdAll",""
"passed","Mon Jul 27 05:44:07 UTC 2026","Mon Jul 27 05:44:08 UTC 2026","866","1 Team Hummingbird - BFF | EP app","Endpoint tests","Search","search companies DE","","search companies DE",""
"passed","Mon Jul 27 05:52:41 UTC 2026","Mon Jul 27 05:52:42 UTC 2026","856","Dolphin","Functional","","","productTextSearchCountryFilterTest","AI product text search recall: country filter DE",""
"passed","Mon Jul 27 05:44:03 UTC 2026","Mon Jul 27 05:44:04 UTC 2026","45","1 Team Hummingbird - BFF | EP app","Endpoint tests","User settings","push-notification-by-email-controller","","push-notification-by-email-controller",""
"passed","Mon Jul 27 05:45:02 UTC 2026","Mon Jul 27 05:45:02 UTC 2026","444","1.1 Team Hummingbird - BFF | WLW app","Endpoint tests","Conversations","unread count","","unread count",""
"skipped","Mon Jul 27 05:44:10 UTC 2026","Mon Jul 27 05:44:10 UTC 2026","0","7. Team Pegasus | Pegasus Staging","Endpoints Tests","Business Insights","User by uuid","","User by uuid",""
"failed","Mon Jul 27 05:45:07 UTC 2026","Mon Jul 27 05:45:07 UTC 2026","12","1.1 Team Hummingbird - BFF | WLW app","Technical Tests","company-controller","GET /public_api/suppliers/{companyID}/listings [NEG] Missing Auth/API-Key","","GET /public_api/suppliers/{companyID}/listings [NEG] Missing Auth/API-Key",""
"passed","Mon Jul 27 05:44:07 UTC 2026","Mon Jul 27 05:44:07 UTC 2026","513","1 Team Hummingbird - BFF | EP app","Endpoint tests","Search","search companies FR","","search companies FR",""
"passed","Mon Jul 27 05:45:10 UTC 2026","Mon Jul 27 05:45:10 UTC 2026","34","1.1 Team Hummingbird - BFF | WLW app","Technical Tests","conversation-controller","PUT /public_api/conversation/userConversations/{conversationId}/decline [NEG] Forbidden Role Token","","PUT /public_api/conversation/userConversations/{conversationId}/decline [NEG] Forbidden Role Token",""
"passed","Mon Jul 27 05:52:53 UTC 2026","Mon Jul 27 05:52:53 UTC 2026","97","Dolphin","Functional","","","otherStoreProductRecommendTest","similar products recommend -- wlw pdp",""
"skipped","Mon Jul 27 05:44:10 UTC 2026","Mon Jul 27 05:44:10 UTC 2026","0","7. Team Pegasus | Pegasus Staging","Business Scenarios Tests","Supplier Registration","WLW - Lead create and update","","leads - Create a lead",""
"passed","Mon Jul 27 05:45:10 UTC 2026","Mon Jul 27 05:45:10 UTC 2026","39","1.1 Team Hummingbird - BFF | WLW app","Technical Tests","conversation-controller","PUT /public_api/conversation/userConversations/{conversationId}/decline","","PUT /public_api/conversation/userConversations/{conversationId}/decline",""
"passed","Mon Jul 27 05:45:03 UTC 2026","Mon Jul 27 05:45:03 UTC 2026","18","1.1 Team Hummingbird - BFF | WLW app","Technical Tests","ab-test-record-controller","POST /public_api/abtest/record [NEG] Missing Auth/API-Key","","POST /public_api/abtest/record [NEG] Missing Auth/API-Key",""
"failed","Mon Jul 27 05:45:04 UTC 2026","Mon Jul 27 05:45:04 UTC 2026","14","1.1 Team Hummingbird - BFF | WLW app","Technical Tests","ai-company-search-controller","GET /public_api/search/ai/company/search [NEG] Forbidden Role Token","","GET /public_api/search/ai/company/search [NEG] Forbidden Role Token",""
"passed","Mon Jul 27 05:44:10 UTC 2026","Mon Jul 27 05:44:10 UTC 2026","284","1 Team Hummingbird - BFF | EP app","Endpoint tests","Visitor profiler","csv get","","csv get",""
"passed","Mon Jul 27 05:44:57 UTC 2026","Mon Jul 27 05:44:58 UTC 2026","1142","4. Team CRM |CRM Staging","Business Scenarios Tests","Account","Create Account","","Create Account",""
"failed","Mon Jul 27 05:45:15 UTC 2026","Mon Jul 27 05:45:15 UTC 2026","13","1.1 Team Hummingbird - BFF | WLW app","Technical Tests","conversation-controller","GET /public_api/conversation/userConversations/{conversationId}/file/ [SEC] Injection Probe","","GET /public_api/conversation/userConversations/{conversationId}/file/ [SEC] Injection Probe",""
"skipped","Mon Jul 27 05:49:37 UTC 2026","Mon Jul 27 05:49:37 UTC 2026","0","3 Team Techno - UCL","Functional Tests","Endpoint Tests","Retargeting","","get active retargeting for the given uuid",""
"passed","Mon Jul 27 05:45:12 UTC 2026","Mon Jul 27 05:45:12 UTC 2026","20","1.1 Team Hummingbird - BFF | WLW app","Technical Tests","conversation-controller","POST /public_api/conversation/userConversations/{conversationId}/messages/file [NEG] Missing Auth/API-Key","","POST /public_api/conversation/userConversations/{conversationId}/messages/file [NEG] Missing Auth/API-Key",""
"passed","Mon Jul 27 05:45:20 UTC 2026","Mon Jul 27 05:45:20 UTC 2026","29","1.1 Team Hummingbird - BFF | WLW app","Technical Tests","login-controller","POST /public_api/auth/registration [NEG] Forbidden Role Token","","POST /public_api/auth/registration [NEG] Forbidden Role Token",""
"failed","Mon Jul 27 05:45:06 UTC 2026","Mon Jul 27 05:45:06 UTC 2026","14","1.1 Team Hummingbird - BFF | WLW app","Technical Tests","categories-controller","PUT /preferred/categories [NEG] Expired Token","","PUT /preferred/categories [NEG] Expired Token",""
"failed","Mon Jul 27 05:45:06 UTC 2026","Mon Jul 27 05:45:06 UTC 2026","13","1.1 Team Hummingbird - BFF | WLW app","Technical Tests","categories-controller","GET /preferred/categories [NEG] Forbidden Role Token","","GET /preferred/categories [NEG] Forbidden Role Token",""
"skipped","Mon Jul 27 05:44:10 UTC 2026","Mon Jul 27 05:44:10 UTC 2026","0","7. Team Pegasus | Pegasus Staging","Endpoints Tests","Supplier Registration","WLW","","categories - Endpoints for retrieving categories",""
"passed","Mon Jul 27 05:45:02 UTC 2026","Mon Jul 27 05:45:02 UTC 2026","180","1.1 Team Hummingbird - BFF | WLW app","Endpoint tests","Conversations","Decline RFQ","","Decline RFQ",""
"failed","Mon Jul 27 05:45:27 UTC 2026","Mon Jul 27 05:45:27 UTC 2026","8","1.1 Team Hummingbird - BFF | WLW app","Technical Tests","push-notification-by-email-controller","GET /v1/pushNotification [NEG] Expired Token","","GET /v1/pushNotification [NEG] Expired Token",""
"passed","Mon Jul 27 05:45:03 UTC 2026","Mon Jul 27 05:45:03 UTC 2026","127","4. Team CRM |CRM Staging","Endpoints Tests","(root)","duplicate records","","duplicate records",""
"broken","Mon Jul 27 05:52:21 UTC 2026","Mon Jul 27 05:52:41 UTC 2026","20022","Dolphin","Functional","","","productInferenceTest","AI product search inference stream API",""
"passed","Mon Jul 27 05:45:26 UTC 2026","Mon Jul 27 05:45:26 UTC 2026","15","1.1 Team Hummingbird - BFF | WLW app","Technical Tests","purchaser-user-setting-controller","POST /userSetting [NEG] Missing Auth/API-Key","","POST /userSetting [NEG] Missing Auth/API-Key",""
"passed","Mon Jul 27 05:44:06 UTC 2026","Mon Jul 27 05:44:07 UTC 2026","66","1 Team Hummingbird - BFF | EP app","Endpoint tests","Search","search autoComplete FR","","search autoComplete FR",""
"passed","Mon Jul 27 05:52:51 UTC 2026","Mon Jul 27 05:52:51 UTC 2026","21","Dolphin","Technical","","","productTextSearchWhitespaceQueryTest","AI product text search recall: whitespace-only query → empty success",""
"passed","Mon Jul 27 05:52:53 UTC 2026","Mon Jul 27 05:52:53 UTC 2026","78","Dolphin","Technical","","","zeroResultProductRecommendTest","Recommend products in 0 result search list page v1 -- wlw",""
"skipped","Mon Jul 27 05:49:37 UTC 2026","Mon Jul 27 05:49:37 UTC 2026","0","3 Team Techno - UCL","Technical Tests","Organization","GET /unified_commercial_logic/internal_api/api/organization/{id} - Retrieve Organization By ID","","GET /unified_commercial_logic/internal_api/api/organization/{id} - Retrieve Organization By ID",""
"passed","Mon Jul 27 05:44:04 UTC 2026","Mon Jul 27 05:44:04 UTC 2026","46","1 Team Hummingbird - BFF | EP app","Endpoint tests","Support","Support FAQ_FR","","Support FAQ_FR",""
"passed","Mon Jul 27 05:44:05 UTC 2026","Mon Jul 27 05:44:06 UTC 2026","682","1 Team Hummingbird - BFF | EP app","Endpoint tests","Mobile_Feedback","post feedback","","post feedback",""
"skipped","Mon Jul 27 05:44:10 UTC 2026","Mon Jul 27 05:44:10 UTC 2026","0","7. Team Pegasus | Pegasus Staging","Business Scenarios Tests","Supplier Registration","WLW - Lead create and update","","leads/{lead_id} - Update a lead",""
"passed","Mon Jul 27 05:44:56 UTC 2026","Mon Jul 27 05:44:56 UTC 2026","552","1.1 Team Hummingbird - BFF | WLW app","Endpoint tests","Login","registration","","registration",""
"broken","Mon Jul 27 05:50:20 UTC 2026","Mon Jul 27 05:50:40 UTC 2026","20022","Dolphin","Technical","","","recallTopRankingScenarioTest","AI Search recall: wlw-staging.de cnc top-ranking scenario",""
"passed","Mon Jul 27 05:45:04 UTC 2026","Mon Jul 27 05:45:05 UTC 2026","526","4. Team CRM |CRM Staging","Endpoints Tests","(root)","Create Note with sf id Copy","","Create Note with sf id Copy",""
"passed","Mon Jul 27 05:44:04 UTC 2026","Mon Jul 27 05:44:04 UTC 2026","23","1 Team Hummingbird - BFF | EP app","Endpoint tests","Support","FAQ Alibaba","","FAQ Alibaba",""
"skipped","Mon Jul 27 05:44:10 UTC 2026","Mon Jul 27 05:44:10 UTC 2026","0","7. Team Pegasus | Pegasus Staging","Endpoints Tests","Visitors","Elixir (supplier-app)","","Countries by uuid",""
"broken","Mon Jul 27 05:43:18 UTC 2026","Mon Jul 27 05:43:39 UTC 2026","20612","Dolphin","Technical","","","inferenceEmptySearchTextTest","AI Search inference: empty searchText still streams",""
"passed","Mon Jul 27 05:44:58 UTC 2026","Mon Jul 27 05:44:58 UTC 2026","427","4. Team CRM |CRM Staging","Business Scenarios Tests","Create and edit a contact","Edit contact","","Edit contact",""
"passed","Mon Jul 27 05:45:17 UTC 2026","Mon Jul 27 05:45:17 UTC 2026","35","1.1 Team Hummingbird - BFF | WLW app","Technical Tests","feedback-controller","POST /feedback","","POST /feedback",""
"passed","Mon Jul 27 05:44:56 UTC 2026","Mon Jul 27 05:44:56 UTC 2026","19","1.1 Team Hummingbird - BFF | WLW app","Endpoint tests","Support","Support FAQ_DE","","Support FAQ_DE",""
"passed","Mon Jul 27 05:44:59 UTC 2026","Mon Jul 27 05:45:03 UTC 2026","4352","4. Team CRM |CRM Staging","Business Scenarios Tests","Disable Hubspot","Change Hubspot to true","","Change Hubspot to true",""
"skipped","Mon Jul 27 05:44:10 UTC 2026","Mon Jul 27 05:44:10 UTC 2026","0","7. Team Pegasus | Pegasus Staging","Endpoints Tests","Visitors","Elixir (supplier-app)","","Visitors by uuid",""
"passed","Mon Jul 27 05:52:52 UTC 2026","Mon Jul 27 05:52:52 UTC 2026","34","Dolphin","Technical","","","getCategoryListWlwWithPreferredSuperCategoryIdsTest","v-recommend category list -- wlw, with preferredSuperCategoryIds",""
"skipped","Mon Jul 27 05:44:10 UTC 2026","Mon Jul 27 05:44:10 UTC 2026","0","7. Team Pegasus | Pegasus Staging","Endpoints Tests","Shop Import & Onboarding Backend","offers/subCategories","","offers/subCategories",""
"failed","Mon Jul 27 05:44:08 UTC 2026","Mon Jul 27 05:44:10 UTC 2026","1490","1 Team Hummingbird - BFF | EP app","Endpoint tests","Contact request","Callback request","","Callback request",""
"failed","Mon Jul 27 05:45:36 UTC 2026","Mon Jul 27 05:45:36 UTC 2026","13","1.1 Team Hummingbird - BFF | WLW app","Technical Tests","trending-products-controller","GET /public_api/trending/products [SEC] Injection Probe","","GET /public_api/trending/products [SEC] Injection Probe",""
"passed","Mon Jul 27 05:44:59 UTC 2026","Mon Jul 27 05:45:00 UTC 2026","494","1.1 Team Hummingbird - BFF | WLW app","Endpoint tests","Search","search companies FR","","search companies FR",""
"passed","Mon Jul 27 05:52:48 UTC 2026","Mon Jul 27 05:52:48 UTC 2026","796","Dolphin","Functional","","","productTextSearchSecondPageTest","AI product text search recall: pagination page 2",""
"failed","Mon Jul 27 05:45:32 UTC 2026","Mon Jul 27 05:45:32 UTC 2026","11","1.1 Team Hummingbird - BFF | WLW app","Technical Tests","search-controller","GET /public_api/products/recommendations [NEG] Forbidden Role Token","","GET /public_api/products/recommendations [NEG] Forbidden Role Token",""
"passed","Mon Jul 27 05:45:22 UTC 2026","Mon Jul 27 05:45:22 UTC 2026","33","1.1 Team Hummingbird - BFF | WLW app","Technical Tests","login-controller","POST /public_api/auth/changePassword [NEG] Expired Token","","POST /public_api/auth/changePassword [NEG] Expired Token",""
"skipped","Mon Jul 27 05:44:10 UTC 2026","Mon Jul 27 05:44:10 UTC 2026","0","7. Team Pegasus | Pegasus Staging","Business Scenarios Tests","Supplier Facts","API register, publish, and verify in UI","","3. Resolve company uuid by email",""
"failed","Mon Jul 27 05:45:13 UTC 2026","Mon Jul 27 05:45:13 UTC 2026","10","1.1 Team Hummingbird - BFF | WLW app","Technical Tests","conversation-controller","GET /public_api/conversation/userConversations/{userId}/unreadCount [NEG] Missing Auth/API-Key","","GET /public_api/conversation/userConversations/{userId}/unreadCount [NEG] Missing Auth/API-Key",""
"passed","Mon Jul 27 05:44:56 UTC 2026","Mon Jul 27 05:44:56 UTC 2026","83","1.1 Team Hummingbird - BFF | WLW app","Endpoint tests","User settings","user setting","","user setting",""
"passed","Mon Jul 27 05:44:54 UTC 2026","Mon Jul 27 05:44:54 UTC 2026","92","4. Team CRM |CRM Staging","Business Scenarios Tests","Tasks","Verify Change","","Verify Change",""
"failed","Mon Jul 27 05:44:07 UTC 2026","Mon Jul 27 05:44:07 UTC 2026","243","1 Team Hummingbird - BFF | EP app","Endpoint tests","Search","search track","","search track",""
"passed","Mon Jul 27 05:52:52 UTC 2026","Mon Jul 27 05:52:52 UTC 2026","130","Dolphin","Technical","","","getProductsByCategoryTest","popular in category -- getProductsByCategory",""
"passed","Mon Jul 27 05:44:57 UTC 2026","Mon Jul 27 05:44:57 UTC 2026","102","4. Team CRM |CRM Staging","Business Scenarios Tests","Account","Smoke test : Account + Contact + SAP","","Smoke test : Account + Contact + SAP",""
"skipped","Mon Jul 27 05:44:10 UTC 2026","Mon Jul 27 05:44:10 UTC 2026","0","7. Team Pegasus | Pegasus Staging","Business Scenarios Tests","Business Insights","Dashboard smoke flow","","Visitors",""
"passed","Mon Jul 27 05:44:55 UTC 2026","Mon Jul 27 05:44:56 UTC 2026","702","4. Team CRM |CRM Staging","Business Scenarios Tests","Account","Dunning level 1","","Dunning level 1",""
"passed","Mon Jul 27 05:44:57 UTC 2026","Mon Jul 27 05:44:57 UTC 2026","22","1.1 Team Hummingbird - BFF | WLW app","Endpoint tests","Support","Supportmasterdata_FR","","Supportmasterdata_FR",""
"passed","Mon Jul 27 05:44:03 UTC 2026","Mon Jul 27 05:44:04 UTC 2026","801","1 Team Hummingbird - BFF | EP app","Endpoint tests","Login","registration","","registration",""
"skipped","Mon Jul 27 05:49:37 UTC 2026","Mon Jul 27 05:49:37 UTC 2026","0","3 Team Techno - UCL","Technical Tests","TopRanking","GET /unified_commercial_logic/internal_api/api/top_ranking_v1/ - Retrieve TopRankingV1 List","","GET /unified_commercial_logic/internal_api/api/top_ranking_v1/ - Retrieve TopRankingV1 List",""
"skipped","Mon Jul 27 05:44:10 UTC 2026","Mon Jul 27 05:44:10 UTC 2026","0","7. Team Pegasus | Pegasus Staging","Endpoints Tests","Visitors","Get Visits","","Get Visits",""
"passed","Mon Jul 27 05:45:31 UTC 2026","Mon Jul 27 05:45:31 UTC 2026","33","1.1 Team Hummingbird - BFF | WLW app","Technical Tests","search-controller","GET /public_api/search/ai/tabChange","","GET /public_api/search/ai/tabChange",""
"failed","Mon Jul 27 05:45:25 UTC 2026","Mon Jul 27 05:45:25 UTC 2026","13","1.1 Team Hummingbird - BFF | WLW app","Technical Tests","purchaser-user-setting-controller","GET /userSetting","","GET /userSetting",""
"failed","Mon Jul 27 05:43:04 UTC 2026","Mon Jul 27 05:43:04 UTC 2026","34","2 Team Dragon - BFF | RFQ Backend","Technical Tests","(root)","POST /v1/rfqs/{rfqId}/respond - Multipart Upload + Schema + Security","","POST /v1/rfqs/{rfqId}/respond - Multipart Upload + Schema + Security",""
"passed","Mon Jul 27 05:45:36 UTC 2026","Mon Jul 27 05:45:36 UTC 2026","34","1.1 Team Hummingbird - BFF | WLW app","Technical Tests","trending-products-controller","GET /public_api/trending/notifications","","GET /public_api/trending/notifications",""
"passed","Mon Jul 27 05:52:52 UTC 2026","Mon Jul 27 05:52:52 UTC 2026","46","Dolphin","Functional","","","getCategoryListEpTest","v-recommend category list -- ep",""
"failed","Mon Jul 27 05:45:14 UTC 2026","Mon Jul 27 05:45:14 UTC 2026","11","1.1 Team Hummingbird - BFF | WLW app","Technical Tests","conversation-controller","GET /public_api/conversation/userConversations/{conversationId} [NEG] Forbidden Role Token","","GET /public_api/conversation/userConversations/{conversationId} [NEG] Forbidden Role Token",""
"failed","Mon Jul 27 05:45:02 UTC 2026","Mon Jul 27 05:45:03 UTC 2026","797","1.1 Team Hummingbird - BFF | WLW app","Endpoint tests","Visitor profiler","Visitor ID","","Visitor ID",""
"skipped","Mon Jul 27 05:49:37 UTC 2026","Mon Jul 27 05:49:37 UTC 2026","0","3 Team Techno - UCL","Functional Tests","Endpoint Tests","WebsiteLead","","get all active on wlw for given existing uuid",""
"passed","Mon Jul 27 05:44:10 UTC 2026","Mon Jul 27 05:44:11 UTC 2026","260","1 Team Hummingbird - BFF | EP app","Endpoint tests","(root)","Log out","","Log out",""
"failed","Mon Jul 27 05:44:08 UTC 2026","Mon Jul 27 05:44:09 UTC 2026","413","1 Team Hummingbird - BFF | EP app","Endpoint tests","Contact request","Other request","","Other request",""
"passed","Mon Jul 27 05:45:25 UTC 2026","Mon Jul 27 05:45:25 UTC 2026","31","1.1 Team Hummingbird - BFF | WLW app","Technical Tests","purchaser-user-setting-controller","PUT /userSetting/{id} [NEG] Expired Token","","PUT /userSetting/{id} [NEG] Expired Token",""
"passed","Mon Jul 27 05:45:03 UTC 2026","Mon Jul 27 05:45:03 UTC 2026","216","1.1 Team Hummingbird - BFF | WLW app","Technical Tests","ab-test-record-controller","POST /public_api/abtest/record","","POST /public_api/abtest/record",""
"passed","Mon Jul 27 05:45:28 UTC 2026","Mon Jul 27 05:45:28 UTC 2026","35","1.1 Team Hummingbird - BFF | WLW app","Technical Tests","rfq-controller","POST /public_api/connect/purchaser/tenders/ [NEG] Forbidden Role Token","","POST /public_api/connect/purchaser/tenders/ [NEG] Forbidden Role Token",""
"passed","Mon Jul 27 05:45:36 UTC 2026","Mon Jul 27 05:45:36 UTC 2026","27","1.1 Team Hummingbird - BFF | WLW app","Technical Tests","trending-products-controller","GET /public_api/trending/notifications [NEG] Missing Auth/API-Key","","GET /public_api/trending/notifications [NEG] Missing Auth/API-Key",""
"passed","Mon Jul 27 05:45:14 UTC 2026","Mon Jul 27 05:45:14 UTC 2026","35","1.1 Team Hummingbird - BFF | WLW app","Technical Tests","conversation-controller","GET /public_api/conversation/userConversations/{conversationId} [SEC] Injection Probe","","GET /public_api/conversation/userConversations/{conversationId} [SEC] Injection Probe",""
"passed","Mon Jul 27 05:45:05 UTC 2026","Mon Jul 27 05:45:05 UTC 2026","233","4. Team CRM |CRM Staging","Endpoints Tests","(root)","trigger a Buyer lead","","trigger a Buyer lead",""
"passed","Mon Jul 27 05:45:11 UTC 2026","Mon Jul 27 05:45:11 UTC 2026","31","1.1 Team Hummingbird - BFF | WLW app","Technical Tests","conversation-controller","POST /public_api/conversation/userConversations/{conversationId}/messages [NEG] Expired Token","","POST /public_api/conversation/userConversations/{conversationId}/messages [NEG] Expired Token",""
"skipped","Mon Jul 27 05:44:10 UTC 2026","Mon Jul 27 05:44:10 UTC 2026","0","7. Team Pegasus | Pegasus Staging","Business Scenarios Tests","Business Insights","Dashboard smoke flow","","Top products",""
"skipped","Mon Jul 27 05:44:10 UTC 2026","Mon Jul 27 05:44:10 UTC 2026","0","7. Team Pegasus | Pegasus Staging","Endpoints Tests","Supplier Facts (CPP)","Supplier Facts","","Supplier Facts",""
"skipped","Mon Jul 27 05:44:10 UTC 2026","Mon Jul 27 05:44:10 UTC 2026","0","7. Team Pegasus | Pegasus Staging","Business Scenarios Tests","Supplier Facts","API register, publish, and verify in UI","","1. Create registration lead",""
"passed","Mon Jul 27 05:45:26 UTC 2026","Mon Jul 27 05:45:26 UTC 2026","34","1.1 Team Hummingbird - BFF | WLW app","Technical Tests","purchaser-user-setting-controller","POST /userSetting","","POST /userSetting",""
"failed","Mon Jul 27 05:44:09 UTC 2026","Mon Jul 27 05:44:09 UTC 2026","356","1 Team Hummingbird - BFF | EP app","Endpoint tests","Conversations","File","","File",""
"passed","Mon Jul 27 05:44:59 UTC 2026","Mon Jul 27 05:44:59 UTC 2026","241","4. Team CRM |CRM Staging","Business Scenarios Tests","Disable Hubspot","Check hubspot is true","","Check hubspot is true",""
"skipped","Mon Jul 27 05:44:10 UTC 2026","Mon Jul 27 05:44:10 UTC 2026","0","7. Team Pegasus | Pegasus Staging","Endpoints Tests","Membership Management (PGS-861)","GET — Verify UTM in supplier-facts","","GET — Verify UTM in supplier-facts",""
"passed","Mon Jul 27 05:44:05 UTC 2026","Mon Jul 27 05:44:05 UTC 2026","132","1 Team Hummingbird - BFF | EP app","Endpoint tests","Support","notifications list","","notifications list",""
"skipped","Mon Jul 27 05:44:10 UTC 2026","Mon Jul 27 05:44:10 UTC 2026","0","7. Team Pegasus | Pegasus Staging","Business Scenarios Tests","Business Insights","Dashboard smoke flow","","Activity",""
"passed","Mon Jul 27 05:45:03 UTC 2026","Mon Jul 27 05:45:03 UTC 2026","276","1.1 Team Hummingbird - BFF | WLW app","Endpoint tests","Visitor profiler","csv get","","csv get",""
"failed","Mon Jul 27 05:44:07 UTC 2026","Mon Jul 27 05:44:08 UTC 2026","379","1 Team Hummingbird - BFF | EP app","Endpoint tests","Homepage, products","trending products","","trending products",""
"passed","Mon Jul 27 05:45:24 UTC 2026","Mon Jul 27 05:45:24 UTC 2026","28","1.1 Team Hummingbird - BFF | WLW app","Technical Tests","purchaser-support-controller","GET /support-master-data [NEG] Expired Token","","GET /support-master-data [NEG] Expired Token",""
"passed","Mon Jul 27 05:45:33 UTC 2026","Mon Jul 27 05:45:33 UTC 2026","33","1.1 Team Hummingbird - BFF | WLW app","Technical Tests","search-term-controller","PUT /public_api/search/notification-opened [NEG] Expired Token","","PUT /public_api/search/notification-opened [NEG] Expired Token",""
"passed","Mon Jul 27 05:45:16 UTC 2026","Mon Jul 27 05:45:16 UTC 2026","32","1.1 Team Hummingbird - BFF | WLW app","Technical Tests","euro-pages-controller","DELETE /public_api/euro-pages/auth/delete","","DELETE /public_api/euro-pages/auth/delete",""
"passed","Mon Jul 27 05:43:04 UTC 2026","Mon Jul 27 05:43:04 UTC 2026","312","2 Team Dragon - BFF | RFQ Backend","Technical Tests","(root)","GET /v1/rfqs (list) - Compliance + Schema + Perf","","GET /v1/rfqs (list) - Compliance + Schema + Perf",""
"failed","Mon Jul 27 05:45:31 UTC 2026","Mon Jul 27 05:45:31 UTC 2026","11","1.1 Team Hummingbird - BFF | WLW app","Technical Tests","search-controller","GET /public_api/search/ai/termRecommend [SEC] Injection Probe","","GET /public_api/search/ai/termRecommend [SEC] Injection Probe",""
"failed","Mon Jul 27 05:44:03 UTC 2026","Mon Jul 27 05:44:04 UTC 2026","151","1 Team Hummingbird - BFF | EP app","Endpoint tests","Login","extend session","","extend session",""
"passed","Mon Jul 27 05:44:55 UTC 2026","Mon Jul 27 05:44:57 UTC 2026","1165","1.1 Team Hummingbird - BFF | WLW app","Endpoint tests","Login","user Info","","user Info",""
"passed","Mon Jul 27 05:45:00 UTC 2026","Mon Jul 27 05:45:00 UTC 2026","165","4. Team CRM |CRM Staging","Business Scenarios Tests","Lead","Smoke test for Conversion","","Smoke test for Conversion",""
"passed","Mon Jul 27 05:44:55 UTC 2026","Mon Jul 27 05:45:12 UTC 2026","17006","4. Team CRM |CRM Staging","Business Scenarios Tests","Account","wlw salesorderitems link","","wlw salesorderitems link",""
"skipped","Mon Jul 27 05:44:10 UTC 2026","Mon Jul 27 05:44:10 UTC 2026","0","7. Team Pegasus | Pegasus Staging","Endpoints Tests","Supplier Registration","EP","","request_for_quotations - Endpoints related to the creation of request for quotations",""
"passed","Mon Jul 27 05:44:57 UTC 2026","Mon Jul 27 05:44:57 UTC 2026","102","4. Team CRM |CRM Staging","Business Scenarios Tests","Account","Smoke test : Account + Contact + SAP","","Smoke test : Account + Contact + SAP",""
"passed","Mon Jul 27 05:44:57 UTC 2026","Mon Jul 27 05:44:57 UTC 2026","16","1.1 Team Hummingbird - BFF | WLW app","Endpoint tests","Support","FAQ Alibaba","","FAQ Alibaba",""
"passed","Mon Jul 27 05:45:37 UTC 2026","Mon Jul 27 05:45:37 UTC 2026","34","1.1 Team Hummingbird - BFF | WLW app","Technical Tests","user-controller","PUT /public_api/user/userInfo [NEG] Forbidden Role Token","","PUT /public_api/user/userInfo [NEG] Forbidden Role Token",""
"skipped","Mon Jul 27 05:44:55 UTC 2026","Mon Jul 27 05:44:55 UTC 2026","0","1.1 Team Hummingbird - BFF | WLW app","Business Scenario Tests","(empty)","(empty)","","Business Scenario Tests - empty",""
"passed","Mon Jul 27 05:52:51 UTC 2026","Mon Jul 27 05:52:52 UTC 2026","100","Dolphin","Technical","","","EPOtherStoreProductRecommendTest","product other store recommend",""
"skipped","Mon Jul 27 05:49:37 UTC 2026","Mon Jul 27 05:49:37 UTC 2026","0","3 Team Techno - UCL","Technical Tests","SponsoredBrand","GET /unified_commercial_logic/internal_api/api/sponsored_brand_v1/{id} - Retrieve SponsoredBrandV1 By ID","","GET /unified_commercial_logic/internal_api/api/sponsored_brand_v1/{id} - Retrieve SponsoredBrandV1 By ID",""
"passed","Mon Jul 27 05:45:01 UTC 2026","Mon Jul 27 05:45:01 UTC 2026","0","4. Team CRM |CRM Staging","Business Scenarios Tests","Contacts","Smoke test for Create Contact & Verify HubSpot Sync","","Smoke test for Create Contact & Verify HubSpot Sync",""
"failed","Mon Jul 27 05:45:26 UTC 2026","Mon Jul 27 05:45:26 UTC 2026","9","1.1 Team Hummingbird - BFF | WLW app","Technical Tests","purchaser-user-setting-controller","GET /userSetting [NEG] Forbidden Role Token","","GET /userSetting [NEG] Forbidden Role Token",""
"passed","Mon Jul 27 05:44:58 UTC 2026","Mon Jul 27 05:44:59 UTC 2026","293","4. Team CRM |CRM Staging","Business Scenarios Tests","Disable Hubspot","Check hubspot is false","","Check hubspot is false",""
"passed","Mon Jul 27 05:43:05 UTC 2026","Mon Jul 27 05:43:05 UTC 2026","15","2 Team Dragon - BFF | RFQ Backend","Technical Tests","(root)","GET /v1/categories - CPV list (schema + contract)","","GET /v1/categories - CPV list (schema + contract)",""
"passed","Mon Jul 27 05:44:59 UTC 2026","Mon Jul 27 05:44:59 UTC 2026","191","1.1 Team Hummingbird - BFF | WLW app","Endpoint tests","Company","branchIO dynamic link, share PDP","","branchIO dynamic link, share PDP",""
"passed","Mon Jul 27 05:44:58 UTC 2026","Mon Jul 27 05:45:01 UTC 2026","3096","4. Team CRM |CRM Staging","Business Scenarios Tests","Create and edit a contact","Create contact","","Create contact",""
"failed","Mon Jul 27 05:45:05 UTC 2026","Mon Jul 27 05:45:05 UTC 2026","14","1.1 Team Hummingbird - BFF | WLW app","Technical Tests","ai-company-search-controller","GET /public_api/search/ai/company/stream/mock","","GET /public_api/search/ai/company/stream/mock",""
"passed","Mon Jul 27 05:45:04 UTC 2026","Mon Jul 27 05:45:05 UTC 2026","1166","4. Team CRM |CRM Staging","Endpoints Tests","(root)","trigger the Paid Media lead","","trigger the Paid Media lead",""
"skipped","Mon Jul 27 05:44:53 UTC 2026","Mon Jul 27 05:44:53 UTC 2026","0","4. Team CRM |CRM Staging","Endpoints Tests","Users","Quotes","","Endpoints Tests / Users / Quotes - empty",""
"passed","Mon Jul 27 05:45:28 UTC 2026","Mon Jul 27 05:45:28 UTC 2026","32","1.1 Team Hummingbird - BFF | WLW app","Technical Tests","rfq-marketing-controller","POST /public_api/rfq-marketing/trigger [NEG] Forbidden Role Token","","POST /public_api/rfq-marketing/trigger [NEG] Forbidden Role Token",""
"failed","Mon Jul 27 05:45:24 UTC 2026","Mon Jul 27 05:45:24 UTC 2026","11","1.1 Team Hummingbird - BFF | WLW app","Technical Tests","purchaser-support-controller","GET /support-faq","","GET /support-faq",""
"passed","Mon Jul 27 05:45:01 UTC 2026","Mon Jul 27 05:45:01 UTC 2026","0","4. Team CRM |CRM Staging","Business Scenarios Tests","Contacts","Smoke test for Create Contact & Verify HubSpot Sync","","Smoke test for Create Contact & Verify HubSpot Sync",""
"skipped","Mon Jul 27 05:49:37 UTC 2026","Mon Jul 27 05:49:37 UTC 2026","0","3 Team Techno - UCL","Technical Tests","Membership","GET /unified_commercial_logic/internal_api/api/membership/{id} - Retrieve Membership fields By ID","","GET /unified_commercial_logic/internal_api/api/membership/{id} - Retrieve Membership fields By ID",""
"failed","Mon Jul 27 05:45:00 UTC 2026","Mon Jul 27 05:45:00 UTC 2026","106","1.1 Team Hummingbird - BFF | WLW app","Endpoint tests","RFQ","post RFQ","","post RFQ",""
"passed","Mon Jul 27 05:44:57 UTC 2026","Mon Jul 27 05:44:57 UTC 2026","18","1.1 Team Hummingbird - BFF | WLW app","Endpoint tests","Support","currency daily rates","","currency daily rates",""
"passed","Mon Jul 27 05:45:03 UTC 2026","Mon Jul 27 05:45:03 UTC 2026","121","4. Team CRM |CRM Staging","Endpoints Tests","(root)","get connect receipient","","get connect receipient",""
"passed","Mon Jul 27 05:45:07 UTC 2026","Mon Jul 27 05:45:07 UTC 2026","20","1.1 Team Hummingbird - BFF | WLW app","Technical Tests","categories-controller","GET /public_api/categories/homepage [NEG] Missing Auth/API-Key","","GET /public_api/categories/homepage [NEG] Missing Auth/API-Key",""
"passed","Mon Jul 27 05:45:37 UTC 2026","Mon Jul 27 05:45:37 UTC 2026","36","1.1 Team Hummingbird - BFF | WLW app","Technical Tests","user-controller","GET /public_api/user/userInfo [NEG] Forbidden Role Token","","GET /public_api/user/userInfo [NEG] Forbidden Role Token",""
"failed","Mon Jul 27 05:45:27 UTC 2026","Mon Jul 27 05:45:27 UTC 2026","11","1.1 Team Hummingbird - BFF | WLW app","Technical Tests","push-notification-by-email-controller","PUT /v1/pushNotification [SEC] Injection Probe","","PUT /v1/pushNotification [SEC] Injection Probe",""
"failed","Mon Jul 27 05:45:13 UTC 2026","Mon Jul 27 05:45:13 UTC 2026","11","1.1 Team Hummingbird - BFF | WLW app","Technical Tests","conversation-controller","GET /public_api/conversation/userConversations/{userId}/unreadCount","","GET /public_api/conversation/userConversations/{userId}/unreadCount",""
"passed","Mon Jul 27 05:44:59 UTC 2026","Mon Jul 27 05:44:59 UTC 2026","131","4. Team CRM |CRM Staging","Business Scenarios Tests","Lead","Lead-duplicateCheck - without dupicates","","Lead-duplicateCheck - without dupicates",""
"passed","Mon Jul 27 05:44:57 UTC 2026","Mon Jul 27 05:44:59 UTC 2026","2870","4. Team CRM |CRM Staging","Business Scenarios Tests","Account","Contact for Account","","Contact for Account",""
"failed","Mon Jul 27 05:45:14 UTC 2026","Mon Jul 27 05:45:14 UTC 2026","13","1.1 Team Hummingbird - BFF | WLW app","Technical Tests","conversation-controller","GET /public_api/conversation/userConversations/{conversationId} [NEG] Expired Token","","GET /public_api/conversation/userConversations/{conversationId} [NEG] Expired Token",""
"passed","Mon Jul 27 05:45:34 UTC 2026","Mon Jul 27 05:45:34 UTC 2026","35","1.1 Team Hummingbird - BFF | WLW app","Technical Tests","supplier-visitors-controller","GET /public_api/suppliers/{supplier_id}/visits/{id}","","GET /public_api/suppliers/{supplier_id}/visits/{id}",""
"passed","Mon Jul 27 05:45:21 UTC 2026","Mon Jul 27 05:45:21 UTC 2026","32","1.1 Team Hummingbird - BFF | WLW app","Technical Tests","login-controller","POST /public_api/auth/code/verify [NEG] Expired Token","","POST /public_api/auth/code/verify [NEG] Expired Token",""
"passed","Mon Jul 27 05:44:05 UTC 2026","Mon Jul 27 05:44:05 UTC 2026","20","1 Team Hummingbird - BFF | EP app","Endpoint tests","Mobile_Feedback","Feedback Subject_EN","","Feedback Subject_EN",""
"passed","Mon Jul 27 05:52:52 UTC 2026","Mon Jul 27 05:52:52 UTC 2026","99","Dolphin","Functional","","","EPZeroResultProductRecommendTest","Recommend products in 0 result search list page v1 -- ep",""
"passed","Mon Jul 27 05:45:19 UTC 2026","Mon Jul 27 05:45:19 UTC 2026","31","1.1 Team Hummingbird - BFF | WLW app","Technical Tests","login-controller","POST /public_api/auth/sso/login [NEG] Forbidden Role Token","","POST /public_api/auth/sso/login [NEG] Forbidden Role Token",""
"skipped","Mon Jul 27 05:44:10 UTC 2026","Mon Jul 27 05:44:10 UTC 2026","0","7. Team Pegasus | Pegasus Staging","Endpoints Tests","Business Insights","User Activity","","User Activity",""
"passed","Mon Jul 27 05:45:02 UTC 2026","Mon Jul 27 05:45:03 UTC 2026","499","4. Team CRM |CRM Staging","Business Scenarios Tests","Cases","Smoke Test for Case Creation","","Smoke Test for Case Creation",""
"skipped","Mon Jul 27 05:49:37 UTC 2026","Mon Jul 27 05:49:37 UTC 2026","0","3 Team Techno - UCL","Functional Tests","Endpoint Tests","membership","","get all active membership for business_partner_id",""
"skipped","Mon Jul 27 05:44:10 UTC 2026","Mon Jul 27 05:44:10 UTC 2026","0","7. Team Pegasus | Pegasus Staging","Endpoints Tests","Supplier Registration","EP","","keywords - Search for keywords",""
"passed","Mon Jul 27 05:44:07 UTC 2026","Mon Jul 27 05:44:08 UTC 2026","1612","1 Team Hummingbird - BFF | EP app","Endpoint tests","Search","search companies, EN","","search companies, EN",""
"passed","Mon Jul 27 05:45:17 UTC 2026","Mon Jul 27 05:45:17 UTC 2026","16","1.1 Team Hummingbird - BFF | WLW app","Technical Tests","feedback-controller","POST /feedback [NEG] Missing Auth/API-Key","","POST /feedback [NEG] Missing Auth/API-Key",""
"failed","Mon Jul 27 05:45:24 UTC 2026","Mon Jul 27 05:45:24 UTC 2026","11","1.1 Team Hummingbird - BFF | WLW app","Technical Tests","purchaser-support-controller","GET /support-faq [NEG] Forbidden Role Token","","GET /support-faq [NEG] Forbidden Role Token",""
"failed","Mon Jul 27 05:45:35 UTC 2026","Mon Jul 27 05:45:35 UTC 2026","11","1.1 Team Hummingbird - BFF | WLW app","Technical Tests","supplier-visitors-controller","GET /public_api/suppliers/{supplier_id}/visits/csv [NEG] Expired Token","","GET /public_api/suppliers/{supplier_id}/visits/csv [NEG] Expired Token",""
"failed","Mon Jul 27 05:45:33 UTC 2026","Mon Jul 27 05:45:33 UTC 2026","13","1.1 Team Hummingbird - BFF | WLW app","Technical Tests","search-term-controller","POST /public_api/search/track","","POST /public_api/search/track",""
"failed","Mon Jul 27 05:45:14 UTC 2026","Mon Jul 27 05:45:14 UTC 2026","13","1.1 Team Hummingbird - BFF | WLW app","Technical Tests","conversation-controller","GET /public_api/conversation/userConversations/{conversationId}/file [NEG] Forbidden Role Token","","GET /public_api/conversation/userConversations/{conversationId}/file [NEG] Forbidden Role Token",""
"broken","Mon Jul 27 05:43:59 UTC 2026","Mon Jul 27 05:44:19 UTC 2026","20005","Dolphin","Functional","","","inferenceTest","AI Search inference API (SSE stream)",""
"passed","Mon Jul 27 05:45:19 UTC 2026","Mon Jul 27 05:45:19 UTC 2026","36","1.1 Team Hummingbird - BFF | WLW app","Technical Tests","inside-business-controller","GET /public_api/inside_business [NEG] Expired Token","","GET /public_api/inside_business [NEG] Expired Token",""
"passed","Mon Jul 27 05:44:58 UTC 2026","Mon Jul 27 05:44:58 UTC 2026","427","4. Team CRM |CRM Staging","Business Scenarios Tests","Create and edit a contact","Edit contact","","Edit contact",""
"passed","Mon Jul 27 05:52:51 UTC 2026","Mon Jul 27 05:52:51 UTC 2026","756","Dolphin","Functional","","","productTextSearchTopRankingScenarioTest","AI product text search recall: wlw-staging cnc top-ranking scenario",""
"passed","Mon Jul 27 05:45:33 UTC 2026","Mon Jul 27 05:45:33 UTC 2026","31","1.1 Team Hummingbird - BFF | WLW app","Technical Tests","search-term-controller","POST /public_api/search/track [SEC] Injection Probe","","POST /public_api/search/track [SEC] Injection Probe",""
"failed","Mon Jul 27 05:43:05 UTC 2026","Mon Jul 27 05:43:05 UTC 2026","68","2 Team Dragon - BFF | RFQ Backend","Technical Tests","(root)","GET /v1/rfqs/attachments/{attachmentId} - Download + Cache + Perf","","GET /v1/rfqs/attachments/{attachmentId} - Download + Cache + Perf",""
"passed","Mon Jul 27 05:44:10 UTC 2026","Mon Jul 27 05:44:11 UTC 2026","1613","1 Team Hummingbird - BFF | EP app","Endpoint tests","Conversations","decline QDR","","decline QDR",""
"passed","Mon Jul 27 05:45:12 UTC 2026","Mon Jul 27 05:45:12 UTC 2026","35","1.1 Team Hummingbird - BFF | WLW app","Technical Tests","conversation-controller","POST /public_api/conversation/userConversations/{conversationId}/messages/file [NEG] Forbidden Role Token","","POST /public_api/conversation/userConversations/{conversationId}/messages/file [NEG] Forbidden Role Token",""
"passed","Mon Jul 27 05:45:26 UTC 2026","Mon Jul 27 05:45:26 UTC 2026","37","1.1 Team Hummingbird - BFF | WLW app","Technical Tests","purchaser-user-setting-controller","POST /userSetting [NEG] Forbidden Role Token","","POST /userSetting [NEG] Forbidden Role Token",""
"passed","Mon Jul 27 05:44:58 UTC 2026","Mon Jul 27 05:44:58 UTC 2026","96","1.1 Team Hummingbird - BFF | WLW app","Endpoint tests","Company","Suppliers listings","","Suppliers listings",""
"passed","Mon Jul 27 05:44:08 UTC 2026","Mon Jul 27 05:44:08 UTC 2026","191","1 Team Hummingbird - BFF | EP app","Endpoint tests","Homepage, products","product recommendations FR","","product recommendations FR",""
"failed","Mon Jul 27 05:45:01 UTC 2026","Mon Jul 27 05:45:01 UTC 2026","368","1.1 Team Hummingbird - BFF | WLW app","Endpoint tests","Contact request","QDR request","","QDR request",""
"passed","Mon Jul 27 05:45:02 UTC 2026","Mon Jul 27 05:45:03 UTC 2026","984","4. Team CRM |CRM Staging","Business Scenarios Tests","Products","Update Product","","Update Product",""
"passed","Mon Jul 27 05:44:57 UTC 2026","Mon Jul 27 05:44:57 UTC 2026","20","1.1 Team Hummingbird - BFF | WLW app","Endpoint tests","Support","Support FAQ_FR","","Support FAQ_FR",""
"passed","Mon Jul 27 05:45:04 UTC 2026","Mon Jul 27 05:45:04 UTC 2026","33","1.1 Team Hummingbird - BFF | WLW app","Technical Tests","ai-company-search-controller","POST /public_api/search/ai/supplier/pv-match","","POST /public_api/search/ai/supplier/pv-match",""
"failed","Mon Jul 27 05:45:24 UTC 2026","Mon Jul 27 05:45:24 UTC 2026","13","1.1 Team Hummingbird - BFF | WLW app","Technical Tests","purchaser-support-controller","GET /support-faq [NEG] Expired Token","","GET /support-faq [NEG] Expired Token",""
"passed","Mon Jul 27 05:43:04 UTC 2026","Mon Jul 27 05:43:04 UTC 2026","32","2 Team Dragon - BFF | RFQ Backend","Functional Tests","(root)","GET /v1/categories - Success","","GET /v1/categories - Success",""
"passed","Mon Jul 27 05:45:07 UTC 2026","Mon Jul 27 05:45:07 UTC 2026","37","1.1 Team Hummingbird - BFF | WLW app","Technical Tests","categories-controller","GET /public_api/categories/homepage [NEG] Forbidden Role Token","","GET /public_api/categories/homepage [NEG] Forbidden Role Token",""
"passed","Mon Jul 27 05:45:11 UTC 2026","Mon Jul 27 05:45:11 UTC 2026","20","1.1 Team Hummingbird - BFF | WLW app","Technical Tests","conversation-controller","POST /public_api/conversation/userConversations/{conversationId}/messages [NEG] Missing Auth/API-Key","","POST /public_api/conversation/userConversations/{conversationId}/messages [NEG] Missing Auth/API-Key",""
"passed","Mon Jul 27 05:45:35 UTC 2026","Mon Jul 27 05:45:35 UTC 2026","35","1.1 Team Hummingbird - BFF | WLW app","Technical Tests","trending-products-controller","POST /public_api/trending/import [NEG] Expired Token","","POST /public_api/trending/import [NEG] Expired Token",""
"failed","Mon Jul 27 05:45:10 UTC 2026","Mon Jul 27 05:45:10 UTC 2026","10","1.1 Team Hummingbird - BFF | WLW app","Technical Tests","conversation-controller","GET /public_api/conversation/userConversations/{conversationId}/messages [NEG] Forbidden Role Token","","GET /public_api/conversation/userConversations/{conversationId}/messages [NEG] Forbidden Role Token",""
"skipped","Mon Jul 27 05:44:10 UTC 2026","Mon Jul 27 05:44:10 UTC 2026","0","7. Team Pegasus | Pegasus Staging","Business Scenarios Tests","Business Insights","Dashboard smoke flow","","Admin BI",""
"failed","Mon Jul 27 05:44:09 UTC 2026","Mon Jul 27 05:44:09 UTC 2026","27","1 Team Hummingbird - BFF | EP app","Endpoint tests","Conversations","dynamic link conversation","","dynamic link conversation",""
"passed","Mon Jul 27 05:44:54 UTC 2026","Mon Jul 27 05:44:54 UTC 2026","566","4. Team CRM |CRM Staging","Business Scenarios Tests","Tasks","Change  Assigned To","","Change  Assigned To",""
"passed","Mon Jul 27 05:43:00 UTC 2026","Mon Jul 27 05:43:00 UTC 2026","42","Bamboo","Technical","","","listTopCategoriesTest","list top Categories",""
"failed","Mon Jul 27 05:45:04 UTC 2026","Mon Jul 27 05:45:04 UTC 2026","11","1.1 Team Hummingbird - BFF | WLW app","Technical Tests","ai-company-search-controller","GET /public_api/search/ai/company/search [NEG] Expired Token","","GET /public_api/search/ai/company/search [NEG] Expired Token",""
"passed","Mon Jul 27 05:44:06 UTC 2026","Mon Jul 27 05:44:07 UTC 2026","633","1 Team Hummingbird - BFF | EP app","Endpoint tests","Company","Product ID","","Product ID",""
"skipped","Mon Jul 27 05:49:37 UTC 2026","Mon Jul 27 05:49:37 UTC 2026","0","3 Team Techno - UCL","Functional Tests","Endpoint Tests","SponsoredBrand","","get active SPB by uuid",""
"broken","Mon Jul 27 05:42:59 UTC 2026","Mon Jul 27 05:43:00 UTC 2026","549","Bamboo","Functional","","","leafCategoryPredictTest","leafCategoryPredict",""
"skipped","Mon Jul 27 05:49:37 UTC 2026","Mon Jul 27 05:49:37 UTC 2026","0","3 Team Techno - UCL","Functional Tests","Endpoint Tests","TopRanking","","get TR with the given existing id",""
"passed","Mon Jul 27 05:44:57 UTC 2026","Mon Jul 27 05:44:57 UTC 2026","18","1.1 Team Hummingbird - BFF | WLW app","Endpoint tests","Support","Supportmasterdata_EN","","Supportmasterdata_EN",""
"passed","Mon Jul 27 05:45:31 UTC 2026","Mon Jul 27 05:45:31 UTC 2026","33","1.1 Team Hummingbird - BFF | WLW app","Technical Tests","search-controller","GET /public_api/search/ai/tabChange [NEG] Forbidden Role Token","","GET /public_api/search/ai/tabChange [NEG] Forbidden Role Token",""
"passed","Mon Jul 27 05:45:22 UTC 2026","Mon Jul 27 05:45:22 UTC 2026","34","1.1 Team Hummingbird - BFF | WLW app","Technical Tests","login-controller","POST /public_api/auth/changePassword [NEG] Forbidden Role Token","","POST /public_api/auth/changePassword [NEG] Forbidden Role Token",""
"passed","Mon Jul 27 05:52:41 UTC 2026","Mon Jul 27 05:52:41 UTC 2026","317","Dolphin","Technical","","","productTextSearchBlankQueryTest","AI product text search recall: blank query → empty success",""
"passed","Mon Jul 27 05:45:36 UTC 2026","Mon Jul 27 05:45:36 UTC 2026","33","1.1 Team Hummingbird - BFF | WLW app","Technical Tests","user-controller","GET /public_api/user/userInfo","","GET /public_api/user/userInfo",""
"passed","Mon Jul 27 05:45:13 UTC 2026","Mon Jul 27 05:45:13 UTC 2026","31","1.1 Team Hummingbird - BFF | WLW app","Technical Tests","conversation-controller","GET /public_api/conversation/userConversations/{userId}/unreadCount [SEC] Injection Probe","","GET /public_api/conversation/userConversations/{userId}/unreadCount [SEC] Injection Probe",""
"skipped","Mon Jul 27 05:44:10 UTC 2026","Mon Jul 27 05:44:10 UTC 2026","0","7. Team Pegasus | Pegasus Staging","Spike | Profiles link user to company","(root)","02 POST — Create company (Supplier Facts)","","02 POST — Create company (Supplier Facts)",""
"passed","Mon Jul 27 05:45:01 UTC 2026","Mon Jul 27 05:45:04 UTC 2026","3776","4. Team CRM |CRM Staging","Business Scenarios Tests","Contacts","Create Contact","","Create Contact",""
"broken","Mon Jul 27 05:48:40 UTC 2026","Mon Jul 27 05:49:00 UTC 2026","20009","Dolphin","Functional","","","recallPaidSupplierFilterTest","AI Search recall: paid supplier filter (verified=true)",""
"passed","Mon Jul 27 05:45:22 UTC 2026","Mon Jul 27 05:45:22 UTC 2026","52","1.1 Team Hummingbird - BFF | WLW app","Technical Tests","login-controller","DELETE /public_api/auth/sso/logout [NEG] Forbidden Role Token","","DELETE /public_api/auth/sso/logout [NEG] Forbidden Role Token",""
"passed","Mon Jul 27 05:52:41 UTC 2026","Mon Jul 27 05:52:42 UTC 2026","856","Dolphin","Technical","","","productTextSearchCountryFilterTest","AI product text search recall: country filter DE",""
"failed","Mon Jul 27 05:44:56 UTC 2026","Mon Jul 27 05:44:56 UTC 2026","58","1.1 Team Hummingbird - BFF | WLW app","Endpoint tests","Login","extend session","","extend session",""
"passed","Mon Jul 27 05:45:03 UTC 2026","Mon Jul 27 05:45:04 UTC 2026","80","4. Team CRM |CRM Staging","Endpoints Tests","(root)","resolve individual id","","resolve individual id",""
"failed","Mon Jul 27 05:45:29 UTC 2026","Mon Jul 27 05:45:29 UTC 2026","13","1.1 Team Hummingbird - BFF | WLW app","Technical Tests","search-controller","GET /public_api/search [NEG] Forbidden Role Token","","GET /public_api/search [NEG] Forbidden Role Token",""
"skipped","Mon Jul 27 05:44:10 UTC 2026","Mon Jul 27 05:44:10 UTC 2026","0","7. Team Pegasus | Pegasus Staging","Business Scenarios Tests","Visitors","Statistics visitor drill-down","","Visitor details",""
"passed","Mon Jul 27 05:45:05 UTC 2026","Mon Jul 27 05:45:05 UTC 2026","233","4. Team CRM |CRM Staging","Endpoints Tests","(root)","trigger a Buyer lead","","trigger a Buyer lead",""
"failed","Mon Jul 27 05:45:02 UTC 2026","Mon Jul 27 05:45:03 UTC 2026","612","4. Team CRM |CRM Staging","Endpoints Tests","Accounts","Get Account Information","","Get Account Information",""
"skipped","Mon Jul 27 05:44:10 UTC 2026","Mon Jul 27 05:44:10 UTC 2026","0","7. Team Pegasus | Pegasus Staging","Endpoints Tests","Business Insights","Graph","","Graph",""
"passed","Mon Jul 27 05:43:05 UTC 2026","Mon Jul 27 05:43:05 UTC 2026","30","2 Team Dragon - BFF | RFQ Backend","Business Scenario Tests","(root)","RFQ_details","","RFQ_details",""
"passed","Mon Jul 27 05:45:00 UTC 2026","Mon Jul 27 05:45:00 UTC 2026","210","1.1 Team Hummingbird - BFF | WLW app","Endpoint tests","Homepage, products","trending products","","trending products",""
"skipped","Mon Jul 27 05:44:10 UTC 2026","Mon Jul 27 05:44:10 UTC 2026","0","7. Team Pegasus | Pegasus Staging","Business Scenarios Tests","Visitors","Statistics visitor drill-down","","CSV creation",""
"broken","Mon Jul 27 05:52:01 UTC 2026","Mon Jul 27 05:52:21 UTC 2026","20022","Dolphin","Technical","","","productInferenceShortQueryTest","AI product search inference: minimal searchText boundary",""
"skipped","Mon Jul 27 05:44:10 UTC 2026","Mon Jul 27 05:44:10 UTC 2026","0","7. Team Pegasus | Pegasus Staging","Endpoints Tests","Business Insights","Company Overview","","Company Overview",""
"passed","Mon Jul 27 05:44:06 UTC 2026","Mon Jul 27 05:44:07 UTC 2026","575","1 Team Hummingbird - BFF | EP app","Endpoint tests","Search","search autoComplete EN","","search autoComplete EN",""
"passed","Mon Jul 27 05:45:07 UTC 2026","Mon Jul 27 05:45:07 UTC 2026","35","1.1 Team Hummingbird - BFF | WLW app","Technical Tests","categories-controller","GET /public_api/categories/homepage [NEG] Expired Token","","GET /public_api/categories/homepage [NEG] Expired Token",""
"passed","Mon Jul 27 05:44:59 UTC 2026","Mon Jul 27 05:44:59 UTC 2026","98","1.1 Team Hummingbird - BFF | WLW app","Endpoint tests","Company","search company products","","search company products",""
"skipped","Mon Jul 27 05:44:10 UTC 2026","Mon Jul 27 05:44:10 UTC 2026","0","7. Team Pegasus | Pegasus Staging","Spike | Profiles link user to company","(root)","01 OAuth — Supplier Facts token","","01 OAuth — Supplier Facts token",""
"passed","Mon Jul 27 05:45:31 UTC 2026","Mon Jul 27 05:45:31 UTC 2026","29","1.1 Team Hummingbird - BFF | WLW app","Technical Tests","search-controller","GET /public_api/search/ai/tabChange [SEC] Injection Probe","","GET /public_api/search/ai/tabChange [SEC] Injection Probe",""
"failed","Mon Jul 27 05:45:14 UTC 2026","Mon Jul 27 05:45:14 UTC 2026","10","1.1 Team Hummingbird - BFF | WLW app","Technical Tests","conversation-controller","GET /public_api/conversation/userConversations/{conversationId}/file","","GET /public_api/conversation/userConversations/{conversationId}/file",""
"passed","Mon Jul 27 05:45:21 UTC 2026","Mon Jul 27 05:45:21 UTC 2026","36","1.1 Team Hummingbird - BFF | WLW app","Technical Tests","login-controller","POST /public_api/auth/code/verify [NEG] Forbidden Role Token","","POST /public_api/auth/code/verify [NEG] Forbidden Role Token",""
"passed","Mon Jul 27 05:45:06 UTC 2026","Mon Jul 27 05:45:06 UTC 2026","73","4. Team CRM |CRM Staging","Endpoints Tests","(root)","resolve individual id bulk","","resolve individual id bulk",""
"passed","Mon Jul 27 05:45:04 UTC 2026","Mon Jul 27 05:45:04 UTC 2026","33","1.1 Team Hummingbird - BFF | WLW app","Technical Tests","ai-company-search-controller","POST /public_api/search/ai/supplier/pv-match [NEG] Expired Token","","POST /public_api/search/ai/supplier/pv-match [NEG] Expired Token",""
"passed","Mon Jul 27 05:45:28 UTC 2026","Mon Jul 27 05:45:28 UTC 2026","19","1.1 Team Hummingbird - BFF | WLW app","Technical Tests","rfq-marketing-controller","POST /public_api/rfq-marketing/trigger [NEG] Missing Auth/API-Key","","POST /public_api/rfq-marketing/trigger [NEG] Missing Auth/API-Key",""
"skipped","Mon Jul 27 05:49:37 UTC 2026","Mon Jul 27 05:49:37 UTC 2026","0","3 Team Techno - UCL","Technical Tests","GoogleAd","GET /unified_commercial_logic/internal_api/api/google_ad - Retrieve GoogleAd List","","GET /unified_commercial_logic/internal_api/api/google_ad - Retrieve GoogleAd List",""
"passed","Mon Jul 27 05:52:46 UTC 2026","Mon Jul 27 05:52:47 UTC 2026","702","Dolphin","Technical","","","productTextSearchPageZeroTest","AI product text search recall: page=0 normalized",""
"failed","Mon Jul 27 05:45:08 UTC 2026","Mon Jul 27 05:45:08 UTC 2026","12","1.1 Team Hummingbird - BFF | WLW app","Technical Tests","company-controller","GET /public_api/company [SEC] Injection Probe","","GET /public_api/company [SEC] Injection Probe",""
"passed","Mon Jul 27 05:45:18 UTC 2026","Mon Jul 27 05:45:18 UTC 2026","27","1.1 Team Hummingbird - BFF | WLW app","Technical Tests","feedback-controller","GET /feedback/subject [NEG] Missing Auth/API-Key","","GET /feedback/subject [NEG] Missing Auth/API-Key",""
"passed","Mon Jul 27 05:52:45 UTC 2026","Mon Jul 27 05:52:46 UTC 2026","720","Dolphin","Technical","","","productTextSearchPageSizeZeroTest","AI product text search recall: pageSize=0 normalized to default",""
"passed","Mon Jul 27 05:44:05 UTC 2026","Mon Jul 27 05:44:05 UTC 2026","30","1 Team Hummingbird - BFF | EP app","Endpoint tests","Support","currency daily rates","","currency daily rates",""
"skipped","Mon Jul 27 05:44:10 UTC 2026","Mon Jul 27 05:44:10 UTC 2026","0","7. Team Pegasus | Pegasus Staging","Endpoints Tests","User & Company Context","User Profile Storage by uuid","","User Profile Storage by uuid",""
"skipped","Mon Jul 27 05:49:37 UTC 2026","Mon Jul 27 05:49:37 UTC 2026","0","3 Team Techno - UCL","Technical Tests","Membership","GET /unified_commercial_logic/internal_api/api/membership/ - Retrieve Membership List","","GET /unified_commercial_logic/internal_api/api/membership/ - Retrieve Membership List",""
"passed","Mon Jul 27 05:45:02 UTC 2026","Mon Jul 27 05:45:04 UTC 2026","1822","1.1 Team Hummingbird - BFF | WLW app","Endpoint tests","Visitor profiler","Visits","","Visits",""
"skipped","Mon Jul 27 05:44:10 UTC 2026","Mon Jul 27 05:44:10 UTC 2026","0","7. Team Pegasus | Pegasus Staging","Endpoints Tests","Shop Import & Onboarding Backend","/offers/topCategories","","/offers/topCategories",""
"broken","Mon Jul 27 05:50:00 UTC 2026","Mon Jul 27 05:50:20 UTC 2026","20006","Dolphin","Functional","","","recallTest","AI Search recall (supplierTextSearch) API using params from inference",""
"passed","Mon Jul 27 05:43:03 UTC 2026","Mon Jul 27 05:43:03 UTC 2026","124","2 Team Dragon - BFF | RFQ Backend","Functional Tests","(root)","GET /v1/rfqs - Success","","GET /v1/rfqs - Success",""
"passed","Mon Jul 27 05:45:00 UTC 2026","Mon Jul 27 05:45:00 UTC 2026","165","4. Team CRM |CRM Staging","Business Scenarios Tests","Lead","Smoke test for Conversion","","Smoke test for Conversion",""
"failed","Mon Jul 27 05:45:30 UTC 2026","Mon Jul 27 05:45:30 UTC 2026","11","1.1 Team Hummingbird - BFF | WLW app","Technical Tests","search-controller","GET /public_api/search/products [NEG] Missing Auth/API-Key","","GET /public_api/search/products [NEG] Missing Auth/API-Key",""
"skipped","Mon Jul 27 05:44:10 UTC 2026","Mon Jul 27 05:44:10 UTC 2026","0","7. Team Pegasus | Pegasus Staging","Spike | Profiles link user to company","(root)","05 GET — Profile by email","","05 GET — Profile by email",""
"passed","Mon Jul 27 05:45:05 UTC 2026","Mon Jul 27 05:45:05 UTC 2026","112","4. Team CRM |CRM Staging","Endpoints Tests","(root)","Update WLW Connect Counters with id","","Update WLW Connect Counters with id",""
"passed","Mon Jul 27 05:45:19 UTC 2026","Mon Jul 27 05:45:19 UTC 2026","36","1.1 Team Hummingbird - BFF | WLW app","Technical Tests","login-controller","POST /public_api/auth/session/extend [NEG] Missing Auth/API-Key","","POST /public_api/auth/session/extend [NEG] Missing Auth/API-Key",""
"passed","Mon Jul 27 05:45:03 UTC 2026","Mon Jul 27 05:45:03 UTC 2026","80","4. Team CRM |CRM Staging","Endpoints Tests","(root)","resolve individual id","","resolve individual id",""
"passed","Mon Jul 27 05:45:21 UTC 2026","Mon Jul 27 05:45:21 UTC 2026","35","1.1 Team Hummingbird - BFF | WLW app","Technical Tests","login-controller","POST /public_api/auth/password/login [NEG] Expired Token","","POST /public_api/auth/password/login [NEG] Expired Token",""
"broken","Mon Jul 27 05:45:39 UTC 2026","Mon Jul 27 05:45:59 UTC 2026","20020","Dolphin","Technical","","","recallBlankQueryTest","AI Search recall: blank query and imageUrl → business failure",""
"broken","Mon Jul 27 05:45:19 UTC 2026","Mon Jul 27 05:45:39 UTC 2026","20473","Dolphin","Technical","","","recallAlternateSortTest","AI Search recall: alternate sort (order_num_desc)",""
"passed","Mon Jul 27 05:45:03 UTC 2026","Mon Jul 27 05:45:03 UTC 2026","69","4. Team CRM |CRM Staging","Endpoints Tests","(root)","get responsible user","","get responsible user",""
"passed","Mon Jul 27 05:45:18 UTC 2026","Mon Jul 27 05:45:18 UTC 2026","35","1.1 Team Hummingbird - BFF | WLW app","Technical Tests","help-and-support-controller","POST /help [NEG] Missing Auth/API-Key","","POST /help [NEG] Missing Auth/API-Key",""
"passed","Mon Jul 27 05:45:00 UTC 2026","Mon Jul 27 05:45:00 UTC 2026","98","1.1 Team Hummingbird - BFF | WLW app","Endpoint tests","Search","search track","","search track",""
"skipped","Mon Jul 27 05:44:10 UTC 2026","Mon Jul 27 05:44:10 UTC 2026","0","7. Team Pegasus | Pegasus Staging","Endpoints Tests","Shop Import & Onboarding Backend","/offers/searchCategories","","/offers/searchCategories",""
"broken","Mon Jul 27 05:42:59 UTC 2026","Mon Jul 27 05:43:00 UTC 2026","549","Bamboo","Technical","","","leafCategoryPredictTest","leafCategoryPredict",""
"failed","Mon Jul 27 05:45:01 UTC 2026","Mon Jul 27 05:45:01 UTC 2026","357","1.1 Team Hummingbird - BFF | WLW app","Endpoint tests","Contact request","Callback request","","Callback request",""
"failed","Mon Jul 27 05:45:07 UTC 2026","Mon Jul 27 05:45:07 UTC 2026","9","1.1 Team Hummingbird - BFF | WLW app","Technical Tests","company-controller","GET /public_api/suppliers/{companyID}/listings [SEC] Injection Probe","","GET /public_api/suppliers/{companyID}/listings [SEC] Injection Probe",""
"passed","Mon Jul 27 05:44:56 UTC 2026","Mon Jul 27 05:44:56 UTC 2026","111","1.1 Team Hummingbird - BFF | WLW app","Endpoint tests","Login","forgot password","","forgot password",""
"passed","Mon Jul 27 05:45:00 UTC 2026","Mon Jul 27 05:45:00 UTC 2026","165","4. Team CRM |CRM Staging","Business Scenarios Tests","Lead","Smoke test for Conversion","","Smoke test for Conversion",""
"passed","Mon Jul 27 05:45:19 UTC 2026","Mon Jul 27 05:45:19 UTC 2026","34","1.1 Team Hummingbird - BFF | WLW app","Technical Tests","login-controller","POST /public_api/auth/session/extend","","POST /public_api/auth/session/extend",""
"skipped","Mon Jul 27 05:44:10 UTC 2026","Mon Jul 27 05:44:10 UTC 2026","0","7. Team Pegasus | Pegasus Staging","Endpoints Tests","Supplier Registration","Manual VAT check","","vat/check - Validate VAT number",""
"failed","Mon Jul 27 05:44:09 UTC 2026","Mon Jul 27 05:44:14 UTC 2026","4089","1 Team Hummingbird - BFF | EP app","Endpoint tests","Conversations","unread count","","unread count",""
"passed","Mon Jul 27 05:43:04 UTC 2026","Mon Jul 27 05:43:04 UTC 2026","5","2 Team Dragon - BFF | RFQ Backend","Functional Tests","(root)","Assertions Summary (Doc)","","Assertions Summary (Doc)",""
"passed","Mon Jul 27 05:52:48 UTC 2026","Mon Jul 27 05:52:48 UTC 2026","796","Dolphin","Technical","","","productTextSearchSecondPageTest","AI product text search recall: pagination page 2",""
"passed","Mon Jul 27 05:44:05 UTC 2026","Mon Jul 27 05:44:06 UTC 2026","439","1 Team Hummingbird - BFF | EP app","Endpoint tests","Company","Suppliers listings","","Suppliers listings",""
"passed","Mon Jul 27 05:44:06 UTC 2026","Mon Jul 27 05:44:06 UTC 2026","352","1 Team Hummingbird - BFF | EP app","Endpoint tests","Company","Companies / products DE","","Companies / products DE",""
"skipped","Mon Jul 27 05:49:37 UTC 2026","Mon Jul 27 05:49:37 UTC 2026","0","3 Team Techno - UCL","Technical Tests","Membership","GET /unified_commercial_logic/internal_api/api/membership/v2 - Retrieve Membership V2 List","","GET /unified_commercial_logic/internal_api/api/membership/v2 - Retrieve Membership V2 List",""
"broken","Mon Jul 27 05:45:19 UTC 2026","Mon Jul 27 05:45:39 UTC 2026","20473","Dolphin","Functional","","","recallAlternateSortTest","AI Search recall: alternate sort (order_num_desc)",""
"passed","Mon Jul 27 05:45:09 UTC 2026","Mon Jul 27 05:45:09 UTC 2026","33","1.1 Team Hummingbird - BFF | WLW app","Technical Tests","conversation-controller","PUT /public_api/conversation/userConversations/{conversationId}/tag","","PUT /public_api/conversation/userConversations/{conversationId}/tag",""
"passed","Mon Jul 27 05:44:59 UTC 2026","Mon Jul 27 05:44:59 UTC 2026","254","4. Team CRM |CRM Staging","Business Scenarios Tests","Lead","Lead-duplicateCheck - with dulicates","","Lead-duplicateCheck - with dulicates",""
"broken","Mon Jul 27 05:50:40 UTC 2026","Mon Jul 27 05:51:01 UTC 2026","20642","Dolphin","Technical","","","recallWhitespaceQueryTest","AI Search recall: whitespace-only query → business failure",""
"broken","Mon Jul 27 05:49:20 UTC 2026","Mon Jul 27 05:49:40 UTC 2026","20225","Dolphin","Functional","","","recallSingleFilterTest","AI Search recall: single filter (verified=true)",""
"passed","Mon Jul 27 05:45:25 UTC 2026","Mon Jul 27 05:45:25 UTC 2026","16","1.1 Team Hummingbird - BFF | WLW app","Technical Tests","purchaser-user-setting-controller","POST /userSetting/ [NEG] Missing Auth/API-Key","","POST /userSetting/ [NEG] Missing Auth/API-Key",""
"failed","Mon Jul 27 05:52:53 UTC 2026","Mon Jul 27 05:52:53 UTC 2026","45","Dolphin","Technical","","","sameStoreProductRecommendTest","product same store recommend -- wlw",""
"passed","Mon Jul 27 05:45:02 UTC 2026","Mon Jul 27 05:45:03 UTC 2026","984","4. Team CRM |CRM Staging","Business Scenarios Tests","Products","Update Product","","Update Product",""
"broken","Mon Jul 27 05:42:58 UTC 2026","Mon Jul 27 05:42:59 UTC 2026","642","Bamboo","Functional","","","findCategoryByIdTest","findCategoryById",""
"passed","Mon Jul 27 05:44:03 UTC 2026","Mon Jul 27 05:44:04 UTC 2026","650","Arise","Functional","","","getAllElementsByUrlTest","getAllElementsByUrlTest",""
"passed","Mon Jul 27 05:45:10 UTC 2026","Mon Jul 27 05:45:10 UTC 2026","34","1.1 Team Hummingbird - BFF | WLW app","Technical Tests","conversation-controller","GET /public_api/conversation/userConversations/{conversationId}/messages [SEC] Injection Probe","","GET /public_api/conversation/userConversations/{conversationId}/messages [SEC] Injection Probe",""
"failed","Mon Jul 27 05:45:24 UTC 2026","Mon Jul 27 05:45:24 UTC 2026","13","1.1 Team Hummingbird - BFF | WLW app","Technical Tests","product-controller","GET /public_api/companies/{supplierPublicId}/products [SEC] Injection Probe","","GET /public_api/companies/{supplierPublicId}/products [SEC] Injection Probe",""
"passed","Mon Jul 27 05:45:08 UTC 2026","Mon Jul 27 05:45:08 UTC 2026","32","1.1 Team Hummingbird - BFF | WLW app","Technical Tests","contact-form-controller","POST /public_api/contact-form/messages","","POST /public_api/contact-form/messages",""
"skipped","Mon Jul 27 05:49:37 UTC 2026","Mon Jul 27 05:49:37 UTC 2026","0","3 Team Techno - UCL","Technical Tests","Organization","GET /unified_commercial_logic/internal_api/api/organization - Retrieve Organization List","","GET /unified_commercial_logic/internal_api/api/organization - Retrieve Organization List",""
"skipped","Mon Jul 27 05:44:10 UTC 2026","Mon Jul 27 05:44:10 UTC 2026","0","7. Team Pegasus | Pegasus Staging","Endpoints Tests","Visitors","Java (statistics-app)","","Visitors list",""
"passed","Mon Jul 27 05:45:03 UTC 2026","Mon Jul 27 05:45:03 UTC 2026","121","4. Team CRM |CRM Staging","Endpoints Tests","(root)","get connect receipient","","get connect receipient",""
"passed","Mon Jul 27 05:45:08 UTC 2026","Mon Jul 27 05:45:08 UTC 2026","31","1.1 Team Hummingbird - BFF | WLW app","Technical Tests","contact-form-controller","POST /public_api/contact-form/messages [NEG] Missing Auth/API-Key","","POST /public_api/contact-form/messages [NEG] Missing Auth/API-Key",""
"failed","Mon Jul 27 05:44:56 UTC 2026","Mon Jul 27 05:44:56 UTC 2026","693","4. Team CRM |CRM Staging","Business Scenarios Tests","Account","Verify HubSpot Sync","","Verify HubSpot Sync",""
"passed","Mon Jul 27 05:44:07 UTC 2026","Mon Jul 27 05:44:08 UTC 2026","1331","1 Team Hummingbird - BFF | EP app","Endpoint tests","Search","Product Search EN","","Product Search EN",""
"passed","Mon Jul 27 05:45:09 UTC 2026","Mon Jul 27 05:45:09 UTC 2026","35","1.1 Team Hummingbird - BFF | WLW app","Technical Tests","conversation-controller","PUT /public_api/conversation/userConversations/{conversationId}/tag [NEG] Forbidden Role Token","","PUT /public_api/conversation/userConversations/{conversationId}/tag [NEG] Forbidden Role Token",""
"skipped","Mon Jul 27 05:44:10 UTC 2026","Mon Jul 27 05:44:10 UTC 2026","0","7. Team Pegasus | Pegasus Staging","Endpoints Tests","Shop Import & Onboarding Backend","/offers/keywordSuggestion","","/offers/keywordSuggestion",""
"skipped","Mon Jul 27 05:44:10 UTC 2026","Mon Jul 27 05:44:10 UTC 2026","0","7. Team Pegasus | Pegasus Staging","Endpoints Tests","Business Insights","Admin BIOPS imports","","Admin BIOPS imports",""
"passed","Mon Jul 27 05:44:04 UTC 2026","Mon Jul 27 05:44:04 UTC 2026","519","Arise","Technical","","","psearchProxySearch","psearchProxySearch",""
"failed","Mon Jul 27 05:45:14 UTC 2026","Mon Jul 27 05:45:14 UTC 2026","11","1.1 Team Hummingbird - BFF | WLW app","Technical Tests","conversation-controller","GET /public_api/conversation/userConversations/{conversationId}/file [NEG] Expired Token","","GET /public_api/conversation/userConversations/{conversationId}/file [NEG] Expired Token",""
"passed","Mon Jul 27 05:52:51 UTC 2026","Mon Jul 27 05:52:51 UTC 2026","157","Dolphin","Functional","","","EPHomepageProductRecommendTest","homepage product recommend -- ep",""
"passed","Mon Jul 27 05:44:09 UTC 2026","Mon Jul 27 05:44:10 UTC 2026","939","1 Team Hummingbird - BFF | EP app","Endpoint tests","Conversations","translate message","","translate message",""
"passed","Mon Jul 27 05:45:05 UTC 2026","Mon Jul 27 05:45:05 UTC 2026","89","4. Team CRM |CRM Staging","Endpoints Tests","(root)","Update Website Leads Fields with sf_id","","Update Website Leads Fields with sf_id",""
"passed","Mon Jul 27 05:45:17 UTC 2026","Mon Jul 27 05:45:17 UTC 2026","29","1.1 Team Hummingbird - BFF | WLW app","Technical Tests","feedback-controller","POST /v1/feedback [NEG] Forbidden Role Token","","POST /v1/feedback [NEG] Forbidden Role Token",""
"passed","Mon Jul 27 05:45:31 UTC 2026","Mon Jul 27 05:45:31 UTC 2026","16","1.1 Team Hummingbird - BFF | WLW app","Technical Tests","search-controller","GET /public_api/search/ai/tabChange [NEG] Missing Auth/API-Key","","GET /public_api/search/ai/tabChange [NEG] Missing Auth/API-Key",""
"failed","Mon Jul 27 05:45:22 UTC 2026","Mon Jul 27 05:45:22 UTC 2026","12","1.1 Team Hummingbird - BFF | WLW app","Technical Tests","product-controller","GET /public_api/products","","GET /public_api/products",""
"passed","Mon Jul 27 05:45:18 UTC 2026","Mon Jul 27 05:45:18 UTC 2026","38","1.1 Team Hummingbird - BFF | WLW app","Technical Tests","feedback-controller","GET /feedback/subject","","GET /feedback/subject",""
"skipped","Mon Jul 27 05:44:10 UTC 2026","Mon Jul 27 05:44:10 UTC 2026","0","7. Team Pegasus | Pegasus Staging","Endpoints Tests","Shop Import & Onboarding Backend","/categories/suggest","","/categories/suggest",""
"passed","Mon Jul 27 05:52:45 UTC 2026","Mon Jul 27 05:52:45 UTC 2026","800","Dolphin","Technical","","","productTextSearchPageSizeCapTest","AI product text search recall: pageSize over max capped",""
"passed","Mon Jul 27 05:52:44 UTC 2026","Mon Jul 27 05:52:44 UTC 2026","686","Dolphin","Technical","","","productTextSearchMalformedRawQueryStructTest","AI product text search recall: malformed rawQueryStruct still success",""
"passed","Mon Jul 27 05:45:16 UTC 2026","Mon Jul 27 05:45:16 UTC 2026","16","1.1 Team Hummingbird - BFF | WLW app","Technical Tests","dynamic-links-controller","POST /public_api/branchio/dynamiclink [NEG] Missing Auth/API-Key","","POST /public_api/branchio/dynamiclink [NEG] Missing Auth/API-Key",""
"passed","Mon Jul 27 05:44:04 UTC 2026","Mon Jul 27 05:44:04 UTC 2026","78","1 Team Hummingbird - BFF | EP app","Endpoint tests","User settings","user setting","","user setting",""
"broken","Mon Jul 27 05:47:20 UTC 2026","Mon Jul 27 05:47:40 UTC 2026","20222","Dolphin","Technical","","","recallNoResultQueryTest","AI Search recall: no-result query (empty offers or zero total)",""
"passed","Mon Jul 27 05:45:01 UTC 2026","Mon Jul 27 05:45:01 UTC 2026","24","1.1 Team Hummingbird - BFF | WLW app","Endpoint tests","Homepage, products","categories/homepage","","categories/homepage",""
"passed","Mon Jul 27 05:45:05 UTC 2026","Mon Jul 27 05:45:06 UTC 2026","1010","4. Team CRM |CRM Staging","Endpoints Tests","(root)","Create platform profile","","Create platform profile",""
"passed","Mon Jul 27 05:45:35 UTC 2026","Mon Jul 27 05:45:35 UTC 2026","32","1.1 Team Hummingbird - BFF | WLW app","Technical Tests","trending-products-controller","POST /public_api/trending/import","","POST /public_api/trending/import",""
"broken","Mon Jul 27 05:51:21 UTC 2026","Mon Jul 27 05:51:41 UTC 2026","20019","Dolphin","Technical","","","termRecommendNoMockTest","AI Search term recommend API without mock",""
"skipped","Mon Jul 27 05:49:37 UTC 2026","Mon Jul 27 05:49:37 UTC 2026","0","3 Team Techno - UCL","Technical Tests","GoogleAd","GET /unified_commercial_logic/internal_api/api/google_ad/ - Retrieve GoogleAd List","","GET /unified_commercial_logic/internal_api/api/google_ad/ - Retrieve GoogleAd List",""
"failed","Mon Jul 27 05:45:05 UTC 2026","Mon Jul 27 05:45:05 UTC 2026","13","1.1 Team Hummingbird - BFF | WLW app","Technical Tests","ai-company-search-controller","GET /public_api/search/ai/company/stream/mock [NEG] Expired Token","","GET /public_api/search/ai/company/stream/mock [NEG] Expired Token",""
"passed","Mon Jul 27 05:44:56 UTC 2026","Mon Jul 27 05:44:57 UTC 2026","851","4. Team CRM |CRM Staging","Business Scenarios Tests","Account","Smoke Test Create Account with All Fields","","Smoke Test Create Account with All Fields",""
"skipped","Mon Jul 27 05:44:10 UTC 2026","Mon Jul 27 05:44:10 UTC 2026","0","7. Team Pegasus | Pegasus Staging","Endpoints Tests","User & Company Context","User Profile Storage by email","","User Profile Storage by email",""
"passed","Mon Jul 27 05:45:33 UTC 2026","Mon Jul 27 05:45:33 UTC 2026","34","1.1 Team Hummingbird - BFF | WLW app","Technical Tests","search-term-controller","PUT /public_api/search/notification-opened","","PUT /public_api/search/notification-opened",""
"passed","Mon Jul 27 05:45:26 UTC 2026","Mon Jul 27 05:45:26 UTC 2026","31","1.1 Team Hummingbird - BFF | WLW app","Technical Tests","purchaser-user-setting-controller","POST /userSetting [NEG] Expired Token","","POST /userSetting [NEG] Expired Token",""
"passed","Mon Jul 27 05:45:16 UTC 2026","Mon Jul 27 05:45:16 UTC 2026","32","1.1 Team Hummingbird - BFF | WLW app","Technical Tests","euro-pages-controller","PUT /public_api/euro-pages/auth/delete [NEG] Forbidden Role Token","","PUT /public_api/euro-pages/auth/delete [NEG] Forbidden Role Token",""
"failed","Mon Jul 27 05:45:36 UTC 2026","Mon Jul 27 05:45:36 UTC 2026","9","1.1 Team Hummingbird - BFF | WLW app","Technical Tests","trending-products-controller","GET /public_api/trending/products [NEG] Forbidden Role Token","","GET /public_api/trending/products [NEG] Forbidden Role Token",""
"broken","Mon Jul 27 05:49:40 UTC 2026","Mon Jul 27 05:50:00 UTC 2026","20006","Dolphin","Technical","","","recallSpecialCharQueryTest","AI Search recall: special-character query structure OK",""
"skipped","Mon Jul 27 05:44:53 UTC 2026","Mon Jul 27 05:44:53 UTC 2026","0","4. Team CRM |CRM Staging","Endpoints Tests","Activities","(empty)","","Endpoints Tests / Activities - empty",""
"failed","Mon Jul 27 05:43:04 UTC 2026","Mon Jul 27 05:43:04 UTC 2026","34","2 Team Dragon - BFF | RFQ Backend","Technical Tests","(root)","POST /v1/rfqs/{rfqId}/respond - Multipart Upload + Schema + Security","","POST /v1/rfqs/{rfqId}/respond - Multipart Upload + Schema + Security",""
"passed","Mon Jul 27 05:52:51 UTC 2026","Mon Jul 27 05:52:51 UTC 2026","756","Dolphin","Technical","","","productTextSearchTopRankingScenarioTest","AI product text search recall: wlw-staging cnc top-ranking scenario",""
"passed","Mon Jul 27 05:45:05 UTC 2026","Mon Jul 27 05:45:05 UTC 2026","89","4. Team CRM |CRM Staging","Endpoints Tests","(root)","Update Website Leads Fields with sf_id","","Update Website Leads Fields with sf_id",""
"passed","Mon Jul 27 05:45:19 UTC 2026","Mon Jul 27 05:45:19 UTC 2026","31","1.1 Team Hummingbird - BFF | WLW app","Technical Tests","login-controller","POST /public_api/auth/session/extend [NEG] Expired Token","","POST /public_api/auth/session/extend [NEG] Expired Token",""
"skipped","Mon Jul 27 05:44:53 UTC 2026","Mon Jul 27 05:44:53 UTC 2026","0","4. Team CRM |CRM Staging","Endpoints Tests","Leads","(empty)","","Endpoints Tests / Leads - empty",""
"broken","Mon Jul 27 05:42:58 UTC 2026","Mon Jul 27 05:42:59 UTC 2026","642","Bamboo","Technical","","","findCategoryByIdTest","findCategoryById",""
"passed","Mon Jul 27 05:44:04 UTC 2026","Mon Jul 27 05:44:04 UTC 2026","519","Arise","Functional","","","psearchProxySearch","psearchProxySearch",""
"passed","Mon Jul 27 05:45:10 UTC 2026","Mon Jul 27 05:45:10 UTC 2026","32","1.1 Team Hummingbird - BFF | WLW app","Technical Tests","conversation-controller","PUT /public_api/conversation/userConversations/{conversationId}/messages/markAsRead [SEC] Injection Probe","","PUT /public_api/conversation/userConversations/{conversationId}/messages/markAsRead [SEC] Injection Probe",""
"passed","Mon Jul 27 05:45:09 UTC 2026","Mon Jul 27 05:45:09 UTC 2026","31","1.1 Team Hummingbird - BFF | WLW app","Technical Tests","contact-form-controller","POST /public_api/contact-form/messages [NEG] Forbidden Role Token","","POST /public_api/contact-form/messages [NEG] Forbidden Role Token",""
"failed","Mon Jul 27 05:44:56 UTC 2026","Mon Jul 27 05:44:56 UTC 2026","693","4. Team CRM |CRM Staging","Business Scenarios Tests","Account","Verify HubSpot Sync","","Verify HubSpot Sync",""
"failed","Mon Jul 27 05:44:03 UTC 2026","Mon Jul 27 05:44:04 UTC 2026","268","1 Team Hummingbird - BFF | EP app","Endpoint tests","Login","resend code","","resend code",""
"passed","Mon Jul 27 05:45:20 UTC 2026","Mon Jul 27 05:45:20 UTC 2026","14","1.1 Team Hummingbird - BFF | WLW app","Technical Tests","login-controller","POST /public_api/auth/password/login [NEG] Missing Auth/API-Key","","POST /public_api/auth/password/login [NEG] Missing Auth/API-Key",""
"skipped","Mon Jul 27 05:44:10 UTC 2026","Mon Jul 27 05:44:10 UTC 2026","0","7. Team Pegasus | Pegasus Staging","Business Scenarios Tests","Supplier Facts","Company create and update for UI","","Create company",""
"passed","Mon Jul 27 05:44:07 UTC 2026","Mon Jul 27 05:44:08 UTC 2026","978","1 Team Hummingbird - BFF | EP app","Endpoint tests","Search","Product Search FR","","Product Search FR",""
"passed","Mon Jul 27 05:44:58 UTC 2026","Mon Jul 27 05:44:58 UTC 2026","139","4. Team CRM |CRM Staging","Business Scenarios Tests","Create and edit a contact","Check Contact","","Check Contact",""
"skipped","Mon Jul 27 05:49:37 UTC 2026","Mon Jul 27 05:49:37 UTC 2026","0","3 Team Techno - UCL","Technical Tests","Retargeting","GET /unified_commercial_logic/internal_api/api/retargeting - Retrieve Retargeting List","","GET /unified_commercial_logic/internal_api/api/retargeting - Retrieve Retargeting List",""
"passed","Mon Jul 27 05:44:06 UTC 2026","Mon Jul 27 05:44:07 UTC 2026","239","1 Team Hummingbird - BFF | EP app","Endpoint tests","Search","search autoComplete DE","","search autoComplete DE",""
"passed","Mon Jul 27 05:44:03 UTC 2026","Mon Jul 27 05:44:03 UTC 2026","784","1 Team Hummingbird - BFF | EP app","Endpoint tests","Login","native email login","","native email login",""
"skipped","Mon Jul 27 05:49:37 UTC 2026","Mon Jul 27 05:49:37 UTC 2026","0","3 Team Techno - UCL","Functional Tests","Endpoint Tests","SponsoredBrand","","get SPB by id",""
"failed","Mon Jul 27 05:44:56 UTC 2026","Mon Jul 27 05:44:57 UTC 2026","1359","4. Team CRM |CRM Staging","Business Scenarios Tests","Account","Smoke Test Basic Account Creation","","Smoke Test Basic Account Creation",""
"passed","Mon Jul 27 05:43:05 UTC 2026","Mon Jul 27 05:43:05 UTC 2026","6","2 Team Dragon - BFF | RFQ Backend","Technical Tests","(root)","GET /v1/user - User Info + Roles + Negative Auth","","GET /v1/user - User Info + Roles + Negative Auth",""
"failed","Mon Jul 27 05:45:12 UTC 2026","Mon Jul 27 05:45:12 UTC 2026","13","1.1 Team Hummingbird - BFF | WLW app","Technical Tests","conversation-controller","GET /public_api/conversation/userConversations [NEG] Missing Auth/API-Key","","GET /public_api/conversation/userConversations [NEG] Missing Auth/API-Key",""
"passed","Mon Jul 27 05:45:15 UTC 2026","Mon Jul 27 05:45:15 UTC 2026","31","1.1 Team Hummingbird - BFF | WLW app","Technical Tests","currency-exchange-controller","GET /exchange/fetch-rates [NEG] Expired Token","","GET /exchange/fetch-rates [NEG] Expired Token",""
"passed","Mon Jul 27 05:44:55 UTC 2026","Mon Jul 27 05:44:56 UTC 2026","521","1.1 Team Hummingbird - BFF | WLW app","Endpoint tests","Login","native email login purchaser","","native email login purchaser",""
"failed","Mon Jul 27 05:45:05 UTC 2026","Mon Jul 27 05:45:05 UTC 2026","10","1.1 Team Hummingbird - BFF | WLW app","Technical Tests","ai-company-search-controller","GET /public_api/search/ai/company/search [SEC] Injection Probe","","GET /public_api/search/ai/company/search [SEC] Injection Probe",""
"passed","Mon Jul 27 05:43:00 UTC 2026","Mon Jul 27 05:43:00 UTC 2026","42","Bamboo","Functional","","","listTopCategoriesTest","list top Categories",""
"skipped","Mon Jul 27 05:44:10 UTC 2026","Mon Jul 27 05:44:10 UTC 2026","0","7. Team Pegasus | Pegasus Staging","Endpoints Tests","Shop Import & Onboarding Backend","/offers/fetchCategory","","/offers/fetchCategory",""
"failed","Mon Jul 27 05:44:07 UTC 2026","Mon Jul 27 05:44:08 UTC 2026","232","1 Team Hummingbird - BFF | EP app","Endpoint tests","Homepage, products","product recommendations EN","","product recommendations EN",""
"passed","Mon Jul 27 05:45:01 UTC 2026","Mon Jul 27 05:45:03 UTC 2026","2029","1.1 Team Hummingbird - BFF | WLW app","Endpoint tests","Conversations","new message","","new message",""
"failed","Mon Jul 27 05:45:10 UTC 2026","Mon Jul 27 05:45:10 UTC 2026","11","1.1 Team Hummingbird - BFF | WLW app","Technical Tests","conversation-controller","GET /public_api/conversation/userConversations/{conversationId}/messages","","GET /public_api/conversation/userConversations/{conversationId}/messages",""
"skipped","Mon Jul 27 05:44:10 UTC 2026","Mon Jul 27 05:44:10 UTC 2026","0","7. Team Pegasus | Pegasus Staging","Spike | Profiles link user to company","(root)","10 MANUAL — company-editor basic-info (browser)","","10 MANUAL — company-editor basic-info (browser)",""
"passed","Mon Jul 27 05:44:54 UTC 2026","Mon Jul 27 05:44:54 UTC 2026","92","4. Team CRM |CRM Staging","Business Scenarios Tests","Tasks","Verify Change","","Verify Change",""
"passed","Mon Jul 27 05:44:57 UTC 2026","Mon Jul 27 05:44:57 UTC 2026","20","1.1 Team Hummingbird - BFF | WLW app","Endpoint tests","Support","Supportmasterdata_DE","","Supportmasterdata_DE",""
"failed","Mon Jul 27 05:45:14 UTC 2026","Mon Jul 27 05:45:14 UTC 2026","12","1.1 Team Hummingbird - BFF | WLW app","Technical Tests","conversation-controller","GET /public_api/conversation/userConversations/{conversationId}","","GET /public_api/conversation/userConversations/{conversationId}",""
"failed","Mon Jul 27 05:45:01 UTC 2026","Mon Jul 27 05:45:01 UTC 2026","317","1.1 Team Hummingbird - BFF | WLW app","Endpoint tests","Contact request","Other request","","Other request",""
"passed","Mon Jul 27 05:45:08 UTC 2026","Mon Jul 27 05:45:08 UTC 2026","37","1.1 Team Hummingbird - BFF | WLW app","Technical Tests","company-controller","GET /public_api/company/{id}","","GET /public_api/company/{id}",""
"passed","Mon Jul 27 05:45:19 UTC 2026","Mon Jul 27 05:45:19 UTC 2026","32","1.1 Team Hummingbird - BFF | WLW app","Technical Tests","login-controller","POST /public_api/auth/session/extend [NEG] Forbidden Role Token","","POST /public_api/auth/session/extend [NEG] Forbidden Role Token",""
"passed","Mon Jul 27 05:45:12 UTC 2026","Mon Jul 27 05:45:12 UTC 2026","29","1.1 Team Hummingbird - BFF | WLW app","Technical Tests","conversation-controller","POST /public_api/conversation/userConversations/{conversationId}/messages/file/ [NEG] Expired Token","","POST /public_api/conversation/userConversations/{conversationId}/messages/file/ [NEG] Expired Token",""
"passed","Mon Jul 27 05:45:10 UTC 2026","Mon Jul 27 05:45:10 UTC 2026","34","1.1 Team Hummingbird - BFF | WLW app","Technical Tests","conversation-controller","PUT /public_api/conversation/userConversations/{conversationId}/decline [NEG] Expired Token","","PUT /public_api/conversation/userConversations/{conversationId}/decline [NEG] Expired Token",""
"failed","Mon Jul 27 05:45:35 UTC 2026","Mon Jul 27 05:45:35 UTC 2026","13","1.1 Team Hummingbird - BFF | WLW app","Technical Tests","supplier-visitors-controller","GET /public_api/suppliers/{supplier_id}/visits/csv [NEG] Forbidden Role Token","","GET /public_api/suppliers/{supplier_id}/visits/csv [NEG] Forbidden Role Token",""
"failed","Mon Jul 27 05:45:30 UTC 2026","Mon Jul 27 05:45:30 UTC 2026","13","1.1 Team Hummingbird - BFF | WLW app","Technical Tests","search-controller","GET /public_api/search/autoComplete [NEG] Forbidden Role Token","","GET /public_api/search/autoComplete [NEG] Forbidden Role Token",""
"failed","Mon Jul 27 05:45:26 UTC 2026","Mon Jul 27 05:45:26 UTC 2026","11","1.1 Team Hummingbird - BFF | WLW app","Technical Tests","push-notification-by-email-controller","GET /v1/pushNotification [NEG] Missing Auth/API-Key","","GET /v1/pushNotification [NEG] Missing Auth/API-Key",""
"broken","Mon Jul 27 05:48:00 UTC 2026","Mon Jul 27 05:48:20 UTC 2026","20012","Dolphin","Technical","","","recallPageSizeZeroNormalizedTest","AI Search recall: pageSize=0 normalized to default",""
"failed","Mon Jul 27 05:45:08 UTC 2026","Mon Jul 27 05:45:08 UTC 2026","10","1.1 Team Hummingbird - BFF | WLW app","Technical Tests","company-controller","GET /public_api/company [NEG] Forbidden Role Token","","GET /public_api/company [NEG] Forbidden Role Token",""
"failed","Mon Jul 27 05:45:29 UTC 2026","Mon Jul 27 05:45:29 UTC 2026","10","1.1 Team Hummingbird - BFF | WLW app","Technical Tests","search-controller","GET /public_api/search","","GET /public_api/search",""
"broken","Mon Jul 27 05:46:19 UTC 2026","Mon Jul 27 05:46:39 UTC 2026","20017","Dolphin","Technical","","","recallIllegalSortPassthroughTest","AI Search recall: illegal sort passthrough (no param fail)",""
"skipped","Mon Jul 27 05:49:37 UTC 2026","Mon Jul 27 05:49:37 UTC 2026","0","3 Team Techno - UCL","Functional Tests","Endpoint Tests","membership","","get all membership for non-existing uuid",""
"passed","Mon Jul 27 05:45:06 UTC 2026","Mon Jul 27 05:45:06 UTC 2026","73","4. Team CRM |CRM Staging","Endpoints Tests","(root)","resolve individual id bulk","","resolve individual id bulk",""
"passed","Mon Jul 27 05:44:59 UTC 2026","Mon Jul 27 05:44:59 UTC 2026","254","4. Team CRM |CRM Staging","Business Scenarios Tests","Lead","Lead-duplicateCheck - with dulicates","","Lead-duplicateCheck - with dulicates",""
"passed","Mon Jul 27 05:44:53 UTC 2026","Mon Jul 27 05:44:54 UTC 2026","100","4. Team CRM |CRM Staging","Business Scenarios Tests","Tasks","Check Task","","Check Task",""
"passed","Mon Jul 27 05:44:56 UTC 2026","Mon Jul 27 05:44:57 UTC 2026","932","4. Team CRM |CRM Staging","Business Scenarios Tests","Account","Account for Contact","","Account for Contact",""
"passed","Mon Jul 27 05:43:03 UTC 2026","Mon Jul 27 05:43:04 UTC 2026","108","2 Team Dragon - BFF | RFQ Backend","Functional Tests","(root)","GET /v1/rfqs/{rfqId} - Success or 404","","GET /v1/rfqs/{rfqId} - Success or 404",""
"passed","Mon Jul 27 05:44:03 UTC 2026","Mon Jul 27 05:44:04 UTC 2026","650","Arise","Technical","","","getAllElementsByUrlTest","getAllElementsByUrlTest",""
"skipped","Mon Jul 27 05:49:37 UTC 2026","Mon Jul 27 05:49:37 UTC 2026","0","3 Team Techno - UCL","Technical Tests","GoogleAd","GET /unified_commercial_logic/internal_api/api/google_ad/{id} - Retrieve GoogleAd By ID","","GET /unified_commercial_logic/internal_api/api/google_ad/{id} - Retrieve GoogleAd By ID",""
"failed","Mon Jul 27 05:45:31 UTC 2026","Mon Jul 27 05:45:31 UTC 2026","9","1.1 Team Hummingbird - BFF | WLW app","Technical Tests","search-controller","GET /public_api/search/ai/termRecommend [NEG] Forbidden Role Token","","GET /public_api/search/ai/termRecommend [NEG] Forbidden Role Token",""
"failed","Mon Jul 27 05:45:27 UTC 2026","Mon Jul 27 05:45:27 UTC 2026","11","1.1 Team Hummingbird - BFF | WLW app","Technical Tests","push-notification-by-email-controller","PUT /v1/pushNotification [NEG] Forbidden Role Token","","PUT /v1/pushNotification [NEG] Forbidden Role Token",""
"passed","Mon Jul 27 05:45:02 UTC 2026","Mon Jul 27 05:45:02 UTC 2026","283","1.1 Team Hummingbird - BFF | WLW app","Endpoint tests","Conversations","translate message","","translate message",""
"skipped","Mon Jul 27 05:44:10 UTC 2026","Mon Jul 27 05:44:10 UTC 2026","0","7. Team Pegasus | Pegasus Staging","Endpoints Tests","Business Insights","Dashboard","","Dashboard",""
"passed","Mon Jul 27 05:45:02 UTC 2026","Mon Jul 27 05:45:03 UTC 2026","625","4. Team CRM |CRM Staging","Business Scenarios Tests","Meetings","Smoke Test for Meeting","","Smoke Test for Meeting",""
"passed","Mon Jul 27 05:45:15 UTC 2026","Mon Jul 27 05:45:15 UTC 2026","17","1.1 Team Hummingbird - BFF | WLW app","Technical Tests","currency-exchange-controller","GET /exchange/fetch-rates [NEG] Missing Auth/API-Key","","GET /exchange/fetch-rates [NEG] Missing Auth/API-Key",""
"broken","Mon Jul 27 05:50:00 UTC 2026","Mon Jul 27 05:50:20 UTC 2026","20006","Dolphin","Technical","","","recallTest","AI Search recall (supplierTextSearch) API using params from inference",""
"skipped","Mon Jul 27 05:44:03 UTC 2026","Mon Jul 27 05:44:03 UTC 2026","0","1 Team Hummingbird - BFF | EP app","Business Scenario Tests","(empty)","(empty)","","Business Scenario Tests - empty",""
"skipped","Mon Jul 27 05:49:37 UTC 2026","Mon Jul 27 05:49:37 UTC 2026","0","3 Team Techno - UCL","Technical Tests","WebsiteLead","GET /unified_commercial_logic/internal_api/api/website_lead/{id} - Retrieve WebsiteLead By ID","","GET /unified_commercial_logic/internal_api/api/website_lead/{id} - Retrieve WebsiteLead By ID",""
"failed","Mon Jul 27 05:45:33 UTC 2026","Mon Jul 27 05:45:33 UTC 2026","14","1.1 Team Hummingbird - BFF | WLW app","Technical Tests","search-term-controller","POST /public_api/search/track [NEG] Expired Token","","POST /public_api/search/track [NEG] Expired Token",""
"passed","Mon Jul 27 05:44:04 UTC 2026","Mon Jul 27 05:44:04 UTC 2026","23","1 Team Hummingbird - BFF | EP app","Endpoint tests","Support","Supportmasterdata_DE","","Supportmasterdata_DE",""
"failed","Mon Jul 27 05:45:01 UTC 2026","Mon Jul 27 05:45:02 UTC 2026","607","1.1 Team Hummingbird - BFF | WLW app","Endpoint tests","Conversations","user conversations to decline request","","user conversations to decline request",""
"skipped","Mon Jul 27 05:44:10 UTC 2026","Mon Jul 27 05:44:10 UTC 2026","0","7. Team Pegasus | Pegasus Staging","Endpoints Tests","User & Company Context","UCL Organizations","","UCL Organizations",""
"failed","Mon Jul 27 05:45:33 UTC 2026","Mon Jul 27 05:45:33 UTC 2026","11","1.1 Team Hummingbird - BFF | WLW app","Technical Tests","supplier-visitors-controller","GET /public_api/suppliers/{supplier_id}/visits","","GET /public_api/suppliers/{supplier_id}/visits",""
"failed","Mon Jul 27 05:44:09 UTC 2026","Mon Jul 27 05:44:09 UTC 2026","36","1 Team Hummingbird - BFF | EP app","Endpoint tests","Conversations","mark as read","","mark as read",""
"passed","Mon Jul 27 05:44:58 UTC 2026","Mon Jul 27 05:44:58 UTC 2026","139","4. Team CRM |CRM Staging","Business Scenarios Tests","Create and edit a contact","Check Contact","","Check Contact",""
"passed","Mon Jul 27 05:45:01 UTC 2026","Mon Jul 27 05:45:02 UTC 2026","560","1.1 Team Hummingbird - BFF | WLW app","Endpoint tests","Conversations","conversation/messages","","conversation/messages",""
"skipped","Mon Jul 27 05:49:37 UTC 2026","Mon Jul 27 05:49:37 UTC 2026","0","3 Team Techno - UCL","Technical Tests","SponsoredBrand","GET /unified_commercial_logic/internal_api/api/sponsored_brand_v1 - Retrieve SponsoredBrandV1 List","","GET /unified_commercial_logic/internal_api/api/sponsored_brand_v1 - Retrieve SponsoredBrandV1 List",""
"passed","Mon Jul 27 05:45:28 UTC 2026","Mon Jul 27 05:45:28 UTC 2026","30","1.1 Team Hummingbird - BFF | WLW app","Technical Tests","rfq-marketing-controller","POST /public_api/rfq-marketing/trigger","","POST /public_api/rfq-marketing/trigger",""
"passed","Mon Jul 27 05:45:37 UTC 2026","Mon Jul 27 05:45:37 UTC 2026","39","1.1 Team Hummingbird - BFF | WLW app","Technical Tests","user-controller","PUT /public_api/user/userInfo [NEG] Expired Token","","PUT /public_api/user/userInfo [NEG] Expired Token",""
"passed","Mon Jul 27 05:45:02 UTC 2026","Mon Jul 27 05:45:02 UTC 2026","613","4. Team CRM |CRM Staging","Business Scenarios Tests","Calls","Smoke test for call","","Smoke test for call",""
"skipped","Mon Jul 27 05:44:10 UTC 2026","Mon Jul 27 05:44:10 UTC 2026","0","7. Team Pegasus | Pegasus Staging","Endpoints Tests","Membership Management (PGS-861)","POST /companies — create with UTM (PGS-861)","","POST /companies — create with UTM (PGS-861)",""
"passed","Mon Jul 27 05:45:25 UTC 2026","Mon Jul 27 05:45:25 UTC 2026","30","1.1 Team Hummingbird - BFF | WLW app","Technical Tests","purchaser-support-controller","GET /support-faq [SEC] Injection Probe","","GET /support-faq [SEC] Injection Probe",""
"skipped","Mon Jul 27 05:44:10 UTC 2026","Mon Jul 27 05:44:10 UTC 2026","0","7. Team Pegasus | Pegasus Staging","Spike | Profiles link user to company","(root)","07 GET — Verify profile after PATCH","","07 GET — Verify profile after PATCH",""
"failed","Mon Jul 27 05:45:35 UTC 2026","Mon Jul 27 05:45:35 UTC 2026","10","1.1 Team Hummingbird - BFF | WLW app","Technical Tests","trending-products-controller","GET /public_api/trending/products [NEG] Missing Auth/API-Key","","GET /public_api/trending/products [NEG] Missing Auth/API-Key",""
"passed","Mon Jul 27 05:45:27 UTC 2026","Mon Jul 27 05:45:27 UTC 2026","27","1.1 Team Hummingbird - BFF | WLW app","Technical Tests","rfq-controller","POST /public_api/connect/purchaser/tenders [NEG] Missing Auth/API-Key","","POST /public_api/connect/purchaser/tenders [NEG] Missing Auth/API-Key",""
"passed","Mon Jul 27 05:44:55 UTC 2026","Mon Jul 27 05:44:56 UTC 2026","628","1.1 Team Hummingbird - BFF | WLW app","Endpoint tests","Login","native email login","","native email login",""
"passed","Mon Jul 27 05:45:16 UTC 2026","Mon Jul 27 05:45:16 UTC 2026","23","1.1 Team Hummingbird - BFF | WLW app","Technical Tests","euro-pages-controller","PUT /public_api/euro-pages/auth/delete [NEG] Missing Auth/API-Key","","PUT /public_api/euro-pages/auth/delete [NEG] Missing Auth/API-Key",""
"passed","Mon Jul 27 05:44:10 UTC 2026","Mon Jul 27 05:44:10 UTC 2026","344","1 Team Hummingbird - BFF | EP app","Endpoint tests","Conversations","Decline RFQ","","Decline RFQ",""
"passed","Mon Jul 27 05:45:05 UTC 2026","Mon Jul 27 05:45:06 UTC 2026","1010","4. Team CRM |CRM Staging","Endpoints Tests","(root)","Create platform profile","","Create platform profile",""
"broken","Mon Jul 27 05:44:39 UTC 2026","Mon Jul 27 05:44:59 UTC 2026","20023","Dolphin","Technical","","","pvMatchMissingQpInfoTest","AI Search PV match: missing qpInfo → business failure",""
"skipped","Mon Jul 27 05:44:10 UTC 2026","Mon Jul 27 05:44:10 UTC 2026","0","7. Team Pegasus | Pegasus Staging","Endpoints Tests","Business Insights","Sister platform","","Sister platform",""
"passed","Mon Jul 27 05:44:57 UTC 2026","Mon Jul 27 05:44:57 UTC 2026","20","1.1 Team Hummingbird - BFF | WLW app","Endpoint tests","Support","Support FAQ_EN","","Support FAQ_EN",""
"passed","Mon Jul 27 05:45:04 UTC 2026","Mon Jul 27 05:45:04 UTC 2026","586","4. Team CRM |CRM Staging","Endpoints Tests","(root)","sync event to trigger the RFC lead process","","sync event to trigger the RFC lead process",""
"failed","Mon Jul 27 05:45:13 UTC 2026","Mon Jul 27 05:45:13 UTC 2026","13","1.1 Team Hummingbird - BFF | WLW app","Technical Tests","conversation-controller","GET /public_api/conversation/userConversations/{userId}/unreadCount/ [NEG] Forbidden Role Token","","GET /public_api/conversation/userConversations/{userId}/unreadCount/ [NEG] Forbidden Role Token",""
"passed","Mon Jul 27 05:43:04 UTC 2026","Mon Jul 27 05:43:04 UTC 2026","8","2 Team Dragon - BFF | RFQ Backend","Technical Tests","(root)","GET /v1/rfqs/{rfqId} - Details (Schema + Auth Orchestration)","","GET /v1/rfqs/{rfqId} - Details (Schema + Auth Orchestration)",""
"passed","Mon Jul 27 05:44:08 UTC 2026","Mon Jul 27 05:44:08 UTC 2026","66","1 Team Hummingbird - BFF | EP app","Endpoint tests","Homepage, products","preferred categories","","preferred categories",""
"passed","Mon Jul 27 05:45:24 UTC 2026","Mon Jul 27 05:45:24 UTC 2026","32","1.1 Team Hummingbird - BFF | WLW app","Technical Tests","purchaser-support-controller","GET /support-master-data [NEG] Forbidden Role Token","","GET /support-master-data [NEG] Forbidden Role Token",""
"passed","Mon Jul 27 05:44:58 UTC 2026","Mon Jul 27 05:44:58 UTC 2026","74","1.1 Team Hummingbird - BFF | WLW app","Endpoint tests","Company","Company ID EN","","Company ID EN",""
"failed","Mon Jul 27 05:45:13 UTC 2026","Mon Jul 27 05:45:13 UTC 2026","10","1.1 Team Hummingbird - BFF | WLW app","Technical Tests","conversation-controller","GET /public_api/conversation/userConversations/{userId}/unreadCount/","","GET /public_api/conversation/userConversations/{userId}/unreadCount/",""
"passed","Mon Jul 27 05:52:52 UTC 2026","Mon Jul 27 05:52:52 UTC 2026","34","Dolphin","Functional","","","getCategoryListWlwWithPreferredSuperCategoryIdsTest","v-recommend category list -- wlw, with preferredSuperCategoryIds",""
"skipped","Mon Jul 27 05:44:10 UTC 2026","Mon Jul 27 05:44:10 UTC 2026","0","7. Team Pegasus | Pegasus Staging","Endpoints Tests","Business Insights","Company","","Company",""
"failed","Mon Jul 27 05:45:02 UTC 2026","Mon Jul 27 05:45:02 UTC 2026","23","1.1 Team Hummingbird - BFF | WLW app","Endpoint tests","Conversations","dynamic link conversation","","dynamic link conversation",""
"passed","Mon Jul 27 05:45:21 UTC 2026","Mon Jul 27 05:45:21 UTC 2026","37","1.1 Team Hummingbird - BFF | WLW app","Technical Tests","login-controller","POST /public_api/auth/code/resend [NEG] Expired Token","","POST /public_api/auth/code/resend [NEG] Expired Token",""
"passed","Mon Jul 27 05:45:33 UTC 2026","Mon Jul 27 05:45:33 UTC 2026","33","1.1 Team Hummingbird - BFF | WLW app","Technical Tests","search-term-controller","PUT /public_api/search/notification-opened [NEG] Forbidden Role Token","","PUT /public_api/search/notification-opened [NEG] Forbidden Role Token",""
"passed","Mon Jul 27 05:52:52 UTC 2026","Mon Jul 27 05:52:52 UTC 2026","24","Dolphin","Functional","","","getLandingPageProductListTest","get Landing page Product List for seo",""
"failed","Mon Jul 27 05:45:29 UTC 2026","Mon Jul 27 05:45:29 UTC 2026","13","1.1 Team Hummingbird - BFF | WLW app","Technical Tests","search-controller","GET /public_api/suppliers/recommendations [SEC] Injection Probe","","GET /public_api/suppliers/recommendations [SEC] Injection Probe",""
"skipped","Mon Jul 27 05:44:10 UTC 2026","Mon Jul 27 05:44:10 UTC 2026","0","7. Team Pegasus | Pegasus Staging","Business Scenarios Tests","Business Insights","Dashboard smoke flow","","Activity by uuid",""
"passed","Mon Jul 27 05:45:00 UTC 2026","Mon Jul 27 05:45:00 UTC 2026","143","1.1 Team Hummingbird - BFF | WLW app","Endpoint tests","Homepage, products","product recommendations FR","","product recommendations FR",""
"failed","Mon Jul 27 05:45:22 UTC 2026","Mon Jul 27 05:45:22 UTC 2026","11","1.1 Team Hummingbird - BFF | WLW app","Technical Tests","product-controller","GET /public_api/products [NEG] Missing Auth/API-Key","","GET /public_api/products [NEG] Missing Auth/API-Key",""
"passed","Mon Jul 27 05:44:06 UTC 2026","Mon Jul 27 05:44:06 UTC 2026","324","1 Team Hummingbird - BFF | EP app","Endpoint tests","Company","Companies / products FR","","Companies / products FR",""
"skipped","Mon Jul 27 05:44:10 UTC 2026","Mon Jul 27 05:44:10 UTC 2026","0","7. Team Pegasus | Pegasus Staging","Business Scenarios Tests","Business Insights","Dashboard smoke flow","","Set User Activity",""
"failed","Mon Jul 27 05:45:32 UTC 2026","Mon Jul 27 05:45:32 UTC 2026","13","1.1 Team Hummingbird - BFF | WLW app","Technical Tests","search-controller","GET /public_api/products/recommendations [NEG] Expired Token","","GET /public_api/products/recommendations [NEG] Expired Token",""
"passed","Mon Jul 27 05:44:08 UTC 2026","Mon Jul 27 05:44:08 UTC 2026","39","1 Team Hummingbird - BFF | EP app","Endpoint tests","Homepage, products","categories/homepage","","categories/homepage",""
"passed","Mon Jul 27 05:45:04 UTC 2026","Mon Jul 27 05:45:04 UTC 2026","189","4. Team CRM |CRM Staging","Endpoints Tests","(root)","trigger from SF Platform Profile","","trigger from SF Platform Profile",""
"passed","Mon Jul 27 05:44:04 UTC 2026","Mon Jul 27 05:44:04 UTC 2026","246","1 Team Hummingbird - BFF | EP app","Endpoint tests","User settings","user setting","","user setting",""
"passed","Mon Jul 27 05:44:58 UTC 2026","Mon Jul 27 05:44:58 UTC 2026","56","1.1 Team Hummingbird - BFF | WLW app","Endpoint tests","Company","Companies / products FR","","Companies / products FR",""
"passed","Mon Jul 27 05:45:13 UTC 2026","Mon Jul 27 05:45:13 UTC 2026","34","1.1 Team Hummingbird - BFF | WLW app","Technical Tests","conversation-controller","GET /public_api/conversation/userConversations [SEC] Injection Probe","","GET /public_api/conversation/userConversations [SEC] Injection Probe",""
"broken","Mon Jul 27 05:49:00 UTC 2026","Mon Jul 27 05:49:20 UTC 2026","20022","Dolphin","Technical","","","recallSecondPageTest","AI Search recall: pagination page 2",""
"passed","Mon Jul 27 05:45:03 UTC 2026","Mon Jul 27 05:45:03 UTC 2026","34","1.1 Team Hummingbird - BFF | WLW app","Technical Tests","ab-test-record-controller","POST /public_api/abtest/record [NEG] Forbidden Role Token","","POST /public_api/abtest/record [NEG] Forbidden Role Token",""
"failed","Mon Jul 27 05:45:34 UTC 2026","Mon Jul 27 05:45:34 UTC 2026","13","1.1 Team Hummingbird - BFF | WLW app","Technical Tests","supplier-visitors-controller","GET /public_api/suppliers/{supplier_id}/visits [NEG] Missing Auth/API-Key","","GET /public_api/suppliers/{supplier_id}/visits [NEG] Missing Auth/API-Key",""
"skipped","Mon Jul 27 05:44:10 UTC 2026","Mon Jul 27 05:44:10 UTC 2026","0","7. Team Pegasus | Pegasus Staging","Business Scenarios Tests","Supplier Facts","API register, publish, and verify in UI","","4. Publish company (PATCH supplier-facts)",""
"broken","Mon Jul 27 05:46:59 UTC 2026","Mon Jul 27 05:47:19 UTC 2026","20023","Dolphin","Technical","","","recallMissingRequestIdTest","AI Search recall: missing requestId still success",""
"failed","Mon Jul 27 05:45:00 UTC 2026","Mon Jul 27 05:45:00 UTC 2026","374","4. Team CRM |CRM Staging","Business Scenarios Tests","Lead","Update a Lead","","Update a Lead",""
"failed","Mon Jul 27 05:45:15 UTC 2026","Mon Jul 27 05:45:15 UTC 2026","10","1.1 Team Hummingbird - BFF | WLW app","Technical Tests","conversation-controller","GET /public_api/conversation/userConversations/{conversationId}/file/ [NEG] Forbidden Role Token","","GET /public_api/conversation/userConversations/{conversationId}/file/ [NEG] Forbidden Role Token",""
"passed","Mon Jul 27 05:52:52 UTC 2026","Mon Jul 27 05:52:52 UTC 2026","102","Dolphin","Technical","","","cppProductRecommendTest","recommend products in CPP -- wlw",""
"passed","Mon Jul 27 05:45:32 UTC 2026","Mon Jul 27 05:45:32 UTC 2026","31","1.1 Team Hummingbird - BFF | WLW app","Technical Tests","search-controller","GET /public_api/products/recommendations [SEC] Injection Probe","","GET /public_api/products/recommendations [SEC] Injection Probe",""
"skipped","Mon Jul 27 05:49:37 UTC 2026","Mon Jul 27 05:49:37 UTC 2026","0","3 Team Techno - UCL","Technical Tests","Membership","GET /unified_commercial_logic/internal_api/api/membership/platform-profile-status/{sfuuid} - getStatus By SFUUID","","GET /unified_commercial_logic/internal_api/api/membership/platform-profile-status/{sfuuid} - getStatus By SFUUID",""
"passed","Mon Jul 27 05:45:04 UTC 2026","Mon Jul 27 05:45:05 UTC 2026","720","4. Team CRM |CRM Staging","Endpoints Tests","(root)","Create Note with sf id","","Create Note with sf id",""
"passed","Mon Jul 27 05:44:10 UTC 2026","Mon Jul 27 05:44:10 UTC 2026","284","1 Team Hummingbird - BFF | EP app","Endpoint tests","Visitor profiler","csv get","","csv get",""
"passed","Mon Jul 27 05:45:03 UTC 2026","Mon Jul 27 05:45:04 UTC 2026","119","1.1 Team Hummingbird - BFF | WLW app","Technical Tests","ai-company-search-controller","POST /public_api/search/ai/supplier/recall [NEG] Missing Auth/API-Key","","POST /public_api/search/ai/supplier/recall [NEG] Missing Auth/API-Key",""
"passed","Mon Jul 27 05:44:57 UTC 2026","Mon Jul 27 05:44:57 UTC 2026","25","1.1 Team Hummingbird - BFF | WLW app","Endpoint tests","Mobile_Feedback","Feedback Subject_EN","","Feedback Subject_EN",""
"failed","Mon Jul 27 05:45:35 UTC 2026","Mon Jul 27 05:45:35 UTC 2026","13","1.1 Team Hummingbird - BFF | WLW app","Technical Tests","supplier-visitors-controller","GET /public_api/suppliers/{supplier_id}/visits/csv [SEC] Injection Probe","","GET /public_api/suppliers/{supplier_id}/visits/csv [SEC] Injection Probe",""
"passed","Mon Jul 27 05:45:19 UTC 2026","Mon Jul 27 05:45:19 UTC 2026","31","1.1 Team Hummingbird - BFF | WLW app","Technical Tests","login-controller","POST /public_api/auth/sso/login","","POST /public_api/auth/sso/login",""
"failed","Mon Jul 27 05:45:07 UTC 2026","Mon Jul 27 05:45:07 UTC 2026","13","1.1 Team Hummingbird - BFF | WLW app","Technical Tests","company-controller","GET /public_api/company","","GET /public_api/company",""
"passed","Mon Jul 27 05:52:48 UTC 2026","Mon Jul 27 05:52:49 UTC 2026","761","Dolphin","Functional","","","productTextSearchSortTest","AI product text search recall: alternate sort",""
"passed","Mon Jul 27 05:52:52 UTC 2026","Mon Jul 27 05:52:52 UTC 2026","24","Dolphin","Technical","","","getLandingPageProductListTest","get Landing page Product List for seo",""
"passed","Mon Jul 27 05:44:55 UTC 2026","Mon Jul 27 05:44:57 UTC 2026","2211","4. Team CRM |CRM Staging","Business Scenarios Tests","Quote","Smoke Test Create new quote","","Smoke Test Create new quote",""
"skipped","Mon Jul 27 05:44:10 UTC 2026","Mon Jul 27 05:44:10 UTC 2026","0","7. Team Pegasus | Pegasus Staging","Business Scenarios Tests","Supplier Facts","API register, publish, and verify in UI","","2. Complete registration (user + company)",""
"failed","Mon Jul 27 05:45:30 UTC 2026","Mon Jul 27 05:45:30 UTC 2026","11","1.1 Team Hummingbird - BFF | WLW app","Technical Tests","search-controller","GET /public_api/search/autoComplete [SEC] Injection Probe","","GET /public_api/search/autoComplete [SEC] Injection Probe",""
"passed","Mon Jul 27 05:44:04 UTC 2026","Mon Jul 27 05:44:04 UTC 2026","28","1 Team Hummingbird - BFF | EP app","Endpoint tests","Support","Support FAQ_EN","","Support FAQ_EN",""
"passed","Mon Jul 27 05:45:15 UTC 2026","Mon Jul 27 05:45:15 UTC 2026","32","1.1 Team Hummingbird - BFF | WLW app","Technical Tests","currency-exchange-controller","GET /exchange/fetch-rates [NEG] Forbidden Role Token","","GET /exchange/fetch-rates [NEG] Forbidden Role Token",""
"passed","Mon Jul 27 05:44:06 UTC 2026","Mon Jul 27 05:44:06 UTC 2026","167","1 Team Hummingbird - BFF | EP app","Endpoint tests","Company","search company products","","search company products",""
"broken","Mon Jul 27 05:49:00 UTC 2026","Mon Jul 27 05:49:20 UTC 2026","20022","Dolphin","Functional","","","recallSecondPageTest","AI Search recall: pagination page 2",""
"passed","Mon Jul 27 05:45:11 UTC 2026","Mon Jul 27 05:45:11 UTC 2026","32","1.1 Team Hummingbird - BFF | WLW app","Technical Tests","conversation-controller","POST /public_api/conversation/userConversations/{conversationId}/messages","","POST /public_api/conversation/userConversations/{conversationId}/messages",""
"passed","Mon Jul 27 05:44:55 UTC 2026","Mon Jul 27 05:45:12 UTC 2026","17006","4. Team CRM |CRM Staging","Business Scenarios Tests","Account","wlw salesorderitems link","","wlw salesorderitems link",""
"passed","Mon Jul 27 05:45:18 UTC 2026","Mon Jul 27 05:45:18 UTC 2026","36","1.1 Team Hummingbird - BFF | WLW app","Technical Tests","help-and-support-controller","POST /help","","POST /help",""
"passed","Mon Jul 27 05:52:51 UTC 2026","Mon Jul 27 05:52:51 UTC 2026","157","Dolphin","Technical","","","EPHomepageProductRecommendTest","homepage product recommend -- ep",""
"passed","Mon Jul 27 05:45:11 UTC 2026","Mon Jul 27 05:45:11 UTC 2026","21","1.1 Team Hummingbird - BFF | WLW app","Technical Tests","conversation-controller","POST /public_api/conversation/userConversations/{conversationId}/messages/file/ [NEG] Missing Auth/API-Key","","POST /public_api/conversation/userConversations/{conversationId}/messages/file/ [NEG] Missing Auth/API-Key",""
"failed","Mon Jul 27 05:45:29 UTC 2026","Mon Jul 27 05:45:29 UTC 2026","13","1.1 Team Hummingbird - BFF | WLW app","Technical Tests","search-controller","GET /public_api/suppliers/recommendations [NEG] Expired Token","","GET /public_api/suppliers/recommendations [NEG] Expired Token",""
"passed","Mon Jul 27 05:45:04 UTC 2026","Mon Jul 27 05:45:04 UTC 2026","47","1.1 Team Hummingbird - BFF | WLW app","Technical Tests","ai-company-search-controller","POST /public_api/search/ai/supplier/pv-match [NEG] Missing Auth/API-Key","","POST /public_api/search/ai/supplier/pv-match [NEG] Missing Auth/API-Key",""
"failed","Mon Jul 27 05:45:24 UTC 2026","Mon Jul 27 05:45:24 UTC 2026","12","1.1 Team Hummingbird - BFF | WLW app","Technical Tests","purchaser-support-controller","GET /support-faq [NEG] Missing Auth/API-Key","","GET /support-faq [NEG] Missing Auth/API-Key",""
"skipped","Mon Jul 27 05:44:10 UTC 2026","Mon Jul 27 05:44:10 UTC 2026","0","7. Team Pegasus | Pegasus Staging","Spike | Profiles link user to company","(root)","06 PATCH — Link company to profile","","06 PATCH — Link company to profile",""
"passed","Mon Jul 27 05:45:18 UTC 2026","Mon Jul 27 05:45:18 UTC 2026","30","1.1 Team Hummingbird - BFF | WLW app","Technical Tests","inside-business-controller","GET /public_api/inside_business","","GET /public_api/inside_business",""
"passed","Mon Jul 27 05:45:20 UTC 2026","Mon Jul 27 05:45:20 UTC 2026","32","1.1 Team Hummingbird - BFF | WLW app","Technical Tests","login-controller","POST /public_api/auth/password/login","","POST /public_api/auth/password/login",""
"skipped","Mon Jul 27 05:44:10 UTC 2026","Mon Jul 27 05:44:10 UTC 2026","0","7. Team Pegasus | Pegasus Staging","Endpoints Tests","Shop Import & Onboarding Backend","/offers/count - get count","","/offers/count - get count",""
"passed","Mon Jul 27 05:45:20 UTC 2026","Mon Jul 27 05:45:20 UTC 2026","31","1.1 Team Hummingbird - BFF | WLW app","Technical Tests","login-controller","POST /public_api/auth/resetPassword","","POST /public_api/auth/resetPassword",""
"passed","Mon Jul 27 05:43:04 UTC 2026","Mon Jul 27 05:43:04 UTC 2026","357","2 Team Dragon - BFF | RFQ Backend","Functional Tests","(root)","POST /v1/rfqs/{rfqId}/respond - Error Case (400)","","POST /v1/rfqs/{rfqId}/respond - Error Case (400)",""
"passed","Mon Jul 27 05:45:04 UTC 2026","Mon Jul 27 05:45:04 UTC 2026","36","1.1 Team Hummingbird - BFF | WLW app","Technical Tests","ai-company-search-controller","POST /public_api/search/ai/supplier/pv-match [NEG] Forbidden Role Token","","POST /public_api/search/ai/supplier/pv-match [NEG] Forbidden Role Token",""
"passed","Mon Jul 27 05:45:00 UTC 2026","Mon Jul 27 05:45:00 UTC 2026","30","1.1 Team Hummingbird - BFF | WLW app","Endpoint tests","Homepage, products","preferred categories","","preferred categories",""
"passed","Mon Jul 27 05:52:52 UTC 2026","Mon Jul 27 05:52:52 UTC 2026","84","Dolphin","Technical","","","EPSameStoreProductRecommendTest","product same store recommend -- ep",""
"broken","Mon Jul 27 05:49:20 UTC 2026","Mon Jul 27 05:49:40 UTC 2026","20225","Dolphin","Technical","","","recallSingleFilterTest","AI Search recall: single filter (verified=true)",""
"skipped","Mon Jul 27 05:49:37 UTC 2026","Mon Jul 27 05:49:37 UTC 2026","0","3 Team Techno - UCL","Functional Tests","Endpoint Tests","Organization","","get organization for the given supplier_facts_uuid",""
"failed","Mon Jul 27 05:44:09 UTC 2026","Mon Jul 27 05:44:10 UTC 2026","1778","1 Team Hummingbird - BFF | EP app","Endpoint tests","Conversations","user conversations to decline request","","user conversations to decline request",""
"skipped","Mon Jul 27 05:49:37 UTC 2026","Mon Jul 27 05:49:37 UTC 2026","0","3 Team Techno - UCL","Technical Tests","Membership","GET /unified_commercial_logic/internal_api/api/membership/find_by_id/{id} - Retrieve Membership By ID","","GET /unified_commercial_logic/internal_api/api/membership/find_by_id/{id} - Retrieve Membership By ID",""
"failed","Mon Jul 27 05:45:27 UTC 2026","Mon Jul 27 05:45:27 UTC 2026","12","1.1 Team Hummingbird - BFF | WLW app","Technical Tests","push-notification-by-email-controller","PUT /v1/pushNotification [NEG] Expired Token","","PUT /v1/pushNotification [NEG] Expired Token",""
"passed","Mon Jul 27 05:52:52 UTC 2026","Mon Jul 27 05:52:52 UTC 2026","43","Dolphin","Functional","","","getCategoryListWlwTest","v-recommend category list -- wlw, full categories",""
"failed","Mon Jul 27 05:45:26 UTC 2026","Mon Jul 27 05:45:26 UTC 2026","13","1.1 Team Hummingbird - BFF | WLW app","Technical Tests","purchaser-user-setting-controller","GET /userSetting [NEG] Expired Token","","GET /userSetting [NEG] Expired Token",""
"passed","Mon Jul 27 05:45:07 UTC 2026","Mon Jul 27 05:45:07 UTC 2026","31","1.1 Team Hummingbird - BFF | WLW app","Technical Tests","categories-controller","GET /public_api/categories/homepage","","GET /public_api/categories/homepage",""
"passed","Mon Jul 27 05:45:34 UTC 2026","Mon Jul 27 05:45:34 UTC 2026","32","1.1 Team Hummingbird - BFF | WLW app","Technical Tests","supplier-visitors-controller","GET /public_api/suppliers/{supplier_id}/visits/{id} [NEG] Expired Token","","GET /public_api/suppliers/{supplier_id}/visits/{id} [NEG] Expired Token",""
"failed","Mon Jul 27 05:44:08 UTC 2026","Mon Jul 27 05:44:09 UTC 2026","411","1 Team Hummingbird - BFF | EP app","Endpoint tests","Contact request","QDR request","","QDR request",""
"passed","Mon Jul 27 05:45:05 UTC 2026","Mon Jul 27 05:45:05 UTC 2026","40","1.1 Team Hummingbird - BFF | WLW app","Technical Tests","ai-company-search-controller","POST /public_api/search/ai/company/search [NEG] Expired Token","","POST /public_api/search/ai/company/search [NEG] Expired Token",""
"passed","Mon Jul 27 05:45:09 UTC 2026","Mon Jul 27 05:45:09 UTC 2026","26","1.1 Team Hummingbird - BFF | WLW app","Technical Tests","conversation-controller","PUT /public_api/conversation/userConversations/{conversationId}/tag [NEG] Missing Auth/API-Key","","PUT /public_api/conversation/userConversations/{conversationId}/tag [NEG] Missing Auth/API-Key",""
"passed","Mon Jul 27 05:44:56 UTC 2026","Mon Jul 27 05:44:56 UTC 2026","150","1.1 Team Hummingbird - BFF | WLW app","Endpoint tests","User settings","user setting","","user setting",""
"passed","Mon Jul 27 05:44:54 UTC 2026","Mon Jul 27 05:44:55 UTC 2026","368","4. Team CRM |CRM Staging","Business Scenarios Tests","Contacts","Edit Contact","","Edit Contact",""
"passed","Mon Jul 27 05:45:17 UTC 2026","Mon Jul 27 05:45:17 UTC 2026","43","1.1 Team Hummingbird - BFF | WLW app","Technical Tests","feedback-controller","POST /feedback [NEG] Expired Token","","POST /feedback [NEG] Expired Token",""
"passed","Mon Jul 27 05:52:49 UTC 2026","Mon Jul 27 05:52:50 UTC 2026","575","Dolphin","Technical","","","productTextSearchSpecialCharTest","AI product text search recall: special-character query",""
"passed","Mon Jul 27 05:44:53 UTC 2026","Mon Jul 27 05:44:54 UTC 2026","1097","4. Team CRM |CRM Staging","Business Scenarios Tests","Tasks","Smoke test Create task","","Smoke test Create task",""
"failed","Mon Jul 27 05:45:31 UTC 2026","Mon Jul 27 05:45:31 UTC 2026","14","1.1 Team Hummingbird - BFF | WLW app","Technical Tests","search-controller","GET /public_api/search/ai/termRecommend [NEG] Expired Token","","GET /public_api/search/ai/termRecommend [NEG] Expired Token",""
"passed","Mon Jul 27 05:45:27 UTC 2026","Mon Jul 27 05:45:27 UTC 2026","33","1.1 Team Hummingbird - BFF | WLW app","Technical Tests","rfq-controller","POST /public_api/connect/purchaser/tenders","","POST /public_api/connect/purchaser/tenders",""
"passed","Mon Jul 27 05:44:54 UTC 2026","Mon Jul 27 05:44:54 UTC 2026","96","4. Team CRM |CRM Staging","Business Scenarios Tests","Contacts","Check Contact","","Check Contact",""
"passed","Mon Jul 27 05:44:56 UTC 2026","Mon Jul 27 05:44:57 UTC 2026","932","4. Team CRM |CRM Staging","Business Scenarios Tests","Account","Account for Contact","","Account for Contact",""
"failed","Mon Jul 27 05:45:06 UTC 2026","Mon Jul 27 05:45:06 UTC 2026","10","1.1 Team Hummingbird - BFF | WLW app","Technical Tests","categories-controller","PUT /preferred/categories [NEG] Missing Auth/API-Key","","PUT /preferred/categories [NEG] Missing Auth/API-Key",""
"passed","Mon Jul 27 05:45:08 UTC 2026","Mon Jul 27 05:45:08 UTC 2026","22","1.1 Team Hummingbird - BFF | WLW app","Technical Tests","company-controller","GET /public_api/company/{id} [NEG] Missing Auth/API-Key","","GET /public_api/company/{id} [NEG] Missing Auth/API-Key",""
"passed","Mon Jul 27 05:45:04 UTC 2026","Mon Jul 27 05:45:04 UTC 2026","586","4. Team CRM |CRM Staging","Endpoints Tests","(root)","sync event to trigger the RFC lead process","","sync event to trigger the RFC lead process",""
"passed","Mon Jul 27 05:45:32 UTC 2026","Mon Jul 27 05:45:32 UTC 2026","30","1.1 Team Hummingbird - BFF | WLW app","Technical Tests","search-controller","GET /public_api/categories/recommendations [SEC] Injection Probe","","GET /public_api/categories/recommendations [SEC] Injection Probe",""
"skipped","Mon Jul 27 05:49:37 UTC 2026","Mon Jul 27 05:49:37 UTC 2026","0","3 Team Techno - UCL","Technical Tests","WebsiteLead","GET /unified_commercial_logic/internal_api/api/website_lead - Retrieve WebsiteLead List","","GET /unified_commercial_logic/internal_api/api/website_lead - Retrieve WebsiteLead List",""
"skipped","Mon Jul 27 05:44:10 UTC 2026","Mon Jul 27 05:44:10 UTC 2026","0","7. Team Pegasus | Pegasus Staging","Endpoints Tests","Supplier Registration","EP","","{{supplierRegistrationBackendBaseUrlForGetRequests}}/api/business_sectors/index?lang=en&query=Biscuits",""
"failed","Mon Jul 27 05:45:34 UTC 2026","Mon Jul 27 05:45:34 UTC 2026","10","1.1 Team Hummingbird - BFF | WLW app","Technical Tests","supplier-visitors-controller","GET /public_api/suppliers/{supplier_id}/visits/csv [NEG] Missing Auth/API-Key","","GET /public_api/suppliers/{supplier_id}/visits/csv [NEG] Missing Auth/API-Key",""
"passed","Mon Jul 27 05:45:16 UTC 2026","Mon Jul 27 05:45:16 UTC 2026","30","1.1 Team Hummingbird - BFF | WLW app","Technical Tests","dynamic-links-controller","POST /public_api/branchio/dynamiclink [NEG] Expired Token","","POST /public_api/branchio/dynamiclink [NEG] Expired Token",""
"passed","Mon Jul 27 05:43:04 UTC 2026","Mon Jul 27 05:43:04 UTC 2026","8","2 Team Dragon - BFF | RFQ Backend","Technical Tests","(root)","GET /v1/rfqs/{rfqId} - Details (Schema + Auth Orchestration)","","GET /v1/rfqs/{rfqId} - Details (Schema + Auth Orchestration)",""
"passed","Mon Jul 27 05:52:48 UTC 2026","Mon Jul 27 05:52:49 UTC 2026","761","Dolphin","Technical","","","productTextSearchSortTest","AI product text search recall: alternate sort",""
"failed","Mon Jul 27 05:43:04 UTC 2026","Mon Jul 27 05:43:04 UTC 2026","129","2 Team Dragon - BFF | RFQ Backend","Functional Tests","(root)","POST /v1/rfqs/{rfqId}/respond - Success","","POST /v1/rfqs/{rfqId}/respond - Success",""
"passed","Mon Jul 27 05:45:25 UTC 2026","Mon Jul 27 05:45:25 UTC 2026","20","1.1 Team Hummingbird - BFF | WLW app","Technical Tests","purchaser-user-setting-controller","PUT /userSetting/{id} [NEG] Missing Auth/API-Key","","PUT /userSetting/{id} [NEG] Missing Auth/API-Key",""
"passed","Mon Jul 27 05:45:37 UTC 2026","Mon Jul 27 05:45:37 UTC 2026","14","1.1 Team Hummingbird - BFF | WLW app","Technical Tests","user-controller","PUT /public_api/user/userInfo [NEG] Missing Auth/API-Key","","PUT /public_api/user/userInfo [NEG] Missing Auth/API-Key",""
"failed","Mon Jul 27 05:44:04 UTC 2026","Mon Jul 27 05:44:04 UTC 2026","26","Arise","Technical","","","skwdAll","skwdAll",""
"broken","Mon Jul 27 05:44:19 UTC 2026","Mon Jul 27 05:44:39 UTC 2026","20024","Dolphin","Technical","","","pvMatchEmptyCompanyListTest","AI Search PV match: empty companyList → business failure",""
"skipped","Mon Jul 27 05:49:37 UTC 2026","Mon Jul 27 05:49:37 UTC 2026","0","3 Team Techno - UCL","Technical Tests","SponsoredBrand","GET /unified_commercial_logic/internal_api/api/sponsored_brand_v1/ - Retrieve SponsoredBrandV1 List","","GET /unified_commercial_logic/internal_api/api/sponsored_brand_v1/ - Retrieve SponsoredBrandV1 List",""
"passed","Mon Jul 27 05:52:43 UTC 2026","Mon Jul 27 05:52:44 UTC 2026","818","Dolphin","Technical","","","productTextSearchLongQueryTest","AI product text search recall: long query truncated",""
"failed","Mon Jul 27 05:45:27 UTC 2026","Mon Jul 27 05:45:27 UTC 2026","13","1.1 Team Hummingbird - BFF | WLW app","Technical Tests","push-notification-by-email-controller","GET /v1/pushNotification [NEG] Forbidden Role Token","","GET /v1/pushNotification [NEG] Forbidden Role Token",""
"failed","Mon Jul 27 05:43:00 UTC 2026","Mon Jul 27 05:43:00 UTC 2026","18","Bamboo","Functional","","","listSubCategoriesTest","list sub Categories",""
"failed","Mon Jul 27 05:45:34 UTC 2026","Mon Jul 27 05:45:34 UTC 2026","10","1.1 Team Hummingbird - BFF | WLW app","Technical Tests","supplier-visitors-controller","GET /public_api/suppliers/{supplier_id}/visits [NEG] Expired Token","","GET /public_api/suppliers/{supplier_id}/visits [NEG] Expired Token",""
"passed","Mon Jul 27 05:44:59 UTC 2026","Mon Jul 27 05:45:01 UTC 2026","1451","4. Team CRM |CRM Staging","Business Scenarios Tests","Lead","Create a  lead","","Create a  lead",""
"passed","Mon Jul 27 05:44:54 UTC 2026","Mon Jul 27 05:45:42 UTC 2026","47370","4. Team CRM |CRM Staging","Business Scenarios Tests","Contacts","Create Contact","","Create Contact",""
"passed","Mon Jul 27 05:45:28 UTC 2026","Mon Jul 27 05:45:28 UTC 2026","32","1.1 Team Hummingbird - BFF | WLW app","Technical Tests","rfq-controller","POST /public_api/connect/purchaser/tenders [NEG] Expired Token","","POST /public_api/connect/purchaser/tenders [NEG] Expired Token",""
"passed","Mon Jul 27 05:45:17 UTC 2026","Mon Jul 27 05:45:17 UTC 2026","35","1.1 Team Hummingbird - BFF | WLW app","Technical Tests","euro-pages-controller","DELETE /public_api/euro-pages/auth/delete [NEG] Forbidden Role Token","","DELETE /public_api/euro-pages/auth/delete [NEG] Forbidden Role Token",""
"passed","Mon Jul 27 05:52:52 UTC 2026","Mon Jul 27 05:52:52 UTC 2026","94","Dolphin","Technical","","","EPPCppProductRecommendTest","recommend products in CPP -- ep",""
"passed","Mon Jul 27 05:44:57 UTC 2026","Mon Jul 27 05:44:57 UTC 2026","26","1.1 Team Hummingbird - BFF | WLW app","Endpoint tests","Mobile_Feedback","Feedback Subject_DE","","Feedback Subject_DE",""
"failed","Mon Jul 27 05:45:32 UTC 2026","Mon Jul 27 05:45:32 UTC 2026","11","1.1 Team Hummingbird - BFF | WLW app","Technical Tests","search-controller","GET /public_api/categories/recommendations [NEG] Expired Token","","GET /public_api/categories/recommendations [NEG] Expired Token",""
"skipped","Mon Jul 27 05:49:37 UTC 2026","Mon Jul 27 05:49:37 UTC 2026","0","3 Team Techno - UCL","Functional Tests","Endpoint Tests","membership","","get all active membership for uuid not platform specific",""
"failed","Mon Jul 27 05:45:30 UTC 2026","Mon Jul 27 05:45:30 UTC 2026","11","1.1 Team Hummingbird - BFF | WLW app","Technical Tests","search-controller","GET /public_api/search/products","","GET /public_api/search/products",""
"passed","Mon Jul 27 05:45:21 UTC 2026","Mon Jul 27 05:45:21 UTC 2026","33","1.1 Team Hummingbird - BFF | WLW app","Technical Tests","login-controller","POST /public_api/auth/code/resend","","POST /public_api/auth/code/resend",""
"passed","Mon Jul 27 05:45:28 UTC 2026","Mon Jul 27 05:45:28 UTC 2026","30","1.1 Team Hummingbird - BFF | WLW app","Technical Tests","rfq-marketing-controller","POST /public_api/rfq-marketing/trigger [NEG] Expired Token","","POST /public_api/rfq-marketing/trigger [NEG] Expired Token",""
"failed","Mon Jul 27 05:45:33 UTC 2026","Mon Jul 27 05:45:33 UTC 2026","11","1.1 Team Hummingbird - BFF | WLW app","Technical Tests","search-term-controller","POST /public_api/search/track [NEG] Missing Auth/API-Key","","POST /public_api/search/track [NEG] Missing Auth/API-Key",""
"failed","Mon Jul 27 05:45:29 UTC 2026","Mon Jul 27 05:45:29 UTC 2026","10","1.1 Team Hummingbird - BFF | WLW app","Technical Tests","search-controller","GET /public_api/suppliers/recommendations","","GET /public_api/suppliers/recommendations",""
"passed","Mon Jul 27 05:44:04 UTC 2026","Mon Jul 27 05:44:04 UTC 2026","52","1 Team Hummingbird - BFF | EP app","Endpoint tests","Support","Support FAQ_DE","","Support FAQ_DE",""
"passed","Mon Jul 27 05:44:57 UTC 2026","Mon Jul 27 05:44:58 UTC 2026","1142","4. Team CRM |CRM Staging","Business Scenarios Tests","Account","Create Account","","Create Account",""
"passed","Mon Jul 27 05:45:04 UTC 2026","Mon Jul 27 05:45:04 UTC 2026","34","1.1 Team Hummingbird - BFF | WLW app","Technical Tests","ai-company-search-controller","POST /public_api/search/ai/supplier/recall [NEG] Expired Token","","POST /public_api/search/ai/supplier/recall [NEG] Expired Token",""
"passed","Mon Jul 27 05:45:10 UTC 2026","Mon Jul 27 05:45:10 UTC 2026","16","1.1 Team Hummingbird - BFF | WLW app","Technical Tests","conversation-controller","PUT /public_api/conversation/userConversations/{conversationId}/decline [NEG] Missing Auth/API-Key","","PUT /public_api/conversation/userConversations/{conversationId}/decline [NEG] Missing Auth/API-Key",""
"skipped","Mon Jul 27 05:44:10 UTC 2026","Mon Jul 27 05:44:10 UTC 2026","0","7. Team Pegasus | Pegasus Staging","Endpoints Tests","Supplier Registration","EP","","vat/check - Validate VAT number",""
"passed","Mon Jul 27 05:44:54 UTC 2026","Mon Jul 27 05:44:54 UTC 2026","566","4. Team CRM |CRM Staging","Business Scenarios Tests","Tasks","Change  Assigned To","","Change  Assigned To",""
"failed","Mon Jul 27 05:52:44 UTC 2026","Mon Jul 27 05:52:45 UTC 2026","329","Dolphin","Technical","","","productTextSearchNoResultTest","AI product text search recall: no-result query",""
"passed","Mon Jul 27 05:45:00 UTC 2026","Mon Jul 27 05:45:00 UTC 2026","152","1.1 Team Hummingbird - BFF | WLW app","Endpoint tests","Homepage, products","product recommendations EN","","product recommendations EN",""
"failed","Mon Jul 27 05:45:06 UTC 2026","Mon Jul 27 05:45:06 UTC 2026","11","1.1 Team Hummingbird - BFF | WLW app","Technical Tests","categories-controller","PUT /preferred/categories","","PUT /preferred/categories",""
"passed","Mon Jul 27 05:45:05 UTC 2026","Mon Jul 27 05:45:05 UTC 2026","36","1.1 Team Hummingbird - BFF | WLW app","Technical Tests","ai-company-search-controller","POST /public_api/search/ai/company/search","","POST /public_api/search/ai/company/search",""
"passed","Mon Jul 27 05:45:14 UTC 2026","Mon Jul 27 05:45:14 UTC 2026","34","1.1 Team Hummingbird - BFF | WLW app","Technical Tests","conversation-controller","GET /public_api/conversation/userConversations/{userId}/unreadCount/ [SEC] Injection Probe","","GET /public_api/conversation/userConversations/{userId}/unreadCount/ [SEC] Injection Probe",""
"passed","Mon Jul 27 05:43:00 UTC 2026","Mon Jul 27 05:43:00 UTC 2026","34","Bamboo","Functional","","","searchCategoryByNameTest","searchCategoryByName",""
"failed","Mon Jul 27 05:44:56 UTC 2026","Mon Jul 27 05:44:57 UTC 2026","1359","4. Team CRM |CRM Staging","Business Scenarios Tests","Account","Smoke Test Basic Account Creation","","Smoke Test Basic Account Creation",""
"failed","Mon Jul 27 05:45:30 UTC 2026","Mon Jul 27 05:45:30 UTC 2026","11","1.1 Team Hummingbird - BFF | WLW app","Technical Tests","search-controller","GET /public_api/search/autoComplete [NEG] Missing Auth/API-Key","","GET /public_api/search/autoComplete [NEG] Missing Auth/API-Key",""
"passed","Mon Jul 27 05:44:57 UTC 2026","Mon Jul 27 05:45:01 UTC 2026","4162","4. Team CRM |CRM Staging","Business Scenarios Tests","Account","Trigger SAP Customer number","","Trigger SAP Customer number",""
"passed","Mon Jul 27 05:45:31 UTC 2026","Mon Jul 27 05:45:31 UTC 2026","31","1.1 Team Hummingbird - BFF | WLW app","Technical Tests","search-controller","GET /public_api/search/ai/tabChange [NEG] Expired Token","","GET /public_api/search/ai/tabChange [NEG] Expired Token",""
"passed","Mon Jul 27 05:44:59 UTC 2026","Mon Jul 27 05:45:00 UTC 2026","858","1.1 Team Hummingbird - BFF | WLW app","Endpoint tests","Search","search companies DE","","search companies DE",""
"skipped","Mon Jul 27 05:44:10 UTC 2026","Mon Jul 27 05:44:10 UTC 2026","0","7. Team Pegasus | Pegasus Staging","Endpoints Tests","Supplier Registration","Manual VAT check","","Import vat",""
"skipped","Mon Jul 27 05:44:10 UTC 2026","Mon Jul 27 05:44:10 UTC 2026","0","7. Team Pegasus | Pegasus Staging","Spike | Profiles link user to company","(root)","04 OAuth — User Storage token","","04 OAuth — User Storage token",""
"skipped","Mon Jul 27 05:44:10 UTC 2026","Mon Jul 27 05:44:10 UTC 2026","0","7. Team Pegasus | Pegasus Staging","Business Scenarios Tests","Supplier Registration","EP - Lead create and update","","leads - Create a lead",""
"skipped","Mon Jul 27 05:44:10 UTC 2026","Mon Jul 27 05:44:10 UTC 2026","0","7. Team Pegasus | Pegasus Staging","Endpoints Tests","Shop Import & Onboarding Backend","/import/status","","/import/status",""
"passed","Mon Jul 27 05:52:52 UTC 2026","Mon Jul 27 05:52:52 UTC 2026","43","Dolphin","Technical","","","getCategoryListWlwTest","v-recommend category list -- wlw, full categories",""
"passed","Mon Jul 27 05:45:21 UTC 2026","Mon Jul 27 05:45:21 UTC 2026","14","1.1 Team Hummingbird - BFF | WLW app","Technical Tests","login-controller","POST /public_api/auth/code/verify [NEG] Missing Auth/API-Key","","POST /public_api/auth/code/verify [NEG] Missing Auth/API-Key",""
"passed","Mon Jul 27 05:44:55 UTC 2026","Mon Jul 27 05:44:56 UTC 2026","431","4. Team CRM |CRM Staging","Business Scenarios Tests","Account","Update Account","","Update Account",""
"failed","Mon Jul 27 05:45:24 UTC 2026","Mon Jul 27 05:45:24 UTC 2026","10","1.1 Team Hummingbird - BFF | WLW app","Technical Tests","product-controller","GET /public_api/companies/{supplierPublicId}/products [NEG] Forbidden Role Token","","GET /public_api/companies/{supplierPublicId}/products [NEG] Forbidden Role Token",""
"passed","Mon Jul 27 05:44:57 UTC 2026","Mon Jul 27 05:45:01 UTC 2026","4162","4. Team CRM |CRM Staging","Business Scenarios Tests","Account","Trigger SAP Customer number","","Trigger SAP Customer number",""
"failed","Mon Jul 27 05:45:13 UTC 2026","Mon Jul 27 05:45:13 UTC 2026","10","1.1 Team Hummingbird - BFF | WLW app","Technical Tests","conversation-controller","GET /public_api/conversation/userConversations/{userId}/unreadCount [NEG] Forbidden Role Token","","GET /public_api/conversation/userConversations/{userId}/unreadCount [NEG] Forbidden Role Token",""
"passed","Mon Jul 27 05:45:04 UTC 2026","Mon Jul 27 05:45:05 UTC 2026","526","4. Team CRM |CRM Staging","Endpoints Tests","(root)","Create Note with sf id Copy","","Create Note with sf id Copy",""
"failed","Mon Jul 27 05:45:12 UTC 2026","Mon Jul 27 05:45:12 UTC 2026","12","1.1 Team Hummingbird - BFF | WLW app","Technical Tests","conversation-controller","GET /public_api/conversation/userConversations [NEG] Forbidden Role Token","","GET /public_api/conversation/userConversations [NEG] Forbidden Role Token",""
"failed","Mon Jul 27 05:45:29 UTC 2026","Mon Jul 27 05:45:29 UTC 2026","12","1.1 Team Hummingbird - BFF | WLW app","Technical Tests","search-controller","GET /public_api/suppliers/recommendations [NEG] Missing Auth/API-Key","","GET /public_api/suppliers/recommendations [NEG] Missing Auth/API-Key",""
"failed","Mon Jul 27 05:45:29 UTC 2026","Mon Jul 27 05:45:29 UTC 2026","11","1.1 Team Hummingbird - BFF | WLW app","Technical Tests","search-controller","GET /public_api/search [NEG] Expired Token","","GET /public_api/search [NEG] Expired Token",""
"passed","Mon Jul 27 05:52:50 UTC 2026","Mon Jul 27 05:52:51 UTC 2026","706","Dolphin","Functional","","","productTextSearchTest","AI product text search recall API",""
"passed","Mon Jul 27 05:44:55 UTC 2026","Mon Jul 27 05:44:56 UTC 2026","702","4. Team CRM |CRM Staging","Business Scenarios Tests","Account","Dunning level 1","","Dunning level 1",""
"skipped","Mon Jul 27 05:44:10 UTC 2026","Mon Jul 27 05:44:10 UTC 2026","0","7. Team Pegasus | Pegasus Staging","Endpoints Tests","Shop Import & Onboarding Backend","/offers/categoryProperties","","/offers/categoryProperties",""
"skipped","Mon Jul 27 05:44:10 UTC 2026","Mon Jul 27 05:44:10 UTC 2026","0","7. Team Pegasus | Pegasus Staging","Business Scenarios Tests","Business Insights","Dashboard smoke flow","","Scoring",""
"passed","Mon Jul 27 05:45:36 UTC 2026","Mon Jul 27 05:45:36 UTC 2026","34","1.1 Team Hummingbird - BFF | WLW app","Technical Tests","trending-products-controller","GET /public_api/trending/notifications [NEG] Expired Token","","GET /public_api/trending/notifications [NEG] Expired Token",""
"passed","Mon Jul 27 05:44:04 UTC 2026","Mon Jul 27 05:44:04 UTC 2026","795","1 Team Hummingbird - BFF | EP app","Endpoint tests","User settings","user setting","","user setting",""
"passed","Mon Jul 27 05:45:00 UTC 2026","Mon Jul 27 05:45:00 UTC 2026","690","1.1 Team Hummingbird - BFF | WLW app","Endpoint tests","Search","Product Search FR","","Product Search FR",""
"failed","Mon Jul 27 05:44:09 UTC 2026","Mon Jul 27 05:44:09 UTC 2026","341","1 Team Hummingbird - BFF | EP app","Endpoint tests","Conversations","send file message","","send file message",""
"failed","Mon Jul 27 05:45:27 UTC 2026","Mon Jul 27 05:45:27 UTC 2026","9","1.1 Team Hummingbird - BFF | WLW app","Technical Tests","push-notification-by-email-controller","GET /v1/pushNotification [SEC] Injection Probe","","GET /v1/pushNotification [SEC] Injection Probe",""
"passed","Mon Jul 27 05:44:57 UTC 2026","Mon Jul 27 05:44:58 UTC 2026","264","4. Team CRM |CRM Staging","Business Scenarios Tests","Feedback","Trigger Feedback","","Trigger Feedback",""
"passed","Mon Jul 27 05:45:12 UTC 2026","Mon Jul 27 05:45:12 UTC 2026","32","1.1 Team Hummingbird - BFF | WLW app","Technical Tests","conversation-controller","POST /public_api/conversation/userConversations/{conversationId}/messages/file [NEG] Expired Token","","POST /public_api/conversation/userConversations/{conversationId}/messages/file [NEG] Expired Token",""
"failed","Mon Jul 27 05:44:05 UTC 2026","Mon Jul 27 05:44:05 UTC 2026","139","1 Team Hummingbird - BFF | EP app","Endpoint tests","Company","Company ID DE","","Company ID DE",""
"passed","Mon Jul 27 05:45:36 UTC 2026","Mon Jul 27 05:45:36 UTC 2026","16","1.1 Team Hummingbird - BFF | WLW app","Technical Tests","user-controller","GET /public_api/user/userInfo [NEG] Missing Auth/API-Key","","GET /public_api/user/userInfo [NEG] Missing Auth/API-Key",""
"passed","Mon Jul 27 05:44:57 UTC 2026","Mon Jul 27 05:44:57 UTC 2026","102","4. Team CRM |CRM Staging","Business Scenarios Tests","Account","Smoke test : Account + Contact + SAP","","Smoke test : Account + Contact + SAP",""
"skipped","Mon Jul 27 05:49:37 UTC 2026","Mon Jul 27 05:49:37 UTC 2026","0","3 Team Techno - UCL","Technical Tests","Organization","GET /unified_commercial_logic/internal_api/api/organization/ - Retrieve Organization List","","GET /unified_commercial_logic/internal_api/api/organization/ - Retrieve Organization List",""
"failed","Mon Jul 27 05:45:06 UTC 2026","Mon Jul 27 05:45:06 UTC 2026","12","1.1 Team Hummingbird - BFF | WLW app","Technical Tests","categories-controller","GET /preferred/categories [NEG] Missing Auth/API-Key","","GET /preferred/categories [NEG] Missing Auth/API-Key",""
"passed","Mon Jul 27 05:44:59 UTC 2026","Mon Jul 27 05:45:01 UTC 2026","1451","4. Team CRM |CRM Staging","Business Scenarios Tests","Lead","Create a  lead","","Create a  lead",""
"failed","Mon Jul 27 05:45:13 UTC 2026","Mon Jul 27 05:45:13 UTC 2026","11","1.1 Team Hummingbird - BFF | WLW app","Technical Tests","conversation-controller","GET /public_api/conversation/userConversations/{userId}/unreadCount/ [NEG] Expired Token","","GET /public_api/conversation/userConversations/{userId}/unreadCount/ [NEG] Expired Token",""
"failed","Mon Jul 27 05:45:30 UTC 2026","Mon Jul 27 05:45:30 UTC 2026","9","1.1 Team Hummingbird - BFF | WLW app","Technical Tests","search-controller","GET /public_api/search/products [NEG] Forbidden Role Token","","GET /public_api/search/products [NEG] Forbidden Role Token",""
"passed","Mon Jul 27 05:45:25 UTC 2026","Mon Jul 27 05:45:25 UTC 2026","33","1.1 Team Hummingbird - BFF | WLW app","Technical Tests","purchaser-user-setting-controller","POST /userSetting/ [NEG] Expired Token","","POST /userSetting/ [NEG] Expired Token",""
"passed","Mon Jul 27 05:45:17 UTC 2026","Mon Jul 27 05:45:17 UTC 2026","38","1.1 Team Hummingbird - BFF | WLW app","Technical Tests","feedback-controller","POST /feedback [NEG] Forbidden Role Token","","POST /feedback [NEG] Forbidden Role Token",""
"failed","Mon Jul 27 05:45:35 UTC 2026","Mon Jul 27 05:45:35 UTC 2026","10","1.1 Team Hummingbird - BFF | WLW app","Technical Tests","trending-products-controller","GET /public_api/trending/products","","GET /public_api/trending/products",""
"failed","Mon Jul 27 05:44:05 UTC 2026","Mon Jul 27 05:44:06 UTC 2026","589","1 Team Hummingbird - BFF | EP app","Endpoint tests","Company","Company ID EN","","Company ID EN",""
"passed","Mon Jul 27 05:45:00 UTC 2026","Mon Jul 27 05:45:01 UTC 2026","105","4. Team CRM |CRM Staging","Business Scenarios Tests","WLW Price Compaigns","WLW_Price Compaigns","","WLW_Price Compaigns",""
"passed","Mon Jul 27 05:44:56 UTC 2026","Mon Jul 27 05:44:57 UTC 2026","851","4. Team CRM |CRM Staging","Business Scenarios Tests","Account","Smoke Test Create Account with All Fields","","Smoke Test Create Account with All Fields",""
"passed","Mon Jul 27 05:43:03 UTC 2026","Mon Jul 27 05:43:03 UTC 2026","178","2 Team Dragon - BFF | RFQ Backend","Functional Tests","(root)","GET /v1/user - Success","","GET /v1/user - Success",""
"passed","Mon Jul 27 05:44:59 UTC 2026","Mon Jul 27 05:44:59 UTC 2026","79","1.1 Team Hummingbird - BFF | WLW app","Endpoint tests","Search","search autoComplete EN","","search autoComplete EN",""
"passed","Mon Jul 27 05:45:17 UTC 2026","Mon Jul 27 05:45:17 UTC 2026","29","1.1 Team Hummingbird - BFF | WLW app","Technical Tests","euro-pages-controller","DELETE /public_api/euro-pages/auth/delete [NEG] Expired Token","","DELETE /public_api/euro-pages/auth/delete [NEG] Expired Token",""
"skipped","Mon Jul 27 05:44:10 UTC 2026","Mon Jul 27 05:44:10 UTC 2026","0","7. Team Pegasus | Pegasus Staging","Endpoints Tests","Shop Import & Onboarding Backend","/offers/{offerId}","","/offers/{offerId}",""
"passed","Mon Jul 27 05:45:26 UTC 2026","Mon Jul 27 05:45:26 UTC 2026","32","1.1 Team Hummingbird - BFF | WLW app","Technical Tests","purchaser-user-setting-controller","GET /userSetting [SEC] Injection Probe","","GET /userSetting [SEC] Injection Probe",""
"passed","Mon Jul 27 05:52:52 UTC 2026","Mon Jul 27 05:52:52 UTC 2026","46","Dolphin","Technical","","","getCategoryListEpTest","v-recommend category list -- ep",""
"failed","Mon Jul 27 05:45:06 UTC 2026","Mon Jul 27 05:45:06 UTC 2026","11","1.1 Team Hummingbird - BFF | WLW app","Technical Tests","categories-controller","GET /preferred/categories","","GET /preferred/categories",""
"passed","Mon Jul 27 05:45:35 UTC 2026","Mon Jul 27 05:45:35 UTC 2026","17","1.1 Team Hummingbird - BFF | WLW app","Technical Tests","supplier-visitors-controller","GET /","","GET /",""
"failed","Mon Jul 27 05:43:05 UTC 2026","Mon Jul 27 05:43:05 UTC 2026","80","2 Team Dragon - BFF | RFQ Backend","Business Scenario Tests","(root)","RFQ_Listing","","RFQ_Listing",""
"passed","Mon Jul 27 05:45:11 UTC 2026","Mon Jul 27 05:45:11 UTC 2026","17","1.1 Team Hummingbird - BFF | WLW app","Technical Tests","conversation-controller","POST /public_api/conversation/userConversations/{conversationId}/messages/{messageId}/translate [NEG] Missing Auth/API-Key","","POST /public_api/conversation/userConversations/{conversationId}/messages/{messageId}/translate [NEG] Missing Auth/API-Key",""
"failed","Mon Jul 27 05:45:09 UTC 2026","Mon Jul 27 05:45:09 UTC 2026","9","1.1 Team Hummingbird - BFF | WLW app","Technical Tests","conversation-controller","PUT /public_api/conversation/userConversations/{conversationId}/messages/markAsRead","","PUT /public_api/conversation/userConversations/{conversationId}/messages/markAsRead",""
"passed","Mon Jul 27 05:45:01 UTC 2026","Mon Jul 27 05:45:02 UTC 2026","497","1.1 Team Hummingbird - BFF | WLW app","Endpoint tests","Conversations","user conversations","","user conversations",""
"skipped","Mon Jul 27 05:44:10 UTC 2026","Mon Jul 27 05:44:10 UTC 2026","0","7. Team Pegasus | Pegasus Staging","Endpoints Tests","Visitors","Elixir (supplier-app)","","Filters",""
"skipped","Mon Jul 27 05:44:53 UTC 2026","Mon Jul 27 05:44:53 UTC 2026","0","4. Team CRM |CRM Staging","Endpoints Tests","Users","Custom Endpoints","","Endpoints Tests / Users / Custom Endpoints - empty",""
"broken","Mon Jul 27 05:51:01 UTC 2026","Mon Jul 27 05:51:21 UTC 2026","20017","Dolphin","Technical","","","termRecommendBlankLanguageTest","AI Search term recommend: blank language → business failure",""
"failed","Mon Jul 27 05:45:02 UTC 2026","Mon Jul 27 05:45:02 UTC 2026","136","1.1 Team Hummingbird - BFF | WLW app","Endpoint tests","Conversations","File","","File",""
"failed","Mon Jul 27 05:45:34 UTC 2026","Mon Jul 27 05:45:34 UTC 2026","13","1.1 Team Hummingbird - BFF | WLW app","Technical Tests","supplier-visitors-controller","GET /public_api/suppliers/{supplier_id}/visits [NEG] Forbidden Role Token","","GET /public_api/suppliers/{supplier_id}/visits [NEG] Forbidden Role Token",""
"skipped","Mon Jul 27 05:49:37 UTC 2026","Mon Jul 27 05:49:37 UTC 2026","0","3 Team Techno - UCL","Functional Tests","Endpoint Tests","WebsiteLead","","get all active on ep for given existing uuid",""
"passed","Mon Jul 27 05:45:20 UTC 2026","Mon Jul 27 05:45:20 UTC 2026","31","1.1 Team Hummingbird - BFF | WLW app","Technical Tests","login-controller","POST /public_api/auth/registration","","POST /public_api/auth/registration",""
"passed","Mon Jul 27 05:45:22 UTC 2026","Mon Jul 27 05:45:22 UTC 2026","38","1.1 Team Hummingbird - BFF | WLW app","Technical Tests","login-controller","DELETE /public_api/auth/sso/logout","","DELETE /public_api/auth/sso/logout",""
"passed","Mon Jul 27 05:45:34 UTC 2026","Mon Jul 27 05:45:34 UTC 2026","15","1.1 Team Hummingbird - BFF | WLW app","Technical Tests","supplier-visitors-controller","GET /public_api/suppliers/{supplier_id}/visits/{id} [NEG] Missing Auth/API-Key","","GET /public_api/suppliers/{supplier_id}/visits/{id} [NEG] Missing Auth/API-Key",""
"failed","Mon Jul 27 05:44:58 UTC 2026","Mon Jul 27 05:44:58 UTC 2026","70","1.1 Team Hummingbird - BFF | WLW app","Endpoint tests","Company","Company ID DE","","Company ID DE",""
"failed","Mon Jul 27 05:45:15 UTC 2026","Mon Jul 27 05:45:15 UTC 2026","11","1.1 Team Hummingbird - BFF | WLW app","Technical Tests","conversation-controller","GET /public_api/conversation/userConversations/{conversationId}/file [SEC] Injection Probe","","GET /public_api/conversation/userConversations/{conversationId}/file [SEC] Injection Probe",""
"skipped","Mon Jul 27 05:44:10 UTC 2026","Mon Jul 27 05:44:10 UTC 2026","0","7. Team Pegasus | Pegasus Staging","Endpoints Tests","Business Insights","Visitor","","Visitor",""
"failed","Mon Jul 27 05:45:05 UTC 2026","Mon Jul 27 05:45:05 UTC 2026","120","4. Team CRM |CRM Staging","Endpoints Tests","(root)","get company data via CRM id","","get company data via CRM id",""
"broken","Mon Jul 27 05:44:59 UTC 2026","Mon Jul 27 05:45:19 UTC 2026","20017","Dolphin","Technical","","","pvMatchTest","AI Search PV match (supplierAiMatch) API",""
"broken","Mon Jul 27 05:45:59 UTC 2026","Mon Jul 27 05:46:19 UTC 2026","20023","Dolphin","Functional","","","recallCountryFilterTest","AI Search recall: country filter DE",""
"passed","Mon Jul 27 05:44:07 UTC 2026","Mon Jul 27 05:44:08 UTC 2026","756","1 Team Hummingbird - BFF | EP app","Endpoint tests","Search","Product Search DE","","Product Search DE",""
"failed","Mon Jul 27 05:45:04 UTC 2026","Mon Jul 27 05:45:04 UTC 2026","24","1.1 Team Hummingbird - BFF | WLW app","Technical Tests","ai-company-search-controller","GET /public_api/search/ai/company/search","","GET /public_api/search/ai/company/search",""
"passed","Mon Jul 27 05:45:23 UTC 2026","Mon Jul 27 05:45:23 UTC 2026","32","1.1 Team Hummingbird - BFF | WLW app","Technical Tests","product-controller","GET /public_api/products/{productId} [NEG] Forbidden Role Token","","GET /public_api/products/{productId} [NEG] Forbidden Role Token",""
"passed","Mon Jul 27 05:45:22 UTC 2026","Mon Jul 27 05:45:22 UTC 2026","34","1.1 Team Hummingbird - BFF | WLW app","Technical Tests","login-controller","POST /public_api/auth/changePassword","","POST /public_api/auth/changePassword",""
"passed","Mon Jul 27 05:45:22 UTC 2026","Mon Jul 27 05:45:22 UTC 2026","36","1.1 Team Hummingbird - BFF | WLW app","Technical Tests","login-controller","DELETE /public_api/auth/sso/logout [NEG] Missing Auth/API-Key","","DELETE /public_api/auth/sso/logout [NEG] Missing Auth/API-Key",""
"passed","Mon Jul 27 05:45:03 UTC 2026","Mon Jul 27 05:45:03 UTC 2026","37","1.1 Team Hummingbird - BFF | WLW app","Technical Tests","ai-company-search-controller","POST /public_api/search/ai/supplier/recall","","POST /public_api/search/ai/supplier/recall",""
"passed","Mon Jul 27 05:45:08 UTC 2026","Mon Jul 27 05:45:08 UTC 2026","32","1.1 Team Hummingbird - BFF | WLW app","Technical Tests","company-controller","GET /public_api/company/{id} [NEG] Expired Token","","GET /public_api/company/{id} [NEG] Expired Token",""
"passed","Mon Jul 27 05:44:09 UTC 2026","Mon Jul 27 05:44:10 UTC 2026","1095","1 Team Hummingbird - BFF | EP app","Endpoint tests","Conversations","conversation id","","conversation id",""
"failed","Mon Jul 27 05:45:02 UTC 2026","Mon Jul 27 05:45:02 UTC 2026","85","1.1 Team Hummingbird - BFF | WLW app","Endpoint tests","Conversations","send file message","","send file message",""
"passed","Mon Jul 27 05:45:35 UTC 2026","Mon Jul 27 05:45:35 UTC 2026","14","1.1 Team Hummingbird - BFF | WLW app","Technical Tests","trending-products-controller","POST /public_api/trending/import [NEG] Missing Auth/API-Key","","POST /public_api/trending/import [NEG] Missing Auth/API-Key",""
"skipped","Mon Jul 27 05:44:10 UTC 2026","Mon Jul 27 05:44:10 UTC 2026","0","7. Team Pegasus | Pegasus Staging","Endpoints Tests","Business Insights","PGS-890 Admin company refresh","","PGS-890 Admin company refresh",""
"failed","Mon Jul 27 05:45:00 UTC 2026","Mon Jul 27 05:45:01 UTC 2026","277","4. Team CRM |CRM Staging","Business Scenarios Tests","Lead","Get a Lead","","Get a Lead",""
"skipped","Mon Jul 27 05:44:10 UTC 2026","Mon Jul 27 05:44:10 UTC 2026","0","7. Team Pegasus | Pegasus Staging","Technical Tests","(empty)","(empty)","","Technical Tests - empty",""
"passed","Mon Jul 27 05:52:52 UTC 2026","Mon Jul 27 05:52:52 UTC 2026","94","Dolphin","Functional","","","EPPCppProductRecommendTest","recommend products in CPP -- ep",""
"passed","Mon Jul 27 05:45:18 UTC 2026","Mon Jul 27 05:45:18 UTC 2026","29","1.1 Team Hummingbird - BFF | WLW app","Technical Tests","feedback-controller","GET /feedback/subject [NEG] Forbidden Role Token","","GET /feedback/subject [NEG] Forbidden Role Token",""
"passed","Mon Jul 27 05:45:20 UTC 2026","Mon Jul 27 05:45:20 UTC 2026","34","1.1 Team Hummingbird - BFF | WLW app","Technical Tests","login-controller","POST /public_api/auth/registration [NEG] Expired Token","","POST /public_api/auth/registration [NEG] Expired Token",""
"passed","Mon Jul 27 05:45:29 UTC 2026","Mon Jul 27 05:45:29 UTC 2026","32","1.1 Team Hummingbird - BFF | WLW app","Technical Tests","search-controller","GET /public_api/search [SEC] Injection Probe","","GET /public_api/search [SEC] Injection Probe",""
"passed","Mon Jul 27 05:52:52 UTC 2026","Mon Jul 27 05:52:52 UTC 2026","99","Dolphin","Technical","","","EPZeroResultProductRecommendTest","Recommend products in 0 result search list page v1 -- ep",""
"passed","Mon Jul 27 05:45:01 UTC 2026","Mon Jul 27 05:45:01 UTC 2026","0","4. Team CRM |CRM Staging","Business Scenarios Tests","Contacts","Smoke test for Create Contact & Verify HubSpot Sync","","Smoke test for Create Contact & Verify HubSpot Sync",""
"passed","Mon Jul 27 05:45:36 UTC 2026","Mon Jul 27 05:45:36 UTC 2026","31","1.1 Team Hummingbird - BFF | WLW app","Technical Tests","user-controller","GET /public_api/user/userInfo [NEG] Expired Token","","GET /public_api/user/userInfo [NEG] Expired Token",""
"passed","Mon Jul 27 05:44:58 UTC 2026","Mon Jul 27 05:44:58 UTC 2026","251","1.1 Team Hummingbird - BFF | WLW app","Endpoint tests","Mobile_Feedback","post feedback","","post feedback",""
"passed","Mon Jul 27 05:45:02 UTC 2026","Mon Jul 27 05:45:03 UTC 2026","499","4. Team CRM |CRM Staging","Business Scenarios Tests","Cases","Smoke Test for Case Creation","","Smoke Test for Case Creation",""
"skipped","Mon Jul 27 05:44:10 UTC 2026","Mon Jul 27 05:44:10 UTC 2026","0","7. Team Pegasus | Pegasus Staging","Business Scenarios Tests","Supplier Facts","Company create and update for UI","","Update company",""
"passed","Mon Jul 27 05:44:56 UTC 2026","Mon Jul 27 05:44:56 UTC 2026","18","1.1 Team Hummingbird - BFF | WLW app","Endpoint tests","User settings","push-notification-by-email-controller","","push-notification-by-email-controller",""
"failed","Mon Jul 27 05:45:32 UTC 2026","Mon Jul 27 05:45:32 UTC 2026","11","1.1 Team Hummingbird - BFF | WLW app","Technical Tests","search-controller","GET /public_api/categories/recommendations","","GET /public_api/categories/recommendations",""
"skipped","Mon Jul 27 05:44:10 UTC 2026","Mon Jul 27 05:44:10 UTC 2026","0","7. Team Pegasus | Pegasus Staging","Spike | Profiles link user to company","(root)","08 MANUAL — supplier_api GET (needs browser session)","","08 MANUAL — supplier_api GET (needs browser session)",""
"passed","Mon Jul 27 05:44:04 UTC 2026","Mon Jul 27 05:44:04 UTC 2026","25","1 Team Hummingbird - BFF | EP app","Endpoint tests","Support","Supportmasterdata_EN","","Supportmasterdata_EN",""
"passed","Mon Jul 27 05:44:10 UTC 2026","Mon Jul 27 05:44:10 UTC 2026","113","1 Team Hummingbird - BFF | EP app","Endpoint tests","Visitor profiler","download visitors csv","","download visitors csv",""
"passed","Mon Jul 27 05:45:11 UTC 2026","Mon Jul 27 05:45:11 UTC 2026","29","1.1 Team Hummingbird - BFF | WLW app","Technical Tests","conversation-controller","POST /public_api/conversation/userConversations/{conversationId}/messages/{messageId}/translate","","POST /public_api/conversation/userConversations/{conversationId}/messages/{messageId}/translate",""
"failed","Mon Jul 27 05:45:13 UTC 2026","Mon Jul 27 05:45:13 UTC 2026","12","1.1 Team Hummingbird - BFF | WLW app","Technical Tests","conversation-controller","GET /public_api/conversation/userConversations/{userId}/unreadCount [NEG] Expired Token","","GET /public_api/conversation/userConversations/{userId}/unreadCount [NEG] Expired Token",""
"passed","Mon Jul 27 05:45:35 UTC 2026","Mon Jul 27 05:45:35 UTC 2026","32","1.1 Team Hummingbird - BFF | WLW app","Technical Tests","trending-products-controller","POST /public_api/trending/import [NEG] Forbidden Role Token","","POST /public_api/trending/import [NEG] Forbidden Role Token",""
"passed","Mon Jul 27 05:45:30 UTC 2026","Mon Jul 27 05:45:30 UTC 2026","38","1.1 Team Hummingbird - BFF | WLW app","Technical Tests","search-controller","GET /public_api/search/products [SEC] Injection Probe","","GET /public_api/search/products [SEC] Injection Probe",""
"skipped","Mon Jul 27 05:49:37 UTC 2026","Mon Jul 27 05:49:37 UTC 2026","0","3 Team Techno - UCL","Technical Tests","TopRanking","GET /unified_commercial_logic/internal_api/api/top_ranking_v1 - Retrieve TopRankingV1 List","","GET /unified_commercial_logic/internal_api/api/top_ranking_v1 - Retrieve TopRankingV1 List",""
"failed","Mon Jul 27 05:45:23 UTC 2026","Mon Jul 27 05:45:23 UTC 2026","14","1.1 Team Hummingbird - BFF | WLW app","Technical Tests","product-controller","GET /public_api/companies/{supplierPublicId}/products","","GET /public_api/companies/{supplierPublicId}/products",""
"skipped","Mon Jul 27 05:49:37 UTC 2026","Mon Jul 27 05:49:37 UTC 2026","0","3 Team Techno - UCL","Functional Tests","Endpoint Tests","TopRanking","","get all active on wlw for the given uuid",""
"passed","Mon Jul 27 05:44:56 UTC 2026","Mon Jul 27 05:44:56 UTC 2026","247","1.1 Team Hummingbird - BFF | WLW app","Endpoint tests","Login","user Info","","user Info",""
"passed","Mon Jul 27 05:45:25 UTC 2026","Mon Jul 27 05:45:25 UTC 2026","32","1.1 Team Hummingbird - BFF | WLW app","Technical Tests","purchaser-user-setting-controller","POST /userSetting/ [NEG] Forbidden Role Token","","POST /userSetting/ [NEG] Forbidden Role Token",""
"failed","Mon Jul 27 05:45:05 UTC 2026","Mon Jul 27 05:45:05 UTC 2026","9","1.1 Team Hummingbird - BFF | WLW app","Technical Tests","ai-company-search-controller","GET /public_api/search/ai/company/stream/mock [NEG] Missing Auth/API-Key","","GET /public_api/search/ai/company/stream/mock [NEG] Missing Auth/API-Key",""
"passed","Mon Jul 27 05:45:16 UTC 2026","Mon Jul 27 05:45:16 UTC 2026","33","1.1 Team Hummingbird - BFF | WLW app","Technical Tests","dynamic-links-controller","POST /public_api/branchio/dynamiclink [NEG] Forbidden Role Token","","POST /public_api/branchio/dynamiclink [NEG] Forbidden Role Token",""
"failed","Mon Jul 27 05:44:03 UTC 2026","Mon Jul 27 05:44:03 UTC 2026","72","1 Team Hummingbird - BFF | EP app","Endpoint tests","Login","user Info","","user Info",""
"passed","Mon Jul 27 05:45:33 UTC 2026","Mon Jul 27 05:45:33 UTC 2026","13","1.1 Team Hummingbird - BFF | WLW app","Technical Tests","search-term-controller","PUT /public_api/search/notification-opened [NEG] Missing Auth/API-Key","","PUT /public_api/search/notification-opened [NEG] Missing Auth/API-Key",""
"passed","Mon Jul 27 05:45:19 UTC 2026","Mon Jul 27 05:45:19 UTC 2026","15","1.1 Team Hummingbird - BFF | WLW app","Technical Tests","login-controller","POST /public_api/auth/sso/login [NEG] Missing Auth/API-Key","","POST /public_api/auth/sso/login [NEG] Missing Auth/API-Key",""
"passed","Mon Jul 27 05:44:56 UTC 2026","Mon Jul 27 05:44:56 UTC 2026","431","4. Team CRM |CRM Staging","Business Scenarios Tests","Account","Update Account","","Update Account",""
"failed","Mon Jul 27 05:45:32 UTC 2026","Mon Jul 27 05:45:32 UTC 2026","11","1.1 Team Hummingbird - BFF | WLW app","Technical Tests","search-controller","GET /public_api/categories/recommendations [NEG] Forbidden Role Token","","GET /public_api/categories/recommendations [NEG] Forbidden Role Token",""
"passed","Mon Jul 27 05:45:34 UTC 2026","Mon Jul 27 05:45:34 UTC 2026","29","1.1 Team Hummingbird - BFF | WLW app","Technical Tests","supplier-visitors-controller","GET /public_api/suppliers/{supplier_id}/visits/{id} [NEG] Forbidden Role Token","","GET /public_api/suppliers/{supplier_id}/visits/{id} [NEG] Forbidden Role Token",""
"passed","Mon Jul 27 05:45:08 UTC 2026","Mon Jul 27 05:45:08 UTC 2026","34","1.1 Team Hummingbird - BFF | WLW app","Technical Tests","company-controller","GET /public_api/company/{id} [NEG] Forbidden Role Token","","GET /public_api/company/{id} [NEG] Forbidden Role Token",""
"failed","Mon Jul 27 05:45:23 UTC 2026","Mon Jul 27 05:45:23 UTC 2026","11","1.1 Team Hummingbird - BFF | WLW app","Technical Tests","product-controller","GET /public_api/products [NEG] Forbidden Role Token","","GET /public_api/products [NEG] Forbidden Role Token",""
"skipped","Mon Jul 27 05:49:37 UTC 2026","Mon Jul 27 05:49:37 UTC 2026","0","3 Team Techno - UCL","Functional Tests","Endpoint Tests","membership","","get all active membership for uuid platform specific",""
"passed","Mon Jul 27 05:45:25 UTC 2026","Mon Jul 27 05:45:25 UTC 2026","35","1.1 Team Hummingbird - BFF | WLW app","Technical Tests","purchaser-user-setting-controller","PUT /userSetting/{id}","","PUT /userSetting/{id}",""
"failed","Mon Jul 27 05:43:04 UTC 2026","Mon Jul 27 05:43:04 UTC 2026","24","2 Team Dragon - BFF | RFQ Backend","Functional Tests","(root)","GET /v1/rfqs/attachments/{attachmentId} - Download","","GET /v1/rfqs/attachments/{attachmentId} - Download",""
"failed","Mon Jul 27 05:45:32 UTC 2026","Mon Jul 27 05:45:32 UTC 2026","12","1.1 Team Hummingbird - BFF | WLW app","Technical Tests","search-controller","GET /public_api/products/recommendations","","GET /public_api/products/recommendations",""
"passed","Mon Jul 27 05:45:06 UTC 2026","Mon Jul 27 05:45:06 UTC 2026","32","1.1 Team Hummingbird - BFF | WLW app","Technical Tests","categories-controller","GET /preferred/categories [SEC] Injection Probe","","GET /preferred/categories [SEC] Injection Probe",""
"failed","Mon Jul 27 05:44:08 UTC 2026","Mon Jul 27 05:44:13 UTC 2026","4084","1 Team Hummingbird - BFF | EP app","Endpoint tests","Conversations","user conversations","","user conversations",""
"broken","Mon Jul 27 05:43:59 UTC 2026","Mon Jul 27 05:44:19 UTC 2026","20005","Dolphin","Technical","","","inferenceTest","AI Search inference API (SSE stream)",""
"passed","Mon Jul 27 05:44:59 UTC 2026","Mon Jul 27 05:44:59 UTC 2026","56","1.1 Team Hummingbird - BFF | WLW app","Endpoint tests","Search","search autoComplete FR","","search autoComplete FR",""
"failed","Mon Jul 27 05:45:08 UTC 2026","Mon Jul 27 05:45:08 UTC 2026","11","1.1 Team Hummingbird - BFF | WLW app","Technical Tests","company-controller","GET /public_api/company [NEG] Expired Token","","GET /public_api/company [NEG] Expired Token",""
"failed","Mon Jul 27 05:45:26 UTC 2026","Mon Jul 27 05:45:26 UTC 2026","9","1.1 Team Hummingbird - BFF | WLW app","Technical Tests","push-notification-by-email-controller","GET /v1/pushNotification","","GET /v1/pushNotification",""
"passed","Mon Jul 27 05:45:05 UTC 2026","Mon Jul 27 05:45:05 UTC 2026","34","1.1 Team Hummingbird - BFF | WLW app","Technical Tests","ai-company-search-controller","POST /public_api/search/ai/company/search [NEG] Forbidden Role Token","","POST /public_api/search/ai/company/search [NEG] Forbidden Role Token",""
"passed","Mon Jul 27 05:52:53 UTC 2026","Mon Jul 27 05:52:53 UTC 2026","73","Dolphin","Technical","","","homepageProductRecommendTest","homepage product recommend -- wlw",""
"skipped","Mon Jul 27 05:44:10 UTC 2026","Mon Jul 27 05:44:10 UTC 2026","0","7. Team Pegasus | Pegasus Staging","Business Scenarios Tests","Supplier Registration","EP - Lead create and update","","leads/{lead_id} - Update a lead",""
"passed","Mon Jul 27 05:44:07 UTC 2026","Mon Jul 27 05:44:12 UTC 2026","4265","1 Team Hummingbird - BFF | EP app","Endpoint tests","RFQ","post RFQ","","post RFQ",""
"passed","Mon Jul 27 05:44:59 UTC 2026","Mon Jul 27 05:44:59 UTC 2026","241","4. Team CRM |CRM Staging","Business Scenarios Tests","Disable Hubspot","Check hubspot is true","","Check hubspot is true",""
"passed","Mon Jul 27 05:44:55 UTC 2026","Mon Jul 27 05:44:55 UTC 2026","266","4. Team CRM |CRM Staging","Business Scenarios Tests","Quote","Check Quote","","Check Quote",""
"broken","Mon Jul 27 05:48:20 UTC 2026","Mon Jul 27 05:48:40 UTC 2026","20019","Dolphin","Technical","","","recallPageZeroNormalizedTest","AI Search recall: page=0 normalized, still success",""
"passed","Mon Jul 27 05:45:20 UTC 2026","Mon Jul 27 05:45:20 UTC 2026","29","1.1 Team Hummingbird - BFF | WLW app","Technical Tests","login-controller","POST /public_api/auth/resetPassword [NEG] Forbidden Role Token","","POST /public_api/auth/resetPassword [NEG] Forbidden Role Token",""
"passed","Mon Jul 27 05:44:54 UTC 2026","Mon Jul 27 05:45:41 UTC 2026","47370","4. Team CRM |CRM Staging","Business Scenarios Tests","Contacts","Create Contact","","Create Contact",""
"skipped","Mon Jul 27 05:49:37 UTC 2026","Mon Jul 27 05:49:37 UTC 2026","0","3 Team Techno - UCL","Technical Tests","TopRanking","GET /unified_commercial_logic/internal_api/api/top_ranking_v1/{id} - Retrieve TopRankingV1 By ID","","GET /unified_commercial_logic/internal_api/api/top_ranking_v1/{id} - Retrieve TopRankingV1 By ID",""
"skipped","Mon Jul 27 05:44:10 UTC 2026","Mon Jul 27 05:44:10 UTC 2026","0","7. Team Pegasus | Pegasus Staging","Endpoints Tests","Business Insights","Product search","","Product search",""
"skipped","Mon Jul 27 05:49:37 UTC 2026","Mon Jul 27 05:49:37 UTC 2026","0","3 Team Techno - UCL","Technical Tests","Retargeting","GET /unified_commercial_logic/internal_api/api/retargeting/ - Retrieve Retargeting List","","GET /unified_commercial_logic/internal_api/api/retargeting/ - Retrieve Retargeting List",""
"broken","Mon Jul 27 05:52:21 UTC 2026","Mon Jul 27 05:52:41 UTC 2026","20022","Dolphin","Technical","","","productInferenceTest","AI product search inference stream API",""
"passed","Mon Jul 27 05:52:42 UTC 2026","Mon Jul 27 05:52:43 UTC 2026","783","Dolphin","Technical","","","productTextSearchIllegalSortTest","AI product text search recall: illegal sort passthrough",""
"passed","Mon Jul 27 05:45:01 UTC 2026","Mon Jul 27 05:45:04 UTC 2026","2403","4. Team CRM |CRM Staging","Business Scenarios Tests","Platform Profile","Smoke Test Create Platform Profile","","Smoke Test Create Platform Profile",""
"passed","Mon Jul 27 05:45:01 UTC 2026","Mon Jul 27 05:45:02 UTC 2026","402","4. Team CRM |CRM Staging","Business Scenarios Tests","Platform Profile","Update Platform Profile","","Update Platform Profile",""
"passed","Mon Jul 27 05:45:01 UTC 2026","Mon Jul 27 05:45:02 UTC 2026","253","1.1 Team Hummingbird - BFF | WLW app","Endpoint tests","Conversations","conversation id","","conversation id",""
"passed","Mon Jul 27 05:44:59 UTC 2026","Mon Jul 27 05:44:59 UTC 2026","131","4. Team CRM |CRM Staging","Business Scenarios Tests","Lead","Lead-duplicateCheck - without dupicates","","Lead-duplicateCheck - without dupicates",""
"passed","Mon Jul 27 05:44:09 UTC 2026","Mon Jul 27 05:44:09 UTC 2026","686","1 Team Hummingbird - BFF | EP app","Endpoint tests","Conversations","conversation/messages","","conversation/messages",""
"failed","Mon Jul 27 05:45:09 UTC 2026","Mon Jul 27 05:45:09 UTC 2026","9","1.1 Team Hummingbird - BFF | WLW app","Technical Tests","conversation-controller","PUT /public_api/conversation/userConversations/{conversationId}/messages/markAsRead [NEG] Expired Token","","PUT /public_api/conversation/userConversations/{conversationId}/messages/markAsRead [NEG] Expired Token",""
"skipped","Mon Jul 27 05:49:37 UTC 2026","Mon Jul 27 05:49:37 UTC 2026","0","3 Team Techno - UCL","Technical Tests","Retargeting","GET /unified_commercial_logic/internal_api/api/retargeting/{id} - Retrieve Retargeting By ID","","GET /unified_commercial_logic/internal_api/api/retargeting/{id} - Retrieve Retargeting By ID",""
"failed","Mon Jul 27 05:45:33 UTC 2026","Mon Jul 27 05:45:33 UTC 2026","11","1.1 Team Hummingbird - BFF | WLW app","Technical Tests","search-term-controller","POST /public_api/search/track [NEG] Forbidden Role Token","","POST /public_api/search/track [NEG] Forbidden Role Token",""
"failed","Mon Jul 27 05:44:05 UTC 2026","Mon Jul 27 05:44:05 UTC 2026","75","1 Team Hummingbird - BFF | EP app","Endpoint tests","Company","Company ID FR","","Company ID FR",""
"passed","Mon Jul 27 05:44:10 UTC 2026","Mon Jul 27 05:44:15 UTC 2026","4909","1 Team Hummingbird - BFF | EP app","Endpoint tests","Visitor profiler","Visits","","Visits",""
"failed","Mon Jul 27 05:45:34 UTC 2026","Mon Jul 27 05:45:34 UTC 2026","14","1.1 Team Hummingbird - BFF | WLW app","Technical Tests","supplier-visitors-controller","GET /public_api/suppliers/{supplier_id}/visits/csv","","GET /public_api/suppliers/{supplier_id}/visits/csv",""
"passed","Mon Jul 27 05:45:20 UTC 2026","Mon Jul 27 05:45:20 UTC 2026","34","1.1 Team Hummingbird - BFF | WLW app","Technical Tests","login-controller","POST /public_api/auth/resetPassword [NEG] Expired Token","","POST /public_api/auth/resetPassword [NEG] Expired Token",""
"failed","Mon Jul 27 05:45:23 UTC 2026","Mon Jul 27 05:45:23 UTC 2026","12","1.1 Team Hummingbird - BFF | WLW app","Technical Tests","product-controller","GET /public_api/products [NEG] Expired Token","","GET /public_api/products [NEG] Expired Token",""
"passed","Mon Jul 27 05:45:23 UTC 2026","Mon Jul 27 05:45:23 UTC 2026","45","1.1 Team Hummingbird - BFF | WLW app","Technical Tests","product-controller","GET /public_api/products/{productId}","","GET /public_api/products/{productId}",""
"passed","Mon Jul 27 05:43:05 UTC 2026","Mon Jul 27 05:43:05 UTC 2026","6","2 Team Dragon - BFF | RFQ Backend","Technical Tests","(root)","GET /v1/user - User Info + Roles + Negative Auth","","GET /v1/user - User Info + Roles + Negative Auth",""
"passed","Mon Jul 27 05:52:50 UTC 2026","Mon Jul 27 05:52:51 UTC 2026","706","Dolphin","Technical","","","productTextSearchTest","AI product text search recall API",""
"passed","Mon Jul 27 05:44:58 UTC 2026","Mon Jul 27 05:45:03 UTC 2026","4771","4. Team CRM |CRM Staging","Business Scenarios Tests","Disable Hubspot","Change Hubspot to false","","Change Hubspot to false",""
"failed","Mon Jul 27 05:45:23 UTC 2026","Mon Jul 27 05:45:23 UTC 2026","13","1.1 Team Hummingbird - BFF | WLW app","Technical Tests","product-controller","GET /public_api/companies/{supplierPublicId}/products [NEG] Expired Token","","GET /public_api/companies/{supplierPublicId}/products [NEG] Expired Token",""
"passed","Mon Jul 27 05:44:03 UTC 2026","Mon Jul 27 05:44:05 UTC 2026","2336","1 Team Hummingbird - BFF | EP app","Endpoint tests","Login","user Info","","user Info",""
"passed","Mon Jul 27 05:45:18 UTC 2026","Mon Jul 27 05:45:18 UTC 2026","31","1.1 Team Hummingbird - BFF | WLW app","Technical Tests","help-and-support-controller","POST /help [NEG] Forbidden Role Token","","POST /help [NEG] Forbidden Role Token",""
"passed","Mon Jul 27 05:44:06 UTC 2026","Mon Jul 27 05:44:06 UTC 2026","891","1 Team Hummingbird - BFF | EP app","Endpoint tests","Company","Companies / products EN","","Companies / products EN",""
"passed","Mon Jul 27 05:45:01 UTC 2026","Mon Jul 27 05:45:04 UTC 2026","3776","4. Team CRM |CRM Staging","Business Scenarios Tests","Contacts","Create Contact","","Create Contact",""
"passed","Mon Jul 27 05:45:16 UTC 2026","Mon Jul 27 05:45:16 UTC 2026","30","1.1 Team Hummingbird - BFF | WLW app","Technical Tests","euro-pages-controller","PUT /public_api/euro-pages/auth/delete [NEG] Expired Token","","PUT /public_api/euro-pages/auth/delete [NEG] Expired Token",""
"passed","Mon Jul 27 05:45:02 UTC 2026","Mon Jul 27 05:45:02 UTC 2026","148","1.1 Team Hummingbird - BFF | WLW app","Endpoint tests","Conversations","mark as read","","mark as read",""
"failed","Mon Jul 27 05:45:23 UTC 2026","Mon Jul 27 05:45:23 UTC 2026","10","1.1 Team Hummingbird - BFF | WLW app","Technical Tests","product-controller","GET /public_api/companies/{supplierPublicId}/products [NEG] Missing Auth/API-Key","","GET /public_api/companies/{supplierPublicId}/products [NEG] Missing Auth/API-Key",""
"skipped","Mon Jul 27 05:44:10 UTC 2026","Mon Jul 27 05:44:10 UTC 2026","0","7. Team Pegasus | Pegasus Staging","Business Scenarios Tests","Visitors","Statistics visitor drill-down","","Countries",""
"passed","Mon Jul 27 05:45:18 UTC 2026","Mon Jul 27 05:45:18 UTC 2026","35","1.1 Team Hummingbird - BFF | WLW app","Technical Tests","feedback-controller","GET /feedback/subject [NEG] Expired Token","","GET /feedback/subject [NEG] Expired Token",""
"skipped","Mon Jul 27 05:49:37 UTC 2026","Mon Jul 27 05:49:37 UTC 2026","0","3 Team Techno - UCL","Technical Tests","Membership","GET /unified_commercial_logic/internal_api/api/membership - Retrieve Membership List","","GET /unified_commercial_logic/internal_api/api/membership - Retrieve Membership List",""
"skipped","Mon Jul 27 05:44:10 UTC 2026","Mon Jul 27 05:44:10 UTC 2026","0","7. Team Pegasus | Pegasus Staging","Spike | Profiles link user to company","(root)","09 MANUAL — my-account supplier page (browser)","","09 MANUAL — my-account supplier page (browser)",""
"passed","Mon Jul 27 05:44:53 UTC 2026","Mon Jul 27 05:44:54 UTC 2026","1097","4. Team CRM |CRM Staging","Business Scenarios Tests","Tasks","Smoke test Create task","","Smoke test Create task",""
"failed","Mon Jul 27 05:44:08 UTC 2026","Mon Jul 27 05:44:09 UTC 2026","409","1 Team Hummingbird - BFF | EP app","Endpoint tests","Contact request","Product request","","Product request",""
"passed","Mon Jul 27 05:45:03 UTC 2026","Mon Jul 27 05:45:03 UTC 2026","68","4. Team CRM |CRM Staging","Endpoints Tests","(root)","update SF","","update SF",""
"passed","Mon Jul 27 05:44:08 UTC 2026","Mon Jul 27 05:44:08 UTC 2026","31","1 Team Hummingbird - BFF | EP app","Endpoint tests","Homepage, products","preferred categories","","preferred categories",""
"passed","Mon Jul 27 05:45:03 UTC 2026","Mon Jul 27 05:45:03 UTC 2026","98","1.1 Team Hummingbird - BFF | WLW app","Endpoint tests","Visitor profiler","download visitors csv","","download visitors csv",""
"passed","Mon Jul 27 05:45:11 UTC 2026","Mon Jul 27 05:45:11 UTC 2026","33","1.1 Team Hummingbird - BFF | WLW app","Technical Tests","conversation-controller","POST /public_api/conversation/userConversations/{conversationId}/messages/file/","","POST /public_api/conversation/userConversations/{conversationId}/messages/file/",""
"skipped","Mon Jul 27 05:44:10 UTC 2026","Mon Jul 27 05:44:10 UTC 2026","0","7. Team Pegasus | Pegasus Staging","Endpoints Tests","Supplier Registration","EP","","email/check - Validate email domain for a specified country",""
"broken","Mon Jul 27 05:43:39 UTC 2026","Mon Jul 27 05:43:59 UTC 2026","20024","Dolphin","Technical","","","inferenceShortQueryTest","AI Search inference: minimal searchText boundary",""
"passed","Mon Jul 27 05:45:00 UTC 2026","Mon Jul 27 05:45:00 UTC 2026","668","1.1 Team Hummingbird - BFF | WLW app","Endpoint tests","Search","Product Search DE","","Product Search DE",""
"passed","Mon Jul 27 05:52:51 UTC 2026","Mon Jul 27 05:52:52 UTC 2026","100","Dolphin","Functional","","","EPOtherStoreProductRecommendTest","product other store recommend",""
"broken","Mon Jul 27 05:50:20 UTC 2026","Mon Jul 27 05:50:40 UTC 2026","20022","Dolphin","Functional","","","recallTopRankingScenarioTest","AI Search recall: wlw-staging.de cnc top-ranking scenario",""
"skipped","Mon Jul 27 05:44:10 UTC 2026","Mon Jul 27 05:44:10 UTC 2026","0","7. Team Pegasus | Pegasus Staging","Business Scenarios Tests","Visitors","Statistics visitor drill-down","","CSV status",""
"passed","Mon Jul 27 05:52:47 UTC 2026","Mon Jul 27 05:52:48 UTC 2026","775","Dolphin","Functional","","","productTextSearchPaidSupplierFilterTest","AI product text search recall: paid/verified supplier filter",""
"passed","Mon Jul 27 05:44:05 UTC 2026","Mon Jul 27 05:44:05 UTC 2026","18","1 Team Hummingbird - BFF | EP app","Endpoint tests","Mobile_Feedback","Feedback Subject_FR","","Feedback Subject_FR",""
"skipped","Mon Jul 27 05:44:10 UTC 2026","Mon Jul 27 05:44:10 UTC 2026","0","7. Team Pegasus | Pegasus Staging","Endpoints Tests","Supplier Registration","EP","","business_sectors - Get business sectors",""
"passed","Mon Jul 27 05:45:05 UTC 2026","Mon Jul 27 05:45:05 UTC 2026","112","4. Team CRM |CRM Staging","Endpoints Tests","(root)","Update WLW Connect Counters with id","","Update WLW Connect Counters with id",""
"skipped","Mon Jul 27 05:44:10 UTC 2026","Mon Jul 27 05:44:10 UTC 2026","0","7. Team Pegasus | Pegasus Staging","Endpoints Tests","Visitors","Java (statistics-app)","","WSL pixel",""
"skipped","Mon Jul 27 05:44:10 UTC 2026","Mon Jul 27 05:44:10 UTC 2026","0","7. Team Pegasus | Pegasus Staging","Endpoints Tests","Shop Import & Onboarding Backend","/offers/suggestCategory","","/offers/suggestCategory",""
"passed","Mon Jul 27 05:45:17 UTC 2026","Mon Jul 27 05:45:17 UTC 2026","25","1.1 Team Hummingbird - BFF | WLW app","Technical Tests","feedback-controller","POST /v1/feedback [NEG] Missing Auth/API-Key","","POST /v1/feedback [NEG] Missing Auth/API-Key",""
"passed","Mon Jul 27 05:45:23 UTC 2026","Mon Jul 27 05:45:23 UTC 2026","33","1.1 Team Hummingbird - BFF | WLW app","Technical Tests","product-controller","GET /public_api/products/{productId} [NEG] Expired Token","","GET /public_api/products/{productId} [NEG] Expired Token",""
"passed","Mon Jul 27 05:45:12 UTC 2026","Mon Jul 27 05:45:12 UTC 2026","31","1.1 Team Hummingbird - BFF | WLW app","Technical Tests","conversation-controller","POST /public_api/conversation/userConversations/{conversationId}/messages/file/ [NEG] Forbidden Role Token","","POST /public_api/conversation/userConversations/{conversationId}/messages/file/ [NEG] Forbidden Role Token",""
"passed","Mon Jul 27 05:44:57 UTC 2026","Mon Jul 27 05:44:58 UTC 2026","264","4. Team CRM |CRM Staging","Business Scenarios Tests","Feedback","Trigger Feedback","","Trigger Feedback",""
"passed","Mon Jul 27 05:45:04 UTC 2026","Mon Jul 27 05:45:05 UTC 2026","720","4. Team CRM |CRM Staging","Endpoints Tests","(root)","Create Note with sf id","","Create Note with sf id",""
"failed","Mon Jul 27 05:45:02 UTC 2026","Mon Jul 27 05:45:03 UTC 2026","612","4. Team CRM |CRM Staging","Endpoints Tests","Accounts","Get Account Information","","Get Account Information",""
"broken","Mon Jul 27 05:47:40 UTC 2026","Mon Jul 27 05:48:00 UTC 2026","20009","Dolphin","Technical","","","recallPageSizeOverMaxTest","AI Search recall: pageSize over max capped",""
"passed","Mon Jul 27 05:45:03 UTC 2026","Mon Jul 27 05:45:03 UTC 2026","69","4. Team CRM |CRM Staging","Endpoints Tests","(root)","get responsible user","","get responsible user",""
"passed","Mon Jul 27 05:44:04 UTC 2026","Mon Jul 27 05:44:04 UTC 2026","26","Arise","Functional","","","pageElementsGet","pageElementsGet",""
"passed","Mon Jul 27 05:52:52 UTC 2026","Mon Jul 27 05:52:52 UTC 2026","84","Dolphin","Functional","","","EPSameStoreProductRecommendTest","product same store recommend -- ep",""
"failed","Mon Jul 27 05:45:00 UTC 2026","Mon Jul 27 05:45:00 UTC 2026","374","4. Team CRM |CRM Staging","Business Scenarios Tests","Lead","Update a Lead","","Update a Lead",""
"failed","Mon Jul 27 05:45:12 UTC 2026","Mon Jul 27 05:45:12 UTC 2026","12","1.1 Team Hummingbird - BFF | WLW app","Technical Tests","conversation-controller","GET /public_api/conversation/userConversations [NEG] Expired Token","","GET /public_api/conversation/userConversations [NEG] Expired Token",""
"failed","Mon Jul 27 05:45:05 UTC 2026","Mon Jul 27 05:45:06 UTC 2026","120","4. Team CRM |CRM Staging","Endpoints Tests","(root)","get company data via CRM id","","get company data via CRM id",""
"passed","Mon Jul 27 05:44:58 UTC 2026","Mon Jul 27 05:44:58 UTC 2026","53","1.1 Team Hummingbird - BFF | WLW app","Endpoint tests","Mobile_Feedback","Feedback Subject_FR","","Feedback Subject_FR",""
"passed","Mon Jul 27 05:45:17 UTC 2026","Mon Jul 27 05:45:17 UTC 2026","33","1.1 Team Hummingbird - BFF | WLW app","Technical Tests","feedback-controller","POST /v1/feedback [NEG] Expired Token","","POST /v1/feedback [NEG] Expired Token",""
"skipped","Mon Jul 27 05:44:10 UTC 2026","Mon Jul 27 05:44:10 UTC 2026","0","7. Team Pegasus | Pegasus Staging","Spike | Profiles link user to company","(root)","03 GET — Verify company (Supplier Facts)","","03 GET — Verify company (Supplier Facts)",""
"passed","Mon Jul 27 05:44:56 UTC 2026","Mon Jul 27 05:44:56 UTC 2026","99","1.1 Team Hummingbird - BFF | WLW app","Endpoint tests","User settings","user setting","","user setting",""
"failed","Mon Jul 27 05:45:01 UTC 2026","Mon Jul 27 05:45:01 UTC 2026","476","1.1 Team Hummingbird - BFF | WLW app","Endpoint tests","Contact request","Product request","","Product request",""
"passed","Mon Jul 27 05:45:18 UTC 2026","Mon Jul 27 05:45:18 UTC 2026","15","1.1 Team Hummingbird - BFF | WLW app","Technical Tests","inside-business-controller","GET /public_api/inside_business [NEG] Missing Auth/API-Key","","GET /public_api/inside_business [NEG] Missing Auth/API-Key",""
"failed","Mon Jul 27 05:45:00 UTC 2026","Mon Jul 27 05:45:00 UTC 2026","277","4. Team CRM |CRM Staging","Business Scenarios Tests","Lead","Get a Lead","","Get a Lead",""
"passed","Mon Jul 27 05:44:06 UTC 2026","Mon Jul 27 05:44:07 UTC 2026","501","1 Team Hummingbird - BFF | EP app","Endpoint tests","Company","branchIO dynamic link, share CPP","","branchIO dynamic link, share CPP",""
"failed","Mon Jul 27 05:45:36 UTC 2026","Mon Jul 27 05:45:36 UTC 2026","11","1.1 Team Hummingbird - BFF | WLW app","Technical Tests","trending-products-controller","GET /public_api/trending/products [NEG] Expired Token","","GET /public_api/trending/products [NEG] Expired Token",""
"passed","Mon Jul 27 05:45:20 UTC 2026","Mon Jul 27 05:45:20 UTC 2026","13","1.1 Team Hummingbird - BFF | WLW app","Technical Tests","login-controller","POST /public_api/auth/resetPassword [NEG] Missing Auth/API-Key","","POST /public_api/auth/resetPassword [NEG] Missing Auth/API-Key",""
"passed","Mon Jul 27 05:45:02 UTC 2026","Mon Jul 27 05:45:04 UTC 2026","1916","1.1 Team Hummingbird - BFF | WLW app","Endpoint tests","Conversations","decline QDR","","decline QDR",""
"failed","Mon Jul 27 05:45:10 UTC 2026","Mon Jul 27 05:45:10 UTC 2026","11","1.1 Team Hummingbird - BFF | WLW app","Technical Tests","conversation-controller","GET /public_api/conversation/userConversations/{conversationId}/messages [NEG] Expired Token","","GET /public_api/conversation/userConversations/{conversationId}/messages [NEG] Expired Token",""
"passed","Mon Jul 27 05:45:16 UTC 2026","Mon Jul 27 05:45:16 UTC 2026","31","1.1 Team Hummingbird - BFF | WLW app","Technical Tests","dynamic-links-controller","POST /public_api/branchio/dynamiclink","","POST /public_api/branchio/dynamiclink",""
"passed","Mon Jul 27 05:45:04 UTC 2026","Mon Jul 27 05:45:05 UTC 2026","1166","4. Team CRM |CRM Staging","Endpoints Tests","(root)","trigger the Paid Media lead","","trigger the Paid Media lead",""
"failed","Mon Jul 27 05:44:58 UTC 2026","Mon Jul 27 05:44:58 UTC 2026","80","1.1 Team Hummingbird - BFF | WLW app","Endpoint tests","Company","Companies / products EN","","Companies / products EN",""
"failed","Mon Jul 27 05:45:04 UTC 2026","Mon Jul 27 05:45:04 UTC 2026","13","1.1 Team Hummingbird - BFF | WLW app","Technical Tests","ai-company-search-controller","GET /public_api/search/ai/company/search [NEG] Missing Auth/API-Key","","GET /public_api/search/ai/company/search [NEG] Missing Auth/API-Key",""
"broken","Mon Jul 27 05:51:41 UTC 2026","Mon Jul 27 05:52:01 UTC 2026","20003","Dolphin","Functional","","","termRecommendTest","AI Search term recommend API",""
"passed","Mon Jul 27 05:45:28 UTC 2026","Mon Jul 27 05:45:28 UTC 2026","19","1.1 Team Hummingbird - BFF | WLW app","Technical Tests","rfq-controller","POST /public_api/connect/purchaser/tenders/ [NEG] Missing Auth/API-Key","","POST /public_api/connect/purchaser/tenders/ [NEG] Missing Auth/API-Key",""
"skipped","Mon Jul 27 05:44:10 UTC 2026","Mon Jul 27 05:44:10 UTC 2026","0","7. Team Pegasus | Pegasus Staging","Business Scenarios Tests","Business Insights","Dashboard smoke flow","","Traffic",""
"failed","Mon Jul 27 05:45:30 UTC 2026","Mon Jul 27 05:45:30 UTC 2026","13","1.1 Team Hummingbird - BFF | WLW app","Technical Tests","search-controller","GET /public_api/search/autoComplete","","GET /public_api/search/autoComplete",""
"passed","Mon Jul 27 05:52:53 UTC 2026","Mon Jul 27 05:52:53 UTC 2026","97","Dolphin","Technical","","","otherStoreProductRecommendTest","similar products recommend -- wlw pdp",""
"passed","Mon Jul 27 05:45:28 UTC 2026","Mon Jul 27 05:45:28 UTC 2026","32","1.1 Team Hummingbird - BFF | WLW app","Technical Tests","rfq-controller","POST /public_api/connect/purchaser/tenders/ [NEG] Expired Token","","POST /public_api/connect/purchaser/tenders/ [NEG] Expired Token",""
"skipped","Mon Jul 27 05:44:53 UTC 2026","Mon Jul 27 05:44:53 UTC 2026","0","4. Team CRM |CRM Staging","Technical Tests","(empty)","(empty)","","Technical Tests - empty",""
"failed","Mon Jul 27 05:45:15 UTC 2026","Mon Jul 27 05:45:15 UTC 2026","11","1.1 Team Hummingbird - BFF | WLW app","Technical Tests","conversation-controller","GET /public_api/conversation/userConversations/{conversationId}/file/","","GET /public_api/conversation/userConversations/{conversationId}/file/",""
"failed","Mon Jul 27 05:45:27 UTC 2026","Mon Jul 27 05:45:27 UTC 2026","12","1.1 Team Hummingbird - BFF | WLW app","Technical Tests","push-notification-by-email-controller","PUT /v1/pushNotification","","PUT /v1/pushNotification",""
"passed","Mon Jul 27 05:45:19 UTC 2026","Mon Jul 27 05:45:19 UTC 2026","30","1.1 Team Hummingbird - BFF | WLW app","Technical Tests","login-controller","POST /public_api/auth/sso/login [NEG] Expired Token","","POST /public_api/auth/sso/login [NEG] Expired Token",""
"passed","Mon Jul 27 05:45:21 UTC 2026","Mon Jul 27 05:45:21 UTC 2026","27","1.1 Team Hummingbird - BFF | WLW app","Technical Tests","login-controller","POST /public_api/auth/password/login [NEG] Forbidden Role Token","","POST /public_api/auth/password/login [NEG] Forbidden Role Token",""
"passed","Mon Jul 27 05:43:05 UTC 2026","Mon Jul 27 05:43:05 UTC 2026","6","2 Team Dragon - BFF | RFQ Backend","Technical Tests","(root)","Negative test: malformed UUIDs & content type checks","","Negative test: malformed UUIDs & content type checks",""
"skipped","Mon Jul 27 05:44:10 UTC 2026","Mon Jul 27 05:44:10 UTC 2026","0","7. Team Pegasus | Pegasus Staging","Endpoints Tests","Supplier Registration","One Platform — User Profile API","","Get Profile by ID",""
"skipped","Mon Jul 27 05:44:10 UTC 2026","Mon Jul 27 05:44:10 UTC 2026","0","7. Team Pegasus | Pegasus Staging","Endpoints Tests","Shop Import & Onboarding Backend","/offers - get offers","","/offers - get offers",""
"passed","Mon Jul 27 05:45:15 UTC 2026","Mon Jul 27 05:45:15 UTC 2026","32","1.1 Team Hummingbird - BFF | WLW app","Technical Tests","currency-exchange-controller","GET /exchange/fetch-rates","","GET /exchange/fetch-rates",""
"passed","Mon Jul 27 05:45:03 UTC 2026","Mon Jul 27 05:45:03 UTC 2026","276","1.1 Team Hummingbird - BFF | WLW app","Endpoint tests","Visitor profiler","csv get","","csv get",""
"passed","Mon Jul 27 05:44:03 UTC 2026","Mon Jul 27 05:44:03 UTC 2026","182","1 Team Hummingbird - BFF | EP app","Endpoint tests","Login","forgot password","","forgot password",""
"passed","Mon Jul 27 05:44:03 UTC 2026","Mon Jul 27 05:44:03 UTC 2026","547","1 Team Hummingbird - BFF | EP app","Endpoint tests","Login","native email login purchaser","","native email login purchaser",""
"failed","Mon Jul 27 05:45:15 UTC 2026","Mon Jul 27 05:45:15 UTC 2026","11","1.1 Team Hummingbird - BFF | WLW app","Technical Tests","conversation-controller","GET /public_api/conversation/userConversations/{conversationId}/file/ [NEG] Expired Token","","GET /public_api/conversation/userConversations/{conversationId}/file/ [NEG] Expired Token",""
"passed","Mon Jul 27 05:45:23 UTC 2026","Mon Jul 27 05:45:23 UTC 2026","15","1.1 Team Hummingbird - BFF | WLW app","Technical Tests","product-controller","GET /public_api/products/{productId} [NEG] Missing Auth/API-Key","","GET /public_api/products/{productId} [NEG] Missing Auth/API-Key",""
"passed","Mon Jul 27 05:45:28 UTC 2026","Mon Jul 27 05:45:28 UTC 2026","35","1.1 Team Hummingbird - BFF | WLW app","Technical Tests","rfq-controller","POST /public_api/connect/purchaser/tenders [NEG] Forbidden Role Token","","POST /public_api/connect/purchaser/tenders [NEG] Forbidden Role Token",""
"passed","Mon Jul 27 05:44:58 UTC 2026","Mon Jul 27 05:44:59 UTC 2026","153","1.1 Team Hummingbird - BFF | WLW app","Endpoint tests","Company","Product ID","","Product ID",""
"passed","Mon Jul 27 05:45:02 UTC 2026","Mon Jul 27 05:45:02 UTC 2026","613","4. Team CRM |CRM Staging","Business Scenarios Tests","Calls","Smoke test for call","","Smoke test for call",""
"passed","Mon Jul 27 05:45:03 UTC 2026","Mon Jul 27 05:45:03 UTC 2026","94","1.1 Team Hummingbird - BFF | WLW app","Endpoint tests","(root)","Log out","","Log out",""
"passed","Mon Jul 27 05:45:25 UTC 2026","Mon Jul 27 05:45:25 UTC 2026","35","1.1 Team Hummingbird - BFF | WLW app","Technical Tests","purchaser-user-setting-controller","POST /userSetting/","","POST /userSetting/",""
"broken","Mon Jul 27 05:44:59 UTC 2026","Mon Jul 27 05:45:19 UTC 2026","20017","Dolphin","Functional","","","pvMatchTest","AI Search PV match (supplierAiMatch) API",""
"failed","Mon Jul 27 05:45:15 UTC 2026","Mon Jul 27 05:45:15 UTC 2026","9","1.1 Team Hummingbird - BFF | WLW app","Technical Tests","conversation-controller","GET /public_api/conversation/userConversations/{conversationId}/file/ [NEG] Missing Auth/API-Key","","GET /public_api/conversation/userConversations/{conversationId}/file/ [NEG] Missing Auth/API-Key",""
"failed","Mon Jul 27 05:44:58 UTC 2026","Mon Jul 27 05:44:58 UTC 2026","51","1.1 Team Hummingbird - BFF | WLW app","Endpoint tests","Company","Companies / products DE","","Companies / products DE",""
"passed","Mon Jul 27 05:44:08 UTC 2026","Mon Jul 27 05:44:08 UTC 2026","181","1 Team Hummingbird - BFF | EP app","Endpoint tests","Homepage, products","product recommendations DE","","product recommendations DE",""
"passed","Mon Jul 27 05:45:04 UTC 2026","Mon Jul 27 05:45:04 UTC 2026","189","4. Team CRM |CRM Staging","Endpoints Tests","(root)","trigger from SF Platform Profile","","trigger from SF Platform Profile",""
"failed","Mon Jul 27 05:45:14 UTC 2026","Mon Jul 27 05:45:14 UTC 2026","10","1.1 Team Hummingbird - BFF | WLW app","Technical Tests","conversation-controller","GET /public_api/conversation/userConversations/{conversationId} [NEG] Missing Auth/API-Key","","GET /public_api/conversation/userConversations/{conversationId} [NEG] Missing Auth/API-Key",""
"broken","Mon Jul 27 05:46:39 UTC 2026","Mon Jul 27 05:46:59 UTC 2026","20011","Dolphin","Technical","","","recallLongQueryTruncationTest","AI Search recall: long query truncated, still success",""
"passed","Mon Jul 27 05:45:21 UTC 2026","Mon Jul 27 05:45:21 UTC 2026","35","1.1 Team Hummingbird - BFF | WLW app","Technical Tests","login-controller","POST /public_api/auth/code/resend [NEG] Forbidden Role Token","","POST /public_api/auth/code/resend [NEG] Forbidden Role Token",""
"passed","Mon Jul 27 05:45:12 UTC 2026","Mon Jul 27 05:45:12 UTC 2026","30","1.1 Team Hummingbird - BFF | WLW app","Technical Tests","conversation-controller","POST /public_api/conversation/userConversations/{conversationId}/messages/file","","POST /public_api/conversation/userConversations/{conversationId}/messages/file",""
"passed","Mon Jul 27 05:52:47 UTC 2026","Mon Jul 27 05:52:48 UTC 2026","775","Dolphin","Technical","","","productTextSearchPaidSupplierFilterTest","AI product text search recall: paid/verified supplier filter",""
"passed","Mon Jul 27 05:44:05 UTC 2026","Mon Jul 27 05:44:05 UTC 2026","40","1 Team Hummingbird - BFF | EP app","Endpoint tests","Mobile_Feedback","Feedback Subject_DE","","Feedback Subject_DE",""
"passed","Mon Jul 27 05:44:58 UTC 2026","Mon Jul 27 05:45:01 UTC 2026","3096","4. Team CRM |CRM Staging","Business Scenarios Tests","Create and edit a contact","Create contact","","Create contact",""
"failed","Mon Jul 27 05:45:06 UTC 2026","Mon Jul 27 05:45:06 UTC 2026","10","1.1 Team Hummingbird - BFF | WLW app","Technical Tests","categories-controller","GET /preferred/categories [NEG] Expired Token","","GET /preferred/categories [NEG] Expired Token",""
"passed","Mon Jul 27 05:45:00 UTC 2026","Mon Jul 27 05:45:00 UTC 2026","145","1.1 Team Hummingbird - BFF | WLW app","Endpoint tests","Homepage, products","product recommendations DE","","product recommendations DE",""
"passed","Mon Jul 27 05:44:04 UTC 2026","Mon Jul 27 05:44:04 UTC 2026","187","Arise","Functional","","","skwd","skwd",""
"passed","Mon Jul 27 05:45:05 UTC 2026","Mon Jul 27 05:45:05 UTC 2026","30","1.1 Team Hummingbird - BFF | WLW app","Technical Tests","ai-company-search-controller","POST /public_api/search/ai/company/search [NEG] Missing Auth/API-Key","","POST /public_api/search/ai/company/search [NEG] Missing Auth/API-Key",""
"passed","Mon Jul 27 05:45:21 UTC 2026","Mon Jul 27 05:45:21 UTC 2026","32","1.1 Team Hummingbird - BFF | WLW app","Technical Tests","login-controller","POST /public_api/auth/code/verify","","POST /public_api/auth/code/verify",""
"passed","Mon Jul 27 05:45:24 UTC 2026","Mon Jul 27 05:45:24 UTC 2026","24","1.1 Team Hummingbird - BFF | WLW app","Technical Tests","purchaser-support-controller","GET /support-master-data [NEG] Missing Auth/API-Key","","GET /support-master-data [NEG] Missing Auth/API-Key",""
"passed","Mon Jul 27 05:44:09 UTC 2026","Mon Jul 27 05:44:12 UTC 2026","2892","1 Team Hummingbird - BFF | EP app","Endpoint tests","Conversations","new message","","new message",""
"passed","Mon Jul 27 05:45:21 UTC 2026","Mon Jul 27 05:45:21 UTC 2026","15","1.1 Team Hummingbird - BFF | WLW app","Technical Tests","login-controller","POST /public_api/auth/code/resend [NEG] Missing Auth/API-Key","","POST /public_api/auth/code/resend [NEG] Missing Auth/API-Key",""
"passed","Mon Jul 27 05:44:06 UTC 2026","Mon Jul 27 05:44:06 UTC 2026","231","1 Team Hummingbird - BFF | EP app","Endpoint tests","Company","branchIO dynamic link, share PDP","","branchIO dynamic link, share PDP",""
"skipped","Mon Jul 27 05:44:10 UTC 2026","Mon Jul 27 05:44:10 UTC 2026","0","7. Team Pegasus | Pegasus Staging","Endpoints Tests","User & Company Context","Get user details by","","Get user details by",""
"passed","Mon Jul 27 05:44:59 UTC 2026","Mon Jul 27 05:44:59 UTC 2026","76","1.1 Team Hummingbird - BFF | WLW app","Endpoint tests","Search","search autoComplete DE","","search autoComplete DE",""
"passed","Mon Jul 27 05:45:03 UTC 2026","Mon Jul 27 05:45:03 UTC 2026","127","4. Team CRM |CRM Staging","Endpoints Tests","(root)","duplicate records","","duplicate records",""
"passed","Mon Jul 27 05:45:11 UTC 2026","Mon Jul 27 05:45:11 UTC 2026","34","1.1 Team Hummingbird - BFF | WLW app","Technical Tests","conversation-controller","POST /public_api/conversation/userConversations/{conversationId}/messages/{messageId}/translate [NEG] Forbidden Role Token","","POST /public_api/conversation/userConversations/{conversationId}/messages/{messageId}/translate [NEG] Forbidden Role Token",""
"skipped","Mon Jul 27 05:44:10 UTC 2026","Mon Jul 27 05:44:10 UTC 2026","0","7. Team Pegasus | Pegasus Staging","Endpoints Tests","Business Insights","Subscription","","Subscription",""
"passed","Mon Jul 27 05:52:53 UTC 2026","Mon Jul 27 05:52:53 UTC 2026","253","Dolphin","Technical","","","instoreSearchTest","instore search -- cpp/pdp with sort and leaf filter",""
"passed","Mon Jul 27 05:45:09 UTC 2026","Mon Jul 27 05:45:09 UTC 2026","38","1.1 Team Hummingbird - BFF | WLW app","Technical Tests","conversation-controller","PUT /public_api/conversation/userConversations/{conversationId}/tag [NEG] Expired Token","","PUT /public_api/conversation/userConversations/{conversationId}/tag [NEG] Expired Token",""
"passed","Mon Jul 27 05:43:00 UTC 2026","Mon Jul 27 05:43:00 UTC 2026","34","Bamboo","Technical","","","searchCategoryByNameTest","searchCategoryByName",""
"failed","Mon Jul 27 05:45:05 UTC 2026","Mon Jul 27 05:45:05 UTC 2026","10","1.1 Team Hummingbird - BFF | WLW app","Technical Tests","ai-company-search-controller","GET /public_api/search/ai/company/stream/mock [NEG] Forbidden Role Token","","GET /public_api/search/ai/company/stream/mock [NEG] Forbidden Role Token",""
"passed","Mon Jul 27 05:44:55 UTC 2026","Mon Jul 27 05:44:55 UTC 2026","368","4. Team CRM |CRM Staging","Business Scenarios Tests","Contacts","Edit Contact","","Edit Contact",""
"passed","Mon Jul 27 05:45:00 UTC 2026","Mon Jul 27 05:45:00 UTC 2026","165","4. Team CRM |CRM Staging","Business Scenarios Tests","Lead","Smoke test for Conversion","","Smoke test for Conversion",""
"passed","Mon Jul 27 05:52:52 UTC 2026","Mon Jul 27 05:52:53 UTC 2026","518","Dolphin","Functional","","","getproductRecommendByQueryOnCserpTest","getproductRecommendByQueryOnCserpTest",""
"passed","Mon Jul 27 05:45:22 UTC 2026","Mon Jul 27 05:45:22 UTC 2026","17","1.1 Team Hummingbird - BFF | WLW app","Technical Tests","login-controller","POST /public_api/auth/changePassword [NEG] Missing Auth/API-Key","","POST /public_api/auth/changePassword [NEG] Missing Auth/API-Key",""
"skipped","Mon Jul 27 05:44:10 UTC 2026","Mon Jul 27 05:44:10 UTC 2026","0","7. Team Pegasus | Pegasus Staging","Business Scenarios Tests","Business Insights","Dashboard smoke flow","","Health status",""
"broken","Mon Jul 27 05:48:40 UTC 2026","Mon Jul 27 05:49:00 UTC 2026","20009","Dolphin","Technical","","","recallPaidSupplierFilterTest","AI Search recall: paid supplier filter (verified=true)",""
"failed","Mon Jul 27 05:45:06 UTC 2026","Mon Jul 27 05:45:06 UTC 2026","12","1.1 Team Hummingbird - BFF | WLW app","Technical Tests","categories-controller","PUT /preferred/categories [NEG] Forbidden Role Token","","PUT /preferred/categories [NEG] Forbidden Role Token",""
"passed","Mon Jul 27 05:44:59 UTC 2026","Mon Jul 27 05:45:00 UTC 2026","894","1.1 Team Hummingbird - BFF | WLW app","Endpoint tests","Search","Product Search EN","","Product Search EN",""
"passed","Mon Jul 27 05:44:57 UTC 2026","Mon Jul 27 05:44:57 UTC 2026","86","1.1 Team Hummingbird - BFF | WLW app","Endpoint tests","Support","notifications list","","notifications list",""
"broken","Mon Jul 27 05:51:21 UTC 2026","Mon Jul 27 05:51:41 UTC 2026","20019","Dolphin","Functional","","","termRecommendNoMockTest","AI Search term recommend API without mock",""
"failed","Mon Jul 27 05:44:10 UTC 2026","Mon Jul 27 05:44:15 UTC 2026","5131","1 Team Hummingbird - BFF | EP app","Endpoint tests","Visitor profiler","Visitor ID","","Visitor ID",""
"passed","Mon Jul 27 05:52:52 UTC 2026","Mon Jul 27 05:52:52 UTC 2026","102","Dolphin","Functional","","","cppProductRecommendTest","recommend products in CPP -- wlw",""
"skipped","Mon Jul 27 05:44:10 UTC 2026","Mon Jul 27 05:44:10 UTC 2026","0","7. Team Pegasus | Pegasus Staging","Endpoints Tests","Visitors","Elixir (supplier-app)","","Visitor details",""
"failed","Mon Jul 27 05:45:14 UTC 2026","Mon Jul 27 05:45:14 UTC 2026","11","1.1 Team Hummingbird - BFF | WLW app","Technical Tests","conversation-controller","GET /public_api/conversation/userConversations/{conversationId}/file [NEG] Missing Auth/API-Key","","GET /public_api/conversation/userConversations/{conversationId}/file [NEG] Missing Auth/API-Key",""
"passed","Mon Jul 27 05:45:11 UTC 2026","Mon Jul 27 05:45:11 UTC 2026","34","1.1 Team Hummingbird - BFF | WLW app","Technical Tests","conversation-controller","POST /public_api/conversation/userConversations/{conversationId}/messages [NEG] Forbidden Role Token","","POST /public_api/conversation/userConversations/{conversationId}/messages [NEG] Forbidden Role Token",""
"failed","Mon Jul 27 05:45:07 UTC 2026","Mon Jul 27 05:45:07 UTC 2026","9","1.1 Team Hummingbird - BFF | WLW app","Technical Tests","company-controller","GET /public_api/suppliers/{companyID}/listings [NEG] Expired Token","","GET /public_api/suppliers/{companyID}/listings [NEG] Expired Token",""
"passed","Mon Jul 27 05:44:58 UTC 2026","Mon Jul 27 05:45:03 UTC 2026","4771","4. Team CRM |CRM Staging","Business Scenarios Tests","Disable Hubspot","Change Hubspot to false","","Change Hubspot to false",""
"skipped","Mon Jul 27 05:44:10 UTC 2026","Mon Jul 27 05:44:10 UTC 2026","0","7. Team Pegasus | Pegasus Staging","Endpoints Tests","Business Insights","Origin","","Origin",""
"passed","Mon Jul 27 05:44:55 UTC 2026","Mon Jul 27 05:44:57 UTC 2026","2211","4. Team CRM |CRM Staging","Business Scenarios Tests","Quote","Smoke Test Create new quote","","Smoke Test Create new quote",""
"failed","Mon Jul 27 05:44:56 UTC 2026","Mon Jul 27 05:44:56 UTC 2026","76","1.1 Team Hummingbird - BFF | WLW app","Endpoint tests","Login","resend code","","resend code",""
"passed","Mon Jul 27 05:44:54 UTC 2026","Mon Jul 27 05:44:54 UTC 2026","100","4. Team CRM |CRM Staging","Business Scenarios Tests","Tasks","Check Task","","Check Task",""
"passed","Mon Jul 27 05:45:36 UTC 2026","Mon Jul 27 05:45:36 UTC 2026","35","1.1 Team Hummingbird - BFF | WLW app","Technical Tests","trending-products-controller","GET /public_api/trending/notifications [NEG] Forbidden Role Token","","GET /public_api/trending/notifications [NEG] Forbidden Role Token",""
"failed","Mon Jul 27 05:45:07 UTC 2026","Mon Jul 27 05:45:07 UTC 2026","11","1.1 Team Hummingbird - BFF | WLW app","Technical Tests","company-controller","GET /public_api/suppliers/{companyID}/listings [NEG] Forbidden Role Token","","GET /public_api/suppliers/{companyID}/listings [NEG] Forbidden Role Token",""
"broken","Mon Jul 27 05:51:41 UTC 2026","Mon Jul 27 05:52:01 UTC 2026","20003","Dolphin","Technical","","","termRecommendTest","AI Search term recommend API",""
"failed","Mon Jul 27 05:45:10 UTC 2026","Mon Jul 27 05:45:10 UTC 2026","9","1.1 Team Hummingbird - BFF | WLW app","Technical Tests","conversation-controller","GET /public_api/conversation/userConversations/{conversationId}/messages [NEG] Missing Auth/API-Key","","GET /public_api/conversation/userConversations/{conversationId}/messages [NEG] Missing Auth/API-Key",""
"skipped","Mon Jul 27 05:44:10 UTC 2026","Mon Jul 27 05:44:10 UTC 2026","0","7. Team Pegasus | Pegasus Staging","Endpoints Tests","User & Company Context","Get company data crm","","Get company data crm",""
"failed","Mon Jul 27 05:44:58 UTC 2026","Mon Jul 27 05:44:58 UTC 2026","43","1.1 Team Hummingbird - BFF | WLW app","Endpoint tests","Company","Company ID FR","","Company ID FR",""
"passed","Mon Jul 27 05:45:06 UTC 2026","Mon Jul 27 05:45:06 UTC 2026","36","1.1 Team Hummingbird - BFF | WLW app","Technical Tests","categories-controller","PUT /preferred/categories [SEC] Injection Probe","","PUT /preferred/categories [SEC] Injection Probe",""
"failed","Mon Jul 27 05:45:26 UTC 2026","Mon Jul 27 05:45:26 UTC 2026","11","1.1 Team Hummingbird - BFF | WLW app","Technical Tests","purchaser-user-setting-controller","GET /userSetting [NEG] Missing Auth/API-Key","","GET /userSetting [NEG] Missing Auth/API-Key",""
"passed","Mon Jul 27 05:44:59 UTC 2026","Mon Jul 27 05:45:03 UTC 2026","4352","4. Team CRM |CRM Staging","Business Scenarios Tests","Disable Hubspot","Change Hubspot to true","","Change Hubspot to true",""
"passed","Mon Jul 27 05:45:03 UTC 2026","Mon Jul 27 05:45:03 UTC 2026","32","1.1 Team Hummingbird - BFF | WLW app","Technical Tests","ab-test-record-controller","POST /public_api/abtest/record [NEG] Expired Token","","POST /public_api/abtest/record [NEG] Expired Token",""
"passed","Mon Jul 27 05:44:55 UTC 2026","Mon Jul 27 05:44:55 UTC 2026","266","4. Team CRM |CRM Staging","Business Scenarios Tests","Quote","Check Quote","","Check Quote",""
"failed","Mon Jul 27 05:45:29 UTC 2026","Mon Jul 27 05:45:29 UTC 2026","8","1.1 Team Hummingbird - BFF | WLW app","Technical Tests","search-controller","GET /public_api/suppliers/recommendations [NEG] Forbidden Role Token","","GET /public_api/suppliers/recommendations [NEG] Forbidden Role Token",""
"failed","Mon Jul 27 05:45:05 UTC 2026","Mon Jul 27 05:45:05 UTC 2026","11","1.1 Team Hummingbird - BFF | WLW app","Technical Tests","ai-company-search-controller","GET /public_api/search/ai/company/stream/mock [SEC] Injection Probe","","GET /public_api/search/ai/company/stream/mock [SEC] Injection Probe",""
"passed","Mon Jul 27 05:44:54 UTC 2026","Mon Jul 27 05:44:54 UTC 2026","96","4. Team CRM |CRM Staging","Business Scenarios Tests","Contacts","Check Contact","","Check Contact",""
"passed","Mon Jul 27 05:45:22 UTC 2026","Mon Jul 27 05:45:22 UTC 2026","36","1.1 Team Hummingbird - BFF | WLW app","Technical Tests","login-controller","DELETE /public_api/auth/sso/logout [NEG] Expired Token","","DELETE /public_api/auth/sso/logout [NEG] Expired Token",""
"failed","Mon Jul 27 05:45:09 UTC 2026","Mon Jul 27 05:45:09 UTC 2026","12","1.1 Team Hummingbird - BFF | WLW app","Technical Tests","conversation-controller","PUT /public_api/conversation/userConversations/{conversationId}/messages/markAsRead [NEG] Forbidden Role Token","","PUT /public_api/conversation/userConversations/{conversationId}/messages/markAsRead [NEG] Forbidden Role Token",""
"failed","Mon Jul 27 05:45:27 UTC 2026","Mon Jul 27 05:45:27 UTC 2026","9","1.1 Team Hummingbird - BFF | WLW app","Technical Tests","push-notification-by-email-controller","PUT /v1/pushNotification [NEG] Missing Auth/API-Key","","PUT /v1/pushNotification [NEG] Missing Auth/API-Key",""
"passed","Mon Jul 27 05:44:56 UTC 2026","Mon Jul 27 05:44:59 UTC 2026","2870","4. Team CRM |CRM Staging","Business Scenarios Tests","Account","Contact for Account","","Contact for Account",""
"skipped","Mon Jul 27 05:49:37 UTC 2026","Mon Jul 27 05:49:37 UTC 2026","0","3 Team Techno - UCL","Technical Tests","WebsiteLead","GET /unified_commercial_logic/internal_api/api/website_lead/ - Retrieve WebsiteLead List","","GET /unified_commercial_logic/internal_api/api/website_lead/ - Retrieve WebsiteLead List",""
"passed","Mon Jul 27 05:52:53 UTC 2026","Mon Jul 27 05:52:53 UTC 2026","253","Dolphin","Functional","","","instoreSearchTest","instore search -- cpp/pdp with sort and leaf filter",""
"skipped","Mon Jul 27 05:49:37 UTC 2026","Mon Jul 27 05:49:37 UTC 2026","0","3 Team Techno - UCL","Functional Tests","Endpoint Tests","GoogleAd","","get active googleAd for the given uuid",""
"passed","Mon Jul 27 05:45:19 UTC 2026","Mon Jul 27 05:45:19 UTC 2026","31","1.1 Team Hummingbird - BFF | WLW app","Technical Tests","inside-business-controller","GET /public_api/inside_business [NEG] Forbidden Role Token","","GET /public_api/inside_business [NEG] Forbidden Role Token",""
"passed","Mon Jul 27 05:45:37 UTC 2026","Mon Jul 27 05:45:37 UTC 2026","32","1.1 Team Hummingbird - BFF | WLW app","Technical Tests","user-controller","PUT /public_api/user/userInfo","","PUT /public_api/user/userInfo",""
"passed","Mon Jul 27 05:45:01 UTC 2026","Mon Jul 27 05:45:02 UTC 2026","402","4. Team CRM |CRM Staging","Business Scenarios Tests","Platform Profile","Update Platform Profile","","Update Platform Profile",""
"passed","Mon Jul 27 05:45:00 UTC 2026","Mon Jul 27 05:45:00 UTC 2026","105","4. Team CRM |CRM Staging","Business Scenarios Tests","WLW Price Compaigns","WLW_Price Compaigns","","WLW_Price Compaigns",""
"passed","Mon Jul 27 05:45:18 UTC 2026","Mon Jul 27 05:45:18 UTC 2026","30","1.1 Team Hummingbird - BFF | WLW app","Technical Tests","help-and-support-controller","POST /help [NEG] Expired Token","","POST /help [NEG] Expired Token",""
"failed","Mon Jul 27 05:43:00 UTC 2026","Mon Jul 27 05:43:00 UTC 2026","18","Bamboo","Technical","","","listSubCategoriesTest","list sub Categories",""
"passed","Mon Jul 27 05:45:20 UTC 2026","Mon Jul 27 05:45:20 UTC 2026","14","1.1 Team Hummingbird - BFF | WLW app","Technical Tests","login-controller","POST /public_api/auth/registration [NEG] Missing Auth/API-Key","","POST /public_api/auth/registration [NEG] Missing Auth/API-Key",""
"passed","Mon Jul 27 05:52:53 UTC 2026","Mon Jul 27 05:52:53 UTC 2026","78","Dolphin","Functional","","","zeroResultProductRecommendTest","Recommend products in 0 result search list page v1 -- wlw",""
"passed","Mon Jul 27 05:45:01 UTC 2026","Mon Jul 27 05:45:01 UTC 2026","0","4. Team CRM |CRM Staging","Business Scenarios Tests","Contacts","Smoke test for Create Contact & Verify HubSpot Sync","","Smoke test for Create Contact & Verify HubSpot Sync",""
"skipped","Mon Jul 27 05:44:10 UTC 2026","Mon Jul 27 05:44:10 UTC 2026","0","7. Team Pegasus | Pegasus Staging","Endpoints Tests","Supplier Registration","EP","","leads/get - Get a lead",""
"passed","Mon Jul 27 05:45:09 UTC 2026","Mon Jul 27 05:45:09 UTC 2026","32","1.1 Team Hummingbird - BFF | WLW app","Technical Tests","contact-form-controller","POST /public_api/contact-form/messages [NEG] Expired Token","","POST /public_api/contact-form/messages [NEG] Expired Token",""
"passed","Mon Jul 27 05:45:00 UTC 2026","Mon Jul 27 05:45:00 UTC 2026","42","1.1 Team Hummingbird - BFF | WLW app","Endpoint tests","Homepage, products","preferred categories","","preferred categories",""
"failed","Mon Jul 27 05:45:13 UTC 2026","Mon Jul 27 05:45:13 UTC 2026","11","1.1 Team Hummingbird - BFF | WLW app","Technical Tests","conversation-controller","GET /public_api/conversation/userConversations/{userId}/unreadCount/ [NEG] Missing Auth/API-Key","","GET /public_api/conversation/userConversations/{userId}/unreadCount/ [NEG] Missing Auth/API-Key",""
"failed","Mon Jul 27 05:45:34 UTC 2026","Mon Jul 27 05:45:34 UTC 2026","10","1.1 Team Hummingbird - BFF | WLW app","Technical Tests","supplier-visitors-controller","GET /public_api/suppliers/{supplier_id}/visits [SEC] Injection Probe","","GET /public_api/suppliers/{supplier_id}/visits [SEC] Injection Probe",""
"failed","Mon Jul 27 05:45:30 UTC 2026","Mon Jul 27 05:45:30 UTC 2026","30","1.1 Team Hummingbird - BFF | WLW app","Technical Tests","search-controller","GET /public_api/search/products [NEG] Expired Token","","GET /public_api/search/products [NEG] Expired Token",""
"passed","Mon Jul 27 05:45:03 UTC 2026","Mon Jul 27 05:45:03 UTC 2026","68","4. Team CRM |CRM Staging","Endpoints Tests","(root)","update SF","","update SF",""
"passed","Mon Jul 27 05:45:01 UTC 2026","Mon Jul 27 05:45:04 UTC 2026","2403","4. Team CRM |CRM Staging","Business Scenarios Tests","Platform Profile","Smoke Test Create Platform Profile","","Smoke Test Create Platform Profile",""
"passed","Mon Jul 27 05:44:04 UTC 2026","Mon Jul 27 05:44:04 UTC 2026","26","Arise","Technical","","","pageElementsGet","pageElementsGet",""
"passed","Mon Jul 27 05:44:59 UTC 2026","Mon Jul 27 05:44:59 UTC 2026","342","1.1 Team Hummingbird - BFF | WLW app","Endpoint tests","Company","branchIO dynamic link, share CPP","","branchIO dynamic link, share CPP",""
"skipped","Mon Jul 27 05:44:10 UTC 2026","Mon Jul 27 05:44:10 UTC 2026","0","7. Team Pegasus | Pegasus Staging","Endpoints Tests","Business Insights","Scoring by uuid","","Scoring by uuid",""
"passed","Mon Jul 27 05:45:28 UTC 2026","Mon Jul 27 05:45:28 UTC 2026","30","1.1 Team Hummingbird - BFF | WLW app","Technical Tests","rfq-controller","POST /public_api/connect/purchaser/tenders/","","POST /public_api/connect/purchaser/tenders/",""
"passed","Mon Jul 27 05:52:52 UTC 2026","Mon Jul 27 05:52:52 UTC 2026","130","Dolphin","Functional","","","getProductsByCategoryTest","popular in category -- getProductsByCategory",""
"failed","Mon Jul 27 05:45:30 UTC 2026","Mon Jul 27 05:45:30 UTC 2026","14","1.1 Team Hummingbird - BFF | WLW app","Technical Tests","search-controller","GET /public_api/search/autoComplete [NEG] Expired Token","","GET /public_api/search/autoComplete [NEG] Expired Token",""
"skipped","Mon Jul 27 05:44:10 UTC 2026","Mon Jul 27 05:44:10 UTC 2026","0","7. Team Pegasus | Pegasus Staging","Endpoints Tests","Visitors","Java (statistics-app)","","Filter types",""
"passed","Mon Jul 27 05:44:59 UTC 2026","Mon Jul 27 05:45:00 UTC 2026","872","1.1 Team Hummingbird - BFF | WLW app","Endpoint tests","Search","search companies, EN","","search companies, EN",""
"passed","Mon Jul 27 05:45:17 UTC 2026","Mon Jul 27 05:45:17 UTC 2026","30","1.1 Team Hummingbird - BFF | WLW app","Technical Tests","feedback-controller","POST /v1/feedback","","POST /v1/feedback",""
"skipped","Mon Jul 27 05:44:03 UTC 2026","Mon Jul 27 05:44:03 UTC 2026","0","1 Team Hummingbird - BFF | EP app","Technical Tests","(empty)","(empty)","","Technical Tests - empty",""
"failed","Mon Jul 27 05:45:07 UTC 2026","Mon Jul 27 05:45:07 UTC 2026","9","1.1 Team Hummingbird - BFF | WLW app","Technical Tests","company-controller","GET /public_api/suppliers/{companyID}/listings","","GET /public_api/suppliers/{companyID}/listings",""
