"Status","Start Time","Stop Time","Duration in ms","Parent Suite","Suite","Sub Suite","Test Class","Test Method","Name","Description"
"failed","Sat Oct 10 02:35:00 UTC 2026","Sat Oct 10 02:35:00 UTC 2026","0","3 Team Techno - UCL","Functional Tests","Endpoint Tests","membership","","get all active membership for uuid platform specific",""
"passed","Sat Oct 10 02:35:20 UTC 2026","Sat Oct 10 02:35:20 UTC 2026","37","Bamboo","Technical","","","listTopCategoriesTest","list top Categories",""
"failed","Sat Oct 10 02:36:20 UTC 2026","Sat Oct 10 02:36:20 UTC 2026","12","1.1 Team Hummingbird - BFF | WLW app","Technical Tests","conversation-controller","GET /public_api/conversation/userConversations/{userId}/unreadCount","","GET /public_api/conversation/userConversations/{userId}/unreadCount",""
"failed","Sat Oct 10 02:36:09 UTC 2026","Sat Oct 10 02:36:09 UTC 2026","49","1.1 Team Hummingbird - BFF | WLW app","Endpoint tests","Conversations","File","","File",""
"skipped","Sat Oct 10 02:34:07 UTC 2026","Sat Oct 10 02:34:07 UTC 2026","0","7. Team Pegasus | Pegasus Staging","Endpoints Tests","User & Company Context","Get company data crm","","Get company data crm",""
"passed","Sat Oct 10 02:36:14 UTC 2026","Sat Oct 10 02:36:14 UTC 2026","31","1.1 Team Hummingbird - BFF | WLW app","Technical Tests","categories-controller","GET /public_api/categories/homepage [NEG] Expired Token","","GET /public_api/categories/homepage [NEG] Expired Token",""
"failed","Sat Oct 10 02:35:03 UTC 2026","Sat Oct 10 02:35:03 UTC 2026","0","3 Team Techno - UCL","Technical Tests","WebsiteLead","GET /unified_commercial_logic/internal_api/api/website_lead/ - Retrieve WebsiteLead List","","GET /unified_commercial_logic/internal_api/api/website_lead/ - Retrieve WebsiteLead List",""
"failed","Sat Oct 10 02:36:37 UTC 2026","Sat Oct 10 02:36:37 UTC 2026","12","1.1 Team Hummingbird - BFF | WLW app","Technical Tests","search-controller","GET /public_api/suppliers/recommendations [SEC] Injection Probe","","GET /public_api/suppliers/recommendations [SEC] Injection Probe",""
"skipped","Sat Oct 10 02:34:07 UTC 2026","Sat Oct 10 02:34:07 UTC 2026","0","7. Team Pegasus | Pegasus Staging","Endpoints Tests","Supplier Registration","WLW","","categories - Endpoints for retrieving categories",""
"failed","Sat Oct 10 02:35:30 UTC 2026","Sat Oct 10 02:35:31 UTC 2026","1506","1 Team Hummingbird - BFF | EP app","Endpoint tests","Homepage, products","product recommendations EN","","product recommendations EN",""
"failed","Sat Oct 10 02:35:32 UTC 2026","Sat Oct 10 02:35:32 UTC 2026","43","1 Team Hummingbird - BFF | EP app","Endpoint tests","Conversations","unread count","","unread count",""
"failed","Sat Oct 10 02:36:42 UTC 2026","Sat Oct 10 02:36:42 UTC 2026","11","1.1 Team Hummingbird - BFF | WLW app","Technical Tests","supplier-visitors-controller","GET /public_api/suppliers/{supplier_id}/visits/csv [NEG] Expired Token","","GET /public_api/suppliers/{supplier_id}/visits/csv [NEG] Expired Token",""
"passed","Sat Oct 10 02:35:28 UTC 2026","Sat Oct 10 02:35:28 UTC 2026","131","1 Team Hummingbird - BFF | EP app","Endpoint tests","Company","Product ID","","Product ID",""
"failed","Sat Oct 10 02:36:39 UTC 2026","Sat Oct 10 02:36:39 UTC 2026","12","1.1 Team Hummingbird - BFF | WLW app","Technical Tests","search-controller","GET /public_api/products/recommendations","","GET /public_api/products/recommendations",""
"passed","Sat Oct 10 02:36:17 UTC 2026","Sat Oct 10 02:36:17 UTC 2026","31","1.1 Team Hummingbird - BFF | WLW app","Technical Tests","conversation-controller","PUT /public_api/conversation/userConversations/{conversationId}/messages/markAsRead [SEC] Injection Probe","","PUT /public_api/conversation/userConversations/{conversationId}/messages/markAsRead [SEC] Injection Probe",""
"skipped","Sat Oct 10 02:34:07 UTC 2026","Sat Oct 10 02:34:07 UTC 2026","0","7. Team Pegasus | Pegasus Staging","Endpoints Tests","Business Insights","Subscription","","Subscription",""
"passed","Sat Oct 10 02:36:33 UTC 2026","Sat Oct 10 02:36:33 UTC 2026","32","1.1 Team Hummingbird - BFF | WLW app","Technical Tests","purchaser-user-setting-controller","POST /userSetting/ [NEG] Expired Token","","POST /userSetting/ [NEG] Expired Token",""
"skipped","Sat Oct 10 02:34:07 UTC 2026","Sat Oct 10 02:34:07 UTC 2026","0","7. Team Pegasus | Pegasus Staging","Endpoints Tests","Supplier Registration","One Platform — User Profile API","","Get Profile by ID",""
"skipped","Sat Oct 10 02:34:07 UTC 2026","Sat Oct 10 02:34:07 UTC 2026","0","7. Team Pegasus | Pegasus Staging","Business Scenarios Tests","Business Insights","Dashboard smoke flow","","Visitors",""
"failed","Sat Oct 10 02:34:31 UTC 2026","Sat Oct 10 02:34:31 UTC 2026","61","4. Team CRM |CRM Staging","Endpoints Tests","(root)","trigger from SF Platform Profile","","trigger from SF Platform Profile",""
"failed","Sat Oct 10 02:35:08 UTC 2026","Sat Oct 10 02:35:08 UTC 2026","0","3 Team Techno - UCL","Technical Tests","Organization","GET /unified_commercial_logic/internal_api/api/organization/{id} - Retrieve Organization By ID","","GET /unified_commercial_logic/internal_api/api/organization/{id} - Retrieve Organization By ID",""
"passed","Sat Oct 10 02:36:03 UTC 2026","Sat Oct 10 02:36:03 UTC 2026","481","1.1 Team Hummingbird - BFF | WLW app","Endpoint tests","Login","native email login","","native email login",""
"passed","Sat Oct 10 02:36:06 UTC 2026","Sat Oct 10 02:36:07 UTC 2026","189","1.1 Team Hummingbird - BFF | WLW app","Endpoint tests","Company","branchIO dynamic link, share PDP","","branchIO dynamic link, share PDP",""
"passed","Sat Oct 10 02:36:36 UTC 2026","Sat Oct 10 02:36:36 UTC 2026","28","1.1 Team Hummingbird - BFF | WLW app","Technical Tests","rfq-marketing-controller","POST /public_api/rfq-marketing/trigger [NEG] Forbidden Role Token","","POST /public_api/rfq-marketing/trigger [NEG] Forbidden Role Token",""
"failed","Sat Oct 10 02:36:03 UTC 2026","Sat Oct 10 02:36:03 UTC 2026","64","1.1 Team Hummingbird - BFF | WLW app","Endpoint tests","Login","user Info","","user Info",""
"passed","Sat Oct 10 02:35:20 UTC 2026","Sat Oct 10 02:35:20 UTC 2026","258","Arise","Functional","","","skwd","skwd",""
"failed","Sat Oct 10 02:35:08 UTC 2026","Sat Oct 10 02:35:08 UTC 2026","0","3 Team Techno - UCL","Technical Tests","Organization","GET /unified_commercial_logic/internal_api/api/organization/{id} - Retrieve Organization By ID","","GET /unified_commercial_logic/internal_api/api/organization/{id} - Retrieve Organization By ID",""
"skipped","Sat Oct 10 02:34:07 UTC 2026","Sat Oct 10 02:34:07 UTC 2026","0","7. Team Pegasus | Pegasus Staging","Business Scenarios Tests","Supplier Registration","WLW - Lead create and update","","leads/{lead_id} - Update a lead",""
"failed","Sat Oct 10 02:36:10 UTC 2026","Sat Oct 10 02:36:10 UTC 2026","43","1.1 Team Hummingbird - BFF | WLW app","Endpoint tests","Conversations","mark as read","","mark as read",""
"skipped","Sat Oct 10 02:34:07 UTC 2026","Sat Oct 10 02:34:07 UTC 2026","0","7. Team Pegasus | Pegasus Staging","Spike | Profiles link user to company","(root)","01 OAuth — Supplier Facts token","","01 OAuth — Supplier Facts token",""
"failed","Sat Oct 10 02:36:21 UTC 2026","Sat Oct 10 02:36:21 UTC 2026","14","1.1 Team Hummingbird - BFF | WLW app","Technical Tests","conversation-controller","GET /public_api/conversation/userConversations/{userId}/unreadCount/ [NEG] Forbidden Role Token","","GET /public_api/conversation/userConversations/{userId}/unreadCount/ [NEG] Forbidden Role Token",""
"skipped","Sat Oct 10 02:34:07 UTC 2026","Sat Oct 10 02:34:07 UTC 2026","0","7. Team Pegasus | Pegasus Staging","Endpoints Tests","Visitors","Elixir (supplier-app)","","Visitor details",""
"skipped","Sat Oct 10 02:34:07 UTC 2026","Sat Oct 10 02:34:07 UTC 2026","0","7. Team Pegasus | Pegasus Staging","Business Scenarios Tests","Business Insights","Dashboard smoke flow","","Top products",""
"passed","Sat Oct 10 02:35:29 UTC 2026","Sat Oct 10 02:35:30 UTC 2026","566","1 Team Hummingbird - BFF | EP app","Endpoint tests","Search","search companies FR","","search companies FR",""
"passed","Sat Oct 10 02:44:12 UTC 2026","Sat Oct 10 02:44:13 UTC 2026","658","Dolphin","Technical","","","cppProductRecommendTest","recommend products in CPP -- wlw",""
"passed","Sat Oct 10 02:44:14 UTC 2026","Sat Oct 10 02:44:14 UTC 2026","54","Dolphin","Technical","","","getCategoryListWlwTest","v-recommend category list -- wlw, full categories",""
"failed","Sat Oct 10 02:36:34 UTC 2026","Sat Oct 10 02:36:34 UTC 2026","10","1.1 Team Hummingbird - BFF | WLW app","Technical Tests","push-notification-by-email-controller","GET /v1/pushNotification [NEG] Forbidden Role Token","","GET /v1/pushNotification [NEG] Forbidden Role Token",""
"passed","Sat Oct 10 02:34:28 UTC 2026","Sat Oct 10 02:34:28 UTC 2026","32","4. Team CRM |CRM Staging","Business Scenarios Tests","Disable Hubspot","Change Hubspot to false","","Change Hubspot to false",""
"skipped","Sat Oct 10 02:34:07 UTC 2026","Sat Oct 10 02:34:07 UTC 2026","0","7. Team Pegasus | Pegasus Staging","Endpoints Tests","User & Company Context","Get user details by","","Get user details by",""
"passed","Sat Oct 10 02:36:35 UTC 2026","Sat Oct 10 02:36:35 UTC 2026","32","1.1 Team Hummingbird - BFF | WLW app","Technical Tests","rfq-controller","POST /public_api/connect/purchaser/tenders [NEG] Forbidden Role Token","","POST /public_api/connect/purchaser/tenders [NEG] Forbidden Role Token",""
"passed","Sat Oct 10 02:36:24 UTC 2026","Sat Oct 10 02:36:24 UTC 2026","30","1.1 Team Hummingbird - BFF | WLW app","Technical Tests","dynamic-links-controller","POST /public_api/branchio/dynamiclink [NEG] Forbidden Role Token","","POST /public_api/branchio/dynamiclink [NEG] Forbidden Role Token",""
"broken","Sat Oct 10 02:42:54 UTC 2026","Sat Oct 10 02:43:14 UTC 2026","20022","Dolphin","Functional","","","termRecommendTest","AI Search term recommend API",""
"passed","Sat Oct 10 02:44:15 UTC 2026","Sat Oct 10 02:44:15 UTC 2026","72","Dolphin","Technical","","","otherStoreProductRecommendTest","similar products recommend -- wlw pdp",""
"failed","Sat Oct 10 02:36:22 UTC 2026","Sat Oct 10 02:36:22 UTC 2026","13","1.1 Team Hummingbird - BFF | WLW app","Technical Tests","conversation-controller","GET /public_api/conversation/userConversations/{conversationId} [NEG] Forbidden Role Token","","GET /public_api/conversation/userConversations/{conversationId} [NEG] Forbidden Role Token",""
"failed","Sat Oct 10 02:35:12 UTC 2026","Sat Oct 10 02:35:12 UTC 2026","0","3 Team Techno - UCL","Technical Tests","GoogleAd","GET /unified_commercial_logic/internal_api/api/google_ad - Retrieve GoogleAd List","","GET /unified_commercial_logic/internal_api/api/google_ad - Retrieve GoogleAd List",""
"broken","Sat Oct 10 02:40:53 UTC 2026","Sat Oct 10 02:41:13 UTC 2026","20020","Dolphin","Technical","","","recallSpecialCharQueryTest","AI Search recall: special-character query structure OK",""
"passed","Sat Oct 10 02:36:40 UTC 2026","Sat Oct 10 02:36:40 UTC 2026","29","1.1 Team Hummingbird - BFF | WLW app","Technical Tests","search-term-controller","PUT /public_api/search/notification-opened [NEG] Expired Token","","PUT /public_api/search/notification-opened [NEG] Expired Token",""
"failed","Sat Oct 10 02:36:34 UTC 2026","Sat Oct 10 02:36:34 UTC 2026","15","1.1 Team Hummingbird - BFF | WLW app","Technical Tests","push-notification-by-email-controller","GET /v1/pushNotification [NEG] Missing Auth/API-Key","","GET /v1/pushNotification [NEG] Missing Auth/API-Key",""
"passed","Sat Oct 10 02:36:18 UTC 2026","Sat Oct 10 02:36:18 UTC 2026","32","1.1 Team Hummingbird - BFF | WLW app","Technical Tests","conversation-controller","POST /public_api/conversation/userConversations/{conversationId}/messages","","POST /public_api/conversation/userConversations/{conversationId}/messages",""
"failed","Sat Oct 10 02:36:35 UTC 2026","Sat Oct 10 02:36:35 UTC 2026","12","1.1 Team Hummingbird - BFF | WLW app","Technical Tests","push-notification-by-email-controller","PUT /v1/pushNotification [SEC] Injection Probe","","PUT /v1/pushNotification [SEC] Injection Probe",""
"failed","Sat Oct 10 02:36:22 UTC 2026","Sat Oct 10 02:36:22 UTC 2026","16","1.1 Team Hummingbird - BFF | WLW app","Technical Tests","conversation-controller","GET /public_api/conversation/userConversations/{conversationId} [NEG] Expired Token","","GET /public_api/conversation/userConversations/{conversationId} [NEG] Expired Token",""
"failed","Sat Oct 10 02:35:06 UTC 2026","Sat Oct 10 02:35:06 UTC 2026","0","3 Team Techno - UCL","Technical Tests","Retargeting","GET /unified_commercial_logic/internal_api/api/retargeting/{id} - Retrieve Retargeting By ID","","GET /unified_commercial_logic/internal_api/api/retargeting/{id} - Retrieve Retargeting By ID",""
"passed","Sat Oct 10 02:35:27 UTC 2026","Sat Oct 10 02:35:28 UTC 2026","577","1 Team Hummingbird - BFF | EP app","Endpoint tests","Mobile_Feedback","post feedback","","post feedback",""
"failed","Sat Oct 10 02:36:37 UTC 2026","Sat Oct 10 02:36:37 UTC 2026","10","1.1 Team Hummingbird - BFF | WLW app","Technical Tests","search-controller","GET /public_api/search [NEG] Expired Token","","GET /public_api/search [NEG] Expired Token",""
"passed","Sat Oct 10 02:36:26 UTC 2026","Sat Oct 10 02:36:26 UTC 2026","28","1.1 Team Hummingbird - BFF | WLW app","Technical Tests","login-controller","POST /public_api/auth/sso/login","","POST /public_api/auth/sso/login",""
"skipped","Sat Oct 10 02:34:07 UTC 2026","Sat Oct 10 02:34:07 UTC 2026","0","7. Team Pegasus | Pegasus Staging","Endpoints Tests","Visitors","Elixir (supplier-app)","","Filters",""
"failed","Sat Oct 10 02:35:08 UTC 2026","Sat Oct 10 02:35:08 UTC 2026","0","3 Team Techno - UCL","Technical Tests","Organization","GET /unified_commercial_logic/internal_api/api/organization - Retrieve Organization List","","GET /unified_commercial_logic/internal_api/api/organization - Retrieve Organization List",""
"failed","Sat Oct 10 02:36:39 UTC 2026","Sat Oct 10 02:36:39 UTC 2026","12","1.1 Team Hummingbird - BFF | WLW app","Technical Tests","search-controller","GET /public_api/products/recommendations [NEG] Expired Token","","GET /public_api/products/recommendations [NEG] Expired Token",""
"failed","Sat Oct 10 02:35:00 UTC 2026","Sat Oct 10 02:35:00 UTC 2026","0","3 Team Techno - UCL","Functional Tests","Endpoint Tests","membership","","get all active membership for uuid not platform specific",""
"failed","Sat Oct 10 02:36:32 UTC 2026","Sat Oct 10 02:36:32 UTC 2026","13","1.1 Team Hummingbird - BFF | WLW app","Technical Tests","purchaser-support-controller","GET /support-faq [NEG] Missing Auth/API-Key","","GET /support-faq [NEG] Missing Auth/API-Key",""
"passed","Sat Oct 10 02:36:06 UTC 2026","Sat Oct 10 02:36:06 UTC 2026","55","1.1 Team Hummingbird - BFF | WLW app","Endpoint tests","Company","Product ID","","Product ID",""
"failed","Sat Oct 10 02:36:09 UTC 2026","Sat Oct 10 02:36:09 UTC 2026","43","1.1 Team Hummingbird - BFF | WLW app","Endpoint tests","Conversations","new message","","new message",""
"passed","Sat Oct 10 02:34:36 UTC 2026","Sat Oct 10 02:34:37 UTC 2026","428","2 Team Dragon - BFF | RFQ Backend","Functional Tests","(root)","GET /v1/rfqs - Success","","GET /v1/rfqs - Success",""
"failed","Sat Oct 10 02:36:36 UTC 2026","Sat Oct 10 02:36:36 UTC 2026","12","1.1 Team Hummingbird - BFF | WLW app","Technical Tests","search-controller","GET /public_api/suppliers/recommendations [NEG] Expired Token","","GET /public_api/suppliers/recommendations [NEG] Expired Token",""
"passed","Sat Oct 10 02:36:11 UTC 2026","Sat Oct 10 02:36:11 UTC 2026","74","1.1 Team Hummingbird - BFF | WLW app","Technical Tests","ab-test-record-controller","POST /public_api/abtest/record","","POST /public_api/abtest/record",""
"passed","Sat Oct 10 02:36:29 UTC 2026","Sat Oct 10 02:36:29 UTC 2026","30","1.1 Team Hummingbird - BFF | WLW app","Technical Tests","login-controller","POST /public_api/auth/changePassword","","POST /public_api/auth/changePassword",""
"failed","Sat Oct 10 02:35:05 UTC 2026","Sat Oct 10 02:35:05 UTC 2026","0","3 Team Techno - UCL","Technical Tests","TopRanking","GET /unified_commercial_logic/internal_api/api/top_ranking_v1/ - Retrieve TopRankingV1 List","","GET /unified_commercial_logic/internal_api/api/top_ranking_v1/ - Retrieve TopRankingV1 List",""
"passed","Sat Oct 10 02:36:33 UTC 2026","Sat Oct 10 02:36:33 UTC 2026","30","1.1 Team Hummingbird - BFF | WLW app","Technical Tests","purchaser-user-setting-controller","POST /userSetting/","","POST /userSetting/",""
"passed","Sat Oct 10 02:36:05 UTC 2026","Sat Oct 10 02:36:05 UTC 2026","16","1.1 Team Hummingbird - BFF | WLW app","Endpoint tests","Mobile_Feedback","Feedback Subject_EN","","Feedback Subject_EN",""
"failed","Sat Oct 10 02:36:04 UTC 2026","Sat Oct 10 02:36:04 UTC 2026","45","1.1 Team Hummingbird - BFF | WLW app","Endpoint tests","User settings","user setting","","user setting",""
"failed","Sat Oct 10 02:36:43 UTC 2026","Sat Oct 10 02:36:43 UTC 2026","14","1.1 Team Hummingbird - BFF | WLW app","Technical Tests","trending-products-controller","GET /public_api/trending/products [NEG] Expired Token","","GET /public_api/trending/products [NEG] Expired Token",""
"failed","Sat Oct 10 02:35:25 UTC 2026","Sat Oct 10 02:35:26 UTC 2026","587","1 Team Hummingbird - BFF | EP app","Endpoint tests","Login","registration","","registration",""
"skipped","Sat Oct 10 02:34:07 UTC 2026","Sat Oct 10 02:34:07 UTC 2026","0","7. Team Pegasus | Pegasus Staging","Endpoints Tests","Supplier Registration","EP","","email/check - Validate email domain for a specified country",""
"passed","Sat Oct 10 02:35:29 UTC 2026","Sat Oct 10 02:35:30 UTC 2026","1429","1 Team Hummingbird - BFF | EP app","Endpoint tests","Search","search companies, EN","","search companies, EN",""
"passed","Sat Oct 10 02:35:19 UTC 2026","Sat Oct 10 02:35:19 UTC 2026","24","Arise","Technical","","","pageElementsGet","pageElementsGet",""
"skipped","Sat Oct 10 02:35:25 UTC 2026","Sat Oct 10 02:35:25 UTC 2026","0","1 Team Hummingbird - BFF | EP app","Business Scenario Tests","(empty)","(empty)","","Business Scenario Tests - empty",""
"passed","Sat Oct 10 02:36:36 UTC 2026","Sat Oct 10 02:36:36 UTC 2026","18","1.1 Team Hummingbird - BFF | WLW app","Technical Tests","rfq-marketing-controller","POST /public_api/rfq-marketing/trigger [NEG] Missing Auth/API-Key","","POST /public_api/rfq-marketing/trigger [NEG] Missing Auth/API-Key",""
"failed","Sat Oct 10 02:35:12 UTC 2026","Sat Oct 10 02:35:12 UTC 2026","0","3 Team Techno - UCL","Technical Tests","GoogleAd","GET /unified_commercial_logic/internal_api/api/google_ad - Retrieve GoogleAd List","","GET /unified_commercial_logic/internal_api/api/google_ad - Retrieve GoogleAd List",""
"failed","Sat Oct 10 02:36:35 UTC 2026","Sat Oct 10 02:36:35 UTC 2026","14","1.1 Team Hummingbird - BFF | WLW app","Technical Tests","push-notification-by-email-controller","PUT /v1/pushNotification [NEG] Forbidden Role Token","","PUT /v1/pushNotification [NEG] Forbidden Role Token",""
"failed","Sat Oct 10 02:36:38 UTC 2026","Sat Oct 10 02:36:38 UTC 2026","10","1.1 Team Hummingbird - BFF | WLW app","Technical Tests","search-controller","GET /public_api/search/ai/termRecommend [NEG] Missing Auth/API-Key","","GET /public_api/search/ai/termRecommend [NEG] Missing Auth/API-Key",""
"passed","Sat Oct 10 02:36:28 UTC 2026","Sat Oct 10 02:36:28 UTC 2026","52","1.1 Team Hummingbird - BFF | WLW app","Technical Tests","login-controller","POST /public_api/auth/resetPassword [NEG] Forbidden Role Token","","POST /public_api/auth/resetPassword [NEG] Forbidden Role Token",""
"passed","Sat Oct 10 02:36:24 UTC 2026","Sat Oct 10 02:36:24 UTC 2026","23","1.1 Team Hummingbird - BFF | WLW app","Technical Tests","euro-pages-controller","PUT /public_api/euro-pages/auth/delete [NEG] Missing Auth/API-Key","","PUT /public_api/euro-pages/auth/delete [NEG] Missing Auth/API-Key",""
"failed","Sat Oct 10 02:36:23 UTC 2026","Sat Oct 10 02:36:23 UTC 2026","16","1.1 Team Hummingbird - BFF | WLW app","Technical Tests","conversation-controller","GET /public_api/conversation/userConversations/{conversationId}/file/ [NEG] Expired Token","","GET /public_api/conversation/userConversations/{conversationId}/file/ [NEG] Expired Token",""
"passed","Sat Oct 10 02:36:11 UTC 2026","Sat Oct 10 02:36:11 UTC 2026","17","1.1 Team Hummingbird - BFF | WLW app","Technical Tests","ab-test-record-controller","POST /public_api/abtest/record [NEG] Missing Auth/API-Key","","POST /public_api/abtest/record [NEG] Missing Auth/API-Key",""
"skipped","Sat Oct 10 02:34:07 UTC 2026","Sat Oct 10 02:34:07 UTC 2026","0","7. Team Pegasus | Pegasus Staging","Endpoints Tests","Business Insights","User by uuid","","User by uuid",""
"passed","Sat Oct 10 02:44:03 UTC 2026","Sat Oct 10 02:44:04 UTC 2026","777","Dolphin","Technical","","","productTextSearchPageSizeZeroTest","AI product text search recall: pageSize=0 normalized to default",""
"passed","Sat Oct 10 02:36:18 UTC 2026","Sat Oct 10 02:36:18 UTC 2026","34","1.1 Team Hummingbird - BFF | WLW app","Technical Tests","conversation-controller","GET /public_api/conversation/userConversations/{conversationId}/messages [SEC] Injection Probe","","GET /public_api/conversation/userConversations/{conversationId}/messages [SEC] Injection Probe",""
"failed","Sat Oct 10 02:36:38 UTC 2026","Sat Oct 10 02:36:38 UTC 2026","12","1.1 Team Hummingbird - BFF | WLW app","Technical Tests","search-controller","GET /public_api/search/autoComplete [NEG] Missing Auth/API-Key","","GET /public_api/search/autoComplete [NEG] Missing Auth/API-Key",""
"failed","Sat Oct 10 02:36:42 UTC 2026","Sat Oct 10 02:36:42 UTC 2026","14","1.1 Team Hummingbird - BFF | WLW app","Technical Tests","supplier-visitors-controller","GET /public_api/suppliers/{supplier_id}/visits/csv [NEG] Forbidden Role Token","","GET /public_api/suppliers/{supplier_id}/visits/csv [NEG] Forbidden Role Token",""
"passed","Sat Oct 10 02:36:17 UTC 2026","Sat Oct 10 02:36:17 UTC 2026","24","1.1 Team Hummingbird - BFF | WLW app","Technical Tests","conversation-controller","PUT /public_api/conversation/userConversations/{conversationId}/decline [NEG] Missing Auth/API-Key","","PUT /public_api/conversation/userConversations/{conversationId}/decline [NEG] Missing Auth/API-Key",""
"passed","Sat Oct 10 02:34:27 UTC 2026","Sat Oct 10 02:34:27 UTC 2026","78","4. Team CRM |CRM Staging","Business Scenarios Tests","Account","Smoke Test Create Account with All Fields","","Smoke Test Create Account with All Fields",""
"passed","Sat Oct 10 02:44:08 UTC 2026","Sat Oct 10 02:44:09 UTC 2026","809","Dolphin","Technical","","","productTextSearchTest","AI product text search recall API",""
"failed","Sat Oct 10 02:36:42 UTC 2026","Sat Oct 10 02:36:42 UTC 2026","13","1.1 Team Hummingbird - BFF | WLW app","Technical Tests","supplier-visitors-controller","GET /public_api/suppliers/{supplier_id}/visits [SEC] Injection Probe","","GET /public_api/suppliers/{supplier_id}/visits [SEC] Injection Probe",""
"failed","Sat Oct 10 02:35:10 UTC 2026","Sat Oct 10 02:35:10 UTC 2026","0","3 Team Techno - UCL","Technical Tests","Membership","GET /unified_commercial_logic/internal_api/api/membership/platform-profile-status/{sfuuid} - getStatus By SFUUID","","GET /unified_commercial_logic/internal_api/api/membership/platform-profile-status/{sfuuid} - getStatus By SFUUID",""
"failed","Sat Oct 10 02:36:35 UTC 2026","Sat Oct 10 02:36:35 UTC 2026","10","1.1 Team Hummingbird - BFF | WLW app","Technical Tests","push-notification-by-email-controller","PUT /v1/pushNotification [NEG] Missing Auth/API-Key","","PUT /v1/pushNotification [NEG] Missing Auth/API-Key",""
"broken","Sat Oct 10 02:38:13 UTC 2026","Sat Oct 10 02:38:33 UTC 2026","20003","Dolphin","Technical","","","recallMissingRequestIdTest","AI Search recall: missing requestId still success",""
"passed","Sat Oct 10 02:36:39 UTC 2026","Sat Oct 10 02:36:39 UTC 2026","28","1.1 Team Hummingbird - BFF | WLW app","Technical Tests","search-controller","GET /public_api/search/ai/tabChange [SEC] Injection Probe","","GET /public_api/search/ai/tabChange [SEC] Injection Probe",""
"skipped","Sat Oct 10 02:34:07 UTC 2026","Sat Oct 10 02:34:07 UTC 2026","0","7. Team Pegasus | Pegasus Staging","Endpoints Tests","Shop Import & Onboarding Backend","/offers/fetchCategory","","/offers/fetchCategory",""
"failed","Sat Oct 10 02:35:10 UTC 2026","Sat Oct 10 02:35:10 UTC 2026","0","3 Team Techno - UCL","Technical Tests","Membership","GET /unified_commercial_logic/internal_api/api/membership/platform-profile-status/{sfuuid} - getStatus By SFUUID","","GET /unified_commercial_logic/internal_api/api/membership/platform-profile-status/{sfuuid} - getStatus By SFUUID",""
"passed","Sat Oct 10 02:35:20 UTC 2026","Sat Oct 10 02:35:20 UTC 2026","481","Bamboo","Functional","","","leafCategoryPredictTest","leafCategoryPredict",""
"failed","Sat Oct 10 02:36:31 UTC 2026","Sat Oct 10 02:36:31 UTC 2026","10","1.1 Team Hummingbird - BFF | WLW app","Technical Tests","product-controller","GET /public_api/companies/{supplierPublicId}/products","","GET /public_api/companies/{supplierPublicId}/products",""
"passed","Sat Oct 10 02:36:42 UTC 2026","Sat Oct 10 02:36:42 UTC 2026","26","1.1 Team Hummingbird - BFF | WLW app","Technical Tests","supplier-visitors-controller","GET /public_api/suppliers/{supplier_id}/visits/{id} [NEG] Forbidden Role Token","","GET /public_api/suppliers/{supplier_id}/visits/{id} [NEG] Forbidden Role Token",""
"passed","Sat Oct 10 02:44:15 UTC 2026","Sat Oct 10 02:44:15 UTC 2026","72","Dolphin","Functional","","","otherStoreProductRecommendTest","similar products recommend -- wlw pdp",""
"skipped","Sat Oct 10 02:34:07 UTC 2026","Sat Oct 10 02:34:07 UTC 2026","0","7. Team Pegasus | Pegasus Staging","Spike | Profiles link user to company","(root)","08 MANUAL — supplier_api GET (needs browser session)","","08 MANUAL — supplier_api GET (needs browser session)",""
"skipped","Sat Oct 10 02:34:07 UTC 2026","Sat Oct 10 02:34:07 UTC 2026","0","7. Team Pegasus | Pegasus Staging","Endpoints Tests","Shop Import & Onboarding Backend","/offers/topCategories","","/offers/topCategories",""
"failed","Sat Oct 10 02:36:10 UTC 2026","Sat Oct 10 02:36:10 UTC 2026","40","1.1 Team Hummingbird - BFF | WLW app","Endpoint tests","Conversations","Decline RFQ","","Decline RFQ",""
"passed","Sat Oct 10 02:36:13 UTC 2026","Sat Oct 10 02:36:13 UTC 2026","33","1.1 Team Hummingbird - BFF | WLW app","Technical Tests","ai-company-search-controller","POST /public_api/search/ai/company/search [NEG] Expired Token","","POST /public_api/search/ai/company/search [NEG] Expired Token",""
"failed","Sat Oct 10 02:34:32 UTC 2026","Sat Oct 10 02:34:32 UTC 2026","61","4. Team CRM |CRM Staging","Endpoints Tests","(root)","get company data via SF id","","get company data via SF id",""
"skipped","Sat Oct 10 02:34:07 UTC 2026","Sat Oct 10 02:34:07 UTC 2026","0","7. Team Pegasus | Pegasus Staging","Business Scenarios Tests","Visitors","Statistics visitor drill-down","","Visitor details",""
"passed","Sat Oct 10 02:34:28 UTC 2026","Sat Oct 10 02:34:29 UTC 2026","37","4. Team CRM |CRM Staging","Business Scenarios Tests","Disable Hubspot","Change Hubspot to true","","Change Hubspot to true",""
"passed","Sat Oct 10 02:36:36 UTC 2026","Sat Oct 10 02:36:36 UTC 2026","30","1.1 Team Hummingbird - BFF | WLW app","Technical Tests","rfq-controller","POST /public_api/connect/purchaser/tenders/ [NEG] Forbidden Role Token","","POST /public_api/connect/purchaser/tenders/ [NEG] Forbidden Role Token",""
"failed","Sat Oct 10 02:34:32 UTC 2026","Sat Oct 10 02:34:32 UTC 2026","54","4. Team CRM |CRM Staging","Endpoints Tests","(root)","trigger a Buyer lead","","trigger a Buyer lead",""
"skipped","Sat Oct 10 02:34:07 UTC 2026","Sat Oct 10 02:34:07 UTC 2026","0","7. Team Pegasus | Pegasus Staging","Endpoints Tests","Shop Import & Onboarding Backend","/categories/suggest","","/categories/suggest",""
"skipped","Sat Oct 10 02:34:26 UTC 2026","Sat Oct 10 02:34:26 UTC 2026","0","4. Team CRM |CRM Staging","Endpoints Tests","Activities","(empty)","","Endpoints Tests / Activities - empty",""
"failed","Sat Oct 10 02:36:22 UTC 2026","Sat Oct 10 02:36:22 UTC 2026","13","1.1 Team Hummingbird - BFF | WLW app","Technical Tests","conversation-controller","GET /public_api/conversation/userConversations/{conversationId}/file","","GET /public_api/conversation/userConversations/{conversationId}/file",""
"failed","Sat Oct 10 02:36:17 UTC 2026","Sat Oct 10 02:36:17 UTC 2026","14","1.1 Team Hummingbird - BFF | WLW app","Technical Tests","conversation-controller","PUT /public_api/conversation/userConversations/{conversationId}/messages/markAsRead [NEG] Forbidden Role Token","","PUT /public_api/conversation/userConversations/{conversationId}/messages/markAsRead [NEG] Forbidden Role Token",""
"failed","Sat Oct 10 02:35:32 UTC 2026","Sat Oct 10 02:35:32 UTC 2026","54","1 Team Hummingbird - BFF | EP app","Endpoint tests","Visitor profiler","Visitor ID","","Visitor ID",""
"failed","Sat Oct 10 02:36:13 UTC 2026","Sat Oct 10 02:36:13 UTC 2026","11","1.1 Team Hummingbird - BFF | WLW app","Technical Tests","categories-controller","GET /preferred/categories [NEG] Expired Token","","GET /preferred/categories [NEG] Expired Token",""
"failed","Sat Oct 10 02:35:30 UTC 2026","Sat Oct 10 02:35:31 UTC 2026","948","1 Team Hummingbird - BFF | EP app","Endpoint tests","Contact request","Callback request","","Callback request",""
"passed","Sat Oct 10 02:36:20 UTC 2026","Sat Oct 10 02:36:20 UTC 2026","30","1.1 Team Hummingbird - BFF | WLW app","Technical Tests","conversation-controller","POST /public_api/conversation/userConversations/{conversationId}/messages/file [NEG] Forbidden Role Token","","POST /public_api/conversation/userConversations/{conversationId}/messages/file [NEG] Forbidden Role Token",""
"passed","Sat Oct 10 02:36:44 UTC 2026","Sat Oct 10 02:36:44 UTC 2026","16","1.1 Team Hummingbird - BFF | WLW app","Technical Tests","user-controller","PUT /public_api/user/userInfo [NEG] Missing Auth/API-Key","","PUT /public_api/user/userInfo [NEG] Missing Auth/API-Key",""
"failed","Sat Oct 10 02:36:06 UTC 2026","Sat Oct 10 02:36:06 UTC 2026","58","1.1 Team Hummingbird - BFF | WLW app","Endpoint tests","Company","Company ID FR","","Company ID FR",""
"failed","Sat Oct 10 02:36:20 UTC 2026","Sat Oct 10 02:36:20 UTC 2026","12","1.1 Team Hummingbird - BFF | WLW app","Technical Tests","conversation-controller","GET /public_api/conversation/userConversations [NEG] Expired Token","","GET /public_api/conversation/userConversations [NEG] Expired Token",""
"passed","Sat Oct 10 02:35:19 UTC 2026","Sat Oct 10 02:35:20 UTC 2026","617","Arise","Technical","","","psearchProxySearch","psearchProxySearch",""
"passed","Sat Oct 10 02:34:30 UTC 2026","Sat Oct 10 02:34:30 UTC 2026","54","4. Team CRM |CRM Staging","Business Scenarios Tests","Platform Profile","Smoke Test Create Platform Profile","","Smoke Test Create Platform Profile",""
"passed","Sat Oct 10 02:36:12 UTC 2026","Sat Oct 10 02:36:12 UTC 2026","34","1.1 Team Hummingbird - BFF | WLW app","Technical Tests","ai-company-search-controller","POST /public_api/search/ai/company/search","","POST /public_api/search/ai/company/search",""
"passed","Sat Oct 10 02:36:25 UTC 2026","Sat Oct 10 02:36:25 UTC 2026","27","1.1 Team Hummingbird - BFF | WLW app","Technical Tests","feedback-controller","POST /feedback [NEG] Forbidden Role Token","","POST /feedback [NEG] Forbidden Role Token",""
"passed","Sat Oct 10 02:36:04 UTC 2026","Sat Oct 10 02:36:04 UTC 2026","19","1.1 Team Hummingbird - BFF | WLW app","Endpoint tests","User settings","push-notification-by-email-controller","","push-notification-by-email-controller",""
"passed","Sat Oct 10 02:36:36 UTC 2026","Sat Oct 10 02:36:36 UTC 2026","21","1.1 Team Hummingbird - BFF | WLW app","Technical Tests","rfq-controller","POST /public_api/connect/purchaser/tenders/ [NEG] Missing Auth/API-Key","","POST /public_api/connect/purchaser/tenders/ [NEG] Missing Auth/API-Key",""
"failed","Sat Oct 10 02:36:18 UTC 2026","Sat Oct 10 02:36:18 UTC 2026","12","1.1 Team Hummingbird - BFF | WLW app","Technical Tests","conversation-controller","GET /public_api/conversation/userConversations/{conversationId}/messages [NEG] Expired Token","","GET /public_api/conversation/userConversations/{conversationId}/messages [NEG] Expired Token",""
"passed","Sat Oct 10 02:36:41 UTC 2026","Sat Oct 10 02:36:41 UTC 2026","29","1.1 Team Hummingbird - BFF | WLW app","Technical Tests","search-term-controller","POST /public_api/search/track [SEC] Injection Probe","","POST /public_api/search/track [SEC] Injection Probe",""
"failed","Sat Oct 10 02:34:32 UTC 2026","Sat Oct 10 02:34:32 UTC 2026","52","4. Team CRM |CRM Staging","Endpoints Tests","(root)","resolve individual id bulk","","resolve individual id bulk",""
"failed","Sat Oct 10 02:36:37 UTC 2026","Sat Oct 10 02:36:37 UTC 2026","11","1.1 Team Hummingbird - BFF | WLW app","Technical Tests","search-controller","GET /public_api/search [NEG] Forbidden Role Token","","GET /public_api/search [NEG] Forbidden Role Token",""
"failed","Sat Oct 10 02:36:09 UTC 2026","Sat Oct 10 02:36:09 UTC 2026","44","1.1 Team Hummingbird - BFF | WLW app","Endpoint tests","Conversations","conversation/messages","","conversation/messages",""
"failed","Sat Oct 10 02:36:09 UTC 2026","Sat Oct 10 02:36:09 UTC 2026","336","1.1 Team Hummingbird - BFF | WLW app","Endpoint tests","Contact request","QDR request","","QDR request",""
"passed","Sat Oct 10 02:36:17 UTC 2026","Sat Oct 10 02:36:17 UTC 2026","36","1.1 Team Hummingbird - BFF | WLW app","Technical Tests","conversation-controller","PUT /public_api/conversation/userConversations/{conversationId}/tag [NEG] Forbidden Role Token","","PUT /public_api/conversation/userConversations/{conversationId}/tag [NEG] Forbidden Role Token",""
"passed","Sat Oct 10 02:34:38 UTC 2026","Sat Oct 10 02:34:38 UTC 2026","8","2 Team Dragon - BFF | RFQ Backend","Technical Tests","(root)","GET /v1/user - User Info + Roles + Negative Auth","","GET /v1/user - User Info + Roles + Negative Auth",""
"passed","Sat Oct 10 02:36:08 UTC 2026","Sat Oct 10 02:36:08 UTC 2026","119","1.1 Team Hummingbird - BFF | WLW app","Endpoint tests","Homepage, products","product recommendations EN","","product recommendations EN",""
"failed","Sat Oct 10 02:36:37 UTC 2026","Sat Oct 10 02:36:37 UTC 2026","13","1.1 Team Hummingbird - BFF | WLW app","Technical Tests","search-controller","GET /public_api/search","","GET /public_api/search",""
"skipped","Sat Oct 10 02:34:07 UTC 2026","Sat Oct 10 02:34:07 UTC 2026","0","7. Team Pegasus | Pegasus Staging","Endpoints Tests","Supplier Registration","EP","","business_sectors - Get business sectors",""
"passed","Sat Oct 10 02:36:07 UTC 2026","Sat Oct 10 02:36:07 UTC 2026","59","1.1 Team Hummingbird - BFF | WLW app","Endpoint tests","Search","search autoComplete FR","","search autoComplete FR",""
"failed","Sat Oct 10 02:34:31 UTC 2026","Sat Oct 10 02:34:31 UTC 2026","48","4. Team CRM |CRM Staging","Endpoints Tests","(root)","trigger the Paid Media lead","","trigger the Paid Media lead",""
"passed","Sat Oct 10 02:35:27 UTC 2026","Sat Oct 10 02:35:27 UTC 2026","18","1 Team Hummingbird - BFF | EP app","Endpoint tests","Mobile_Feedback","Feedback Subject_EN","","Feedback Subject_EN",""
"passed","Sat Oct 10 02:36:23 UTC 2026","Sat Oct 10 02:36:23 UTC 2026","32","1.1 Team Hummingbird - BFF | WLW app","Technical Tests","currency-exchange-controller","GET /exchange/fetch-rates [NEG] Expired Token","","GET /exchange/fetch-rates [NEG] Expired Token",""
"passed","Sat Oct 10 02:36:07 UTC 2026","Sat Oct 10 02:36:07 UTC 2026","61","1.1 Team Hummingbird - BFF | WLW app","Endpoint tests","Search","search autoComplete EN","","search autoComplete EN",""
"passed","Sat Oct 10 02:36:28 UTC 2026","Sat Oct 10 02:36:28 UTC 2026","32","1.1 Team Hummingbird - BFF | WLW app","Technical Tests","login-controller","POST /public_api/auth/password/login [NEG] Forbidden Role Token","","POST /public_api/auth/password/login [NEG] Forbidden Role Token",""
"passed","Sat Oct 10 02:35:29 UTC 2026","Sat Oct 10 02:35:30 UTC 2026","570","1 Team Hummingbird - BFF | EP app","Endpoint tests","Search","Product Search FR","","Product Search FR",""
"failed","Sat Oct 10 02:35:31 UTC 2026","Sat Oct 10 02:35:31 UTC 2026","45","1 Team Hummingbird - BFF | EP app","Endpoint tests","Conversations","conversation id","","conversation id",""
"failed","Sat Oct 10 02:34:31 UTC 2026","Sat Oct 10 02:34:31 UTC 2026","62","4. Team CRM |CRM Staging","Endpoints Tests","(root)","get responsible user","","get responsible user",""
"skipped","Sat Oct 10 02:34:07 UTC 2026","Sat Oct 10 02:34:07 UTC 2026","0","7. Team Pegasus | Pegasus Staging","Endpoints Tests","Shop Import & Onboarding Backend","offers/subCategories","","offers/subCategories",""
"failed","Sat Oct 10 02:35:08 UTC 2026","Sat Oct 10 02:35:08 UTC 2026","0","3 Team Techno - UCL","Technical Tests","Organization","GET /unified_commercial_logic/internal_api/api/organization - Retrieve Organization List","","GET /unified_commercial_logic/internal_api/api/organization - Retrieve Organization List",""
"skipped","Sat Oct 10 02:34:07 UTC 2026","Sat Oct 10 02:34:07 UTC 2026","0","7. Team Pegasus | Pegasus Staging","Endpoints Tests","Business Insights","User Activity","","User Activity",""
"passed","Sat Oct 10 02:43:55 UTC 2026","Sat Oct 10 02:43:55 UTC 2026","356","Dolphin","Technical","","","productTextSearchBlankQueryTest","AI product text search recall: blank query → empty success",""
"skipped","Sat Oct 10 02:34:07 UTC 2026","Sat Oct 10 02:34:07 UTC 2026","0","7. Team Pegasus | Pegasus Staging","Business Scenarios Tests","Business Insights","Dashboard smoke flow","","Scoring",""
"passed","Sat Oct 10 02:36:27 UTC 2026","Sat Oct 10 02:36:27 UTC 2026","36","1.1 Team Hummingbird - BFF | WLW app","Technical Tests","login-controller","POST /public_api/auth/session/extend [NEG] Missing Auth/API-Key","","POST /public_api/auth/session/extend [NEG] Missing Auth/API-Key",""
"failed","Sat Oct 10 02:36:43 UTC 2026","Sat Oct 10 02:36:43 UTC 2026","21","1.1 Team Hummingbird - BFF | WLW app","Technical Tests","trending-products-controller","GET /public_api/trending/products","","GET /public_api/trending/products",""
"passed","Sat Oct 10 02:36:30 UTC 2026","Sat Oct 10 02:36:30 UTC 2026","33","1.1 Team Hummingbird - BFF | WLW app","Technical Tests","login-controller","POST /public_api/auth/changePassword [NEG] Forbidden Role Token","","POST /public_api/auth/changePassword [NEG] Forbidden Role Token",""
"failed","Sat Oct 10 02:36:10 UTC 2026","Sat Oct 10 02:36:10 UTC 2026","20","1.1 Team Hummingbird - BFF | WLW app","Endpoint tests","Conversations","dynamic link conversation","","dynamic link conversation",""
"passed","Sat Oct 10 02:35:27 UTC 2026","Sat Oct 10 02:35:27 UTC 2026","26","1 Team Hummingbird - BFF | EP app","Endpoint tests","Mobile_Feedback","Feedback Subject_DE","","Feedback Subject_DE",""
"broken","Sat Oct 10 02:35:52 UTC 2026","Sat Oct 10 02:36:12 UTC 2026","20011","Dolphin","Technical","","","pvMatchMissingQpInfoTest","AI Search PV match: missing qpInfo → business failure",""
"passed","Sat Oct 10 02:36:43 UTC 2026","Sat Oct 10 02:36:43 UTC 2026","29","1.1 Team Hummingbird - BFF | WLW app","Technical Tests","trending-products-controller","POST /public_api/trending/import","","POST /public_api/trending/import",""
"failed","Sat Oct 10 02:36:12 UTC 2026","Sat Oct 10 02:36:12 UTC 2026","13","1.1 Team Hummingbird - BFF | WLW app","Technical Tests","ai-company-search-controller","GET /public_api/search/ai/company/search [NEG] Missing Auth/API-Key","","GET /public_api/search/ai/company/search [NEG] Missing Auth/API-Key",""
"passed","Sat Oct 10 02:36:32 UTC 2026","Sat Oct 10 02:36:32 UTC 2026","29","1.1 Team Hummingbird - BFF | WLW app","Technical Tests","purchaser-support-controller","GET /support-master-data [NEG] Expired Token","","GET /support-master-data [NEG] Expired Token",""
"failed","Sat Oct 10 02:35:02 UTC 2026","Sat Oct 10 02:35:02 UTC 2026","0","3 Team Techno - UCL","Functional Tests","Endpoint Tests","TopRanking","","get all active on wlw for the given uuid",""
"broken","Sat Oct 10 02:37:53 UTC 2026","Sat Oct 10 02:38:13 UTC 2026","20013","Dolphin","Technical","","","recallLongQueryTruncationTest","AI Search recall: long query truncated, still success",""
"passed","Sat Oct 10 02:36:27 UTC 2026","Sat Oct 10 02:36:27 UTC 2026","34","1.1 Team Hummingbird - BFF | WLW app","Technical Tests","login-controller","POST /public_api/auth/resetPassword","","POST /public_api/auth/resetPassword",""
"failed","Sat Oct 10 02:36:17 UTC 2026","Sat Oct 10 02:36:17 UTC 2026","12","1.1 Team Hummingbird - BFF | WLW app","Technical Tests","conversation-controller","PUT /public_api/conversation/userConversations/{conversationId}/messages/markAsRead [NEG] Expired Token","","PUT /public_api/conversation/userConversations/{conversationId}/messages/markAsRead [NEG] Expired Token",""
"failed","Sat Oct 10 02:36:15 UTC 2026","Sat Oct 10 02:36:15 UTC 2026","12","1.1 Team Hummingbird - BFF | WLW app","Technical Tests","company-controller","GET /public_api/company [NEG] Forbidden Role Token","","GET /public_api/company [NEG] Forbidden Role Token",""
"passed","Sat Oct 10 02:36:08 UTC 2026","Sat Oct 10 02:36:08 UTC 2026","106","1.1 Team Hummingbird - BFF | WLW app","Endpoint tests","RFQ","post RFQ","","post RFQ",""
"passed","Sat Oct 10 02:44:05 UTC 2026","Sat Oct 10 02:44:07 UTC 2026","1244","Dolphin","Functional","","","productTextSearchSecondPageTest","AI product text search recall: pagination page 2",""
"failed","Sat Oct 10 02:34:29 UTC 2026","Sat Oct 10 02:34:29 UTC 2026","45","4. Team CRM |CRM Staging","Business Scenarios Tests","Lead","Create a  lead","","Create a  lead",""
"failed","Sat Oct 10 02:35:11 UTC 2026","Sat Oct 10 02:35:11 UTC 2026","0","3 Team Techno - UCL","Technical Tests","GoogleAd","GET /unified_commercial_logic/internal_api/api/google_ad/{id} - Retrieve GoogleAd By ID","","GET /unified_commercial_logic/internal_api/api/google_ad/{id} - Retrieve GoogleAd By ID",""
"passed","Sat Oct 10 02:35:27 UTC 2026","Sat Oct 10 02:35:28 UTC 2026","76","1 Team Hummingbird - BFF | EP app","Endpoint tests","Company","Company ID EN","","Company ID EN",""
"passed","Sat Oct 10 02:36:36 UTC 2026","Sat Oct 10 02:36:36 UTC 2026","30","1.1 Team Hummingbird - BFF | WLW app","Technical Tests","rfq-marketing-controller","POST /public_api/rfq-marketing/trigger [NEG] Expired Token","","POST /public_api/rfq-marketing/trigger [NEG] Expired Token",""
"passed","Sat Oct 10 02:34:36 UTC 2026","Sat Oct 10 02:34:37 UTC 2026","129","2 Team Dragon - BFF | RFQ Backend","Functional Tests","(root)","POST /v1/rfqs/{rfqId}/respond - Error Case (400)","","POST /v1/rfqs/{rfqId}/respond - Error Case (400)",""
"failed","Sat Oct 10 02:35:04 UTC 2026","Sat Oct 10 02:35:04 UTC 2026","0","3 Team Techno - UCL","Technical Tests","TopRanking","GET /unified_commercial_logic/internal_api/api/top_ranking_v1/{id} - Retrieve TopRankingV1 By ID","","GET /unified_commercial_logic/internal_api/api/top_ranking_v1/{id} - Retrieve TopRankingV1 By ID",""
"failed","Sat Oct 10 02:36:08 UTC 2026","Sat Oct 10 02:36:09 UTC 2026","258","1.1 Team Hummingbird - BFF | WLW app","Endpoint tests","Contact request","Other request","","Other request",""
"passed","Sat Oct 10 02:44:05 UTC 2026","Sat Oct 10 02:44:07 UTC 2026","1244","Dolphin","Technical","","","productTextSearchSecondPageTest","AI product text search recall: pagination page 2",""
"failed","Sat Oct 10 02:35:09 UTC 2026","Sat Oct 10 02:35:09 UTC 2026","0","3 Team Techno - UCL","Technical Tests","Organization","GET /unified_commercial_logic/internal_api/api/organization - Retrieve Organization List","","GET /unified_commercial_logic/internal_api/api/organization - Retrieve Organization List",""
"failed","Sat Oct 10 02:35:32 UTC 2026","Sat Oct 10 02:35:32 UTC 2026","24","1 Team Hummingbird - BFF | EP app","Endpoint tests","Conversations","dynamic link conversation","","dynamic link conversation",""
"skipped","Sat Oct 10 02:34:07 UTC 2026","Sat Oct 10 02:34:07 UTC 2026","0","7. Team Pegasus | Pegasus Staging","Endpoints Tests","Shop Import & Onboarding Backend","/offers/categoryProperties","","/offers/categoryProperties",""
"failed","Sat Oct 10 02:35:09 UTC 2026","Sat Oct 10 02:35:09 UTC 2026","0","3 Team Techno - UCL","Technical Tests","Organization","GET /unified_commercial_logic/internal_api/api/organization - Retrieve Organization List","","GET /unified_commercial_logic/internal_api/api/organization - Retrieve Organization List",""
"failed","Sat Oct 10 02:36:38 UTC 2026","Sat Oct 10 02:36:38 UTC 2026","12","1.1 Team Hummingbird - BFF | WLW app","Technical Tests","search-controller","GET /public_api/search/ai/termRecommend","","GET /public_api/search/ai/termRecommend",""
"passed","Sat Oct 10 02:43:56 UTC 2026","Sat Oct 10 02:43:58 UTC 2026","1472","Dolphin","Technical","","","productTextSearchIllegalSortTest","AI product text search recall: illegal sort passthrough",""
"broken","Sat Oct 10 02:41:34 UTC 2026","Sat Oct 10 02:41:54 UTC 2026","20002","Dolphin","Technical","","","recallTopRankingScenarioTest","AI Search recall: wlw-staging.de cnc top-ranking scenario",""
"passed","Sat Oct 10 02:44:01 UTC 2026","Sat Oct 10 02:44:03 UTC 2026","1374","Dolphin","Technical","","","productTextSearchPageSizeCapTest","AI product text search recall: pageSize over max capped",""
"failed","Sat Oct 10 02:36:38 UTC 2026","Sat Oct 10 02:36:38 UTC 2026","12","1.1 Team Hummingbird - BFF | WLW app","Technical Tests","search-controller","GET /public_api/search/ai/termRecommend [NEG] Expired Token","","GET /public_api/search/ai/termRecommend [NEG] Expired Token",""
"skipped","Sat Oct 10 02:34:07 UTC 2026","Sat Oct 10 02:34:07 UTC 2026","0","7. Team Pegasus | Pegasus Staging","Endpoints Tests","Supplier Facts (CPP)","Supplier Facts","","Supplier Facts",""
"failed","Sat Oct 10 02:35:09 UTC 2026","Sat Oct 10 02:35:09 UTC 2026","0","3 Team Techno - UCL","Technical Tests","Membership","GET /unified_commercial_logic/internal_api/api/membership/{id} - Retrieve Membership fields By ID","","GET /unified_commercial_logic/internal_api/api/membership/{id} - Retrieve Membership fields By ID",""
"skipped","Sat Oct 10 02:34:07 UTC 2026","Sat Oct 10 02:34:07 UTC 2026","0","7. Team Pegasus | Pegasus Staging","Endpoints Tests","Visitors","Get Visits","","Get Visits",""
"passed","Sat Oct 10 02:36:27 UTC 2026","Sat Oct 10 02:36:27 UTC 2026","32","1.1 Team Hummingbird - BFF | WLW app","Technical Tests","login-controller","POST /public_api/auth/sso/login [NEG] Forbidden Role Token","","POST /public_api/auth/sso/login [NEG] Forbidden Role Token",""
"failed","Sat Oct 10 02:36:08 UTC 2026","Sat Oct 10 02:36:08 UTC 2026","138","1.1 Team Hummingbird - BFF | WLW app","Endpoint tests","Homepage, products","product recommendations FR","","product recommendations FR",""
"failed","Sat Oct 10 02:35:02 UTC 2026","Sat Oct 10 02:35:02 UTC 2026","0","3 Team Techno - UCL","Functional Tests","Endpoint Tests","SponsoredBrand","","get SPB by id",""
"failed","Sat Oct 10 02:35:06 UTC 2026","Sat Oct 10 02:35:06 UTC 2026","0","3 Team Techno - UCL","Technical Tests","SponsoredBrand","GET /unified_commercial_logic/internal_api/api/sponsored_brand_v1 - Retrieve SponsoredBrandV1 List","","GET /unified_commercial_logic/internal_api/api/sponsored_brand_v1 - Retrieve SponsoredBrandV1 List",""
"failed","Sat Oct 10 02:35:04 UTC 2026","Sat Oct 10 02:35:04 UTC 2026","0","3 Team Techno - UCL","Technical Tests","WebsiteLead","GET /unified_commercial_logic/internal_api/api/website_lead - Retrieve WebsiteLead List","","GET /unified_commercial_logic/internal_api/api/website_lead - Retrieve WebsiteLead List",""
"skipped","Sat Oct 10 02:34:07 UTC 2026","Sat Oct 10 02:34:07 UTC 2026","0","7. Team Pegasus | Pegasus Staging","Endpoints Tests","User & Company Context","UCL Organizations","","UCL Organizations",""
"passed","Sat Oct 10 02:44:14 UTC 2026","Sat Oct 10 02:44:14 UTC 2026","553","Dolphin","Functional","","","getproductRecommendByQueryOnCserpTest","getproductRecommendByQueryOnCserpTest",""
"skipped","Sat Oct 10 02:35:25 UTC 2026","Sat Oct 10 02:35:25 UTC 2026","0","1 Team Hummingbird - BFF | EP app","Technical Tests","(empty)","(empty)","","Technical Tests - empty",""
"failed","Sat Oct 10 02:36:33 UTC 2026","Sat Oct 10 02:36:33 UTC 2026","13","1.1 Team Hummingbird - BFF | WLW app","Technical Tests","purchaser-user-setting-controller","GET /userSetting","","GET /userSetting",""
"failed","Sat Oct 10 02:36:14 UTC 2026","Sat Oct 10 02:36:14 UTC 2026","14","1.1 Team Hummingbird - BFF | WLW app","Technical Tests","categories-controller","PUT /preferred/categories [NEG] Missing Auth/API-Key","","PUT /preferred/categories [NEG] Missing Auth/API-Key",""
"passed","Sat Oct 10 02:44:13 UTC 2026","Sat Oct 10 02:44:14 UTC 2026","647","Dolphin","Functional","","","getCategoryListEpTest","v-recommend category list -- ep",""
"passed","Sat Oct 10 02:36:28 UTC 2026","Sat Oct 10 02:36:28 UTC 2026","31","1.1 Team Hummingbird - BFF | WLW app","Technical Tests","login-controller","POST /public_api/auth/registration [NEG] Expired Token","","POST /public_api/auth/registration [NEG] Expired Token",""
"passed","Sat Oct 10 02:35:28 UTC 2026","Sat Oct 10 02:35:28 UTC 2026","168","1 Team Hummingbird - BFF | EP app","Endpoint tests","Company","search company products","","search company products",""
"failed","Sat Oct 10 02:36:13 UTC 2026","Sat Oct 10 02:36:13 UTC 2026","14","1.1 Team Hummingbird - BFF | WLW app","Technical Tests","ai-company-search-controller","GET /public_api/search/ai/company/stream/mock [NEG] Missing Auth/API-Key","","GET /public_api/search/ai/company/stream/mock [NEG] Missing Auth/API-Key",""
"passed","Sat Oct 10 02:44:11 UTC 2026","Sat Oct 10 02:44:12 UTC 2026","717","Dolphin","Technical","","","EPPCppProductRecommendTest","recommend products in CPP -- ep",""
"passed","Sat Oct 10 02:44:08 UTC 2026","Sat Oct 10 02:44:09 UTC 2026","809","Dolphin","Functional","","","productTextSearchTest","AI product text search recall API",""
"failed","Sat Oct 10 02:35:02 UTC 2026","Sat Oct 10 02:35:02 UTC 2026","0","3 Team Techno - UCL","Functional Tests","Endpoint Tests","GoogleAd","","get active googleAd for the given uuid",""
"passed","Sat Oct 10 02:36:24 UTC 2026","Sat Oct 10 02:36:24 UTC 2026","33","1.1 Team Hummingbird - BFF | WLW app","Technical Tests","euro-pages-controller","DELETE /public_api/euro-pages/auth/delete","","DELETE /public_api/euro-pages/auth/delete",""
"passed","Sat Oct 10 02:36:25 UTC 2026","Sat Oct 10 02:36:25 UTC 2026","35","1.1 Team Hummingbird - BFF | WLW app","Technical Tests","feedback-controller","POST /v1/feedback [NEG] Forbidden Role Token","","POST /v1/feedback [NEG] Forbidden Role Token",""
"passed","Sat Oct 10 02:34:30 UTC 2026","Sat Oct 10 02:34:30 UTC 2026","48","4. Team CRM |CRM Staging","Business Scenarios Tests","Cases","Smoke Test for Case Creation","","Smoke Test for Case Creation",""
"failed","Sat Oct 10 02:35:11 UTC 2026","Sat Oct 10 02:35:11 UTC 2026","0","3 Team Techno - UCL","Technical Tests","Membership","GET /unified_commercial_logic/internal_api/api/membership/ - Retrieve Membership List","","GET /unified_commercial_logic/internal_api/api/membership/ - Retrieve Membership List",""
"failed","Sat Oct 10 02:36:40 UTC 2026","Sat Oct 10 02:36:40 UTC 2026","11","1.1 Team Hummingbird - BFF | WLW app","Technical Tests","search-controller","GET /public_api/categories/recommendations","","GET /public_api/categories/recommendations",""
"passed","Sat Oct 10 02:36:29 UTC 2026","Sat Oct 10 02:36:29 UTC 2026","30","1.1 Team Hummingbird - BFF | WLW app","Technical Tests","login-controller","POST /public_api/auth/code/verify [NEG] Expired Token","","POST /public_api/auth/code/verify [NEG] Expired Token",""
"passed","Sat Oct 10 02:36:28 UTC 2026","Sat Oct 10 02:36:28 UTC 2026","14","1.1 Team Hummingbird - BFF | WLW app","Technical Tests","login-controller","POST /public_api/auth/registration [NEG] Missing Auth/API-Key","","POST /public_api/auth/registration [NEG] Missing Auth/API-Key",""
"failed","Sat Oct 10 02:36:37 UTC 2026","Sat Oct 10 02:36:37 UTC 2026","10","1.1 Team Hummingbird - BFF | WLW app","Technical Tests","search-controller","GET /public_api/suppliers/recommendations [NEG] Forbidden Role Token","","GET /public_api/suppliers/recommendations [NEG] Forbidden Role Token",""
"failed","Sat Oct 10 02:35:11 UTC 2026","Sat Oct 10 02:35:11 UTC 2026","0","3 Team Techno - UCL","Technical Tests","Membership","GET /unified_commercial_logic/internal_api/api/membership/ - Retrieve Membership List","","GET /unified_commercial_logic/internal_api/api/membership/ - Retrieve Membership List",""
"passed","Sat Oct 10 02:36:31 UTC 2026","Sat Oct 10 02:36:31 UTC 2026","30","1.1 Team Hummingbird - BFF | WLW app","Technical Tests","purchaser-support-controller","GET /support-master-data","","GET /support-master-data",""
"passed","Sat Oct 10 02:36:07 UTC 2026","Sat Oct 10 02:36:08 UTC 2026","1004","1.1 Team Hummingbird - BFF | WLW app","Endpoint tests","Search","Product Search DE","","Product Search DE",""
"passed","Sat Oct 10 02:36:19 UTC 2026","Sat Oct 10 02:36:19 UTC 2026","36","1.1 Team Hummingbird - BFF | WLW app","Technical Tests","conversation-controller","POST /public_api/conversation/userConversations/{conversationId}/messages/file/","","POST /public_api/conversation/userConversations/{conversationId}/messages/file/",""
"failed","Sat Oct 10 02:36:15 UTC 2026","Sat Oct 10 02:36:15 UTC 2026","13","1.1 Team Hummingbird - BFF | WLW app","Technical Tests","company-controller","GET /public_api/company [NEG] Expired Token","","GET /public_api/company [NEG] Expired Token",""
"failed","Sat Oct 10 02:34:27 UTC 2026","Sat Oct 10 02:34:27 UTC 2026","95","4. Team CRM |CRM Staging","Business Scenarios Tests","Account","Dunning level 1","","Dunning level 1",""
"passed","Sat Oct 10 02:44:04 UTC 2026","Sat Oct 10 02:44:05 UTC 2026","1149","Dolphin","Functional","","","productTextSearchPaidSupplierFilterTest","AI product text search recall: paid/verified supplier filter",""
"failed","Sat Oct 10 02:36:41 UTC 2026","Sat Oct 10 02:36:41 UTC 2026","12","1.1 Team Hummingbird - BFF | WLW app","Technical Tests","search-term-controller","POST /public_api/search/track [NEG] Expired Token","","POST /public_api/search/track [NEG] Expired Token",""
"failed","Sat Oct 10 02:36:22 UTC 2026","Sat Oct 10 02:36:22 UTC 2026","12","1.1 Team Hummingbird - BFF | WLW app","Technical Tests","conversation-controller","GET /public_api/conversation/userConversations/{conversationId}/file [NEG] Missing Auth/API-Key","","GET /public_api/conversation/userConversations/{conversationId}/file [NEG] Missing Auth/API-Key",""
"failed","Sat Oct 10 02:35:10 UTC 2026","Sat Oct 10 02:35:10 UTC 2026","0","3 Team Techno - UCL","Technical Tests","Membership","GET /unified_commercial_logic/internal_api/api/membership/ - Retrieve Membership List","","GET /unified_commercial_logic/internal_api/api/membership/ - Retrieve Membership List",""
"failed","Sat Oct 10 02:34:37 UTC 2026","Sat Oct 10 02:34:37 UTC 2026","54","2 Team Dragon - BFF | RFQ Backend","Technical Tests","(root)","GET /v1/rfqs/attachments/{attachmentId} - Download + Cache + Perf","","GET /v1/rfqs/attachments/{attachmentId} - Download + Cache + Perf",""
"failed","Sat Oct 10 02:36:34 UTC 2026","Sat Oct 10 02:36:34 UTC 2026","15","1.1 Team Hummingbird - BFF | WLW app","Technical Tests","push-notification-by-email-controller","GET /v1/pushNotification [SEC] Injection Probe","","GET /v1/pushNotification [SEC] Injection Probe",""
"passed","Sat Oct 10 02:36:40 UTC 2026","Sat Oct 10 02:36:40 UTC 2026","16","1.1 Team Hummingbird - BFF | WLW app","Technical Tests","search-term-controller","PUT /public_api/search/notification-opened [NEG] Missing Auth/API-Key","","PUT /public_api/search/notification-opened [NEG] Missing Auth/API-Key",""
"passed","Sat Oct 10 02:36:27 UTC 2026","Sat Oct 10 02:36:27 UTC 2026","31","1.1 Team Hummingbird - BFF | WLW app","Technical Tests","login-controller","POST /public_api/auth/session/extend [NEG] Expired Token","","POST /public_api/auth/session/extend [NEG] Expired Token",""
"passed","Sat Oct 10 02:36:07 UTC 2026","Sat Oct 10 02:36:08 UTC 2026","504","1.1 Team Hummingbird - BFF | WLW app","Endpoint tests","Search","search companies FR","","search companies FR",""
"passed","Sat Oct 10 02:36:25 UTC 2026","Sat Oct 10 02:36:25 UTC 2026","30","1.1 Team Hummingbird - BFF | WLW app","Technical Tests","feedback-controller","GET /feedback/subject [NEG] Expired Token","","GET /feedback/subject [NEG] Expired Token",""
"passed","Sat Oct 10 02:35:28 UTC 2026","Sat Oct 10 02:35:29 UTC 2026","191","1 Team Hummingbird - BFF | EP app","Endpoint tests","Company","branchIO dynamic link, share PDP","","branchIO dynamic link, share PDP",""
"passed","Sat Oct 10 02:44:14 UTC 2026","Sat Oct 10 02:44:14 UTC 2026","51","Dolphin","Technical","","","getCategoryListWlwWithPreferredSuperCategoryIdsTest","v-recommend category list -- wlw, with preferredSuperCategoryIds",""
"passed","Sat Oct 10 02:34:38 UTC 2026","Sat Oct 10 02:34:38 UTC 2026","16","2 Team Dragon - BFF | RFQ Backend","Technical Tests","(root)","GET /v1/categories - CPV list (schema + contract)","","GET /v1/categories - CPV list (schema + contract)",""
"passed","Sat Oct 10 02:36:16 UTC 2026","Sat Oct 10 02:36:16 UTC 2026","30","1.1 Team Hummingbird - BFF | WLW app","Technical Tests","company-controller","GET /public_api/company/{id} [NEG] Forbidden Role Token","","GET /public_api/company/{id} [NEG] Forbidden Role Token",""
"failed","Sat Oct 10 02:34:37 UTC 2026","Sat Oct 10 02:34:37 UTC 2026","16","2 Team Dragon - BFF | RFQ Backend","Technical Tests","(root)","POST /v1/rfqs/{rfqId}/respond - Multipart Upload + Schema + Security","","POST /v1/rfqs/{rfqId}/respond - Multipart Upload + Schema + Security",""
"skipped","Sat Oct 10 02:34:07 UTC 2026","Sat Oct 10 02:34:07 UTC 2026","0","7. Team Pegasus | Pegasus Staging","Endpoints Tests","Shop Import & Onboarding Backend","/offers/count - get count","","/offers/count - get count",""
"failed","Sat Oct 10 02:36:04 UTC 2026","Sat Oct 10 02:36:04 UTC 2026","47","1.1 Team Hummingbird - BFF | WLW app","Endpoint tests","User settings","user setting","","user setting",""
"failed","Sat Oct 10 02:35:32 UTC 2026","Sat Oct 10 02:35:32 UTC 2026","57","1 Team Hummingbird - BFF | EP app","Endpoint tests","Visitor profiler","Visits","","Visits",""
"failed","Sat Oct 10 02:36:36 UTC 2026","Sat Oct 10 02:36:36 UTC 2026","10","1.1 Team Hummingbird - BFF | WLW app","Technical Tests","search-controller","GET /public_api/suppliers/recommendations [NEG] Missing Auth/API-Key","","GET /public_api/suppliers/recommendations [NEG] Missing Auth/API-Key",""
"failed","Sat Oct 10 02:36:09 UTC 2026","Sat Oct 10 02:36:09 UTC 2026","71","1.1 Team Hummingbird - BFF | WLW app","Endpoint tests","Conversations","user conversations to decline request","","user conversations to decline request",""
"skipped","Sat Oct 10 02:34:07 UTC 2026","Sat Oct 10 02:34:07 UTC 2026","0","7. Team Pegasus | Pegasus Staging","Business Scenarios Tests","Supplier Registration","EP - Lead create and update","","leads/{lead_id} - Update a lead",""
"passed","Sat Oct 10 02:34:36 UTC 2026","Sat Oct 10 02:34:36 UTC 2026","310","2 Team Dragon - BFF | RFQ Backend","Functional Tests","(root)","GET /v1/user - Success","","GET /v1/user - Success",""
"failed","Sat Oct 10 02:36:13 UTC 2026","Sat Oct 10 02:36:13 UTC 2026","12","1.1 Team Hummingbird - BFF | WLW app","Technical Tests","ai-company-search-controller","GET /public_api/search/ai/company/stream/mock","","GET /public_api/search/ai/company/stream/mock",""
"failed","Sat Oct 10 02:36:10 UTC 2026","Sat Oct 10 02:36:10 UTC 2026","41","1.1 Team Hummingbird - BFF | WLW app","Endpoint tests","Conversations","unread count","","unread count",""
"skipped","Sat Oct 10 02:36:03 UTC 2026","Sat Oct 10 02:36:03 UTC 2026","0","1.1 Team Hummingbird - BFF | WLW app","Business Scenario Tests","(empty)","(empty)","","Business Scenario Tests - empty",""
"passed","Sat Oct 10 02:34:28 UTC 2026","Sat Oct 10 02:34:28 UTC 2026","68","4. Team CRM |CRM Staging","Business Scenarios Tests","Account","Smoke test : Account + Contact + SAP","","Smoke test : Account + Contact + SAP",""
"passed","Sat Oct 10 02:36:34 UTC 2026","Sat Oct 10 02:36:34 UTC 2026","28","1.1 Team Hummingbird - BFF | WLW app","Technical Tests","purchaser-user-setting-controller","POST /userSetting [NEG] Forbidden Role Token","","POST /userSetting [NEG] Forbidden Role Token",""
"passed","Sat Oct 10 02:36:03 UTC 2026","Sat Oct 10 02:36:03 UTC 2026","91","1.1 Team Hummingbird - BFF | WLW app","Endpoint tests","Login","forgot password","","forgot password",""
"passed","Sat Oct 10 02:36:45 UTC 2026","Sat Oct 10 02:36:45 UTC 2026","33","1.1 Team Hummingbird - BFF | WLW app","Technical Tests","user-controller","PUT /public_api/user/userInfo [NEG] Expired Token","","PUT /public_api/user/userInfo [NEG] Expired Token",""
"failed","Sat Oct 10 02:36:41 UTC 2026","Sat Oct 10 02:36:41 UTC 2026","11","1.1 Team Hummingbird - BFF | WLW app","Technical Tests","supplier-visitors-controller","GET /public_api/suppliers/{supplier_id}/visits [NEG] Forbidden Role Token","","GET /public_api/suppliers/{supplier_id}/visits [NEG] Forbidden Role Token",""
"broken","Sat Oct 10 02:35:12 UTC 2026","Sat Oct 10 02:35:32 UTC 2026","20024","Dolphin","Technical","","","inferenceTest","AI Search inference API (SSE stream)",""
"failed","Sat Oct 10 02:36:32 UTC 2026","Sat Oct 10 02:36:32 UTC 2026","11","1.1 Team Hummingbird - BFF | WLW app","Technical Tests","purchaser-support-controller","GET /support-faq [NEG] Expired Token","","GET /support-faq [NEG] Expired Token",""
"passed","Sat Oct 10 02:36:35 UTC 2026","Sat Oct 10 02:36:35 UTC 2026","35","1.1 Team Hummingbird - BFF | WLW app","Technical Tests","rfq-controller","POST /public_api/connect/purchaser/tenders [NEG] Missing Auth/API-Key","","POST /public_api/connect/purchaser/tenders [NEG] Missing Auth/API-Key",""
"passed","Sat Oct 10 02:35:28 UTC 2026","Sat Oct 10 02:35:29 UTC 2026","210","1 Team Hummingbird - BFF | EP app","Endpoint tests","Company","branchIO dynamic link, share CPP","","branchIO dynamic link, share CPP",""
"failed","Sat Oct 10 02:36:39 UTC 2026","Sat Oct 10 02:36:39 UTC 2026","11","1.1 Team Hummingbird - BFF | WLW app","Technical Tests","search-controller","GET /public_api/search/ai/termRecommend [SEC] Injection Probe","","GET /public_api/search/ai/termRecommend [SEC] Injection Probe",""
"passed","Sat Oct 10 02:36:19 UTC 2026","Sat Oct 10 02:36:19 UTC 2026","29","1.1 Team Hummingbird - BFF | WLW app","Technical Tests","conversation-controller","POST /public_api/conversation/userConversations/{conversationId}/messages/file/ [NEG] Forbidden Role Token","","POST /public_api/conversation/userConversations/{conversationId}/messages/file/ [NEG] Forbidden Role Token",""
"failed","Sat Oct 10 02:35:01 UTC 2026","Sat Oct 10 02:35:01 UTC 2026","0","3 Team Techno - UCL","Functional Tests","Endpoint Tests","TopRanking","","get TR with the given existing id",""
"passed","Sat Oct 10 02:44:10 UTC 2026","Sat Oct 10 02:44:10 UTC 2026","158","Dolphin","Technical","","","EPHomepageProductRecommendTest","homepage product recommend -- ep",""
"passed","Sat Oct 10 02:36:24 UTC 2026","Sat Oct 10 02:36:24 UTC 2026","36","1.1 Team Hummingbird - BFF | WLW app","Technical Tests","euro-pages-controller","PUT /public_api/euro-pages/auth/delete [NEG] Expired Token","","PUT /public_api/euro-pages/auth/delete [NEG] Expired Token",""
"skipped","Sat Oct 10 02:34:07 UTC 2026","Sat Oct 10 02:34:07 UTC 2026","0","7. Team Pegasus | Pegasus Staging","Business Scenarios Tests","Business Insights","Dashboard smoke flow","","Set User Activity",""
"passed","Sat Oct 10 02:35:18 UTC 2026","Sat Oct 10 02:35:19 UTC 2026","549","Arise","Technical","","","getAllElementsByUrlTest","getAllElementsByUrlTest",""
"failed","Sat Oct 10 02:36:31 UTC 2026","Sat Oct 10 02:36:31 UTC 2026","10","1.1 Team Hummingbird - BFF | WLW app","Technical Tests","product-controller","GET /public_api/companies/{supplierPublicId}/products [NEG] Forbidden Role Token","","GET /public_api/companies/{supplierPublicId}/products [NEG] Forbidden Role Token",""
"failed","Sat Oct 10 02:34:37 UTC 2026","Sat Oct 10 02:34:37 UTC 2026","16","2 Team Dragon - BFF | RFQ Backend","Technical Tests","(root)","POST /v1/rfqs/{rfqId}/respond - Multipart Upload + Schema + Security","","POST /v1/rfqs/{rfqId}/respond - Multipart Upload + Schema + Security",""
"passed","Sat Oct 10 02:36:20 UTC 2026","Sat Oct 10 02:36:20 UTC 2026","29","1.1 Team Hummingbird - BFF | WLW app","Technical Tests","conversation-controller","POST /public_api/conversation/userConversations/{conversationId}/messages/file [NEG] Missing Auth/API-Key","","POST /public_api/conversation/userConversations/{conversationId}/messages/file [NEG] Missing Auth/API-Key",""
"failed","Sat Oct 10 02:35:08 UTC 2026","Sat Oct 10 02:35:08 UTC 2026","0","3 Team Techno - UCL","Technical Tests","Organization","GET /unified_commercial_logic/internal_api/api/organization/{id} - Retrieve Organization By ID","","GET /unified_commercial_logic/internal_api/api/organization/{id} - Retrieve Organization By ID",""
"passed","Sat Oct 10 02:44:14 UTC 2026","Sat Oct 10 02:44:15 UTC 2026","88","Dolphin","Technical","","","homepageProductRecommendTest","homepage product recommend -- wlw",""
"failed","Sat Oct 10 02:35:05 UTC 2026","Sat Oct 10 02:35:05 UTC 2026","0","3 Team Techno - UCL","Technical Tests","TopRanking","GET /unified_commercial_logic/internal_api/api/top_ranking_v1/ - Retrieve TopRankingV1 List","","GET /unified_commercial_logic/internal_api/api/top_ranking_v1/ - Retrieve TopRankingV1 List",""
"failed","Sat Oct 10 02:35:08 UTC 2026","Sat Oct 10 02:35:08 UTC 2026","0","3 Team Techno - UCL","Technical Tests","Organization","GET /unified_commercial_logic/internal_api/api/organization/{id} - Retrieve Organization By ID","","GET /unified_commercial_logic/internal_api/api/organization/{id} - Retrieve Organization By ID",""
"failed","Sat Oct 10 02:35:05 UTC 2026","Sat Oct 10 02:35:05 UTC 2026","0","3 Team Techno - UCL","Technical Tests","SponsoredBrand","GET /unified_commercial_logic/internal_api/api/sponsored_brand_v1/{id} - Retrieve SponsoredBrandV1 By ID","","GET /unified_commercial_logic/internal_api/api/sponsored_brand_v1/{id} - Retrieve SponsoredBrandV1 By ID",""
"passed","Sat Oct 10 02:44:14 UTC 2026","Sat Oct 10 02:44:14 UTC 2026","103","Dolphin","Functional","","","getProductsByCategoryTest","popular in category -- getProductsByCategory",""
"failed","Sat Oct 10 02:35:11 UTC 2026","Sat Oct 10 02:35:11 UTC 2026","0","3 Team Techno - UCL","Technical Tests","Membership","GET /unified_commercial_logic/internal_api/api/membership - Retrieve Membership List","","GET /unified_commercial_logic/internal_api/api/membership - Retrieve Membership List",""
"passed","Sat Oct 10 02:35:28 UTC 2026","Sat Oct 10 02:35:28 UTC 2026","230","1 Team Hummingbird - BFF | EP app","Endpoint tests","Company","Companies / products FR","","Companies / products FR",""
"broken","Sat Oct 10 02:43:35 UTC 2026","Sat Oct 10 02:43:55 UTC 2026","20022","Dolphin","Technical","","","productInferenceTest","AI product search inference stream API",""
"failed","Sat Oct 10 02:36:37 UTC 2026","Sat Oct 10 02:36:37 UTC 2026","13","1.1 Team Hummingbird - BFF | WLW app","Technical Tests","search-controller","GET /public_api/search/products","","GET /public_api/search/products",""
"failed","Sat Oct 10 02:36:35 UTC 2026","Sat Oct 10 02:36:35 UTC 2026","13","1.1 Team Hummingbird - BFF | WLW app","Technical Tests","push-notification-by-email-controller","PUT /v1/pushNotification","","PUT /v1/pushNotification",""
"failed","Sat Oct 10 02:36:42 UTC 2026","Sat Oct 10 02:36:42 UTC 2026","10","1.1 Team Hummingbird - BFF | WLW app","Technical Tests","supplier-visitors-controller","GET /public_api/suppliers/{supplier_id}/visits/csv [NEG] Missing Auth/API-Key","","GET /public_api/suppliers/{supplier_id}/visits/csv [NEG] Missing Auth/API-Key",""
"passed","Sat Oct 10 02:35:29 UTC 2026","Sat Oct 10 02:35:29 UTC 2026","67","1 Team Hummingbird - BFF | EP app","Endpoint tests","Search","search autoComplete FR","","search autoComplete FR",""
"broken","Sat Oct 10 02:37:13 UTC 2026","Sat Oct 10 02:37:33 UTC 2026","20023","Dolphin","Functional","","","recallCountryFilterTest","AI Search recall: country filter DE",""
"failed","Sat Oct 10 02:36:32 UTC 2026","Sat Oct 10 02:36:32 UTC 2026","11","1.1 Team Hummingbird - BFF | WLW app","Technical Tests","purchaser-support-controller","GET /support-faq","","GET /support-faq",""
"passed","Sat Oct 10 02:36:08 UTC 2026","Sat Oct 10 02:36:08 UTC 2026","212","1.1 Team Hummingbird - BFF | WLW app","Endpoint tests","Homepage, products","trending products","","trending products",""
"passed","Sat Oct 10 02:36:17 UTC 2026","Sat Oct 10 02:36:17 UTC 2026","26","1.1 Team Hummingbird - BFF | WLW app","Technical Tests","conversation-controller","PUT /public_api/conversation/userConversations/{conversationId}/tag [NEG] Missing Auth/API-Key","","PUT /public_api/conversation/userConversations/{conversationId}/tag [NEG] Missing Auth/API-Key",""
"failed","Sat Oct 10 02:35:32 UTC 2026","Sat Oct 10 02:35:32 UTC 2026","67","1 Team Hummingbird - BFF | EP app","Endpoint tests","Visitor profiler","csv get","","csv get",""
"passed","Sat Oct 10 02:36:39 UTC 2026","Sat Oct 10 02:36:39 UTC 2026","31","1.1 Team Hummingbird - BFF | WLW app","Technical Tests","search-controller","GET /public_api/search/ai/tabChange","","GET /public_api/search/ai/tabChange",""
"failed","Sat Oct 10 02:34:28 UTC 2026","Sat Oct 10 02:34:28 UTC 2026","89","4. Team CRM |CRM Staging","Business Scenarios Tests","Feedback","Trigger Feedback","","Trigger Feedback",""
"failed","Sat Oct 10 02:34:30 UTC 2026","Sat Oct 10 02:34:30 UTC 2026","39","4. Team CRM |CRM Staging","Business Scenarios Tests","Products","Update Product","","Update Product",""
"failed","Sat Oct 10 02:36:15 UTC 2026","Sat Oct 10 02:36:15 UTC 2026","14","1.1 Team Hummingbird - BFF | WLW app","Technical Tests","company-controller","GET /public_api/company","","GET /public_api/company",""
"passed","Sat Oct 10 02:34:27 UTC 2026","Sat Oct 10 02:34:27 UTC 2026","86","4. Team CRM |CRM Staging","Business Scenarios Tests","Account","Account for Contact","","Account for Contact",""
"passed","Sat Oct 10 02:36:42 UTC 2026","Sat Oct 10 02:36:42 UTC 2026","18","1.1 Team Hummingbird - BFF | WLW app","Technical Tests","supplier-visitors-controller","GET /public_api/suppliers/{supplier_id}/visits/{id} [NEG] Missing Auth/API-Key","","GET /public_api/suppliers/{supplier_id}/visits/{id} [NEG] Missing Auth/API-Key",""
"passed","Sat Oct 10 02:36:26 UTC 2026","Sat Oct 10 02:36:26 UTC 2026","36","1.1 Team Hummingbird - BFF | WLW app","Technical Tests","help-and-support-controller","POST /help [NEG] Missing Auth/API-Key","","POST /help [NEG] Missing Auth/API-Key",""
"passed","Sat Oct 10 02:34:32 UTC 2026","Sat Oct 10 02:34:32 UTC 2026","49","4. Team CRM |CRM Staging","Endpoints Tests","(root)","Create platform profile","","Create platform profile",""
"skipped","Sat Oct 10 02:34:07 UTC 2026","Sat Oct 10 02:34:07 UTC 2026","0","7. Team Pegasus | Pegasus Staging","Business Scenarios Tests","Supplier Registration","EP - Lead create and update","","leads - Create a lead",""
"failed","Sat Oct 10 02:34:28 UTC 2026","Sat Oct 10 02:34:28 UTC 2026","87","4. Team CRM |CRM Staging","Business Scenarios Tests","Account","Create Account","","Create Account",""
"passed","Sat Oct 10 02:36:16 UTC 2026","Sat Oct 10 02:36:16 UTC 2026","19","1.1 Team Hummingbird - BFF | WLW app","Technical Tests","contact-form-controller","POST /public_api/contact-form/messages [NEG] Missing Auth/API-Key","","POST /public_api/contact-form/messages [NEG] Missing Auth/API-Key",""
"failed","Sat Oct 10 02:36:30 UTC 2026","Sat Oct 10 02:36:30 UTC 2026","15","1.1 Team Hummingbird - BFF | WLW app","Technical Tests","product-controller","GET /public_api/products [NEG] Forbidden Role Token","","GET /public_api/products [NEG] Forbidden Role Token",""
"passed","Sat Oct 10 02:36:19 UTC 2026","Sat Oct 10 02:36:19 UTC 2026","36","1.1 Team Hummingbird - BFF | WLW app","Technical Tests","conversation-controller","POST /public_api/conversation/userConversations/{conversationId}/messages/file","","POST /public_api/conversation/userConversations/{conversationId}/messages/file",""
"passed","Sat Oct 10 02:36:16 UTC 2026","Sat Oct 10 02:36:16 UTC 2026","31","1.1 Team Hummingbird - BFF | WLW app","Technical Tests","contact-form-controller","POST /public_api/contact-form/messages [NEG] Forbidden Role Token","","POST /public_api/contact-form/messages [NEG] Forbidden Role Token",""
"passed","Sat Oct 10 02:36:27 UTC 2026","Sat Oct 10 02:36:27 UTC 2026","29","1.1 Team Hummingbird - BFF | WLW app","Technical Tests","login-controller","POST /public_api/auth/sso/login [NEG] Expired Token","","POST /public_api/auth/sso/login [NEG] Expired Token",""
"passed","Sat Oct 10 02:36:22 UTC 2026","Sat Oct 10 02:36:22 UTC 2026","34","1.1 Team Hummingbird - BFF | WLW app","Technical Tests","conversation-controller","GET /public_api/conversation/userConversations/{conversationId} [SEC] Injection Probe","","GET /public_api/conversation/userConversations/{conversationId} [SEC] Injection Probe",""
"skipped","Sat Oct 10 02:34:07 UTC 2026","Sat Oct 10 02:34:07 UTC 2026","0","7. Team Pegasus | Pegasus Staging","Endpoints Tests","Shop Import & Onboarding Backend","/offers/searchCategories","","/offers/searchCategories",""
"failed","Sat Oct 10 02:35:03 UTC 2026","Sat Oct 10 02:35:03 UTC 2026","0","3 Team Techno - UCL","Technical Tests","WebsiteLead","GET /unified_commercial_logic/internal_api/api/website_lead/{id} - Retrieve WebsiteLead By ID","","GET /unified_commercial_logic/internal_api/api/website_lead/{id} - Retrieve WebsiteLead By ID",""
"failed","Sat Oct 10 02:35:07 UTC 2026","Sat Oct 10 02:35:07 UTC 2026","0","3 Team Techno - UCL","Technical Tests","Retargeting","GET /unified_commercial_logic/internal_api/api/retargeting/ - Retrieve Retargeting List","","GET /unified_commercial_logic/internal_api/api/retargeting/ - Retrieve Retargeting List",""
"skipped","Sat Oct 10 02:34:07 UTC 2026","Sat Oct 10 02:34:07 UTC 2026","0","7. Team Pegasus | Pegasus Staging","Spike | Profiles link user to company","(root)","02 POST — Create company (Supplier Facts)","","02 POST — Create company (Supplier Facts)",""
"passed","Sat Oct 10 02:34:30 UTC 2026","Sat Oct 10 02:34:30 UTC 2026","53","4. Team CRM |CRM Staging","Endpoints Tests","Accounts","Get Account Information","","Get Account Information",""
"failed","Sat Oct 10 02:34:27 UTC 2026","Sat Oct 10 02:34:27 UTC 2026","85","4. Team CRM |CRM Staging","Business Scenarios Tests","Account","wlw salesorderitems link","","wlw salesorderitems link",""
"passed","Sat Oct 10 02:36:11 UTC 2026","Sat Oct 10 02:36:11 UTC 2026","35","1.1 Team Hummingbird - BFF | WLW app","Technical Tests","ab-test-record-controller","POST /public_api/abtest/record [NEG] Forbidden Role Token","","POST /public_api/abtest/record [NEG] Forbidden Role Token",""
"skipped","Sat Oct 10 02:34:07 UTC 2026","Sat Oct 10 02:34:07 UTC 2026","0","7. Team Pegasus | Pegasus Staging","Spike | Profiles link user to company","(root)","07 GET — Verify profile after PATCH","","07 GET — Verify profile after PATCH",""
"failed","Sat Oct 10 02:35:03 UTC 2026","Sat Oct 10 02:35:03 UTC 2026","0","3 Team Techno - UCL","Technical Tests","WebsiteLead","GET /unified_commercial_logic/internal_api/api/website_lead/{id} - Retrieve WebsiteLead By ID","","GET /unified_commercial_logic/internal_api/api/website_lead/{id} - Retrieve WebsiteLead By ID",""
"failed","Sat Oct 10 02:35:11 UTC 2026","Sat Oct 10 02:35:11 UTC 2026","0","3 Team Techno - UCL","Technical Tests","GoogleAd","GET /unified_commercial_logic/internal_api/api/google_ad/{id} - Retrieve GoogleAd By ID","","GET /unified_commercial_logic/internal_api/api/google_ad/{id} - Retrieve GoogleAd By ID",""
"passed","Sat Oct 10 02:36:16 UTC 2026","Sat Oct 10 02:36:16 UTC 2026","35","1.1 Team Hummingbird - BFF | WLW app","Technical Tests","company-controller","GET /public_api/company/{id}","","GET /public_api/company/{id}",""
"passed","Sat Oct 10 02:34:38 UTC 2026","Sat Oct 10 02:34:38 UTC 2026","16","2 Team Dragon - BFF | RFQ Backend","Technical Tests","(root)","GET /v1/categories - CPV list (schema + contract)","","GET /v1/categories - CPV list (schema + contract)",""
"passed","Sat Oct 10 02:36:08 UTC 2026","Sat Oct 10 02:36:08 UTC 2026","20","1.1 Team Hummingbird - BFF | WLW app","Endpoint tests","Homepage, products","categories/homepage","","categories/homepage",""
"broken","Sat Oct 10 02:36:53 UTC 2026","Sat Oct 10 02:37:13 UTC 2026","20021","Dolphin","Technical","","","recallBlankQueryTest","AI Search recall: blank query and imageUrl → business failure",""
"skipped","Sat Oct 10 02:34:07 UTC 2026","Sat Oct 10 02:34:07 UTC 2026","0","7. Team Pegasus | Pegasus Staging","Spike | Profiles link user to company","(root)","06 PATCH — Link company to profile","","06 PATCH — Link company to profile",""
"failed","Sat Oct 10 02:34:27 UTC 2026","Sat Oct 10 02:34:27 UTC 2026","83","4. Team CRM |CRM Staging","Business Scenarios Tests","Account","Update Account","","Update Account",""
"passed","Sat Oct 10 02:36:29 UTC 2026","Sat Oct 10 02:36:29 UTC 2026","31","1.1 Team Hummingbird - BFF | WLW app","Technical Tests","login-controller","POST /public_api/auth/code/verify [NEG] Forbidden Role Token","","POST /public_api/auth/code/verify [NEG] Forbidden Role Token",""
"passed","Sat Oct 10 02:36:35 UTC 2026","Sat Oct 10 02:36:35 UTC 2026","69","1.1 Team Hummingbird - BFF | WLW app","Technical Tests","rfq-controller","POST /public_api/connect/purchaser/tenders [NEG] Expired Token","","POST /public_api/connect/purchaser/tenders [NEG] Expired Token",""
"failed","Sat Oct 10 02:36:23 UTC 2026","Sat Oct 10 02:36:23 UTC 2026","12","1.1 Team Hummingbird - BFF | WLW app","Technical Tests","conversation-controller","GET /public_api/conversation/userConversations/{conversationId}/file/ [NEG] Forbidden Role Token","","GET /public_api/conversation/userConversations/{conversationId}/file/ [NEG] Forbidden Role Token",""
"passed","Sat Oct 10 02:36:29 UTC 2026","Sat Oct 10 02:36:29 UTC 2026","19","1.1 Team Hummingbird - BFF | WLW app","Technical Tests","login-controller","POST /public_api/auth/code/verify [NEG] Missing Auth/API-Key","","POST /public_api/auth/code/verify [NEG] Missing Auth/API-Key",""
"broken","Sat Oct 10 02:36:12 UTC 2026","Sat Oct 10 02:36:33 UTC 2026","20024","Dolphin","Functional","","","pvMatchTest","AI Search PV match (supplierAiMatch) API",""
"passed","Sat Oct 10 02:34:30 UTC 2026","Sat Oct 10 02:34:31 UTC 2026","52","4. Team CRM |CRM Staging","Endpoints Tests","(root)","duplicate records","","duplicate records",""
"passed","Sat Oct 10 02:36:08 UTC 2026","Sat Oct 10 02:36:08 UTC 2026","28","1.1 Team Hummingbird - BFF | WLW app","Endpoint tests","Homepage, products","preferred categories","","preferred categories",""
"passed","Sat Oct 10 02:36:19 UTC 2026","Sat Oct 10 02:36:19 UTC 2026","36","1.1 Team Hummingbird - BFF | WLW app","Technical Tests","conversation-controller","POST /public_api/conversation/userConversations/{conversationId}/messages/{messageId}/translate [NEG] Expired Token","","POST /public_api/conversation/userConversations/{conversationId}/messages/{messageId}/translate [NEG] Expired Token",""
"passed","Sat Oct 10 02:44:07 UTC 2026","Sat Oct 10 02:44:07 UTC 2026","664","Dolphin","Technical","","","productTextSearchSortTest","AI product text search recall: alternate sort",""
"failed","Sat Oct 10 02:36:30 UTC 2026","Sat Oct 10 02:36:30 UTC 2026","13","1.1 Team Hummingbird - BFF | WLW app","Technical Tests","product-controller","GET /public_api/products [SEC] Injection Probe","","GET /public_api/products [SEC] Injection Probe",""
"failed","Sat Oct 10 02:35:01 UTC 2026","Sat Oct 10 02:35:01 UTC 2026","0","3 Team Techno - UCL","Functional Tests","Endpoint Tests","WebsiteLead","","get all active on wlw for given existing uuid",""
"passed","Sat Oct 10 02:36:27 UTC 2026","Sat Oct 10 02:36:27 UTC 2026","35","1.1 Team Hummingbird - BFF | WLW app","Technical Tests","login-controller","POST /public_api/auth/resetPassword [NEG] Expired Token","","POST /public_api/auth/resetPassword [NEG] Expired Token",""
"failed","Sat Oct 10 02:36:31 UTC 2026","Sat Oct 10 02:36:31 UTC 2026","11","1.1 Team Hummingbird - BFF | WLW app","Technical Tests","product-controller","GET /public_api/companies/{supplierPublicId}/products [NEG] Expired Token","","GET /public_api/companies/{supplierPublicId}/products [NEG] Expired Token",""
"passed","Sat Oct 10 02:36:33 UTC 2026","Sat Oct 10 02:36:33 UTC 2026","17","1.1 Team Hummingbird - BFF | WLW app","Technical Tests","purchaser-user-setting-controller","POST /userSetting/ [NEG] Missing Auth/API-Key","","POST /userSetting/ [NEG] Missing Auth/API-Key",""
"passed","Sat Oct 10 02:36:12 UTC 2026","Sat Oct 10 02:36:12 UTC 2026","52","1.1 Team Hummingbird - BFF | WLW app","Technical Tests","ai-company-search-controller","POST /public_api/search/ai/supplier/pv-match [NEG] Missing Auth/API-Key","","POST /public_api/search/ai/supplier/pv-match [NEG] Missing Auth/API-Key",""
"skipped","Sat Oct 10 02:34:07 UTC 2026","Sat Oct 10 02:34:07 UTC 2026","0","7. Team Pegasus | Pegasus Staging","Endpoints Tests","User & Company Context","User Profile Storage by email","","User Profile Storage by email",""
"failed","Sat Oct 10 02:36:37 UTC 2026","Sat Oct 10 02:36:37 UTC 2026","12","1.1 Team Hummingbird - BFF | WLW app","Technical Tests","search-controller","GET /public_api/search/products [NEG] Expired Token","","GET /public_api/search/products [NEG] Expired Token",""
"passed","Sat Oct 10 02:35:26 UTC 2026","Sat Oct 10 02:35:26 UTC 2026","20","1 Team Hummingbird - BFF | EP app","Endpoint tests","User settings","push-notification-by-email-controller","","push-notification-by-email-controller",""
"passed","Sat Oct 10 02:34:27 UTC 2026","Sat Oct 10 02:34:27 UTC 2026","74","4. Team CRM |CRM Staging","Business Scenarios Tests","Account","Verify HubSpot Sync","","Verify HubSpot Sync",""
"failed","Sat Oct 10 02:35:26 UTC 2026","Sat Oct 10 02:35:26 UTC 2026","50","1 Team Hummingbird - BFF | EP app","Endpoint tests","Login","resend code","","resend code",""
"passed","Sat Oct 10 02:36:39 UTC 2026","Sat Oct 10 02:36:39 UTC 2026","28","1.1 Team Hummingbird - BFF | WLW app","Technical Tests","search-controller","GET /public_api/search/ai/tabChange [NEG] Expired Token","","GET /public_api/search/ai/tabChange [NEG] Expired Token",""
"failed","Sat Oct 10 02:36:22 UTC 2026","Sat Oct 10 02:36:22 UTC 2026","12","1.1 Team Hummingbird - BFF | WLW app","Technical Tests","conversation-controller","GET /public_api/conversation/userConversations/{conversationId}/file [SEC] Injection Probe","","GET /public_api/conversation/userConversations/{conversationId}/file [SEC] Injection Probe",""
"failed","Sat Oct 10 02:36:39 UTC 2026","Sat Oct 10 02:36:39 UTC 2026","14","1.1 Team Hummingbird - BFF | WLW app","Technical Tests","search-controller","GET /public_api/products/recommendations [NEG] Missing Auth/API-Key","","GET /public_api/products/recommendations [NEG] Missing Auth/API-Key",""
"failed","Sat Oct 10 02:36:12 UTC 2026","Sat Oct 10 02:36:12 UTC 2026","25","1.1 Team Hummingbird - BFF | WLW app","Technical Tests","ai-company-search-controller","GET /public_api/search/ai/company/search","","GET /public_api/search/ai/company/search",""
"passed","Sat Oct 10 02:36:23 UTC 2026","Sat Oct 10 02:36:23 UTC 2026","33","1.1 Team Hummingbird - BFF | WLW app","Technical Tests","currency-exchange-controller","GET /exchange/fetch-rates [NEG] Forbidden Role Token","","GET /exchange/fetch-rates [NEG] Forbidden Role Token",""
"failed","Sat Oct 10 02:36:12 UTC 2026","Sat Oct 10 02:36:12 UTC 2026","11","1.1 Team Hummingbird - BFF | WLW app","Technical Tests","ai-company-search-controller","GET /public_api/search/ai/company/search [SEC] Injection Probe","","GET /public_api/search/ai/company/search [SEC] Injection Probe",""
"passed","Sat Oct 10 02:44:07 UTC 2026","Sat Oct 10 02:44:08 UTC 2026","977","Dolphin","Technical","","","productTextSearchSpecialCharTest","AI product text search recall: special-character query",""
"passed","Sat Oct 10 02:36:44 UTC 2026","Sat Oct 10 02:36:44 UTC 2026","29","1.1 Team Hummingbird - BFF | WLW app","Technical Tests","user-controller","GET /public_api/user/userInfo","","GET /public_api/user/userInfo",""
"passed","Sat Oct 10 02:44:15 UTC 2026","Sat Oct 10 02:44:15 UTC 2026","658","Dolphin","Technical","","","sameStoreProductRecommendTest","product same store recommend -- wlw",""
"failed","Sat Oct 10 02:36:14 UTC 2026","Sat Oct 10 02:36:14 UTC 2026","11","1.1 Team Hummingbird - BFF | WLW app","Technical Tests","categories-controller","PUT /preferred/categories","","PUT /preferred/categories",""
"failed","Sat Oct 10 02:36:15 UTC 2026","Sat Oct 10 02:36:15 UTC 2026","13","1.1 Team Hummingbird - BFF | WLW app","Technical Tests","company-controller","GET /public_api/company [NEG] Missing Auth/API-Key","","GET /public_api/company [NEG] Missing Auth/API-Key",""
"passed","Sat Oct 10 02:36:43 UTC 2026","Sat Oct 10 02:36:43 UTC 2026","16","1.1 Team Hummingbird - BFF | WLW app","Technical Tests","supplier-visitors-controller","GET /","","GET /",""
"passed","Sat Oct 10 02:35:28 UTC 2026","Sat Oct 10 02:35:28 UTC 2026","452","1 Team Hummingbird - BFF | EP app","Endpoint tests","Company","Suppliers listings","","Suppliers listings",""
"passed","Sat Oct 10 02:36:35 UTC 2026","Sat Oct 10 02:36:35 UTC 2026","162","1.1 Team Hummingbird - BFF | WLW app","Technical Tests","rfq-controller","POST /public_api/connect/purchaser/tenders","","POST /public_api/connect/purchaser/tenders",""
"passed","Sat Oct 10 02:36:04 UTC 2026","Sat Oct 10 02:36:04 UTC 2026","18","1.1 Team Hummingbird - BFF | WLW app","Endpoint tests","Support","Support FAQ_DE","","Support FAQ_DE",""
"failed","Sat Oct 10 02:36:13 UTC 2026","Sat Oct 10 02:36:13 UTC 2026","12","1.1 Team Hummingbird - BFF | WLW app","Technical Tests","ai-company-search-controller","GET /public_api/search/ai/company/stream/mock [SEC] Injection Probe","","GET /public_api/search/ai/company/stream/mock [SEC] Injection Probe",""
"skipped","Sat Oct 10 02:34:07 UTC 2026","Sat Oct 10 02:34:07 UTC 2026","0","7. Team Pegasus | Pegasus Staging","Endpoints Tests","Supplier Registration","EP","","keywords - Search for keywords",""
"failed","Sat Oct 10 02:36:39 UTC 2026","Sat Oct 10 02:36:39 UTC 2026","11","1.1 Team Hummingbird - BFF | WLW app","Technical Tests","search-controller","GET /public_api/search/ai/termRecommend [NEG] Forbidden Role Token","","GET /public_api/search/ai/termRecommend [NEG] Forbidden Role Token",""
"passed","Sat Oct 10 02:36:42 UTC 2026","Sat Oct 10 02:36:42 UTC 2026","32","1.1 Team Hummingbird - BFF | WLW app","Technical Tests","supplier-visitors-controller","GET /public_api/suppliers/{supplier_id}/visits/{id}","","GET /public_api/suppliers/{supplier_id}/visits/{id}",""
"failed","Sat Oct 10 02:36:09 UTC 2026","Sat Oct 10 02:36:09 UTC 2026","41","1.1 Team Hummingbird - BFF | WLW app","Endpoint tests","Conversations","translate message","","translate message",""
"passed","Sat Oct 10 02:34:32 UTC 2026","Sat Oct 10 02:34:32 UTC 2026","61","4. Team CRM |CRM Staging","Endpoints Tests","(root)","get company data via CRM id","","get company data via CRM id",""
"skipped","Sat Oct 10 02:34:07 UTC 2026","Sat Oct 10 02:34:07 UTC 2026","0","7. Team Pegasus | Pegasus Staging","Endpoints Tests","Visitors","Java (statistics-app)","","WSL pixel",""
"passed","Sat Oct 10 02:34:27 UTC 2026","Sat Oct 10 02:34:27 UTC 2026","80","4. Team CRM |CRM Staging","Business Scenarios Tests","Quote","Smoke Test Create new quote","","Smoke Test Create new quote",""
"failed","Sat Oct 10 02:44:12 UTC 2026","Sat Oct 10 02:44:12 UTC 2026","66","Dolphin","Technical","","","EPSameStoreProductRecommendTest","product same store recommend -- ep",""
"failed","Sat Oct 10 02:35:03 UTC 2026","Sat Oct 10 02:35:03 UTC 2026","0","3 Team Techno - UCL","Functional Tests","Endpoint Tests","Retargeting","","get active retargeting for the given uuid",""
"failed","Sat Oct 10 02:35:32 UTC 2026","Sat Oct 10 02:35:32 UTC 2026","67","1 Team Hummingbird - BFF | EP app","Endpoint tests","Visitor profiler","csv get","","csv get",""
"passed","Sat Oct 10 02:36:32 UTC 2026","Sat Oct 10 02:36:32 UTC 2026","29","1.1 Team Hummingbird - BFF | WLW app","Technical Tests","purchaser-support-controller","GET /support-faq [SEC] Injection Probe","","GET /support-faq [SEC] Injection Probe",""
"passed","Sat Oct 10 02:36:44 UTC 2026","Sat Oct 10 02:36:44 UTC 2026","33","1.1 Team Hummingbird - BFF | WLW app","Technical Tests","trending-products-controller","GET /public_api/trending/notifications","","GET /public_api/trending/notifications",""
"failed","Sat Oct 10 02:35:31 UTC 2026","Sat Oct 10 02:35:31 UTC 2026","41","1 Team Hummingbird - BFF | EP app","Endpoint tests","Conversations","new message","","new message",""
"skipped","Sat Oct 10 02:34:26 UTC 2026","Sat Oct 10 02:34:26 UTC 2026","0","4. Team CRM |CRM Staging","Endpoints Tests","Users","Quotes","","Endpoints Tests / Users / Quotes - empty",""
"passed","Sat Oct 10 02:36:15 UTC 2026","Sat Oct 10 02:36:15 UTC 2026","28","1.1 Team Hummingbird - BFF | WLW app","Technical Tests","categories-controller","GET /public_api/categories/homepage [NEG] Forbidden Role Token","","GET /public_api/categories/homepage [NEG] Forbidden Role Token",""
"skipped","Sat Oct 10 02:34:07 UTC 2026","Sat Oct 10 02:34:07 UTC 2026","0","7. Team Pegasus | Pegasus Staging","Endpoints Tests","Membership Management (PGS-861)","GET — Verify UTM in supplier-facts","","GET — Verify UTM in supplier-facts",""
"failed","Sat Oct 10 02:34:26 UTC 2026","Sat Oct 10 02:34:26 UTC 2026","77","4. Team CRM |CRM Staging","Business Scenarios Tests","Contacts","Check Contact","","Check Contact",""
"passed","Sat Oct 10 02:34:30 UTC 2026","Sat Oct 10 02:34:30 UTC 2026","47","4. Team CRM |CRM Staging","Business Scenarios Tests","Contacts","Smoke test for Create Contact & Verify HubSpot Sync","","Smoke test for Create Contact & Verify HubSpot Sync",""
"passed","Sat Oct 10 02:36:31 UTC 2026","Sat Oct 10 02:36:31 UTC 2026","33","1.1 Team Hummingbird - BFF | WLW app","Technical Tests","product-controller","GET /public_api/products/{productId}","","GET /public_api/products/{productId}",""
"failed","Sat Oct 10 02:36:13 UTC 2026","Sat Oct 10 02:36:13 UTC 2026","13","1.1 Team Hummingbird - BFF | WLW app","Technical Tests","categories-controller","GET /preferred/categories [NEG] Missing Auth/API-Key","","GET /preferred/categories [NEG] Missing Auth/API-Key",""
"failed","Sat Oct 10 02:35:06 UTC 2026","Sat Oct 10 02:35:06 UTC 2026","0","3 Team Techno - UCL","Technical Tests","SponsoredBrand","GET /unified_commercial_logic/internal_api/api/sponsored_brand_v1/ - Retrieve SponsoredBrandV1 List","","GET /unified_commercial_logic/internal_api/api/sponsored_brand_v1/ - Retrieve SponsoredBrandV1 List",""
"passed","Sat Oct 10 02:34:38 UTC 2026","Sat Oct 10 02:34:38 UTC 2026","5","2 Team Dragon - BFF | RFQ Backend","Technical Tests","(root)","Negative test: malformed UUIDs & content type checks","","Negative test: malformed UUIDs & content type checks",""
"passed","Sat Oct 10 02:36:40 UTC 2026","Sat Oct 10 02:36:40 UTC 2026","31","1.1 Team Hummingbird - BFF | WLW app","Technical Tests","search-controller","GET /public_api/products/recommendations [SEC] Injection Probe","","GET /public_api/products/recommendations [SEC] Injection Probe",""
"failed","Sat Oct 10 02:35:04 UTC 2026","Sat Oct 10 02:35:04 UTC 2026","0","3 Team Techno - UCL","Technical Tests","TopRanking","GET /unified_commercial_logic/internal_api/api/top_ranking_v1/{id} - Retrieve TopRankingV1 By ID","","GET /unified_commercial_logic/internal_api/api/top_ranking_v1/{id} - Retrieve TopRankingV1 By ID",""
"failed","Sat Oct 10 02:35:07 UTC 2026","Sat Oct 10 02:35:07 UTC 2026","0","3 Team Techno - UCL","Technical Tests","Retargeting","GET /unified_commercial_logic/internal_api/api/retargeting/ - Retrieve Retargeting List","","GET /unified_commercial_logic/internal_api/api/retargeting/ - Retrieve Retargeting List",""
"failed","Sat Oct 10 02:36:09 UTC 2026","Sat Oct 10 02:36:09 UTC 2026","46","1.1 Team Hummingbird - BFF | WLW app","Endpoint tests","Conversations","send file message","","send file message",""
"passed","Sat Oct 10 02:36:07 UTC 2026","Sat Oct 10 02:36:08 UTC 2026","612","1.1 Team Hummingbird - BFF | WLW app","Endpoint tests","Search","Product Search EN","","Product Search EN",""
"failed","Sat Oct 10 02:35:20 UTC 2026","Sat Oct 10 02:35:20 UTC 2026","11","Bamboo","Technical","","","listSubCategoriesTest","list sub Categories",""
"broken","Sat Oct 10 02:43:35 UTC 2026","Sat Oct 10 02:43:55 UTC 2026","20022","Dolphin","Functional","","","productInferenceTest","AI product search inference stream API",""
"failed","Sat Oct 10 02:35:02 UTC 2026","Sat Oct 10 02:35:02 UTC 2026","0","3 Team Techno - UCL","Functional Tests","Endpoint Tests","Organization","","get organization for the given supplier_facts_uuid",""
"skipped","Sat Oct 10 02:34:07 UTC 2026","Sat Oct 10 02:34:07 UTC 2026","0","7. Team Pegasus | Pegasus Staging","Business Scenarios Tests","Supplier Registration","WLW - Lead create and update","","leads - Create a lead",""
"passed","Sat Oct 10 02:36:11 UTC 2026","Sat Oct 10 02:36:11 UTC 2026","34","1.1 Team Hummingbird - BFF | WLW app","Technical Tests","ab-test-record-controller","POST /public_api/abtest/record [NEG] Expired Token","","POST /public_api/abtest/record [NEG] Expired Token",""
"failed","Sat Oct 10 02:36:21 UTC 2026","Sat Oct 10 02:36:21 UTC 2026","11","1.1 Team Hummingbird - BFF | WLW app","Technical Tests","conversation-controller","GET /public_api/conversation/userConversations/{userId}/unreadCount [NEG] Expired Token","","GET /public_api/conversation/userConversations/{userId}/unreadCount [NEG] Expired Token",""
"passed","Sat Oct 10 02:36:26 UTC 2026","Sat Oct 10 02:36:26 UTC 2026","31","1.1 Team Hummingbird - BFF | WLW app","Technical Tests","inside-business-controller","GET /public_api/inside_business","","GET /public_api/inside_business",""
"passed","Sat Oct 10 02:44:09 UTC 2026","Sat Oct 10 02:44:10 UTC 2026","682","Dolphin","Technical","","","productTextSearchTopRankingScenarioTest","AI product text search recall: wlw-staging cnc top-ranking scenario",""
"skipped","Sat Oct 10 02:34:07 UTC 2026","Sat Oct 10 02:34:07 UTC 2026","0","7. Team Pegasus | Pegasus Staging","Endpoints Tests","Supplier Registration","Manual VAT check","","vat/check - Validate VAT number",""
"passed","Sat Oct 10 02:34:26 UTC 2026","Sat Oct 10 02:34:26 UTC 2026","98","4. Team CRM |CRM Staging","Business Scenarios Tests","Tasks","Check Task","","Check Task",""
"passed","Sat Oct 10 02:36:16 UTC 2026","Sat Oct 10 02:36:16 UTC 2026","30","1.1 Team Hummingbird - BFF | WLW app","Technical Tests","contact-form-controller","POST /public_api/contact-form/messages [NEG] Expired Token","","POST /public_api/contact-form/messages [NEG] Expired Token",""
"failed","Sat Oct 10 02:35:20 UTC 2026","Sat Oct 10 02:35:20 UTC 2026","11","Bamboo","Functional","","","listSubCategoriesTest","list sub Categories",""
"skipped","Sat Oct 10 02:34:07 UTC 2026","Sat Oct 10 02:34:07 UTC 2026","0","7. Team Pegasus | Pegasus Staging","Business Scenarios Tests","Supplier Facts","API register, publish, and verify in UI","","3. Resolve company uuid by email",""
"failed","Sat Oct 10 02:36:34 UTC 2026","Sat Oct 10 02:36:34 UTC 2026","13","1.1 Team Hummingbird - BFF | WLW app","Technical Tests","push-notification-by-email-controller","GET /v1/pushNotification","","GET /v1/pushNotification",""
"passed","Sat Oct 10 02:36:18 UTC 2026","Sat Oct 10 02:36:18 UTC 2026","36","1.1 Team Hummingbird - BFF | WLW app","Technical Tests","conversation-controller","POST /public_api/conversation/userConversations/{conversationId}/messages [NEG] Expired Token","","POST /public_api/conversation/userConversations/{conversationId}/messages [NEG] Expired Token",""
"passed","Sat Oct 10 02:36:23 UTC 2026","Sat Oct 10 02:36:23 UTC 2026","15","1.1 Team Hummingbird - BFF | WLW app","Technical Tests","currency-exchange-controller","GET /exchange/fetch-rates [NEG] Missing Auth/API-Key","","GET /exchange/fetch-rates [NEG] Missing Auth/API-Key",""
"failed","Sat Oct 10 02:36:09 UTC 2026","Sat Oct 10 02:36:09 UTC 2026","312","1.1 Team Hummingbird - BFF | WLW app","Endpoint tests","Contact request","Product request","","Product request",""
"passed","Sat Oct 10 02:35:20 UTC 2026","Sat Oct 10 02:35:20 UTC 2026","93","Arise","Functional","","","skwdAll","skwdAll",""
"failed","Sat Oct 10 02:36:15 UTC 2026","Sat Oct 10 02:36:15 UTC 2026","14","1.1 Team Hummingbird - BFF | WLW app","Technical Tests","company-controller","GET /public_api/suppliers/{companyID}/listings [NEG] Forbidden Role Token","","GET /public_api/suppliers/{companyID}/listings [NEG] Forbidden Role Token",""
"skipped","Sat Oct 10 02:34:07 UTC 2026","Sat Oct 10 02:34:07 UTC 2026","0","7. Team Pegasus | Pegasus Staging","Business Scenarios Tests","Supplier Facts","Company create and update for UI","","Update company",""
"passed","Sat Oct 10 02:35:28 UTC 2026","Sat Oct 10 02:35:28 UTC 2026","469","1 Team Hummingbird - BFF | EP app","Endpoint tests","Company","Companies / products EN","","Companies / products EN",""
"failed","Sat Oct 10 02:35:12 UTC 2026","Sat Oct 10 02:35:12 UTC 2026","0","3 Team Techno - UCL","Technical Tests","GoogleAd","GET /unified_commercial_logic/internal_api/api/google_ad - Retrieve GoogleAd List","","GET /unified_commercial_logic/internal_api/api/google_ad - Retrieve GoogleAd List",""
"failed","Sat Oct 10 02:36:37 UTC 2026","Sat Oct 10 02:36:37 UTC 2026","10","1.1 Team Hummingbird - BFF | WLW app","Technical Tests","search-controller","GET /public_api/search/products [NEG] Missing Auth/API-Key","","GET /public_api/search/products [NEG] Missing Auth/API-Key",""
"passed","Sat Oct 10 02:36:04 UTC 2026","Sat Oct 10 02:36:04 UTC 2026","18","1.1 Team Hummingbird - BFF | WLW app","Endpoint tests","Support","FAQ Alibaba","","FAQ Alibaba",""
"skipped","Sat Oct 10 02:34:07 UTC 2026","Sat Oct 10 02:34:07 UTC 2026","0","7. Team Pegasus | Pegasus Staging","Endpoints Tests","Visitors","Java (statistics-app)","","Visitors list",""
"failed","Sat Oct 10 02:36:18 UTC 2026","Sat Oct 10 02:36:18 UTC 2026","11","1.1 Team Hummingbird - BFF | WLW app","Technical Tests","conversation-controller","GET /public_api/conversation/userConversations/{conversationId}/messages","","GET /public_api/conversation/userConversations/{conversationId}/messages",""
"passed","Sat Oct 10 02:36:12 UTC 2026","Sat Oct 10 02:36:12 UTC 2026","40","1.1 Team Hummingbird - BFF | WLW app","Technical Tests","ai-company-search-controller","POST /public_api/search/ai/company/search [NEG] Missing Auth/API-Key","","POST /public_api/search/ai/company/search [NEG] Missing Auth/API-Key",""
"failed","Sat Oct 10 02:35:12 UTC 2026","Sat Oct 10 02:35:12 UTC 2026","0","3 Team Techno - UCL","Technical Tests","GoogleAd","GET /unified_commercial_logic/internal_api/api/google_ad/ - Retrieve GoogleAd List","","GET /unified_commercial_logic/internal_api/api/google_ad/ - Retrieve GoogleAd List",""
"passed","Sat Oct 10 02:36:21 UTC 2026","Sat Oct 10 02:36:21 UTC 2026","30","1.1 Team Hummingbird - BFF | WLW app","Technical Tests","conversation-controller","GET /public_api/conversation/userConversations/{userId}/unreadCount [SEC] Injection Probe","","GET /public_api/conversation/userConversations/{userId}/unreadCount [SEC] Injection Probe",""
"passed","Sat Oct 10 02:35:18 UTC 2026","Sat Oct 10 02:35:19 UTC 2026","549","Arise","Functional","","","getAllElementsByUrlTest","getAllElementsByUrlTest",""
"skipped","Sat Oct 10 02:34:07 UTC 2026","Sat Oct 10 02:34:07 UTC 2026","0","7. Team Pegasus | Pegasus Staging","Business Scenarios Tests","Business Insights","Dashboard smoke flow","","Traffic",""
"failed","Sat Oct 10 02:35:11 UTC 2026","Sat Oct 10 02:35:11 UTC 2026","0","3 Team Techno - UCL","Technical Tests","Membership","GET /unified_commercial_logic/internal_api/api/membership - Retrieve Membership List","","GET /unified_commercial_logic/internal_api/api/membership - Retrieve Membership List",""
"skipped","Sat Oct 10 02:34:07 UTC 2026","Sat Oct 10 02:34:07 UTC 2026","0","7. Team Pegasus | Pegasus Staging","Endpoints Tests","Business Insights","Admin BIOPS imports","","Admin BIOPS imports",""
"failed","Sat Oct 10 02:36:38 UTC 2026","Sat Oct 10 02:36:38 UTC 2026","12","1.1 Team Hummingbird - BFF | WLW app","Technical Tests","search-controller","GET /public_api/search/autoComplete [SEC] Injection Probe","","GET /public_api/search/autoComplete [SEC] Injection Probe",""
"failed","Sat Oct 10 02:36:10 UTC 2026","Sat Oct 10 02:36:10 UTC 2026","45","1.1 Team Hummingbird - BFF | WLW app","Endpoint tests","Conversations","decline QDR","","decline QDR",""
"passed","Sat Oct 10 02:36:17 UTC 2026","Sat Oct 10 02:36:17 UTC 2026","37","1.1 Team Hummingbird - BFF | WLW app","Technical Tests","conversation-controller","PUT /public_api/conversation/userConversations/{conversationId}/decline","","PUT /public_api/conversation/userConversations/{conversationId}/decline",""
"passed","Sat Oct 10 02:35:27 UTC 2026","Sat Oct 10 02:35:27 UTC 2026","18","1 Team Hummingbird - BFF | EP app","Endpoint tests","Support","Supportmasterdata_EN","","Supportmasterdata_EN",""
"passed","Sat Oct 10 02:35:30 UTC 2026","Sat Oct 10 02:35:30 UTC 2026","33","1 Team Hummingbird - BFF | EP app","Endpoint tests","Homepage, products","preferred categories","","preferred categories",""
"failed","Sat Oct 10 02:34:37 UTC 2026","Sat Oct 10 02:34:37 UTC 2026","6","2 Team Dragon - BFF | RFQ Backend","Functional Tests","(root)","GET /v1/rfqs/attachments/{attachmentId} - Download","","GET /v1/rfqs/attachments/{attachmentId} - Download",""
"skipped","Sat Oct 10 02:34:07 UTC 2026","Sat Oct 10 02:34:07 UTC 2026","0","7. Team Pegasus | Pegasus Staging","Spike | Profiles link user to company","(root)","05 GET — Profile by email","","05 GET — Profile by email",""
"broken","Sat Oct 10 02:40:33 UTC 2026","Sat Oct 10 02:40:53 UTC 2026","20025","Dolphin","Technical","","","recallSingleFilterTest","AI Search recall: single filter (verified=true)",""
"skipped","Sat Oct 10 02:34:07 UTC 2026","Sat Oct 10 02:34:07 UTC 2026","0","7. Team Pegasus | Pegasus Staging","Technical Tests","(empty)","(empty)","","Technical Tests - empty",""
"passed","Sat Oct 10 02:36:26 UTC 2026","Sat Oct 10 02:36:26 UTC 2026","30","1.1 Team Hummingbird - BFF | WLW app","Technical Tests","help-and-support-controller","POST /help","","POST /help",""
"passed","Sat Oct 10 02:34:28 UTC 2026","Sat Oct 10 02:34:28 UTC 2026","49","4. Team CRM |CRM Staging","Business Scenarios Tests","Create and edit a contact","Create contact","","Create contact",""
"passed","Sat Oct 10 02:36:30 UTC 2026","Sat Oct 10 02:36:30 UTC 2026","37","1.1 Team Hummingbird - BFF | WLW app","Technical Tests","login-controller","DELETE /public_api/auth/sso/logout [NEG] Forbidden Role Token","","DELETE /public_api/auth/sso/logout [NEG] Forbidden Role Token",""
"skipped","Sat Oct 10 02:34:07 UTC 2026","Sat Oct 10 02:34:07 UTC 2026","0","7. Team Pegasus | Pegasus Staging","Endpoints Tests","Business Insights","Scoring by uuid","","Scoring by uuid",""
"passed","Sat Oct 10 02:35:26 UTC 2026","Sat Oct 10 02:35:26 UTC 2026","20","1 Team Hummingbird - BFF | EP app","Endpoint tests","Support","Support FAQ_EN","","Support FAQ_EN",""
"failed","Sat Oct 10 02:35:10 UTC 2026","Sat Oct 10 02:35:10 UTC 2026","0","3 Team Techno - UCL","Technical Tests","Membership","GET /unified_commercial_logic/internal_api/api/membership/find_by_id/{id} - Retrieve Membership By ID","","GET /unified_commercial_logic/internal_api/api/membership/find_by_id/{id} - Retrieve Membership By ID",""
"failed","Sat Oct 10 02:35:32 UTC 2026","Sat Oct 10 02:35:32 UTC 2026","0","1 Team Hummingbird - BFF | EP app","Endpoint tests","Visitor profiler","download visitors csv","","download visitors csv",""
"passed","Sat Oct 10 02:34:29 UTC 2026","Sat Oct 10 02:34:30 UTC 2026","41","4. Team CRM |CRM Staging","Business Scenarios Tests","Contacts","Create Contact","","Create Contact",""
"skipped","Sat Oct 10 02:34:07 UTC 2026","Sat Oct 10 02:34:07 UTC 2026","0","7. Team Pegasus | Pegasus Staging","Endpoints Tests","Business Insights","Company Overview","","Company Overview",""
"failed","Sat Oct 10 02:35:04 UTC 2026","Sat Oct 10 02:35:04 UTC 2026","0","3 Team Techno - UCL","Technical Tests","TopRanking","GET /unified_commercial_logic/internal_api/api/top_ranking_v1 - Retrieve TopRankingV1 List","","GET /unified_commercial_logic/internal_api/api/top_ranking_v1 - Retrieve TopRankingV1 List",""
"passed","Sat Oct 10 02:36:24 UTC 2026","Sat Oct 10 02:36:24 UTC 2026","36","1.1 Team Hummingbird - BFF | WLW app","Technical Tests","euro-pages-controller","DELETE /public_api/euro-pages/auth/delete [NEG] Missing Auth/API-Key","","DELETE /public_api/euro-pages/auth/delete [NEG] Missing Auth/API-Key",""
"passed","Sat Oct 10 02:44:10 UTC 2026","Sat Oct 10 02:44:10 UTC 2026","19","Dolphin","Technical","","","productTextSearchWhitespaceQueryTest","AI product text search recall: whitespace-only query → empty success",""
"passed","Sat Oct 10 02:36:36 UTC 2026","Sat Oct 10 02:36:36 UTC 2026","27","1.1 Team Hummingbird - BFF | WLW app","Technical Tests","rfq-controller","POST /public_api/connect/purchaser/tenders/ [NEG] Expired Token","","POST /public_api/connect/purchaser/tenders/ [NEG] Expired Token",""
"failed","Sat Oct 10 02:35:01 UTC 2026","Sat Oct 10 02:35:01 UTC 2026","0","3 Team Techno - UCL","Functional Tests","Endpoint Tests","TopRanking","","get TR with the given existing id",""
"passed","Sat Oct 10 02:36:27 UTC 2026","Sat Oct 10 02:36:27 UTC 2026","14","1.1 Team Hummingbird - BFF | WLW app","Technical Tests","login-controller","POST /public_api/auth/resetPassword [NEG] Missing Auth/API-Key","","POST /public_api/auth/resetPassword [NEG] Missing Auth/API-Key",""
"passed","Sat Oct 10 02:35:19 UTC 2026","Sat Oct 10 02:35:20 UTC 2026","617","Arise","Functional","","","psearchProxySearch","psearchProxySearch",""
"passed","Sat Oct 10 02:36:33 UTC 2026","Sat Oct 10 02:36:33 UTC 2026","31","1.1 Team Hummingbird - BFF | WLW app","Technical Tests","purchaser-user-setting-controller","PUT /userSetting/{id} [NEG] Forbidden Role Token","","PUT /userSetting/{id} [NEG] Forbidden Role Token",""
"failed","Sat Oct 10 02:35:04 UTC 2026","Sat Oct 10 02:35:04 UTC 2026","0","3 Team Techno - UCL","Technical Tests","WebsiteLead","GET /unified_commercial_logic/internal_api/api/website_lead - Retrieve WebsiteLead List","","GET /unified_commercial_logic/internal_api/api/website_lead - Retrieve WebsiteLead List",""
"failed","Sat Oct 10 02:35:03 UTC 2026","Sat Oct 10 02:35:03 UTC 2026","0","3 Team Techno - UCL","Technical Tests","WebsiteLead","GET /unified_commercial_logic/internal_api/api/website_lead/ - Retrieve WebsiteLead List","","GET /unified_commercial_logic/internal_api/api/website_lead/ - Retrieve WebsiteLead List",""
"failed","Sat Oct 10 02:36:15 UTC 2026","Sat Oct 10 02:36:15 UTC 2026","13","1.1 Team Hummingbird - BFF | WLW app","Technical Tests","company-controller","GET /public_api/suppliers/{companyID}/listings [NEG] Missing Auth/API-Key","","GET /public_api/suppliers/{companyID}/listings [NEG] Missing Auth/API-Key",""
"passed","Sat Oct 10 02:36:28 UTC 2026","Sat Oct 10 02:36:28 UTC 2026","30","1.1 Team Hummingbird - BFF | WLW app","Technical Tests","login-controller","POST /public_api/auth/password/login [NEG] Expired Token","","POST /public_api/auth/password/login [NEG] Expired Token",""
"skipped","Sat Oct 10 02:34:07 UTC 2026","Sat Oct 10 02:34:07 UTC 2026","0","7. Team Pegasus | Pegasus Staging","Endpoints Tests","Visitors","Elixir (supplier-app)","","Countries by uuid",""
"passed","Sat Oct 10 02:36:32 UTC 2026","Sat Oct 10 02:36:32 UTC 2026","28","1.1 Team Hummingbird - BFF | WLW app","Technical Tests","purchaser-user-setting-controller","PUT /userSetting/{id}","","PUT /userSetting/{id}",""
"failed","Sat Oct 10 02:36:09 UTC 2026","Sat Oct 10 02:36:09 UTC 2026","52","1.1 Team Hummingbird - BFF | WLW app","Endpoint tests","Conversations","conversation id","","conversation id",""
"passed","Sat Oct 10 02:36:43 UTC 2026","Sat Oct 10 02:36:43 UTC 2026","15","1.1 Team Hummingbird - BFF | WLW app","Technical Tests","trending-products-controller","POST /public_api/trending/import [NEG] Missing Auth/API-Key","","POST /public_api/trending/import [NEG] Missing Auth/API-Key",""
"failed","Sat Oct 10 02:35:02 UTC 2026","Sat Oct 10 02:35:02 UTC 2026","0","3 Team Techno - UCL","Functional Tests","Endpoint Tests","SponsoredBrand","","get SPB by id",""
"failed","Sat Oct 10 02:36:38 UTC 2026","Sat Oct 10 02:36:38 UTC 2026","14","1.1 Team Hummingbird - BFF | WLW app","Technical Tests","search-controller","GET /public_api/search/products [NEG] Forbidden Role Token","","GET /public_api/search/products [NEG] Forbidden Role Token",""
"broken","Sat Oct 10 02:36:12 UTC 2026","Sat Oct 10 02:36:33 UTC 2026","20024","Dolphin","Technical","","","pvMatchTest","AI Search PV match (supplierAiMatch) API",""
"failed","Sat Oct 10 02:36:42 UTC 2026","Sat Oct 10 02:36:42 UTC 2026","11","1.1 Team Hummingbird - BFF | WLW app","Technical Tests","supplier-visitors-controller","GET /public_api/suppliers/{supplier_id}/visits/csv","","GET /public_api/suppliers/{supplier_id}/visits/csv",""
"skipped","Sat Oct 10 02:34:26 UTC 2026","Sat Oct 10 02:34:26 UTC 2026","0","4. Team CRM |CRM Staging","Technical Tests","(empty)","(empty)","","Technical Tests - empty",""
"skipped","Sat Oct 10 02:34:07 UTC 2026","Sat Oct 10 02:34:07 UTC 2026","0","7. Team Pegasus | Pegasus Staging","Endpoints Tests","Business Insights","Origin","","Origin",""
"skipped","Sat Oct 10 02:34:07 UTC 2026","Sat Oct 10 02:34:07 UTC 2026","0","7. Team Pegasus | Pegasus Staging","Endpoints Tests","Supplier Registration","Manual VAT check","","Import vat",""
"passed","Sat Oct 10 02:36:26 UTC 2026","Sat Oct 10 02:36:26 UTC 2026","30","1.1 Team Hummingbird - BFF | WLW app","Technical Tests","inside-business-controller","GET /public_api/inside_business [NEG] Expired Token","","GET /public_api/inside_business [NEG] Expired Token",""
"passed","Sat Oct 10 02:44:11 UTC 2026","Sat Oct 10 02:44:12 UTC 2026","717","Dolphin","Functional","","","EPPCppProductRecommendTest","recommend products in CPP -- ep",""
"skipped","Sat Oct 10 02:34:07 UTC 2026","Sat Oct 10 02:34:07 UTC 2026","0","7. Team Pegasus | Pegasus Staging","Endpoints Tests","Business Insights","Visitor","","Visitor",""
"passed","Sat Oct 10 02:35:25 UTC 2026","Sat Oct 10 02:35:26 UTC 2026","1306","1 Team Hummingbird - BFF | EP app","Endpoint tests","Login","native email login","","native email login",""
"passed","Sat Oct 10 02:36:29 UTC 2026","Sat Oct 10 02:36:29 UTC 2026","30","1.1 Team Hummingbird - BFF | WLW app","Technical Tests","login-controller","POST /public_api/auth/code/resend [NEG] Expired Token","","POST /public_api/auth/code/resend [NEG] Expired Token",""
"broken","Sat Oct 10 02:34:32 UTC 2026","Sat Oct 10 02:34:52 UTC 2026","20805","Dolphin","Technical","","","inferenceEmptySearchTextTest","AI Search inference: empty searchText still streams",""
"failed","Sat Oct 10 02:36:43 UTC 2026","Sat Oct 10 02:36:43 UTC 2026","13","1.1 Team Hummingbird - BFF | WLW app","Technical Tests","trending-products-controller","GET /public_api/trending/products [SEC] Injection Probe","","GET /public_api/trending/products [SEC] Injection Probe",""
"failed","Sat Oct 10 02:36:17 UTC 2026","Sat Oct 10 02:36:17 UTC 2026","13","1.1 Team Hummingbird - BFF | WLW app","Technical Tests","conversation-controller","PUT /public_api/conversation/userConversations/{conversationId}/messages/markAsRead","","PUT /public_api/conversation/userConversations/{conversationId}/messages/markAsRead",""
"failed","Sat Oct 10 02:35:03 UTC 2026","Sat Oct 10 02:35:03 UTC 2026","0","3 Team Techno - UCL","Technical Tests","WebsiteLead","GET /unified_commercial_logic/internal_api/api/website_lead/{id} - Retrieve WebsiteLead By ID","","GET /unified_commercial_logic/internal_api/api/website_lead/{id} - Retrieve WebsiteLead By ID",""
"passed","Sat Oct 10 02:36:29 UTC 2026","Sat Oct 10 02:36:29 UTC 2026","29","1.1 Team Hummingbird - BFF | WLW app","Technical Tests","login-controller","POST /public_api/auth/code/resend","","POST /public_api/auth/code/resend",""
"passed","Sat Oct 10 02:36:32 UTC 2026","Sat Oct 10 02:36:32 UTC 2026","32","1.1 Team Hummingbird - BFF | WLW app","Technical Tests","purchaser-support-controller","GET /support-master-data [NEG] Forbidden Role Token","","GET /support-master-data [NEG] Forbidden Role Token",""
"broken","Sat Oct 10 02:37:13 UTC 2026","Sat Oct 10 02:37:33 UTC 2026","20023","Dolphin","Technical","","","recallCountryFilterTest","AI Search recall: country filter DE",""
"skipped","Sat Oct 10 02:34:07 UTC 2026","Sat Oct 10 02:34:07 UTC 2026","0","7. Team Pegasus | Pegasus Staging","Endpoints Tests","Business Insights","PGS-890 Admin company refresh","","PGS-890 Admin company refresh",""
"failed","Sat Oct 10 02:35:32 UTC 2026","Sat Oct 10 02:35:32 UTC 2026","26","1 Team Hummingbird - BFF | EP app","Endpoint tests","Conversations","mark as read","","mark as read",""
"skipped","Sat Oct 10 02:34:07 UTC 2026","Sat Oct 10 02:34:07 UTC 2026","0","7. Team Pegasus | Pegasus Staging","Business Scenarios Tests","Visitors","Statistics visitor drill-down","","CSV creation",""
"passed","Sat Oct 10 02:36:25 UTC 2026","Sat Oct 10 02:36:25 UTC 2026","29","1.1 Team Hummingbird - BFF | WLW app","Technical Tests","feedback-controller","GET /feedback/subject","","GET /feedback/subject",""
"failed","Sat Oct 10 02:35:07 UTC 2026","Sat Oct 10 02:35:07 UTC 2026","0","3 Team Techno - UCL","Technical Tests","Retargeting","GET /unified_commercial_logic/internal_api/api/retargeting/ - Retrieve Retargeting List","","GET /unified_commercial_logic/internal_api/api/retargeting/ - Retrieve Retargeting List",""
"skipped","Sat Oct 10 02:34:07 UTC 2026","Sat Oct 10 02:34:07 UTC 2026","0","7. Team Pegasus | Pegasus Staging","Endpoints Tests","Shop Import & Onboarding Backend","/offers/suggestCategory","","/offers/suggestCategory",""
"failed","Sat Oct 10 02:34:31 UTC 2026","Sat Oct 10 02:34:31 UTC 2026","61","4. Team CRM |CRM Staging","Endpoints Tests","(root)","get connect receipient","","get connect receipient",""
"skipped","Sat Oct 10 02:34:07 UTC 2026","Sat Oct 10 02:34:07 UTC 2026","0","7. Team Pegasus | Pegasus Staging","Endpoints Tests","Shop Import & Onboarding Backend","/offers/{offerId}","","/offers/{offerId}",""
"passed","Sat Oct 10 02:36:05 UTC 2026","Sat Oct 10 02:36:05 UTC 2026","18","1.1 Team Hummingbird - BFF | WLW app","Endpoint tests","Support","Supportmasterdata_DE","","Supportmasterdata_DE",""
"passed","Sat Oct 10 02:36:45 UTC 2026","Sat Oct 10 02:36:45 UTC 2026","29","1.1 Team Hummingbird - BFF | WLW app","Technical Tests","user-controller","PUT /public_api/user/userInfo [NEG] Forbidden Role Token","","PUT /public_api/user/userInfo [NEG] Forbidden Role Token",""
"broken","Sat Oct 10 02:41:54 UTC 2026","Sat Oct 10 02:42:14 UTC 2026","20013","Dolphin","Technical","","","recallWhitespaceQueryTest","AI Search recall: whitespace-only query → business failure",""
"passed","Sat Oct 10 02:36:25 UTC 2026","Sat Oct 10 02:36:25 UTC 2026","30","1.1 Team Hummingbird - BFF | WLW app","Technical Tests","feedback-controller","POST /v1/feedback [NEG] Expired Token","","POST /v1/feedback [NEG] Expired Token",""
"passed","Sat Oct 10 02:36:23 UTC 2026","Sat Oct 10 02:36:23 UTC 2026","28","1.1 Team Hummingbird - BFF | WLW app","Technical Tests","dynamic-links-controller","POST /public_api/branchio/dynamiclink","","POST /public_api/branchio/dynamiclink",""
"passed","Sat Oct 10 02:36:39 UTC 2026","Sat Oct 10 02:36:39 UTC 2026","28","1.1 Team Hummingbird - BFF | WLW app","Technical Tests","search-controller","GET /public_api/search/ai/tabChange [NEG] Forbidden Role Token","","GET /public_api/search/ai/tabChange [NEG] Forbidden Role Token",""
"skipped","Sat Oct 10 02:34:07 UTC 2026","Sat Oct 10 02:34:07 UTC 2026","0","7. Team Pegasus | Pegasus Staging","Business Scenarios Tests","Visitors","Statistics visitor drill-down","","CSV status",""
"failed","Sat Oct 10 02:36:20 UTC 2026","Sat Oct 10 02:36:20 UTC 2026","11","1.1 Team Hummingbird - BFF | WLW app","Technical Tests","conversation-controller","GET /public_api/conversation/userConversations","","GET /public_api/conversation/userConversations",""
"broken","Sat Oct 10 02:41:13 UTC 2026","Sat Oct 10 02:41:34 UTC 2026","20543","Dolphin","Technical","","","recallTest","AI Search recall (supplierTextSearch) API using params from inference",""
"passed","Sat Oct 10 02:36:08 UTC 2026","Sat Oct 10 02:36:08 UTC 2026","41","1.1 Team Hummingbird - BFF | WLW app","Endpoint tests","Homepage, products","preferred categories","","preferred categories",""
"passed","Sat Oct 10 02:35:30 UTC 2026","Sat Oct 10 02:35:30 UTC 2026","205","1 Team Hummingbird - BFF | EP app","Endpoint tests","Homepage, products","preferred categories","","preferred categories",""
"failed","Sat Oct 10 02:36:18 UTC 2026","Sat Oct 10 02:36:18 UTC 2026","12","1.1 Team Hummingbird - BFF | WLW app","Technical Tests","conversation-controller","GET /public_api/conversation/userConversations/{conversationId}/messages [NEG] Missing Auth/API-Key","","GET /public_api/conversation/userConversations/{conversationId}/messages [NEG] Missing Auth/API-Key",""
"skipped","Sat Oct 10 02:34:26 UTC 2026","Sat Oct 10 02:34:26 UTC 2026","0","4. Team CRM |CRM Staging","Endpoints Tests","Leads","(empty)","","Endpoints Tests / Leads - empty",""
"failed","Sat Oct 10 02:35:31 UTC 2026","Sat Oct 10 02:35:31 UTC 2026","72","1 Team Hummingbird - BFF | EP app","Endpoint tests","Conversations","user conversations","","user conversations",""
"passed","Sat Oct 10 02:35:20 UTC 2026","Sat Oct 10 02:35:20 UTC 2026","37","Bamboo","Functional","","","listTopCategoriesTest","list top Categories",""
"failed","Sat Oct 10 02:36:15 UTC 2026","Sat Oct 10 02:36:15 UTC 2026","12","1.1 Team Hummingbird - BFF | WLW app","Technical Tests","company-controller","GET /public_api/suppliers/{companyID}/listings [NEG] Expired Token","","GET /public_api/suppliers/{companyID}/listings [NEG] Expired Token",""
"skipped","Sat Oct 10 02:34:07 UTC 2026","Sat Oct 10 02:34:07 UTC 2026","0","7. Team Pegasus | Pegasus Staging","Business Scenarios Tests","Business Insights","Dashboard smoke flow","","Admin BI",""
"failed","Sat Oct 10 02:36:09 UTC 2026","Sat Oct 10 02:36:09 UTC 2026","67","1.1 Team Hummingbird - BFF | WLW app","Endpoint tests","Conversations","user conversations","","user conversations",""
"passed","Sat Oct 10 02:34:37 UTC 2026","Sat Oct 10 02:34:37 UTC 2026","6","2 Team Dragon - BFF | RFQ Backend","Functional Tests","(root)","Assertions Summary (Doc)","","Assertions Summary (Doc)",""
"passed","Sat Oct 10 02:36:34 UTC 2026","Sat Oct 10 02:36:34 UTC 2026","32","1.1 Team Hummingbird - BFF | WLW app","Technical Tests","purchaser-user-setting-controller","POST /userSetting","","POST /userSetting",""
"failed","Sat Oct 10 02:35:11 UTC 2026","Sat Oct 10 02:35:11 UTC 2026","0","3 Team Techno - UCL","Technical Tests","GoogleAd","GET /unified_commercial_logic/internal_api/api/google_ad/{id} - Retrieve GoogleAd By ID","","GET /unified_commercial_logic/internal_api/api/google_ad/{id} - Retrieve GoogleAd By ID",""
"passed","Sat Oct 10 02:44:10 UTC 2026","Sat Oct 10 02:44:11 UTC 2026","1435","Dolphin","Functional","","","EPOtherStoreProductRecommendTest","product other store recommend",""
"failed","Sat Oct 10 02:35:08 UTC 2026","Sat Oct 10 02:35:08 UTC 2026","0","3 Team Techno - UCL","Technical Tests","Organization","GET /unified_commercial_logic/internal_api/api/organization/ - Retrieve Organization List","","GET /unified_commercial_logic/internal_api/api/organization/ - Retrieve Organization List",""
"passed","Sat Oct 10 02:44:14 UTC 2026","Sat Oct 10 02:44:14 UTC 2026","103","Dolphin","Technical","","","getProductsByCategoryTest","popular in category -- getProductsByCategory",""
"failed","Sat Oct 10 02:36:41 UTC 2026","Sat Oct 10 02:36:41 UTC 2026","13","1.1 Team Hummingbird - BFF | WLW app","Technical Tests","supplier-visitors-controller","GET /public_api/suppliers/{supplier_id}/visits","","GET /public_api/suppliers/{supplier_id}/visits",""
"passed","Sat Oct 10 02:34:27 UTC 2026","Sat Oct 10 02:34:28 UTC 2026","87","4. Team CRM |CRM Staging","Business Scenarios Tests","Account","Contact for Account","","Contact for Account",""
"passed","Sat Oct 10 02:36:43 UTC 2026","Sat Oct 10 02:36:43 UTC 2026","28","1.1 Team Hummingbird - BFF | WLW app","Technical Tests","trending-products-controller","POST /public_api/trending/import [NEG] Expired Token","","POST /public_api/trending/import [NEG] Expired Token",""
"passed","Sat Oct 10 02:35:26 UTC 2026","Sat Oct 10 02:35:26 UTC 2026","20","1 Team Hummingbird - BFF | EP app","Endpoint tests","Support","Support FAQ_FR","","Support FAQ_FR",""
"passed","Sat Oct 10 02:43:59 UTC 2026","Sat Oct 10 02:44:01 UTC 2026","1303","Dolphin","Technical","","","productTextSearchMalformedRawQueryStructTest","AI product text search recall: malformed rawQueryStruct still success",""
"passed","Sat Oct 10 02:34:26 UTC 2026","Sat Oct 10 02:34:26 UTC 2026","82","4. Team CRM |CRM Staging","Business Scenarios Tests","Tasks","Change  Assigned To","","Change  Assigned To",""
"passed","Sat Oct 10 02:34:30 UTC 2026","Sat Oct 10 02:34:30 UTC 2026","47","4. Team CRM |CRM Staging","Business Scenarios Tests","Calls","Smoke test for call","","Smoke test for call",""
"passed","Sat Oct 10 02:36:31 UTC 2026","Sat Oct 10 02:36:31 UTC 2026","29","1.1 Team Hummingbird - BFF | WLW app","Technical Tests","product-controller","GET /public_api/products/{productId} [NEG] Forbidden Role Token","","GET /public_api/products/{productId} [NEG] Forbidden Role Token",""
"passed","Sat Oct 10 02:36:28 UTC 2026","Sat Oct 10 02:36:28 UTC 2026","16","1.1 Team Hummingbird - BFF | WLW app","Technical Tests","login-controller","POST /public_api/auth/password/login [NEG] Missing Auth/API-Key","","POST /public_api/auth/password/login [NEG] Missing Auth/API-Key",""
"failed","Sat Oct 10 02:36:22 UTC 2026","Sat Oct 10 02:36:22 UTC 2026","12","1.1 Team Hummingbird - BFF | WLW app","Technical Tests","conversation-controller","GET /public_api/conversation/userConversations/{conversationId}/file/","","GET /public_api/conversation/userConversations/{conversationId}/file/",""
"passed","Sat Oct 10 02:34:36 UTC 2026","Sat Oct 10 02:34:36 UTC 2026","108","2 Team Dragon - BFF | RFQ Backend","Functional Tests","(root)","GET /v1/rfqs/{rfqId} - Success or 404","","GET /v1/rfqs/{rfqId} - Success or 404",""
"passed","Sat Oct 10 02:35:30 UTC 2026","Sat Oct 10 02:35:30 UTC 2026","57","1 Team Hummingbird - BFF | EP app","Endpoint tests","Homepage, products","categories/homepage","","categories/homepage",""
"passed","Sat Oct 10 02:36:34 UTC 2026","Sat Oct 10 02:36:34 UTC 2026","28","1.1 Team Hummingbird - BFF | WLW app","Technical Tests","purchaser-user-setting-controller","POST /userSetting [NEG] Expired Token","","POST /userSetting [NEG] Expired Token",""
"passed","Sat Oct 10 02:36:25 UTC 2026","Sat Oct 10 02:36:25 UTC 2026","15","1.1 Team Hummingbird - BFF | WLW app","Technical Tests","feedback-controller","GET /feedback/subject [NEG] Missing Auth/API-Key","","GET /feedback/subject [NEG] Missing Auth/API-Key",""
"passed","Sat Oct 10 02:44:12 UTC 2026","Sat Oct 10 02:44:12 UTC 2026","107","Dolphin","Functional","","","EPZeroResultProductRecommendTest","Recommend products in 0 result search list page v1 -- ep",""
"passed","Sat Oct 10 02:36:11 UTC 2026","Sat Oct 10 02:36:11 UTC 2026","33","1.1 Team Hummingbird - BFF | WLW app","Technical Tests","ai-company-search-controller","POST /public_api/search/ai/supplier/pv-match","","POST /public_api/search/ai/supplier/pv-match",""
"passed","Sat Oct 10 02:36:16 UTC 2026","Sat Oct 10 02:36:16 UTC 2026","31","1.1 Team Hummingbird - BFF | WLW app","Technical Tests","contact-form-controller","POST /public_api/contact-form/messages","","POST /public_api/contact-form/messages",""
"passed","Sat Oct 10 02:36:05 UTC 2026","Sat Oct 10 02:36:05 UTC 2026","19","1.1 Team Hummingbird - BFF | WLW app","Endpoint tests","Mobile_Feedback","Feedback Subject_FR","","Feedback Subject_FR",""
"failed","Sat Oct 10 02:36:14 UTC 2026","Sat Oct 10 02:36:14 UTC 2026","13","1.1 Team Hummingbird - BFF | WLW app","Technical Tests","categories-controller","PUT /preferred/categories [NEG] Expired Token","","PUT /preferred/categories [NEG] Expired Token",""
"passed","Sat Oct 10 02:34:29 UTC 2026","Sat Oct 10 02:34:29 UTC 2026","53","4. Team CRM |CRM Staging","Business Scenarios Tests","Lead","Smoke test for Conversion","","Smoke test for Conversion",""
"broken","Sat Oct 10 02:36:33 UTC 2026","Sat Oct 10 02:36:53 UTC 2026","20115","Dolphin","Functional","","","recallAlternateSortTest","AI Search recall: alternate sort (order_num_desc)",""
"failed","Sat Oct 10 02:35:07 UTC 2026","Sat Oct 10 02:35:07 UTC 2026","0","3 Team Techno - UCL","Technical Tests","Retargeting","GET /unified_commercial_logic/internal_api/api/retargeting/{id} - Retrieve Retargeting By ID","","GET /unified_commercial_logic/internal_api/api/retargeting/{id} - Retrieve Retargeting By ID",""
"passed","Sat Oct 10 02:36:06 UTC 2026","Sat Oct 10 02:36:06 UTC 2026","76","1.1 Team Hummingbird - BFF | WLW app","Endpoint tests","Company","Suppliers listings","","Suppliers listings",""
"passed","Sat Oct 10 02:36:37 UTC 2026","Sat Oct 10 02:36:37 UTC 2026","33","1.1 Team Hummingbird - BFF | WLW app","Technical Tests","search-controller","GET /public_api/search [SEC] Injection Probe","","GET /public_api/search [SEC] Injection Probe",""
"failed","Sat Oct 10 02:34:31 UTC 2026","Sat Oct 10 02:34:32 UTC 2026","60","4. Team CRM |CRM Staging","Endpoints Tests","(root)","Update Website Leads Fields with sf_id","","Update Website Leads Fields with sf_id",""
"failed","Sat Oct 10 02:35:11 UTC 2026","Sat Oct 10 02:35:11 UTC 2026","0","3 Team Techno - UCL","Technical Tests","Membership","GET /unified_commercial_logic/internal_api/api/membership - Retrieve Membership List","","GET /unified_commercial_logic/internal_api/api/membership - Retrieve Membership List",""
"passed","Sat Oct 10 02:34:38 UTC 2026","Sat Oct 10 02:34:38 UTC 2026","479","2 Team Dragon - BFF | RFQ Backend","Business Scenario Tests","(root)","RFQ_Listing","","RFQ_Listing",""
"failed","Sat Oct 10 02:35:32 UTC 2026","Sat Oct 10 02:35:32 UTC 2026","50","1 Team Hummingbird - BFF | EP app","Endpoint tests","Conversations","Decline RFQ","","Decline RFQ",""
"skipped","Sat Oct 10 02:34:07 UTC 2026","Sat Oct 10 02:34:07 UTC 2026","0","7. Team Pegasus | Pegasus Staging","Endpoints Tests","User & Company Context","User Profile Storage by uuid","","User Profile Storage by uuid",""
"failed","Sat Oct 10 02:34:29 UTC 2026","Sat Oct 10 02:34:29 UTC 2026","62","4. Team CRM |CRM Staging","Business Scenarios Tests","WLW Price Compaigns","WLW_Price Compaigns","","WLW_Price Compaigns",""
"failed","Sat Oct 10 02:36:41 UTC 2026","Sat Oct 10 02:36:41 UTC 2026","10","1.1 Team Hummingbird - BFF | WLW app","Technical Tests","search-term-controller","POST /public_api/search/track [NEG] Forbidden Role Token","","POST /public_api/search/track [NEG] Forbidden Role Token",""
"failed","Sat Oct 10 02:35:05 UTC 2026","Sat Oct 10 02:35:05 UTC 2026","0","3 Team Techno - UCL","Technical Tests","TopRanking","GET /unified_commercial_logic/internal_api/api/top_ranking_v1/ - Retrieve TopRankingV1 List","","GET /unified_commercial_logic/internal_api/api/top_ranking_v1/ - Retrieve TopRankingV1 List",""
"broken","Sat Oct 10 02:42:34 UTC 2026","Sat Oct 10 02:42:54 UTC 2026","20017","Dolphin","Technical","","","termRecommendNoMockTest","AI Search term recommend API without mock",""
"skipped","Sat Oct 10 02:34:07 UTC 2026","Sat Oct 10 02:34:07 UTC 2026","0","7. Team Pegasus | Pegasus Staging","Business Scenarios Tests","Supplier Facts","Company create and update for UI","","Create company",""
"passed","Sat Oct 10 02:35:20 UTC 2026","Sat Oct 10 02:35:20 UTC 2026","93","Arise","Technical","","","skwdAll","skwdAll",""
"passed","Sat Oct 10 02:44:14 UTC 2026","Sat Oct 10 02:44:14 UTC 2026","51","Dolphin","Functional","","","getCategoryListWlwWithPreferredSuperCategoryIdsTest","v-recommend category list -- wlw, with preferredSuperCategoryIds",""
"failed","Sat Oct 10 02:35:04 UTC 2026","Sat Oct 10 02:35:04 UTC 2026","0","3 Team Techno - UCL","Technical Tests","TopRanking","GET /unified_commercial_logic/internal_api/api/top_ranking_v1/{id} - Retrieve TopRankingV1 By ID","","GET /unified_commercial_logic/internal_api/api/top_ranking_v1/{id} - Retrieve TopRankingV1 By ID",""
"passed","Sat Oct 10 02:36:24 UTC 2026","Sat Oct 10 02:36:24 UTC 2026","31","1.1 Team Hummingbird - BFF | WLW app","Technical Tests","euro-pages-controller","DELETE /public_api/euro-pages/auth/delete [NEG] Expired Token","","DELETE /public_api/euro-pages/auth/delete [NEG] Expired Token",""
"failed","Sat Oct 10 02:36:06 UTC 2026","Sat Oct 10 02:36:06 UTC 2026","84","1.1 Team Hummingbird - BFF | WLW app","Endpoint tests","Company","Companies / products EN","","Companies / products EN",""
"failed","Sat Oct 10 02:35:10 UTC 2026","Sat Oct 10 02:35:10 UTC 2026","0","3 Team Techno - UCL","Technical Tests","Membership","GET /unified_commercial_logic/internal_api/api/membership/find_by_id/{id} - Retrieve Membership By ID","","GET /unified_commercial_logic/internal_api/api/membership/find_by_id/{id} - Retrieve Membership By ID",""
"skipped","Sat Oct 10 02:34:07 UTC 2026","Sat Oct 10 02:34:07 UTC 2026","0","7. Team Pegasus | Pegasus Staging","Spike | Profiles link user to company","(root)","10 MANUAL — company-editor basic-info (browser)","","10 MANUAL — company-editor basic-info (browser)",""
"passed","Sat Oct 10 02:36:26 UTC 2026","Sat Oct 10 02:36:26 UTC 2026","20","1.1 Team Hummingbird - BFF | WLW app","Technical Tests","inside-business-controller","GET /public_api/inside_business [NEG] Missing Auth/API-Key","","GET /public_api/inside_business [NEG] Missing Auth/API-Key",""
"passed","Sat Oct 10 02:36:07 UTC 2026","Sat Oct 10 02:36:08 UTC 2026","862","1.1 Team Hummingbird - BFF | WLW app","Endpoint tests","Search","search companies, EN","","search companies, EN",""
"passed","Sat Oct 10 02:36:06 UTC 2026","Sat Oct 10 02:36:07 UTC 2026","196","1.1 Team Hummingbird - BFF | WLW app","Endpoint tests","Company","branchIO dynamic link, share CPP","","branchIO dynamic link, share CPP",""
"passed","Sat Oct 10 02:44:14 UTC 2026","Sat Oct 10 02:44:14 UTC 2026","14","Dolphin","Functional","","","getLandingPageProductListTest","get Landing page Product List for seo",""
"failed","Sat Oct 10 02:35:31 UTC 2026","Sat Oct 10 02:35:32 UTC 2026","41","1 Team Hummingbird - BFF | EP app","Endpoint tests","Conversations","translate message","","translate message",""
"passed","Sat Oct 10 02:36:44 UTC 2026","Sat Oct 10 02:36:44 UTC 2026","29","1.1 Team Hummingbird - BFF | WLW app","Technical Tests","trending-products-controller","GET /public_api/trending/notifications [NEG] Expired Token","","GET /public_api/trending/notifications [NEG] Expired Token",""
"passed","Sat Oct 10 02:34:30 UTC 2026","Sat Oct 10 02:34:30 UTC 2026","47","4. Team CRM |CRM Staging","Business Scenarios Tests","Meetings","Smoke Test for Meeting","","Smoke Test for Meeting",""
"passed","Sat Oct 10 02:35:28 UTC 2026","Sat Oct 10 02:35:28 UTC 2026","266","1 Team Hummingbird - BFF | EP app","Endpoint tests","Company","Companies / products DE","","Companies / products DE",""
"failed","Sat Oct 10 02:35:07 UTC 2026","Sat Oct 10 02:35:07 UTC 2026","0","3 Team Techno - UCL","Technical Tests","Retargeting","GET /unified_commercial_logic/internal_api/api/retargeting - Retrieve Retargeting List","","GET /unified_commercial_logic/internal_api/api/retargeting - Retrieve Retargeting List",""
"skipped","Sat Oct 10 02:34:07 UTC 2026","Sat Oct 10 02:34:07 UTC 2026","0","7. Team Pegasus | Pegasus Staging","Business Scenarios Tests","Business Insights","Dashboard smoke flow","","Activity by uuid",""
"failed","Sat Oct 10 02:36:20 UTC 2026","Sat Oct 10 02:36:20 UTC 2026","11","1.1 Team Hummingbird - BFF | WLW app","Technical Tests","conversation-controller","GET /public_api/conversation/userConversations/{userId}/unreadCount [NEG] Missing Auth/API-Key","","GET /public_api/conversation/userConversations/{userId}/unreadCount [NEG] Missing Auth/API-Key",""
"passed","Sat Oct 10 02:36:16 UTC 2026","Sat Oct 10 02:36:16 UTC 2026","32","1.1 Team Hummingbird - BFF | WLW app","Technical Tests","conversation-controller","PUT /public_api/conversation/userConversations/{conversationId}/tag","","PUT /public_api/conversation/userConversations/{conversationId}/tag",""
"failed","Sat Oct 10 02:35:01 UTC 2026","Sat Oct 10 02:35:01 UTC 2026","0","3 Team Techno - UCL","Functional Tests","Endpoint Tests","membership","","get all membership for non-existing uuid",""
"skipped","Sat Oct 10 02:34:07 UTC 2026","Sat Oct 10 02:34:07 UTC 2026","0","7. Team Pegasus | Pegasus Staging","Endpoints Tests","Shop Import & Onboarding Backend","/offers - get offers","","/offers - get offers",""
"failed","Sat Oct 10 02:35:08 UTC 2026","Sat Oct 10 02:35:08 UTC 2026","0","3 Team Techno - UCL","Technical Tests","Organization","GET /unified_commercial_logic/internal_api/api/organization/ - Retrieve Organization List","","GET /unified_commercial_logic/internal_api/api/organization/ - Retrieve Organization List",""
"skipped","Sat Oct 10 02:34:07 UTC 2026","Sat Oct 10 02:34:07 UTC 2026","0","7. Team Pegasus | Pegasus Staging","Spike | Profiles link user to company","(root)","04 OAuth — User Storage token","","04 OAuth — User Storage token",""
"skipped","Sat Oct 10 02:34:07 UTC 2026","Sat Oct 10 02:34:07 UTC 2026","0","7. Team Pegasus | Pegasus Staging","Endpoints Tests","Business Insights","Product search","","Product search",""
"failed","Sat Oct 10 02:35:01 UTC 2026","Sat Oct 10 02:35:01 UTC 2026","0","3 Team Techno - UCL","Functional Tests","Endpoint Tests","membership","","get all membership for non-existing uuid",""
"failed","Sat Oct 10 02:36:35 UTC 2026","Sat Oct 10 02:36:35 UTC 2026","12","1.1 Team Hummingbird - BFF | WLW app","Technical Tests","push-notification-by-email-controller","PUT /v1/pushNotification [NEG] Expired Token","","PUT /v1/pushNotification [NEG] Expired Token",""
"failed","Sat Oct 10 02:35:29 UTC 2026","Sat Oct 10 02:35:30 UTC 2026","63","1 Team Hummingbird - BFF | EP app","Endpoint tests","Search","search track","","search track",""
"passed","Sat Oct 10 02:43:55 UTC 2026","Sat Oct 10 02:43:56 UTC 2026","1232","Dolphin","Technical","","","productTextSearchCountryFilterTest","AI product text search recall: country filter DE",""
"passed","Sat Oct 10 02:35:20 UTC 2026","Sat Oct 10 02:35:20 UTC 2026","32","Bamboo","Technical","","","searchCategoryByNameTest","searchCategoryByName",""
"failed","Sat Oct 10 02:35:10 UTC 2026","Sat Oct 10 02:35:10 UTC 2026","0","3 Team Techno - UCL","Technical Tests","Membership","GET /unified_commercial_logic/internal_api/api/membership/platform-profile-status/{sfuuid} - getStatus By SFUUID","","GET /unified_commercial_logic/internal_api/api/membership/platform-profile-status/{sfuuid} - getStatus By SFUUID",""
"failed","Sat Oct 10 02:35:31 UTC 2026","Sat Oct 10 02:35:31 UTC 2026","38","1 Team Hummingbird - BFF | EP app","Endpoint tests","Conversations","user conversations to decline request","","user conversations to decline request",""
"passed","Sat Oct 10 02:44:14 UTC 2026","Sat Oct 10 02:44:15 UTC 2026","88","Dolphin","Functional","","","homepageProductRecommendTest","homepage product recommend -- wlw",""
"failed","Sat Oct 10 02:36:41 UTC 2026","Sat Oct 10 02:36:41 UTC 2026","12","1.1 Team Hummingbird - BFF | WLW app","Technical Tests","supplier-visitors-controller","GET /public_api/suppliers/{supplier_id}/visits [NEG] Missing Auth/API-Key","","GET /public_api/suppliers/{supplier_id}/visits [NEG] Missing Auth/API-Key",""
"passed","Sat Oct 10 02:36:17 UTC 2026","Sat Oct 10 02:36:17 UTC 2026","30","1.1 Team Hummingbird - BFF | WLW app","Technical Tests","conversation-controller","PUT /public_api/conversation/userConversations/{conversationId}/tag [NEG] Expired Token","","PUT /public_api/conversation/userConversations/{conversationId}/tag [NEG] Expired Token",""
"failed","Sat Oct 10 02:35:09 UTC 2026","Sat Oct 10 02:35:09 UTC 2026","0","3 Team Techno - UCL","Technical Tests","Membership","GET /unified_commercial_logic/internal_api/api/membership/{id} - Retrieve Membership fields By ID","","GET /unified_commercial_logic/internal_api/api/membership/{id} - Retrieve Membership fields By ID",""
"failed","Sat Oct 10 02:35:01 UTC 2026","Sat Oct 10 02:35:01 UTC 2026","0","3 Team Techno - UCL","Functional Tests","Endpoint Tests","WebsiteLead","","get all active on ep for given existing uuid",""
"failed","Sat Oct 10 02:36:30 UTC 2026","Sat Oct 10 02:36:30 UTC 2026","14","1.1 Team Hummingbird - BFF | WLW app","Technical Tests","product-controller","GET /public_api/products [NEG] Missing Auth/API-Key","","GET /public_api/products [NEG] Missing Auth/API-Key",""
"failed","Sat Oct 10 02:36:10 UTC 2026","Sat Oct 10 02:36:10 UTC 2026","46","1.1 Team Hummingbird - BFF | WLW app","Endpoint tests","Visitor profiler","Visitor ID","","Visitor ID",""
"skipped","Sat Oct 10 02:34:07 UTC 2026","Sat Oct 10 02:34:07 UTC 2026","0","7. Team Pegasus | Pegasus Staging","Endpoints Tests","Shop Import & Onboarding Backend","/import/status","","/import/status",""
"passed","Sat Oct 10 02:36:04 UTC 2026","Sat Oct 10 02:36:04 UTC 2026","15","1.1 Team Hummingbird - BFF | WLW app","Endpoint tests","Support","Support FAQ_EN","","Support FAQ_EN",""
"failed","Sat Oct 10 02:36:23 UTC 2026","Sat Oct 10 02:36:23 UTC 2026","10","1.1 Team Hummingbird - BFF | WLW app","Technical Tests","conversation-controller","GET /public_api/conversation/userConversations/{conversationId}/file/ [SEC] Injection Probe","","GET /public_api/conversation/userConversations/{conversationId}/file/ [SEC] Injection Probe",""
"failed","Sat Oct 10 02:36:14 UTC 2026","Sat Oct 10 02:36:14 UTC 2026","12","1.1 Team Hummingbird - BFF | WLW app","Technical Tests","categories-controller","GET /preferred/categories [NEG] Forbidden Role Token","","GET /preferred/categories [NEG] Forbidden Role Token",""
"failed","Sat Oct 10 02:36:21 UTC 2026","Sat Oct 10 02:36:21 UTC 2026","13","1.1 Team Hummingbird - BFF | WLW app","Technical Tests","conversation-controller","GET /public_api/conversation/userConversations/{userId}/unreadCount/ [NEG] Missing Auth/API-Key","","GET /public_api/conversation/userConversations/{userId}/unreadCount/ [NEG] Missing Auth/API-Key",""
"failed","Sat Oct 10 02:34:31 UTC 2026","Sat Oct 10 02:34:31 UTC 2026","48","4. Team CRM |CRM Staging","Endpoints Tests","(root)","Create Note with sf id Copy","","Create Note with sf id Copy",""
"failed","Sat Oct 10 02:36:33 UTC 2026","Sat Oct 10 02:36:33 UTC 2026","13","1.1 Team Hummingbird - BFF | WLW app","Technical Tests","purchaser-user-setting-controller","GET /userSetting [NEG] Forbidden Role Token","","GET /userSetting [NEG] Forbidden Role Token",""
"passed","Sat Oct 10 02:36:07 UTC 2026","Sat Oct 10 02:36:08 UTC 2026","516","1.1 Team Hummingbird - BFF | WLW app","Endpoint tests","Search","Product Search FR","","Product Search FR",""
"passed","Sat Oct 10 02:35:33 UTC 2026","Sat Oct 10 02:35:33 UTC 2026","81","1 Team Hummingbird - BFF | EP app","Endpoint tests","(root)","Log out","","Log out",""
"passed","Sat Oct 10 02:36:34 UTC 2026","Sat Oct 10 02:36:34 UTC 2026","17","1.1 Team Hummingbird - BFF | WLW app","Technical Tests","purchaser-user-setting-controller","POST /userSetting [NEG] Missing Auth/API-Key","","POST /userSetting [NEG] Missing Auth/API-Key",""
"broken","Sat Oct 10 02:39:13 UTC 2026","Sat Oct 10 02:39:33 UTC 2026","20006","Dolphin","Technical","","","recallPageSizeZeroNormalizedTest","AI Search recall: pageSize=0 normalized to default",""
"broken","Sat Oct 10 02:43:14 UTC 2026","Sat Oct 10 02:43:35 UTC 2026","20707","Dolphin","Technical","","","productInferenceShortQueryTest","AI product search inference: minimal searchText boundary",""
"failed","Sat Oct 10 02:36:10 UTC 2026","Sat Oct 10 02:36:10 UTC 2026","61","1.1 Team Hummingbird - BFF | WLW app","Endpoint tests","Visitor profiler","csv get","","csv get",""
"passed","Sat Oct 10 02:36:19 UTC 2026","Sat Oct 10 02:36:19 UTC 2026","65","1.1 Team Hummingbird - BFF | WLW app","Technical Tests","conversation-controller","POST /public_api/conversation/userConversations/{conversationId}/messages/{messageId}/translate","","POST /public_api/conversation/userConversations/{conversationId}/messages/{messageId}/translate",""
"failed","Sat Oct 10 02:35:10 UTC 2026","Sat Oct 10 02:35:10 UTC 2026","0","3 Team Techno - UCL","Technical Tests","Membership","GET /unified_commercial_logic/internal_api/api/membership/platform-profile-status/{sfuuid} - getStatus By SFUUID","","GET /unified_commercial_logic/internal_api/api/membership/platform-profile-status/{sfuuid} - getStatus By SFUUID",""
"failed","Sat Oct 10 02:35:12 UTC 2026","Sat Oct 10 02:35:12 UTC 2026","0","3 Team Techno - UCL","Technical Tests","GoogleAd","GET /unified_commercial_logic/internal_api/api/google_ad/ - Retrieve GoogleAd List","","GET /unified_commercial_logic/internal_api/api/google_ad/ - Retrieve GoogleAd List",""
"passed","Sat Oct 10 02:34:28 UTC 2026","Sat Oct 10 02:34:28 UTC 2026","53","4. Team CRM |CRM Staging","Business Scenarios Tests","Disable Hubspot","Check hubspot is false","","Check hubspot is false",""
"failed","Sat Oct 10 02:35:05 UTC 2026","Sat Oct 10 02:35:05 UTC 2026","0","3 Team Techno - UCL","Technical Tests","SponsoredBrand","GET /unified_commercial_logic/internal_api/api/sponsored_brand_v1/{id} - Retrieve SponsoredBrandV1 By ID","","GET /unified_commercial_logic/internal_api/api/sponsored_brand_v1/{id} - Retrieve SponsoredBrandV1 By ID",""
"passed","Sat Oct 10 02:36:43 UTC 2026","Sat Oct 10 02:36:43 UTC 2026","29","1.1 Team Hummingbird - BFF | WLW app","Technical Tests","trending-products-controller","POST /public_api/trending/import [NEG] Forbidden Role Token","","POST /public_api/trending/import [NEG] Forbidden Role Token",""
"passed","Sat Oct 10 02:44:07 UTC 2026","Sat Oct 10 02:44:07 UTC 2026","664","Dolphin","Functional","","","productTextSearchSortTest","AI product text search recall: alternate sort",""
"passed","Sat Oct 10 02:34:30 UTC 2026","Sat Oct 10 02:34:30 UTC 2026","60","4. Team CRM |CRM Staging","Business Scenarios Tests","Platform Profile","Update Platform Profile","","Update Platform Profile",""
"passed","Sat Oct 10 02:36:44 UTC 2026","Sat Oct 10 02:36:44 UTC 2026","15","1.1 Team Hummingbird - BFF | WLW app","Technical Tests","user-controller","GET /public_api/user/userInfo [NEG] Missing Auth/API-Key","","GET /public_api/user/userInfo [NEG] Missing Auth/API-Key",""
"failed","Sat Oct 10 02:35:09 UTC 2026","Sat Oct 10 02:35:09 UTC 2026","0","3 Team Techno - UCL","Technical Tests","Membership","GET /unified_commercial_logic/internal_api/api/membership/v2 - Retrieve Membership V2 List","","GET /unified_commercial_logic/internal_api/api/membership/v2 - Retrieve Membership V2 List",""
"skipped","Sat Oct 10 02:34:07 UTC 2026","Sat Oct 10 02:34:07 UTC 2026","0","7. Team Pegasus | Pegasus Staging","Endpoints Tests","Membership Management (PGS-861)","POST /companies — create with UTM (PGS-861)","","POST /companies — create with UTM (PGS-861)",""
"passed","Sat Oct 10 02:34:29 UTC 2026","Sat Oct 10 02:34:29 UTC 2026","39","4. Team CRM |CRM Staging","Business Scenarios Tests","Disable Hubspot","Check hubspot is true","","Check hubspot is true",""
"passed","Sat Oct 10 02:36:11 UTC 2026","Sat Oct 10 02:36:11 UTC 2026","61","1.1 Team Hummingbird - BFF | WLW app","Technical Tests","ai-company-search-controller","POST /public_api/search/ai/supplier/recall [NEG] Missing Auth/API-Key","","POST /public_api/search/ai/supplier/recall [NEG] Missing Auth/API-Key",""
"failed","Sat Oct 10 02:35:03 UTC 2026","Sat Oct 10 02:35:03 UTC 2026","0","3 Team Techno - UCL","Technical Tests","WebsiteLead","GET /unified_commercial_logic/internal_api/api/website_lead/ - Retrieve WebsiteLead List","","GET /unified_commercial_logic/internal_api/api/website_lead/ - Retrieve WebsiteLead List",""
"passed","Sat Oct 10 02:36:19 UTC 2026","Sat Oct 10 02:36:19 UTC 2026","33","1.1 Team Hummingbird - BFF | WLW app","Technical Tests","conversation-controller","POST /public_api/conversation/userConversations/{conversationId}/messages/{messageId}/translate [NEG] Forbidden Role Token","","POST /public_api/conversation/userConversations/{conversationId}/messages/{messageId}/translate [NEG] Forbidden Role Token",""
"failed","Sat Oct 10 02:35:01 UTC 2026","Sat Oct 10 02:35:01 UTC 2026","0","3 Team Techno - UCL","Functional Tests","Endpoint Tests","membership","","get all active membership for business_partner_id",""
"failed","Sat Oct 10 02:36:15 UTC 2026","Sat Oct 10 02:36:15 UTC 2026","12","1.1 Team Hummingbird - BFF | WLW app","Technical Tests","company-controller","GET /public_api/suppliers/{companyID}/listings [SEC] Injection Probe","","GET /public_api/suppliers/{companyID}/listings [SEC] Injection Probe",""
"passed","Sat Oct 10 02:36:12 UTC 2026","Sat Oct 10 02:36:12 UTC 2026","36","1.1 Team Hummingbird - BFF | WLW app","Technical Tests","ai-company-search-controller","POST /public_api/search/ai/supplier/pv-match [NEG] Expired Token","","POST /public_api/search/ai/supplier/pv-match [NEG] Expired Token",""
"passed","Sat Oct 10 02:34:37 UTC 2026","Sat Oct 10 02:34:37 UTC 2026","8","2 Team Dragon - BFF | RFQ Backend","Technical Tests","(root)","GET /v1/user - User Info + Roles + Negative Auth","","GET /v1/user - User Info + Roles + Negative Auth",""
"failed","Sat Oct 10 02:36:41 UTC 2026","Sat Oct 10 02:36:41 UTC 2026","14","1.1 Team Hummingbird - BFF | WLW app","Technical Tests","search-term-controller","POST /public_api/search/track [NEG] Missing Auth/API-Key","","POST /public_api/search/track [NEG] Missing Auth/API-Key",""
"passed","Sat Oct 10 02:34:37 UTC 2026","Sat Oct 10 02:34:37 UTC 2026","8","2 Team Dragon - BFF | RFQ Backend","Technical Tests","(root)","GET /v1/rfqs/{rfqId} - Details (Schema + Auth Orchestration)","","GET /v1/rfqs/{rfqId} - Details (Schema + Auth Orchestration)",""
"failed","Sat Oct 10 02:36:40 UTC 2026","Sat Oct 10 02:36:40 UTC 2026","14","1.1 Team Hummingbird - BFF | WLW app","Technical Tests","search-controller","GET /public_api/categories/recommendations [NEG] Expired Token","","GET /public_api/categories/recommendations [NEG] Expired Token",""
"passed","Sat Oct 10 02:36:40 UTC 2026","Sat Oct 10 02:36:40 UTC 2026","32","1.1 Team Hummingbird - BFF | WLW app","Technical Tests","search-controller","GET /public_api/categories/recommendations [SEC] Injection Probe","","GET /public_api/categories/recommendations [SEC] Injection Probe",""
"broken","Sat Oct 10 02:35:19 UTC 2026","Sat Oct 10 02:35:20 UTC 2026","472","Bamboo","Technical","","","findCategoryByIdTest","findCategoryById",""
"failed","Sat Oct 10 02:35:04 UTC 2026","Sat Oct 10 02:35:04 UTC 2026","0","3 Team Techno - UCL","Technical Tests","TopRanking","GET /unified_commercial_logic/internal_api/api/top_ranking_v1/{id} - Retrieve TopRankingV1 By ID","","GET /unified_commercial_logic/internal_api/api/top_ranking_v1/{id} - Retrieve TopRankingV1 By ID",""
"failed","Sat Oct 10 02:36:03 UTC 2026","Sat Oct 10 02:36:04 UTC 2026","545","1.1 Team Hummingbird - BFF | WLW app","Endpoint tests","Login","registration","","registration",""
"failed","Sat Oct 10 02:35:25 UTC 2026","Sat Oct 10 02:35:25 UTC 2026","99","1 Team Hummingbird - BFF | EP app","Endpoint tests","Login","user Info","","user Info",""
"broken","Sat Oct 10 02:40:33 UTC 2026","Sat Oct 10 02:40:53 UTC 2026","20025","Dolphin","Functional","","","recallSingleFilterTest","AI Search recall: single filter (verified=true)",""
"failed","Sat Oct 10 02:36:15 UTC 2026","Sat Oct 10 02:36:15 UTC 2026","12","1.1 Team Hummingbird - BFF | WLW app","Technical Tests","company-controller","GET /public_api/suppliers/{companyID}/listings","","GET /public_api/suppliers/{companyID}/listings",""
"passed","Sat Oct 10 02:35:26 UTC 2026","Sat Oct 10 02:35:26 UTC 2026","24","1 Team Hummingbird - BFF | EP app","Endpoint tests","Support","Support FAQ_DE","","Support FAQ_DE",""
"passed","Sat Oct 10 02:34:28 UTC 2026","Sat Oct 10 02:34:28 UTC 2026","76","4. Team CRM |CRM Staging","Business Scenarios Tests","Account","Trigger SAP Customer number","","Trigger SAP Customer number",""
"broken","Sat Oct 10 02:41:13 UTC 2026","Sat Oct 10 02:41:34 UTC 2026","20543","Dolphin","Functional","","","recallTest","AI Search recall (supplierTextSearch) API using params from inference",""
"passed","Sat Oct 10 02:35:26 UTC 2026","Sat Oct 10 02:35:26 UTC 2026","17","1 Team Hummingbird - BFF | EP app","Endpoint tests","Support","FAQ Alibaba","","FAQ Alibaba",""
"passed","Sat Oct 10 02:44:10 UTC 2026","Sat Oct 10 02:44:11 UTC 2026","1435","Dolphin","Technical","","","EPOtherStoreProductRecommendTest","product other store recommend",""
"passed","Sat Oct 10 02:34:28 UTC 2026","Sat Oct 10 02:34:28 UTC 2026","61","4. Team CRM |CRM Staging","Business Scenarios Tests","Create and edit a contact","Edit contact","","Edit contact",""
"failed","Sat Oct 10 02:35:07 UTC 2026","Sat Oct 10 02:35:07 UTC 2026","0","3 Team Techno - UCL","Technical Tests","Retargeting","GET /unified_commercial_logic/internal_api/api/retargeting - Retrieve Retargeting List","","GET /unified_commercial_logic/internal_api/api/retargeting - Retrieve Retargeting List",""
"passed","Sat Oct 10 02:35:25 UTC 2026","Sat Oct 10 02:35:26 UTC 2026","608","1 Team Hummingbird - BFF | EP app","Endpoint tests","Login","native email login purchaser","","native email login purchaser",""
"passed","Sat Oct 10 02:44:10 UTC 2026","Sat Oct 10 02:44:10 UTC 2026","158","Dolphin","Functional","","","EPHomepageProductRecommendTest","homepage product recommend -- ep",""
"passed","Sat Oct 10 02:36:26 UTC 2026","Sat Oct 10 02:36:26 UTC 2026","31","1.1 Team Hummingbird - BFF | WLW app","Technical Tests","help-and-support-controller","POST /help [NEG] Expired Token","","POST /help [NEG] Expired Token",""
"broken","Sat Oct 10 02:42:14 UTC 2026","Sat Oct 10 02:42:34 UTC 2026","20017","Dolphin","Technical","","","termRecommendBlankLanguageTest","AI Search term recommend: blank language → business failure",""
"passed","Sat Oct 10 02:36:27 UTC 2026","Sat Oct 10 02:36:27 UTC 2026","34","1.1 Team Hummingbird - BFF | WLW app","Technical Tests","login-controller","POST /public_api/auth/session/extend [NEG] Forbidden Role Token","","POST /public_api/auth/session/extend [NEG] Forbidden Role Token",""
"failed","Sat Oct 10 02:36:18 UTC 2026","Sat Oct 10 02:36:18 UTC 2026","12","1.1 Team Hummingbird - BFF | WLW app","Technical Tests","conversation-controller","GET /public_api/conversation/userConversations/{conversationId}/messages [NEG] Forbidden Role Token","","GET /public_api/conversation/userConversations/{conversationId}/messages [NEG] Forbidden Role Token",""
"failed","Sat Oct 10 02:34:29 UTC 2026","Sat Oct 10 02:34:29 UTC 2026","38","4. Team CRM |CRM Staging","Business Scenarios Tests","Lead","Get a Lead","","Get a Lead",""
"failed","Sat Oct 10 02:35:08 UTC 2026","Sat Oct 10 02:35:08 UTC 2026","0","3 Team Techno - UCL","Technical Tests","Organization","GET /unified_commercial_logic/internal_api/api/organization/ - Retrieve Organization List","","GET /unified_commercial_logic/internal_api/api/organization/ - Retrieve Organization List",""
"passed","Sat Oct 10 02:36:16 UTC 2026","Sat Oct 10 02:36:16 UTC 2026","20","1.1 Team Hummingbird - BFF | WLW app","Technical Tests","company-controller","GET /public_api/company/{id} [NEG] Missing Auth/API-Key","","GET /public_api/company/{id} [NEG] Missing Auth/API-Key",""
"failed","Sat Oct 10 02:35:26 UTC 2026","Sat Oct 10 02:35:26 UTC 2026","48","1 Team Hummingbird - BFF | EP app","Endpoint tests","Login","extend session","","extend session",""
"failed","Sat Oct 10 02:35:03 UTC 2026","Sat Oct 10 02:35:03 UTC 2026","0","3 Team Techno - UCL","Technical Tests","WebsiteLead","GET /unified_commercial_logic/internal_api/api/website_lead/ - Retrieve WebsiteLead List","","GET /unified_commercial_logic/internal_api/api/website_lead/ - Retrieve WebsiteLead List",""
"failed","Sat Oct 10 02:35:10 UTC 2026","Sat Oct 10 02:35:10 UTC 2026","0","3 Team Techno - UCL","Technical Tests","Membership","GET /unified_commercial_logic/internal_api/api/membership/ - Retrieve Membership List","","GET /unified_commercial_logic/internal_api/api/membership/ - Retrieve Membership List",""
"failed","Sat Oct 10 02:35:02 UTC 2026","Sat Oct 10 02:35:02 UTC 2026","0","3 Team Techno - UCL","Functional Tests","Endpoint Tests","Organization","","get organization for the given supplier_facts_uuid",""
"failed","Sat Oct 10 02:36:41 UTC 2026","Sat Oct 10 02:36:41 UTC 2026","11","1.1 Team Hummingbird - BFF | WLW app","Technical Tests","supplier-visitors-controller","GET /public_api/suppliers/{supplier_id}/visits [NEG] Expired Token","","GET /public_api/suppliers/{supplier_id}/visits [NEG] Expired Token",""
"passed","Sat Oct 10 02:36:24 UTC 2026","Sat Oct 10 02:36:24 UTC 2026","31","1.1 Team Hummingbird - BFF | WLW app","Technical Tests","euro-pages-controller","PUT /public_api/euro-pages/auth/delete","","PUT /public_api/euro-pages/auth/delete",""
"passed","Sat Oct 10 02:35:30 UTC 2026","Sat Oct 10 02:35:30 UTC 2026","719","1 Team Hummingbird - BFF | EP app","Endpoint tests","RFQ","post RFQ","","post RFQ",""
"failed","Sat Oct 10 02:36:40 UTC 2026","Sat Oct 10 02:36:40 UTC 2026","11","1.1 Team Hummingbird - BFF | WLW app","Technical Tests","search-controller","GET /public_api/categories/recommendations [NEG] Forbidden Role Token","","GET /public_api/categories/recommendations [NEG] Forbidden Role Token",""
"failed","Sat Oct 10 02:35:03 UTC 2026","Sat Oct 10 02:35:03 UTC 2026","0","3 Team Techno - UCL","Functional Tests","Endpoint Tests","Retargeting","","get active retargeting for the given uuid",""
"skipped","Sat Oct 10 02:34:26 UTC 2026","Sat Oct 10 02:34:26 UTC 2026","0","4. Team CRM |CRM Staging","Endpoints Tests","Users","Custom Endpoints","","Endpoints Tests / Users / Custom Endpoints - empty",""
"failed","Sat Oct 10 02:36:10 UTC 2026","Sat Oct 10 02:36:10 UTC 2026","0","1.1 Team Hummingbird - BFF | WLW app","Endpoint tests","Visitor profiler","download visitors csv","","download visitors csv",""
"failed","Sat Oct 10 02:35:31 UTC 2026","Sat Oct 10 02:35:32 UTC 2026","1104","1 Team Hummingbird - BFF | EP app","Endpoint tests","Contact request","Product request","","Product request",""
"failed","Sat Oct 10 02:35:27 UTC 2026","Sat Oct 10 02:35:27 UTC 2026","43","1 Team Hummingbird - BFF | EP app","Endpoint tests","Support","notifications list","","notifications list",""
"skipped","Sat Oct 10 02:34:07 UTC 2026","Sat Oct 10 02:34:07 UTC 2026","0","7. Team Pegasus | Pegasus Staging","Endpoints Tests","Shop Import & Onboarding Backend","/offers/keywordSuggestion","","/offers/keywordSuggestion",""
"failed","Sat Oct 10 02:35:11 UTC 2026","Sat Oct 10 02:35:11 UTC 2026","0","3 Team Techno - UCL","Technical Tests","GoogleAd","GET /unified_commercial_logic/internal_api/api/google_ad/{id} - Retrieve GoogleAd By ID","","GET /unified_commercial_logic/internal_api/api/google_ad/{id} - Retrieve GoogleAd By ID",""
"failed","Sat Oct 10 02:36:31 UTC 2026","Sat Oct 10 02:36:31 UTC 2026","11","1.1 Team Hummingbird - BFF | WLW app","Technical Tests","product-controller","GET /public_api/companies/{supplierPublicId}/products [SEC] Injection Probe","","GET /public_api/companies/{supplierPublicId}/products [SEC] Injection Probe",""
"passed","Sat Oct 10 02:36:44 UTC 2026","Sat Oct 10 02:36:44 UTC 2026","30","1.1 Team Hummingbird - BFF | WLW app","Technical Tests","user-controller","GET /public_api/user/userInfo [NEG] Expired Token","","GET /public_api/user/userInfo [NEG] Expired Token",""
"passed","Sat Oct 10 02:36:29 UTC 2026","Sat Oct 10 02:36:29 UTC 2026","29","1.1 Team Hummingbird - BFF | WLW app","Technical Tests","login-controller","POST /public_api/auth/changePassword [NEG] Expired Token","","POST /public_api/auth/changePassword [NEG] Expired Token",""
"passed","Sat Oct 10 02:35:28 UTC 2026","Sat Oct 10 02:35:28 UTC 2026","36","1 Team Hummingbird - BFF | EP app","Endpoint tests","Company","Company ID FR","","Company ID FR",""
"passed","Sat Oct 10 02:36:19 UTC 2026","Sat Oct 10 02:36:19 UTC 2026","38","1.1 Team Hummingbird - BFF | WLW app","Technical Tests","conversation-controller","POST /public_api/conversation/userConversations/{conversationId}/messages [NEG] Forbidden Role Token","","POST /public_api/conversation/userConversations/{conversationId}/messages [NEG] Forbidden Role Token",""
"passed","Sat Oct 10 02:35:30 UTC 2026","Sat Oct 10 02:35:30 UTC 2026","151","1 Team Hummingbird - BFF | EP app","Endpoint tests","Homepage, products","product recommendations DE","","product recommendations DE",""
"broken","Sat Oct 10 02:37:33 UTC 2026","Sat Oct 10 02:37:53 UTC 2026","20015","Dolphin","Technical","","","recallIllegalSortPassthroughTest","AI Search recall: illegal sort passthrough (no param fail)",""
"failed","Sat Oct 10 02:35:12 UTC 2026","Sat Oct 10 02:35:12 UTC 2026","0","3 Team Techno - UCL","Technical Tests","GoogleAd","GET /unified_commercial_logic/internal_api/api/google_ad - Retrieve GoogleAd List","","GET /unified_commercial_logic/internal_api/api/google_ad - Retrieve GoogleAd List",""
"failed","Sat Oct 10 02:35:02 UTC 2026","Sat Oct 10 02:35:02 UTC 2026","0","3 Team Techno - UCL","Functional Tests","Endpoint Tests","TopRanking","","get all active on wlw for the given uuid",""
"passed","Sat Oct 10 02:36:07 UTC 2026","Sat Oct 10 02:36:07 UTC 2026","60","1.1 Team Hummingbird - BFF | WLW app","Endpoint tests","Search","search autoComplete DE","","search autoComplete DE",""
"passed","Sat Oct 10 02:36:16 UTC 2026","Sat Oct 10 02:36:16 UTC 2026","31","1.1 Team Hummingbird - BFF | WLW app","Technical Tests","company-controller","GET /public_api/company/{id} [NEG] Expired Token","","GET /public_api/company/{id} [NEG] Expired Token",""
"failed","Sat Oct 10 02:35:06 UTC 2026","Sat Oct 10 02:35:06 UTC 2026","0","3 Team Techno - UCL","Technical Tests","SponsoredBrand","GET /unified_commercial_logic/internal_api/api/sponsored_brand_v1 - Retrieve SponsoredBrandV1 List","","GET /unified_commercial_logic/internal_api/api/sponsored_brand_v1 - Retrieve SponsoredBrandV1 List",""
"failed","Sat Oct 10 02:35:05 UTC 2026","Sat Oct 10 02:35:05 UTC 2026","0","3 Team Techno - UCL","Technical Tests","TopRanking","GET /unified_commercial_logic/internal_api/api/top_ranking_v1 - Retrieve TopRankingV1 List","","GET /unified_commercial_logic/internal_api/api/top_ranking_v1 - Retrieve TopRankingV1 List",""
"failed","Sat Oct 10 02:35:06 UTC 2026","Sat Oct 10 02:35:06 UTC 2026","0","3 Team Techno - UCL","Technical Tests","SponsoredBrand","GET /unified_commercial_logic/internal_api/api/sponsored_brand_v1/ - Retrieve SponsoredBrandV1 List","","GET /unified_commercial_logic/internal_api/api/sponsored_brand_v1/ - Retrieve SponsoredBrandV1 List",""
"passed","Sat Oct 10 02:35:27 UTC 2026","Sat Oct 10 02:35:27 UTC 2026","17","1 Team Hummingbird - BFF | EP app","Endpoint tests","Mobile_Feedback","Feedback Subject_FR","","Feedback Subject_FR",""
"passed","Sat Oct 10 02:36:11 UTC 2026","Sat Oct 10 02:36:11 UTC 2026","31","1.1 Team Hummingbird - BFF | WLW app","Technical Tests","ai-company-search-controller","POST /public_api/search/ai/supplier/recall [NEG] Forbidden Role Token","","POST /public_api/search/ai/supplier/recall [NEG] Forbidden Role Token",""
"failed","Sat Oct 10 02:36:03 UTC 2026","Sat Oct 10 02:36:03 UTC 2026","52","1.1 Team Hummingbird - BFF | WLW app","Endpoint tests","Login","user Info","","user Info",""
"failed","Sat Oct 10 02:35:07 UTC 2026","Sat Oct 10 02:35:07 UTC 2026","0","3 Team Techno - UCL","Technical Tests","Retargeting","GET /unified_commercial_logic/internal_api/api/retargeting - Retrieve Retargeting List","","GET /unified_commercial_logic/internal_api/api/retargeting - Retrieve Retargeting List",""
"skipped","Sat Oct 10 02:34:07 UTC 2026","Sat Oct 10 02:34:07 UTC 2026","0","7. Team Pegasus | Pegasus Staging","Endpoints Tests","Supplier Registration","EP","","leads/get - Get a lead",""
"failed","Sat Oct 10 02:35:10 UTC 2026","Sat Oct 10 02:35:10 UTC 2026","0","3 Team Techno - UCL","Technical Tests","Membership","GET /unified_commercial_logic/internal_api/api/membership/find_by_id/{id} - Retrieve Membership By ID","","GET /unified_commercial_logic/internal_api/api/membership/find_by_id/{id} - Retrieve Membership By ID",""
"failed","Sat Oct 10 02:35:04 UTC 2026","Sat Oct 10 02:35:04 UTC 2026","0","3 Team Techno - UCL","Technical Tests","TopRanking","GET /unified_commercial_logic/internal_api/api/top_ranking_v1 - Retrieve TopRankingV1 List","","GET /unified_commercial_logic/internal_api/api/top_ranking_v1 - Retrieve TopRankingV1 List",""
"failed","Sat Oct 10 02:35:07 UTC 2026","Sat Oct 10 02:35:07 UTC 2026","0","3 Team Techno - UCL","Technical Tests","Retargeting","GET /unified_commercial_logic/internal_api/api/retargeting/{id} - Retrieve Retargeting By ID","","GET /unified_commercial_logic/internal_api/api/retargeting/{id} - Retrieve Retargeting By ID",""
"failed","Sat Oct 10 02:35:09 UTC 2026","Sat Oct 10 02:35:09 UTC 2026","0","3 Team Techno - UCL","Technical Tests","Membership","GET /unified_commercial_logic/internal_api/api/membership/v2 - Retrieve Membership V2 List","","GET /unified_commercial_logic/internal_api/api/membership/v2 - Retrieve Membership V2 List",""
"skipped","Sat Oct 10 02:34:07 UTC 2026","Sat Oct 10 02:34:07 UTC 2026","0","7. Team Pegasus | Pegasus Staging","Endpoints Tests","Business Insights","Dashboard","","Dashboard",""
"failed","Sat Oct 10 02:36:41 UTC 2026","Sat Oct 10 02:36:41 UTC 2026","12","1.1 Team Hummingbird - BFF | WLW app","Technical Tests","search-term-controller","POST /public_api/search/track","","POST /public_api/search/track",""
"passed","Sat Oct 10 02:36:11 UTC 2026","Sat Oct 10 02:36:11 UTC 2026","31","1.1 Team Hummingbird - BFF | WLW app","Technical Tests","ai-company-search-controller","POST /public_api/search/ai/supplier/recall","","POST /public_api/search/ai/supplier/recall",""
"failed","Sat Oct 10 02:34:31 UTC 2026","Sat Oct 10 02:34:31 UTC 2026","54","4. Team CRM |CRM Staging","Endpoints Tests","(root)","sync event to trigger the RFC lead process","","sync event to trigger the RFC lead process",""
"passed","Sat Oct 10 02:36:19 UTC 2026","Sat Oct 10 02:36:19 UTC 2026","30","1.1 Team Hummingbird - BFF | WLW app","Technical Tests","conversation-controller","POST /public_api/conversation/userConversations/{conversationId}/messages/file/ [NEG] Expired Token","","POST /public_api/conversation/userConversations/{conversationId}/messages/file/ [NEG] Expired Token",""
"skipped","Sat Oct 10 02:34:07 UTC 2026","Sat Oct 10 02:34:07 UTC 2026","0","7. Team Pegasus | Pegasus Staging","Endpoints Tests","Supplier Registration","EP","","vat/check - Validate VAT number",""
"skipped","Sat Oct 10 02:34:07 UTC 2026","Sat Oct 10 02:34:07 UTC 2026","0","7. Team Pegasus | Pegasus Staging","Endpoints Tests","Supplier Registration","EP","","{{supplierRegistrationBackendBaseUrlForGetRequests}}/api/business_sectors/index?lang=en&query=Biscuits",""
"failed","Sat Oct 10 02:36:04 UTC 2026","Sat Oct 10 02:36:04 UTC 2026","36","1.1 Team Hummingbird - BFF | WLW app","Endpoint tests","Login","resend code","","resend code",""
"passed","Sat Oct 10 02:36:18 UTC 2026","Sat Oct 10 02:36:18 UTC 2026","34","1.1 Team Hummingbird - BFF | WLW app","Technical Tests","conversation-controller","POST /public_api/conversation/userConversations/{conversationId}/messages [NEG] Missing Auth/API-Key","","POST /public_api/conversation/userConversations/{conversationId}/messages [NEG] Missing Auth/API-Key",""
"passed","Sat Oct 10 02:36:28 UTC 2026","Sat Oct 10 02:36:28 UTC 2026","33","1.1 Team Hummingbird - BFF | WLW app","Technical Tests","login-controller","POST /public_api/auth/registration [NEG] Forbidden Role Token","","POST /public_api/auth/registration [NEG] Forbidden Role Token",""
"passed","Sat Oct 10 02:35:20 UTC 2026","Sat Oct 10 02:35:20 UTC 2026","258","Arise","Technical","","","skwd","skwd",""
"broken","Sat Oct 10 02:42:34 UTC 2026","Sat Oct 10 02:42:54 UTC 2026","20017","Dolphin","Functional","","","termRecommendNoMockTest","AI Search term recommend API without mock",""
"passed","Sat Oct 10 02:36:23 UTC 2026","Sat Oct 10 02:36:23 UTC 2026","17","1.1 Team Hummingbird - BFF | WLW app","Technical Tests","dynamic-links-controller","POST /public_api/branchio/dynamiclink [NEG] Missing Auth/API-Key","","POST /public_api/branchio/dynamiclink [NEG] Missing Auth/API-Key",""
"failed","Sat Oct 10 02:36:37 UTC 2026","Sat Oct 10 02:36:37 UTC 2026","12","1.1 Team Hummingbird - BFF | WLW app","Technical Tests","search-controller","GET /public_api/search [NEG] Missing Auth/API-Key","","GET /public_api/search [NEG] Missing Auth/API-Key",""
"failed","Sat Oct 10 02:36:05 UTC 2026","Sat Oct 10 02:36:05 UTC 2026","16","1.1 Team Hummingbird - BFF | WLW app","Endpoint tests","Support","currency daily rates","","currency daily rates",""
"failed","Sat Oct 10 02:35:09 UTC 2026","Sat Oct 10 02:35:09 UTC 2026","0","3 Team Techno - UCL","Technical Tests","Membership","GET /unified_commercial_logic/internal_api/api/membership/v2 - Retrieve Membership V2 List","","GET /unified_commercial_logic/internal_api/api/membership/v2 - Retrieve Membership V2 List",""
"failed","Sat Oct 10 02:35:06 UTC 2026","Sat Oct 10 02:35:06 UTC 2026","0","3 Team Techno - UCL","Technical Tests","Retargeting","GET /unified_commercial_logic/internal_api/api/retargeting/{id} - Retrieve Retargeting By ID","","GET /unified_commercial_logic/internal_api/api/retargeting/{id} - Retrieve Retargeting By ID",""
"failed","Sat Oct 10 02:44:01 UTC 2026","Sat Oct 10 02:44:01 UTC 2026","843","Dolphin","Technical","","","productTextSearchNoResultTest","AI product text search recall: no-result query",""
"passed","Sat Oct 10 02:36:19 UTC 2026","Sat Oct 10 02:36:19 UTC 2026","28","1.1 Team Hummingbird - BFF | WLW app","Technical Tests","conversation-controller","POST /public_api/conversation/userConversations/{conversationId}/messages/file/ [NEG] Missing Auth/API-Key","","POST /public_api/conversation/userConversations/{conversationId}/messages/file/ [NEG] Missing Auth/API-Key",""
"failed","Sat Oct 10 02:35:26 UTC 2026","Sat Oct 10 02:35:26 UTC 2026","45","1 Team Hummingbird - BFF | EP app","Endpoint tests","User settings","user setting","","user setting",""
"failed","Sat Oct 10 02:35:08 UTC 2026","Sat Oct 10 02:35:08 UTC 2026","0","3 Team Techno - UCL","Technical Tests","Organization","GET /unified_commercial_logic/internal_api/api/organization/ - Retrieve Organization List","","GET /unified_commercial_logic/internal_api/api/organization/ - Retrieve Organization List",""
"failed","Sat Oct 10 02:35:07 UTC 2026","Sat Oct 10 02:35:07 UTC 2026","0","3 Team Techno - UCL","Technical Tests","Retargeting","GET /unified_commercial_logic/internal_api/api/retargeting - Retrieve Retargeting List","","GET /unified_commercial_logic/internal_api/api/retargeting - Retrieve Retargeting List",""
"skipped","Sat Oct 10 02:34:07 UTC 2026","Sat Oct 10 02:34:07 UTC 2026","0","7. Team Pegasus | Pegasus Staging","Business Scenarios Tests","Business Insights","Dashboard smoke flow","","Health status",""
"failed","Sat Oct 10 02:35:06 UTC 2026","Sat Oct 10 02:35:06 UTC 2026","0","3 Team Techno - UCL","Technical Tests","SponsoredBrand","GET /unified_commercial_logic/internal_api/api/sponsored_brand_v1/ - Retrieve SponsoredBrandV1 List","","GET /unified_commercial_logic/internal_api/api/sponsored_brand_v1/ - Retrieve SponsoredBrandV1 List",""
"skipped","Sat Oct 10 02:34:07 UTC 2026","Sat Oct 10 02:34:07 UTC 2026","0","7. Team Pegasus | Pegasus Staging","Endpoints Tests","Supplier Registration","EP","","request_for_quotations - Endpoints related to the creation of request for quotations",""
"passed","Sat Oct 10 02:36:06 UTC 2026","Sat Oct 10 02:36:06 UTC 2026","54","1.1 Team Hummingbird - BFF | WLW app","Endpoint tests","Company","search company products","","search company products",""
"passed","Sat Oct 10 02:36:31 UTC 2026","Sat Oct 10 02:36:31 UTC 2026","16","1.1 Team Hummingbird - BFF | WLW app","Technical Tests","product-controller","GET /public_api/products/{productId} [NEG] Missing Auth/API-Key","","GET /public_api/products/{productId} [NEG] Missing Auth/API-Key",""
"failed","Sat Oct 10 02:35:31 UTC 2026","Sat Oct 10 02:35:31 UTC 2026","731","1 Team Hummingbird - BFF | EP app","Endpoint tests","Contact request","QDR request","","QDR request",""
"passed","Sat Oct 10 02:34:28 UTC 2026","Sat Oct 10 02:34:28 UTC 2026","62","4. Team CRM |CRM Staging","Business Scenarios Tests","Create and edit a contact","Check Contact","","Check Contact",""
"passed","Sat Oct 10 02:36:33 UTC 2026","Sat Oct 10 02:36:33 UTC 2026","32","1.1 Team Hummingbird - BFF | WLW app","Technical Tests","purchaser-user-setting-controller","PUT /userSetting/{id} [NEG] Expired Token","","PUT /userSetting/{id} [NEG] Expired Token",""
"passed","Sat Oct 10 02:36:31 UTC 2026","Sat Oct 10 02:36:31 UTC 2026","29","1.1 Team Hummingbird - BFF | WLW app","Technical Tests","product-controller","GET /public_api/products/{productId} [NEG] Expired Token","","GET /public_api/products/{productId} [NEG] Expired Token",""
"skipped","Sat Oct 10 02:34:07 UTC 2026","Sat Oct 10 02:34:07 UTC 2026","0","7. Team Pegasus | Pegasus Staging","Spike | Profiles link user to company","(root)","03 GET — Verify company (Supplier Facts)","","03 GET — Verify company (Supplier Facts)",""
"failed","Sat Oct 10 02:36:07 UTC 2026","Sat Oct 10 02:36:07 UTC 2026","54","1.1 Team Hummingbird - BFF | WLW app","Endpoint tests","Search","search track","","search track",""
"failed","Sat Oct 10 02:36:12 UTC 2026","Sat Oct 10 02:36:12 UTC 2026","11","1.1 Team Hummingbird - BFF | WLW app","Technical Tests","ai-company-search-controller","GET /public_api/search/ai/company/search [NEG] Expired Token","","GET /public_api/search/ai/company/search [NEG] Expired Token",""
"passed","Sat Oct 10 02:35:29 UTC 2026","Sat Oct 10 02:35:30 UTC 2026","575","1 Team Hummingbird - BFF | EP app","Endpoint tests","Search","Product Search DE","","Product Search DE",""
"failed","Sat Oct 10 02:35:02 UTC 2026","Sat Oct 10 02:35:02 UTC 2026","0","3 Team Techno - UCL","Functional Tests","Endpoint Tests","GoogleAd","","get active googleAd for the given uuid",""
"failed","Sat Oct 10 02:35:09 UTC 2026","Sat Oct 10 02:35:09 UTC 2026","0","3 Team Techno - UCL","Technical Tests","Membership","GET /unified_commercial_logic/internal_api/api/membership/{id} - Retrieve Membership fields By ID","","GET /unified_commercial_logic/internal_api/api/membership/{id} - Retrieve Membership fields By ID",""
"passed","Sat Oct 10 02:34:26 UTC 2026","Sat Oct 10 02:34:27 UTC 2026","88","4. Team CRM |CRM Staging","Business Scenarios Tests","Contacts","Edit Contact","","Edit Contact",""
"passed","Sat Oct 10 02:36:32 UTC 2026","Sat Oct 10 02:36:32 UTC 2026","17","1.1 Team Hummingbird - BFF | WLW app","Technical Tests","purchaser-support-controller","GET /support-master-data [NEG] Missing Auth/API-Key","","GET /support-master-data [NEG] Missing Auth/API-Key",""
"failed","Sat Oct 10 02:35:01 UTC 2026","Sat Oct 10 02:35:01 UTC 2026","0","3 Team Techno - UCL","Functional Tests","Endpoint Tests","membership","","get all active membership for business_partner_id",""
"broken","Sat Oct 10 02:34:52 UTC 2026","Sat Oct 10 02:35:12 UTC 2026","20023","Dolphin","Technical","","","inferenceShortQueryTest","AI Search inference: minimal searchText boundary",""
"passed","Sat Oct 10 02:36:32 UTC 2026","Sat Oct 10 02:36:32 UTC 2026","16","1.1 Team Hummingbird - BFF | WLW app","Technical Tests","purchaser-user-setting-controller","PUT /userSetting/{id} [NEG] Missing Auth/API-Key","","PUT /userSetting/{id} [NEG] Missing Auth/API-Key",""
"passed","Sat Oct 10 02:36:07 UTC 2026","Sat Oct 10 02:36:08 UTC 2026","694","1.1 Team Hummingbird - BFF | WLW app","Endpoint tests","Search","search companies DE","","search companies DE",""
"broken","Sat Oct 10 02:40:13 UTC 2026","Sat Oct 10 02:40:33 UTC 2026","20022","Dolphin","Technical","","","recallSecondPageTest","AI Search recall: pagination page 2",""
"broken","Sat Oct 10 02:38:53 UTC 2026","Sat Oct 10 02:39:13 UTC 2026","20017","Dolphin","Technical","","","recallPageSizeOverMaxTest","AI Search recall: pageSize over max capped",""
"skipped","Sat Oct 10 02:34:07 UTC 2026","Sat Oct 10 02:34:07 UTC 2026","0","7. Team Pegasus | Pegasus Staging","Endpoints Tests","Visitors","Elixir (supplier-app)","","Visitors by uuid",""
"failed","Sat Oct 10 02:34:27 UTC 2026","Sat Oct 10 02:34:27 UTC 2026","42","4. Team CRM |CRM Staging","Business Scenarios Tests","Quote","Check Quote","","Check Quote",""
"passed","Sat Oct 10 02:36:27 UTC 2026","Sat Oct 10 02:36:27 UTC 2026","16","1.1 Team Hummingbird - BFF | WLW app","Technical Tests","login-controller","POST /public_api/auth/sso/login [NEG] Missing Auth/API-Key","","POST /public_api/auth/sso/login [NEG] Missing Auth/API-Key",""
"passed","Sat Oct 10 02:44:15 UTC 2026","Sat Oct 10 02:44:15 UTC 2026","658","Dolphin","Functional","","","sameStoreProductRecommendTest","product same store recommend -- wlw",""
"passed","Sat Oct 10 02:44:04 UTC 2026","Sat Oct 10 02:44:04 UTC 2026","718","Dolphin","Technical","","","productTextSearchPageZeroTest","AI product text search recall: page=0 normalized",""
"passed","Sat Oct 10 02:36:04 UTC 2026","Sat Oct 10 02:36:04 UTC 2026","17","1.1 Team Hummingbird - BFF | WLW app","Endpoint tests","Support","Support FAQ_FR","","Support FAQ_FR",""
"failed","Sat Oct 10 02:36:13 UTC 2026","Sat Oct 10 02:36:13 UTC 2026","11","1.1 Team Hummingbird - BFF | WLW app","Technical Tests","categories-controller","GET /preferred/categories","","GET /preferred/categories",""
"skipped","Sat Oct 10 02:34:07 UTC 2026","Sat Oct 10 02:34:07 UTC 2026","0","7. Team Pegasus | Pegasus Staging","Endpoints Tests","Visitors","Java (statistics-app)","","Filter types",""
"passed","Sat Oct 10 02:36:38 UTC 2026","Sat Oct 10 02:36:38 UTC 2026","33","1.1 Team Hummingbird - BFF | WLW app","Technical Tests","search-controller","GET /public_api/search/products [SEC] Injection Probe","","GET /public_api/search/products [SEC] Injection Probe",""
"passed","Sat Oct 10 02:36:11 UTC 2026","Sat Oct 10 02:36:11 UTC 2026","45","1.1 Team Hummingbird - BFF | WLW app","Technical Tests","ai-company-search-controller","POST /public_api/search/ai/supplier/recall [NEG] Expired Token","","POST /public_api/search/ai/supplier/recall [NEG] Expired Token",""
"passed","Sat Oct 10 02:36:03 UTC 2026","Sat Oct 10 02:36:03 UTC 2026","392","1.1 Team Hummingbird - BFF | WLW app","Endpoint tests","Login","native email login purchaser","","native email login purchaser",""
"failed","Sat Oct 10 02:35:07 UTC 2026","Sat Oct 10 02:35:07 UTC 2026","0","3 Team Techno - UCL","Technical Tests","Retargeting","GET /unified_commercial_logic/internal_api/api/retargeting/ - Retrieve Retargeting List","","GET /unified_commercial_logic/internal_api/api/retargeting/ - Retrieve Retargeting List",""
"passed","Sat Oct 10 02:34:37 UTC 2026","Sat Oct 10 02:34:37 UTC 2026","8","2 Team Dragon - BFF | RFQ Backend","Technical Tests","(root)","GET /v1/rfqs/{rfqId} - Details (Schema + Auth Orchestration)","","GET /v1/rfqs/{rfqId} - Details (Schema + Auth Orchestration)",""
"passed","Sat Oct 10 02:34:26 UTC 2026","Sat Oct 10 02:34:26 UTC 2026","87","4. Team CRM |CRM Staging","Business Scenarios Tests","Tasks","Verify Change","","Verify Change",""
"failed","Sat Oct 10 02:36:20 UTC 2026","Sat Oct 10 02:36:20 UTC 2026","10","1.1 Team Hummingbird - BFF | WLW app","Technical Tests","conversation-controller","GET /public_api/conversation/userConversations [NEG] Missing Auth/API-Key","","GET /public_api/conversation/userConversations [NEG] Missing Auth/API-Key",""
"failed","Sat Oct 10 02:35:02 UTC 2026","Sat Oct 10 02:35:02 UTC 2026","0","3 Team Techno - UCL","Functional Tests","Endpoint Tests","SponsoredBrand","","get active SPB by uuid",""
"passed","Sat Oct 10 02:36:25 UTC 2026","Sat Oct 10 02:36:25 UTC 2026","15","1.1 Team Hummingbird - BFF | WLW app","Technical Tests","feedback-controller","POST /feedback [NEG] Missing Auth/API-Key","","POST /feedback [NEG] Missing Auth/API-Key",""
"failed","Sat Oct 10 02:34:26 UTC 2026","Sat Oct 10 02:34:26 UTC 2026","75","4. Team CRM |CRM Staging","Business Scenarios Tests","Contacts","Create Contact","","Create Contact",""
"passed","Sat Oct 10 02:34:27 UTC 2026","Sat Oct 10 02:34:27 UTC 2026","94","4. Team CRM |CRM Staging","Business Scenarios Tests","Account","Smoke Test Basic Account Creation","","Smoke Test Basic Account Creation",""
"passed","Sat Oct 10 02:36:25 UTC 2026","Sat Oct 10 02:36:25 UTC 2026","30","1.1 Team Hummingbird - BFF | WLW app","Technical Tests","feedback-controller","POST /feedback","","POST /feedback",""
"failed","Sat Oct 10 02:35:30 UTC 2026","Sat Oct 10 02:35:31 UTC 2026","613","1 Team Hummingbird - BFF | EP app","Endpoint tests","Contact request","Other request","","Other request",""
"failed","Sat Oct 10 02:36:14 UTC 2026","Sat Oct 10 02:36:14 UTC 2026","11","1.1 Team Hummingbird - BFF | WLW app","Technical Tests","categories-controller","PUT /preferred/categories [NEG] Forbidden Role Token","","PUT /preferred/categories [NEG] Forbidden Role Token",""
"failed","Sat Oct 10 02:36:10 UTC 2026","Sat Oct 10 02:36:10 UTC 2026","40","1.1 Team Hummingbird - BFF | WLW app","Endpoint tests","Visitor profiler","Visits","","Visits",""
"failed","Sat Oct 10 02:35:04 UTC 2026","Sat Oct 10 02:35:04 UTC 2026","0","3 Team Techno - UCL","Technical Tests","WebsiteLead","GET /unified_commercial_logic/internal_api/api/website_lead - Retrieve WebsiteLead List","","GET /unified_commercial_logic/internal_api/api/website_lead - Retrieve WebsiteLead List",""
"failed","Sat Oct 10 02:36:21 UTC 2026","Sat Oct 10 02:36:21 UTC 2026","10","1.1 Team Hummingbird - BFF | WLW app","Technical Tests","conversation-controller","GET /public_api/conversation/userConversations/{conversationId}","","GET /public_api/conversation/userConversations/{conversationId}",""
"passed","Sat Oct 10 02:36:44 UTC 2026","Sat Oct 10 02:36:44 UTC 2026","29","1.1 Team Hummingbird - BFF | WLW app","Technical Tests","trending-products-controller","GET /public_api/trending/notifications [NEG] Forbidden Role Token","","GET /public_api/trending/notifications [NEG] Forbidden Role Token",""
"passed","Sat Oct 10 02:36:28 UTC 2026","Sat Oct 10 02:36:28 UTC 2026","30","1.1 Team Hummingbird - BFF | WLW app","Technical Tests","login-controller","POST /public_api/auth/code/verify","","POST /public_api/auth/code/verify",""
"failed","Sat Oct 10 02:34:32 UTC 2026","Sat Oct 10 02:34:32 UTC 2026","70","4. Team CRM |CRM Staging","Endpoints Tests","(root)","Update WLW Connect Counters with id","","Update WLW Connect Counters with id",""
"failed","Sat Oct 10 02:36:42 UTC 2026","Sat Oct 10 02:36:42 UTC 2026","12","1.1 Team Hummingbird - BFF | WLW app","Technical Tests","supplier-visitors-controller","GET /public_api/suppliers/{supplier_id}/visits/csv [SEC] Injection Probe","","GET /public_api/suppliers/{supplier_id}/visits/csv [SEC] Injection Probe",""
"failed","Sat Oct 10 02:35:00 UTC 2026","Sat Oct 10 02:35:00 UTC 2026","0","3 Team Techno - UCL","Functional Tests","Endpoint Tests","membership","","get all active membership for uuid not platform specific",""
"passed","Sat Oct 10 02:36:24 UTC 2026","Sat Oct 10 02:36:24 UTC 2026","36","1.1 Team Hummingbird - BFF | WLW app","Technical Tests","euro-pages-controller","PUT /public_api/euro-pages/auth/delete [NEG] Forbidden Role Token","","PUT /public_api/euro-pages/auth/delete [NEG] Forbidden Role Token",""
"failed","Sat Oct 10 02:36:38 UTC 2026","Sat Oct 10 02:36:38 UTC 2026","11","1.1 Team Hummingbird - BFF | WLW app","Technical Tests","search-controller","GET /public_api/search/autoComplete [NEG] Expired Token","","GET /public_api/search/autoComplete [NEG] Expired Token",""
"broken","Sat Oct 10 02:40:13 UTC 2026","Sat Oct 10 02:40:33 UTC 2026","20022","Dolphin","Functional","","","recallSecondPageTest","AI Search recall: pagination page 2",""
"broken","Sat Oct 10 02:41:34 UTC 2026","Sat Oct 10 02:41:54 UTC 2026","20002","Dolphin","Functional","","","recallTopRankingScenarioTest","AI Search recall: wlw-staging.de cnc top-ranking scenario",""
"failed","Sat Oct 10 02:35:12 UTC 2026","Sat Oct 10 02:35:12 UTC 2026","0","3 Team Techno - UCL","Technical Tests","GoogleAd","GET /unified_commercial_logic/internal_api/api/google_ad/ - Retrieve GoogleAd List","","GET /unified_commercial_logic/internal_api/api/google_ad/ - Retrieve GoogleAd List",""
"skipped","Sat Oct 10 02:34:07 UTC 2026","Sat Oct 10 02:34:07 UTC 2026","0","7. Team Pegasus | Pegasus Staging","Business Scenarios Tests","Supplier Facts","API register, publish, and verify in UI","","1. Create registration lead",""
"passed","Sat Oct 10 02:36:18 UTC 2026","Sat Oct 10 02:36:18 UTC 2026","34","1.1 Team Hummingbird - BFF | WLW app","Technical Tests","conversation-controller","PUT /public_api/conversation/userConversations/{conversationId}/decline [NEG] Expired Token","","PUT /public_api/conversation/userConversations/{conversationId}/decline [NEG] Expired Token",""
"failed","Sat Oct 10 02:36:43 UTC 2026","Sat Oct 10 02:36:43 UTC 2026","13","1.1 Team Hummingbird - BFF | WLW app","Technical Tests","trending-products-controller","GET /public_api/trending/products [NEG] Forbidden Role Token","","GET /public_api/trending/products [NEG] Forbidden Role Token",""
"passed","Sat Oct 10 02:35:28 UTC 2026","Sat Oct 10 02:35:28 UTC 2026","89","1 Team Hummingbird - BFF | EP app","Endpoint tests","Company","Company ID DE","","Company ID DE",""
"passed","Sat Oct 10 02:36:35 UTC 2026","Sat Oct 10 02:36:35 UTC 2026","30","1.1 Team Hummingbird - BFF | WLW app","Technical Tests","rfq-controller","POST /public_api/connect/purchaser/tenders/","","POST /public_api/connect/purchaser/tenders/",""
"broken","Sat Oct 10 02:35:12 UTC 2026","Sat Oct 10 02:35:32 UTC 2026","20024","Dolphin","Functional","","","inferenceTest","AI Search inference API (SSE stream)",""
"passed","Sat Oct 10 02:36:05 UTC 2026","Sat Oct 10 02:36:06 UTC 2026","213","1.1 Team Hummingbird - BFF | WLW app","Endpoint tests","Mobile_Feedback","post feedback","","post feedback",""
"broken","Sat Oct 10 02:42:54 UTC 2026","Sat Oct 10 02:43:14 UTC 2026","20022","Dolphin","Technical","","","termRecommendTest","AI Search term recommend API",""
"failed","Sat Oct 10 02:35:06 UTC 2026","Sat Oct 10 02:35:06 UTC 2026","0","3 Team Techno - UCL","Technical Tests","SponsoredBrand","GET /unified_commercial_logic/internal_api/api/sponsored_brand_v1 - Retrieve SponsoredBrandV1 List","","GET /unified_commercial_logic/internal_api/api/sponsored_brand_v1 - Retrieve SponsoredBrandV1 List",""
"passed","Sat Oct 10 02:36:42 UTC 2026","Sat Oct 10 02:36:42 UTC 2026","28","1.1 Team Hummingbird - BFF | WLW app","Technical Tests","supplier-visitors-controller","GET /public_api/suppliers/{supplier_id}/visits/{id} [NEG] Expired Token","","GET /public_api/suppliers/{supplier_id}/visits/{id} [NEG] Expired Token",""
"passed","Sat Oct 10 02:35:29 UTC 2026","Sat Oct 10 02:35:31 UTC 2026","1413","1 Team Hummingbird - BFF | EP app","Endpoint tests","Search","Product Search EN","","Product Search EN",""
"passed","Sat Oct 10 02:36:26 UTC 2026","Sat Oct 10 02:36:26 UTC 2026","28","1.1 Team Hummingbird - BFF | WLW app","Technical Tests","help-and-support-controller","POST /help [NEG] Forbidden Role Token","","POST /help [NEG] Forbidden Role Token",""
"failed","Sat Oct 10 02:34:36 UTC 2026","Sat Oct 10 02:34:37 UTC 2026","226","2 Team Dragon - BFF | RFQ Backend","Functional Tests","(root)","POST /v1/rfqs/{rfqId}/respond - Success","","POST /v1/rfqs/{rfqId}/respond - Success",""
"passed","Sat Oct 10 02:34:37 UTC 2026","Sat Oct 10 02:34:37 UTC 2026","50","2 Team Dragon - BFF | RFQ Backend","Functional Tests","(root)","GET /v1/categories - Success","","GET /v1/categories - Success",""
"passed","Sat Oct 10 02:36:14 UTC 2026","Sat Oct 10 02:36:14 UTC 2026","33","1.1 Team Hummingbird - BFF | WLW app","Technical Tests","categories-controller","GET /preferred/categories [SEC] Injection Probe","","GET /preferred/categories [SEC] Injection Probe",""
"passed","Sat Oct 10 02:44:12 UTC 2026","Sat Oct 10 02:44:12 UTC 2026","107","Dolphin","Technical","","","EPZeroResultProductRecommendTest","Recommend products in 0 result search list page v1 -- ep",""
"failed","Sat Oct 10 02:36:43 UTC 2026","Sat Oct 10 02:36:43 UTC 2026","25","1.1 Team Hummingbird - BFF | WLW app","Technical Tests","trending-products-controller","GET /public_api/trending/products [NEG] Missing Auth/API-Key","","GET /public_api/trending/products [NEG] Missing Auth/API-Key",""
"failed","Sat Oct 10 02:34:29 UTC 2026","Sat Oct 10 02:34:29 UTC 2026","60","4. Team CRM |CRM Staging","Business Scenarios Tests","Lead","Update a Lead","","Update a Lead",""
"failed","Sat Oct 10 02:35:31 UTC 2026","Sat Oct 10 02:35:31 UTC 2026","46","1 Team Hummingbird - BFF | EP app","Endpoint tests","Conversations","send file message","","send file message",""
"broken","Sat Oct 10 02:36:33 UTC 2026","Sat Oct 10 02:36:53 UTC 2026","20115","Dolphin","Technical","","","recallAlternateSortTest","AI Search recall: alternate sort (order_num_desc)",""
"failed","Sat Oct 10 02:35:31 UTC 2026","Sat Oct 10 02:35:31 UTC 2026","39","1 Team Hummingbird - BFF | EP app","Endpoint tests","Conversations","File","","File",""
"failed","Sat Oct 10 02:36:36 UTC 2026","Sat Oct 10 02:36:36 UTC 2026","12","1.1 Team Hummingbird - BFF | WLW app","Technical Tests","search-controller","GET /public_api/suppliers/recommendations","","GET /public_api/suppliers/recommendations",""
"passed","Sat Oct 10 02:36:28 UTC 2026","Sat Oct 10 02:36:28 UTC 2026","34","1.1 Team Hummingbird - BFF | WLW app","Technical Tests","login-controller","POST /public_api/auth/registration","","POST /public_api/auth/registration",""
"skipped","Sat Oct 10 02:34:07 UTC 2026","Sat Oct 10 02:34:07 UTC 2026","0","7. Team Pegasus | Pegasus Staging","Spike | Profiles link user to company","(root)","09 MANUAL — my-account supplier page (browser)","","09 MANUAL — my-account supplier page (browser)",""
"passed","Sat Oct 10 02:35:30 UTC 2026","Sat Oct 10 02:35:30 UTC 2026","272","1 Team Hummingbird - BFF | EP app","Endpoint tests","Homepage, products","trending products","","trending products",""
"failed","Sat Oct 10 02:36:16 UTC 2026","Sat Oct 10 02:36:16 UTC 2026","13","1.1 Team Hummingbird - BFF | WLW app","Technical Tests","company-controller","GET /public_api/company [SEC] Injection Probe","","GET /public_api/company [SEC] Injection Probe",""
"passed","Sat Oct 10 02:35:27 UTC 2026","Sat Oct 10 02:35:27 UTC 2026","21","1 Team Hummingbird - BFF | EP app","Endpoint tests","Support","Supportmasterdata_DE","","Supportmasterdata_DE",""
"skipped","Sat Oct 10 02:34:07 UTC 2026","Sat Oct 10 02:34:07 UTC 2026","0","7. Team Pegasus | Pegasus Staging","Business Scenarios Tests","Business Insights","Dashboard smoke flow","","Activity",""
"passed","Sat Oct 10 02:36:28 UTC 2026","Sat Oct 10 02:36:28 UTC 2026","30","1.1 Team Hummingbird - BFF | WLW app","Technical Tests","login-controller","POST /public_api/auth/password/login","","POST /public_api/auth/password/login",""
"passed","Sat Oct 10 02:44:15 UTC 2026","Sat Oct 10 02:44:16 UTC 2026","649","Dolphin","Functional","","","zeroResultProductRecommendTest","Recommend products in 0 result search list page v1 -- wlw",""
"passed","Sat Oct 10 02:36:06 UTC 2026","Sat Oct 10 02:36:06 UTC 2026","70","1.1 Team Hummingbird - BFF | WLW app","Endpoint tests","Company","Companies / products FR","","Companies / products FR",""
"passed","Sat Oct 10 02:36:11 UTC 2026","Sat Oct 10 02:36:11 UTC 2026","85","1.1 Team Hummingbird - BFF | WLW app","Endpoint tests","(root)","Log out","","Log out",""
"failed","Sat Oct 10 02:34:31 UTC 2026","Sat Oct 10 02:34:31 UTC 2026","38","4. Team CRM |CRM Staging","Endpoints Tests","(root)","Create Note with sf id","","Create Note with sf id",""
"passed","Sat Oct 10 02:36:05 UTC 2026","Sat Oct 10 02:36:05 UTC 2026","19","1.1 Team Hummingbird - BFF | WLW app","Endpoint tests","Support","Supportmasterdata_FR","","Supportmasterdata_FR",""
"failed","Sat Oct 10 02:36:22 UTC 2026","Sat Oct 10 02:36:22 UTC 2026","11","1.1 Team Hummingbird - BFF | WLW app","Technical Tests","conversation-controller","GET /public_api/conversation/userConversations/{conversationId}/file [NEG] Forbidden Role Token","","GET /public_api/conversation/userConversations/{conversationId}/file [NEG] Forbidden Role Token",""
"passed","Sat Oct 10 02:36:14 UTC 2026","Sat Oct 10 02:36:14 UTC 2026","32","1.1 Team Hummingbird - BFF | WLW app","Technical Tests","categories-controller","GET /public_api/categories/homepage","","GET /public_api/categories/homepage",""
"passed","Sat Oct 10 02:36:14 UTC 2026","Sat Oct 10 02:36:14 UTC 2026","31","1.1 Team Hummingbird - BFF | WLW app","Technical Tests","categories-controller","PUT /preferred/categories [SEC] Injection Probe","","PUT /preferred/categories [SEC] Injection Probe",""
"passed","Sat Oct 10 02:36:25 UTC 2026","Sat Oct 10 02:36:25 UTC 2026","76","1.1 Team Hummingbird - BFF | WLW app","Technical Tests","feedback-controller","POST /feedback [NEG] Expired Token","","POST /feedback [NEG] Expired Token",""
"skipped","Sat Oct 10 02:34:07 UTC 2026","Sat Oct 10 02:34:07 UTC 2026","0","7. Team Pegasus | Pegasus Staging","Endpoints Tests","Business Insights","Company","","Company",""
"failed","Sat Oct 10 02:35:10 UTC 2026","Sat Oct 10 02:35:10 UTC 2026","0","3 Team Techno - UCL","Technical Tests","Membership","GET /unified_commercial_logic/internal_api/api/membership/find_by_id/{id} - Retrieve Membership By ID","","GET /unified_commercial_logic/internal_api/api/membership/find_by_id/{id} - Retrieve Membership By ID",""
"failed","Sat Oct 10 02:36:06 UTC 2026","Sat Oct 10 02:36:06 UTC 2026","76","1.1 Team Hummingbird - BFF | WLW app","Endpoint tests","Company","Company ID DE","","Company ID DE",""
"passed","Sat Oct 10 02:36:19 UTC 2026","Sat Oct 10 02:36:19 UTC 2026","25","1.1 Team Hummingbird - BFF | WLW app","Technical Tests","conversation-controller","POST /public_api/conversation/userConversations/{conversationId}/messages/{messageId}/translate [NEG] Missing Auth/API-Key","","POST /public_api/conversation/userConversations/{conversationId}/messages/{messageId}/translate [NEG] Missing Auth/API-Key",""
"passed","Sat Oct 10 02:36:13 UTC 2026","Sat Oct 10 02:36:13 UTC 2026","34","1.1 Team Hummingbird - BFF | WLW app","Technical Tests","ai-company-search-controller","POST /public_api/search/ai/company/search [NEG] Forbidden Role Token","","POST /public_api/search/ai/company/search [NEG] Forbidden Role Token",""
"failed","Sat Oct 10 02:35:06 UTC 2026","Sat Oct 10 02:35:06 UTC 2026","0","3 Team Techno - UCL","Technical Tests","SponsoredBrand","GET /unified_commercial_logic/internal_api/api/sponsored_brand_v1/ - Retrieve SponsoredBrandV1 List","","GET /unified_commercial_logic/internal_api/api/sponsored_brand_v1/ - Retrieve SponsoredBrandV1 List",""
"failed","Sat Oct 10 02:36:31 UTC 2026","Sat Oct 10 02:36:31 UTC 2026","12","1.1 Team Hummingbird - BFF | WLW app","Technical Tests","product-controller","GET /public_api/companies/{supplierPublicId}/products [NEG] Missing Auth/API-Key","","GET /public_api/companies/{supplierPublicId}/products [NEG] Missing Auth/API-Key",""
"failed","Sat Oct 10 02:34:29 UTC 2026","Sat Oct 10 02:34:29 UTC 2026","38","4. Team CRM |CRM Staging","Business Scenarios Tests","Lead","Lead-duplicateCheck - with dulicates","","Lead-duplicateCheck - with dulicates",""
"passed","Sat Oct 10 02:36:25 UTC 2026","Sat Oct 10 02:36:25 UTC 2026","20","1.1 Team Hummingbird - BFF | WLW app","Technical Tests","feedback-controller","POST /v1/feedback [NEG] Missing Auth/API-Key","","POST /v1/feedback [NEG] Missing Auth/API-Key",""
"passed","Sat Oct 10 02:44:09 UTC 2026","Sat Oct 10 02:44:10 UTC 2026","682","Dolphin","Functional","","","productTextSearchTopRankingScenarioTest","AI product text search recall: wlw-staging cnc top-ranking scenario",""
"passed","Sat Oct 10 02:36:05 UTC 2026","Sat Oct 10 02:36:05 UTC 2026","24","1.1 Team Hummingbird - BFF | WLW app","Endpoint tests","Support","Supportmasterdata_EN","","Supportmasterdata_EN",""
"failed","Sat Oct 10 02:36:22 UTC 2026","Sat Oct 10 02:36:22 UTC 2026","12","1.1 Team Hummingbird - BFF | WLW app","Technical Tests","conversation-controller","GET /public_api/conversation/userConversations/{conversationId}/file/ [NEG] Missing Auth/API-Key","","GET /public_api/conversation/userConversations/{conversationId}/file/ [NEG] Missing Auth/API-Key",""
"broken","Sat Oct 10 02:39:33 UTC 2026","Sat Oct 10 02:39:53 UTC 2026","20008","Dolphin","Technical","","","recallPageZeroNormalizedTest","AI Search recall: page=0 normalized, still success",""
"passed","Sat Oct 10 02:35:29 UTC 2026","Sat Oct 10 02:35:30 UTC 2026","899","1 Team Hummingbird - BFF | EP app","Endpoint tests","Search","search companies DE","","search companies DE",""
"skipped","Sat Oct 10 02:34:07 UTC 2026","Sat Oct 10 02:34:07 UTC 2026","0","7. Team Pegasus | Pegasus Staging","Business Scenarios Tests","Visitors","Statistics visitor drill-down","","Countries",""
"failed","Sat Oct 10 02:35:05 UTC 2026","Sat Oct 10 02:35:05 UTC 2026","0","3 Team Techno - UCL","Technical Tests","TopRanking","GET /unified_commercial_logic/internal_api/api/top_ranking_v1/ - Retrieve TopRankingV1 List","","GET /unified_commercial_logic/internal_api/api/top_ranking_v1/ - Retrieve TopRankingV1 List",""
"failed","Sat Oct 10 02:36:40 UTC 2026","Sat Oct 10 02:36:40 UTC 2026","11","1.1 Team Hummingbird - BFF | WLW app","Technical Tests","search-controller","GET /public_api/products/recommendations [NEG] Forbidden Role Token","","GET /public_api/products/recommendations [NEG] Forbidden Role Token",""
"passed","Sat Oct 10 02:35:19 UTC 2026","Sat Oct 10 02:35:19 UTC 2026","24","Arise","Functional","","","pageElementsGet","pageElementsGet",""
"passed","Sat Oct 10 02:43:58 UTC 2026","Sat Oct 10 02:43:59 UTC 2026","1423","Dolphin","Technical","","","productTextSearchLongQueryTest","AI product text search recall: long query truncated",""
"failed","Sat Oct 10 02:36:38 UTC 2026","Sat Oct 10 02:36:38 UTC 2026","10","1.1 Team Hummingbird - BFF | WLW app","Technical Tests","search-controller","GET /public_api/search/autoComplete","","GET /public_api/search/autoComplete",""
"failed","Sat Oct 10 02:36:04 UTC 2026","Sat Oct 10 02:36:04 UTC 2026","47","1.1 Team Hummingbird - BFF | WLW app","Endpoint tests","Login","extend session","","extend session",""
"passed","Sat Oct 10 02:36:44 UTC 2026","Sat Oct 10 02:36:44 UTC 2026","30","1.1 Team Hummingbird - BFF | WLW app","Technical Tests","user-controller","GET /public_api/user/userInfo [NEG] Forbidden Role Token","","GET /public_api/user/userInfo [NEG] Forbidden Role Token",""
"passed","Sat Oct 10 02:44:13 UTC 2026","Sat Oct 10 02:44:14 UTC 2026","647","Dolphin","Technical","","","getCategoryListEpTest","v-recommend category list -- ep",""
"passed","Sat Oct 10 02:36:23 UTC 2026","Sat Oct 10 02:36:23 UTC 2026","33","1.1 Team Hummingbird - BFF | WLW app","Technical Tests","currency-exchange-controller","GET /exchange/fetch-rates","","GET /exchange/fetch-rates",""
"failed","Sat Oct 10 02:36:30 UTC 2026","Sat Oct 10 02:36:30 UTC 2026","11","1.1 Team Hummingbird - BFF | WLW app","Technical Tests","product-controller","GET /public_api/products [NEG] Expired Token","","GET /public_api/products [NEG] Expired Token",""
"passed","Sat Oct 10 02:36:41 UTC 2026","Sat Oct 10 02:36:41 UTC 2026","27","1.1 Team Hummingbird - BFF | WLW app","Technical Tests","search-term-controller","PUT /public_api/search/notification-opened [NEG] Forbidden Role Token","","PUT /public_api/search/notification-opened [NEG] Forbidden Role Token",""
"passed","Sat Oct 10 02:35:29 UTC 2026","Sat Oct 10 02:35:29 UTC 2026","131","1 Team Hummingbird - BFF | EP app","Endpoint tests","Search","search autoComplete EN","","search autoComplete EN",""
"failed","Sat Oct 10 02:36:06 UTC 2026","Sat Oct 10 02:36:06 UTC 2026","117","1.1 Team Hummingbird - BFF | WLW app","Endpoint tests","Company","Companies / products DE","","Companies / products DE",""
"passed","Sat Oct 10 02:36:33 UTC 2026","Sat Oct 10 02:36:33 UTC 2026","28","1.1 Team Hummingbird - BFF | WLW app","Technical Tests","purchaser-user-setting-controller","POST /userSetting/ [NEG] Forbidden Role Token","","POST /userSetting/ [NEG] Forbidden Role Token",""
"passed","Sat Oct 10 02:43:55 UTC 2026","Sat Oct 10 02:43:56 UTC 2026","1232","Dolphin","Functional","","","productTextSearchCountryFilterTest","AI product text search recall: country filter DE",""
"passed","Sat Oct 10 02:36:12 UTC 2026","Sat Oct 10 02:36:12 UTC 2026","33","1.1 Team Hummingbird - BFF | WLW app","Technical Tests","ai-company-search-controller","POST /public_api/search/ai/supplier/pv-match [NEG] Forbidden Role Token","","POST /public_api/search/ai/supplier/pv-match [NEG] Forbidden Role Token",""
"passed","Sat Oct 10 02:36:39 UTC 2026","Sat Oct 10 02:36:39 UTC 2026","14","1.1 Team Hummingbird - BFF | WLW app","Technical Tests","search-controller","GET /public_api/search/ai/tabChange [NEG] Missing Auth/API-Key","","GET /public_api/search/ai/tabChange [NEG] Missing Auth/API-Key",""
"failed","Sat Oct 10 02:35:09 UTC 2026","Sat Oct 10 02:35:09 UTC 2026","0","3 Team Techno - UCL","Technical Tests","Membership","GET /unified_commercial_logic/internal_api/api/membership/v2 - Retrieve Membership V2 List","","GET /unified_commercial_logic/internal_api/api/membership/v2 - Retrieve Membership V2 List",""
"passed","Sat Oct 10 02:36:29 UTC 2026","Sat Oct 10 02:36:29 UTC 2026","31","1.1 Team Hummingbird - BFF | WLW app","Technical Tests","login-controller","POST /public_api/auth/code/resend [NEG] Forbidden Role Token","","POST /public_api/auth/code/resend [NEG] Forbidden Role Token",""
"failed","Sat Oct 10 02:35:05 UTC 2026","Sat Oct 10 02:35:05 UTC 2026","0","3 Team Techno - UCL","Technical Tests","SponsoredBrand","GET /unified_commercial_logic/internal_api/api/sponsored_brand_v1/{id} - Retrieve SponsoredBrandV1 By ID","","GET /unified_commercial_logic/internal_api/api/sponsored_brand_v1/{id} - Retrieve SponsoredBrandV1 By ID",""
"failed","Sat Oct 10 02:34:31 UTC 2026","Sat Oct 10 02:34:31 UTC 2026","53","4. Team CRM |CRM Staging","Endpoints Tests","(root)","update SF","","update SF",""
"passed","Sat Oct 10 02:44:14 UTC 2026","Sat Oct 10 02:44:14 UTC 2026","14","Dolphin","Technical","","","getLandingPageProductListTest","get Landing page Product List for seo",""
"passed","Sat Oct 10 02:36:26 UTC 2026","Sat Oct 10 02:36:26 UTC 2026","28","1.1 Team Hummingbird - BFF | WLW app","Technical Tests","inside-business-controller","GET /public_api/inside_business [NEG] Forbidden Role Token","","GET /public_api/inside_business [NEG] Forbidden Role Token",""
"failed","Sat Oct 10 02:35:32 UTC 2026","Sat Oct 10 02:35:32 UTC 2026","42","1 Team Hummingbird - BFF | EP app","Endpoint tests","Conversations","decline QDR","","decline QDR",""
"failed","Sat Oct 10 02:35:05 UTC 2026","Sat Oct 10 02:35:05 UTC 2026","0","3 Team Techno - UCL","Technical Tests","TopRanking","GET /unified_commercial_logic/internal_api/api/top_ranking_v1 - Retrieve TopRankingV1 List","","GET /unified_commercial_logic/internal_api/api/top_ranking_v1 - Retrieve TopRankingV1 List",""
"passed","Sat Oct 10 02:36:21 UTC 2026","Sat Oct 10 02:36:21 UTC 2026","33","1.1 Team Hummingbird - BFF | WLW app","Technical Tests","conversation-controller","GET /public_api/conversation/userConversations/{userId}/unreadCount/ [SEC] Injection Probe","","GET /public_api/conversation/userConversations/{userId}/unreadCount/ [SEC] Injection Probe",""
"failed","Sat Oct 10 02:34:31 UTC 2026","Sat Oct 10 02:34:31 UTC 2026","53","4. Team CRM |CRM Staging","Endpoints Tests","(root)","resolve individual id","","resolve individual id",""
"passed","Sat Oct 10 02:36:20 UTC 2026","Sat Oct 10 02:36:20 UTC 2026","31","1.1 Team Hummingbird - BFF | WLW app","Technical Tests","conversation-controller","GET /public_api/conversation/userConversations [SEC] Injection Probe","","GET /public_api/conversation/userConversations [SEC] Injection Probe",""
"passed","Sat Oct 10 02:36:27 UTC 2026","Sat Oct 10 02:36:27 UTC 2026","32","1.1 Team Hummingbird - BFF | WLW app","Technical Tests","login-controller","POST /public_api/auth/session/extend","","POST /public_api/auth/session/extend",""
"passed","Sat Oct 10 02:34:26 UTC 2026","Sat Oct 10 02:34:26 UTC 2026","135","4. Team CRM |CRM Staging","Business Scenarios Tests","Tasks","Smoke test Create task","","Smoke test Create task",""
"skipped","Sat Oct 10 02:34:07 UTC 2026","Sat Oct 10 02:34:07 UTC 2026","0","7. Team Pegasus | Pegasus Staging","Business Scenarios Tests","Supplier Facts","API register, publish, and verify in UI","","5. UI login reminder",""
"broken","Sat Oct 10 02:38:33 UTC 2026","Sat Oct 10 02:38:53 UTC 2026","20509","Dolphin","Technical","","","recallNoResultQueryTest","AI Search recall: no-result query (empty offers or zero total)",""
"passed","Sat Oct 10 02:36:14 UTC 2026","Sat Oct 10 02:36:14 UTC 2026","17","1.1 Team Hummingbird - BFF | WLW app","Technical Tests","categories-controller","GET /public_api/categories/homepage [NEG] Missing Auth/API-Key","","GET /public_api/categories/homepage [NEG] Missing Auth/API-Key",""
"passed","Sat Oct 10 02:36:30 UTC 2026","Sat Oct 10 02:36:30 UTC 2026","35","1.1 Team Hummingbird - BFF | WLW app","Technical Tests","login-controller","DELETE /public_api/auth/sso/logout [NEG] Expired Token","","DELETE /public_api/auth/sso/logout [NEG] Expired Token",""
"failed","Sat Oct 10 02:36:38 UTC 2026","Sat Oct 10 02:36:38 UTC 2026","12","1.1 Team Hummingbird - BFF | WLW app","Technical Tests","search-controller","GET /public_api/search/autoComplete [NEG] Forbidden Role Token","","GET /public_api/search/autoComplete [NEG] Forbidden Role Token",""
"failed","Sat Oct 10 02:36:12 UTC 2026","Sat Oct 10 02:36:12 UTC 2026","12","1.1 Team Hummingbird - BFF | WLW app","Technical Tests","ai-company-search-controller","GET /public_api/search/ai/company/search [NEG] Forbidden Role Token","","GET /public_api/search/ai/company/search [NEG] Forbidden Role Token",""
"passed","Sat Oct 10 02:35:20 UTC 2026","Sat Oct 10 02:35:20 UTC 2026","32","Bamboo","Functional","","","searchCategoryByNameTest","searchCategoryByName",""
"failed","Sat Oct 10 02:36:17 UTC 2026","Sat Oct 10 02:36:17 UTC 2026","15","1.1 Team Hummingbird - BFF | WLW app","Technical Tests","conversation-controller","PUT /public_api/conversation/userConversations/{conversationId}/messages/markAsRead [NEG] Missing Auth/API-Key","","PUT /public_api/conversation/userConversations/{conversationId}/messages/markAsRead [NEG] Missing Auth/API-Key",""
"failed","Sat Oct 10 02:35:04 UTC 2026","Sat Oct 10 02:35:04 UTC 2026","0","3 Team Techno - UCL","Technical Tests","WebsiteLead","GET /unified_commercial_logic/internal_api/api/website_lead - Retrieve WebsiteLead List","","GET /unified_commercial_logic/internal_api/api/website_lead - Retrieve WebsiteLead List",""
"passed","Sat Oct 10 02:36:36 UTC 2026","Sat Oct 10 02:36:36 UTC 2026","34","1.1 Team Hummingbird - BFF | WLW app","Technical Tests","rfq-marketing-controller","POST /public_api/rfq-marketing/trigger","","POST /public_api/rfq-marketing/trigger",""
"broken","Sat Oct 10 02:39:53 UTC 2026","Sat Oct 10 02:40:13 UTC 2026","20023","Dolphin","Functional","","","recallPaidSupplierFilterTest","AI Search recall: paid supplier filter (verified=true)",""
"passed","Sat Oct 10 02:36:05 UTC 2026","Sat Oct 10 02:36:05 UTC 2026","55","1.1 Team Hummingbird - BFF | WLW app","Endpoint tests","Company","Company ID EN","","Company ID EN",""
"failed","Sat Oct 10 02:44:12 UTC 2026","Sat Oct 10 02:44:12 UTC 2026","66","Dolphin","Functional","","","EPSameStoreProductRecommendTest","product same store recommend -- ep",""
"failed","Sat Oct 10 02:36:33 UTC 2026","Sat Oct 10 02:36:33 UTC 2026","14","1.1 Team Hummingbird - BFF | WLW app","Technical Tests","purchaser-user-setting-controller","GET /userSetting [NEG] Missing Auth/API-Key","","GET /userSetting [NEG] Missing Auth/API-Key",""
"failed","Sat Oct 10 02:35:03 UTC 2026","Sat Oct 10 02:35:03 UTC 2026","0","3 Team Techno - UCL","Technical Tests","WebsiteLead","GET /unified_commercial_logic/internal_api/api/website_lead/{id} - Retrieve WebsiteLead By ID","","GET /unified_commercial_logic/internal_api/api/website_lead/{id} - Retrieve WebsiteLead By ID",""
"failed","Sat Oct 10 02:35:26 UTC 2026","Sat Oct 10 02:35:26 UTC 2026","50","1 Team Hummingbird - BFF | EP app","Endpoint tests","User settings","user setting","","user setting",""
"passed","Sat Oct 10 02:44:04 UTC 2026","Sat Oct 10 02:44:05 UTC 2026","1149","Dolphin","Technical","","","productTextSearchPaidSupplierFilterTest","AI product text search recall: paid/verified supplier filter",""
"failed","Sat Oct 10 02:36:21 UTC 2026","Sat Oct 10 02:36:21 UTC 2026","12","1.1 Team Hummingbird - BFF | WLW app","Technical Tests","conversation-controller","GET /public_api/conversation/userConversations/{userId}/unreadCount [NEG] Forbidden Role Token","","GET /public_api/conversation/userConversations/{userId}/unreadCount [NEG] Forbidden Role Token",""
"passed","Sat Oct 10 02:36:05 UTC 2026","Sat Oct 10 02:36:05 UTC 2026","17","1.1 Team Hummingbird - BFF | WLW app","Endpoint tests","Mobile_Feedback","Feedback Subject_DE","","Feedback Subject_DE",""
"passed","Sat Oct 10 02:35:20 UTC 2026","Sat Oct 10 02:35:20 UTC 2026","481","Bamboo","Technical","","","leafCategoryPredictTest","leafCategoryPredict",""
"failed","Sat Oct 10 02:35:27 UTC 2026","Sat Oct 10 02:35:27 UTC 2026","47","1 Team Hummingbird - BFF | EP app","Endpoint tests","Support","currency daily rates","","currency daily rates",""
"passed","Sat Oct 10 02:35:30 UTC 2026","Sat Oct 10 02:35:30 UTC 2026","194","1 Team Hummingbird - BFF | EP app","Endpoint tests","Homepage, products","product recommendations FR","","product recommendations FR",""
"passed","Sat Oct 10 02:36:24 UTC 2026","Sat Oct 10 02:36:24 UTC 2026","38","1.1 Team Hummingbird - BFF | WLW app","Technical Tests","euro-pages-controller","DELETE /public_api/euro-pages/auth/delete [NEG] Forbidden Role Token","","DELETE /public_api/euro-pages/auth/delete [NEG] Forbidden Role Token",""
"failed","Sat Oct 10 02:36:21 UTC 2026","Sat Oct 10 02:36:21 UTC 2026","12","1.1 Team Hummingbird - BFF | WLW app","Technical Tests","conversation-controller","GET /public_api/conversation/userConversations/{userId}/unreadCount/ [NEG] Expired Token","","GET /public_api/conversation/userConversations/{userId}/unreadCount/ [NEG] Expired Token",""
"failed","Sat Oct 10 02:35:12 UTC 2026","Sat Oct 10 02:35:12 UTC 2026","0","3 Team Techno - UCL","Technical Tests","GoogleAd","GET /unified_commercial_logic/internal_api/api/google_ad/ - Retrieve GoogleAd List","","GET /unified_commercial_logic/internal_api/api/google_ad/ - Retrieve GoogleAd List",""
"passed","Sat Oct 10 02:35:27 UTC 2026","Sat Oct 10 02:35:27 UTC 2026","18","1 Team Hummingbird - BFF | EP app","Endpoint tests","Support","Supportmasterdata_FR","","Supportmasterdata_FR",""
"failed","Sat Oct 10 02:36:33 UTC 2026","Sat Oct 10 02:36:33 UTC 2026","14","1.1 Team Hummingbird - BFF | WLW app","Technical Tests","purchaser-user-setting-controller","GET /userSetting [NEG] Expired Token","","GET /userSetting [NEG] Expired Token",""
"failed","Sat Oct 10 02:36:34 UTC 2026","Sat Oct 10 02:36:34 UTC 2026","12","1.1 Team Hummingbird - BFF | WLW app","Technical Tests","push-notification-by-email-controller","GET /v1/pushNotification [NEG] Expired Token","","GET /v1/pushNotification [NEG] Expired Token",""
"failed","Sat Oct 10 02:34:29 UTC 2026","Sat Oct 10 02:34:29 UTC 2026","30","4. Team CRM |CRM Staging","Business Scenarios Tests","Lead","Lead-duplicateCheck - without dupicates","","Lead-duplicateCheck - without dupicates",""
"skipped","Sat Oct 10 02:34:07 UTC 2026","Sat Oct 10 02:34:07 UTC 2026","0","7. Team Pegasus | Pegasus Staging","Business Scenarios Tests","Supplier Facts","API register, publish, and verify in UI","","4. Publish company (PATCH supplier-facts)",""
"passed","Sat Oct 10 02:36:44 UTC 2026","Sat Oct 10 02:36:44 UTC 2026","15","1.1 Team Hummingbird - BFF | WLW app","Technical Tests","trending-products-controller","GET /public_api/trending/notifications [NEG] Missing Auth/API-Key","","GET /public_api/trending/notifications [NEG] Missing Auth/API-Key",""
"passed","Sat Oct 10 02:35:25 UTC 2026","Sat Oct 10 02:35:26 UTC 2026","172","1 Team Hummingbird - BFF | EP app","Endpoint tests","Login","forgot password","","forgot password",""
"failed","Sat Oct 10 02:36:04 UTC 2026","Sat Oct 10 02:36:04 UTC 2026","72","1.1 Team Hummingbird - BFF | WLW app","Endpoint tests","User settings","user setting","","user setting",""
"failed","Sat Oct 10 02:36:13 UTC 2026","Sat Oct 10 02:36:13 UTC 2026","11","1.1 Team Hummingbird - BFF | WLW app","Technical Tests","ai-company-search-controller","GET /public_api/search/ai/company/stream/mock [NEG] Forbidden Role Token","","GET /public_api/search/ai/company/stream/mock [NEG] Forbidden Role Token",""
"failed","Sat Oct 10 02:35:31 UTC 2026","Sat Oct 10 02:35:31 UTC 2026","44","1 Team Hummingbird - BFF | EP app","Endpoint tests","Conversations","conversation/messages","","conversation/messages",""
"passed","Sat Oct 10 02:36:30 UTC 2026","Sat Oct 10 02:36:30 UTC 2026","28","1.1 Team Hummingbird - BFF | WLW app","Technical Tests","login-controller","DELETE /public_api/auth/sso/logout [NEG] Missing Auth/API-Key","","DELETE /public_api/auth/sso/logout [NEG] Missing Auth/API-Key",""
"passed","Sat Oct 10 02:36:24 UTC 2026","Sat Oct 10 02:36:24 UTC 2026","30","1.1 Team Hummingbird - BFF | WLW app","Technical Tests","feedback-controller","POST /v1/feedback","","POST /v1/feedback",""
"passed","Sat Oct 10 02:44:15 UTC 2026","Sat Oct 10 02:44:15 UTC 2026","183","Dolphin","Functional","","","instoreSearchTest","instore search -- cpp/pdp with sort and leaf filter",""
"passed","Sat Oct 10 02:44:15 UTC 2026","Sat Oct 10 02:44:15 UTC 2026","183","Dolphin","Technical","","","instoreSearchTest","instore search -- cpp/pdp with sort and leaf filter",""
"failed","Sat Oct 10 02:36:08 UTC 2026","Sat Oct 10 02:36:09 UTC 2026","444","1.1 Team Hummingbird - BFF | WLW app","Endpoint tests","Contact request","Callback request","","Callback request",""
"passed","Sat Oct 10 02:44:15 UTC 2026","Sat Oct 10 02:44:16 UTC 2026","649","Dolphin","Technical","","","zeroResultProductRecommendTest","Recommend products in 0 result search list page v1 -- wlw",""
"passed","Sat Oct 10 02:36:26 UTC 2026","Sat Oct 10 02:36:26 UTC 2026","30","1.1 Team Hummingbird - BFF | WLW app","Technical Tests","feedback-controller","GET /feedback/subject [NEG] Forbidden Role Token","","GET /feedback/subject [NEG] Forbidden Role Token",""
"passed","Sat Oct 10 02:34:29 UTC 2026","Sat Oct 10 02:34:29 UTC 2026","53","4. Team CRM |CRM Staging","Business Scenarios Tests","Lead","Smoke test for Conversion","","Smoke test for Conversion",""
"passed","Sat Oct 10 02:36:18 UTC 2026","Sat Oct 10 02:36:18 UTC 2026","35","1.1 Team Hummingbird - BFF | WLW app","Technical Tests","conversation-controller","PUT /public_api/conversation/userConversations/{conversationId}/decline [NEG] Forbidden Role Token","","PUT /public_api/conversation/userConversations/{conversationId}/decline [NEG] Forbidden Role Token",""
"failed","Sat Oct 10 02:35:01 UTC 2026","Sat Oct 10 02:35:01 UTC 2026","0","3 Team Techno - UCL","Functional Tests","Endpoint Tests","WebsiteLead","","get all active on wlw for given existing uuid",""
"failed","Sat Oct 10 02:35:00 UTC 2026","Sat Oct 10 02:35:00 UTC 2026","0","3 Team Techno - UCL","Functional Tests","Endpoint Tests","membership","","get all active membership for uuid platform specific",""
"failed","Sat Oct 10 02:35:06 UTC 2026","Sat Oct 10 02:35:06 UTC 2026","0","3 Team Techno - UCL","Technical Tests","SponsoredBrand","GET /unified_commercial_logic/internal_api/api/sponsored_brand_v1 - Retrieve SponsoredBrandV1 List","","GET /unified_commercial_logic/internal_api/api/sponsored_brand_v1 - Retrieve SponsoredBrandV1 List",""
"passed","Sat Oct 10 02:34:30 UTC 2026","Sat Oct 10 02:34:30 UTC 2026","47","4. Team CRM |CRM Staging","Business Scenarios Tests","Contacts","Smoke test for Create Contact & Verify HubSpot Sync","","Smoke test for Create Contact & Verify HubSpot Sync",""
"failed","Sat Oct 10 02:35:26 UTC 2026","Sat Oct 10 02:35:26 UTC 2026","101","1 Team Hummingbird - BFF | EP app","Endpoint tests","User settings","user setting","","user setting",""
"passed","Sat Oct 10 02:44:12 UTC 2026","Sat Oct 10 02:44:13 UTC 2026","658","Dolphin","Functional","","","cppProductRecommendTest","recommend products in CPP -- wlw",""
"failed","Sat Oct 10 02:35:05 UTC 2026","Sat Oct 10 02:35:05 UTC 2026","0","3 Team Techno - UCL","Technical Tests","SponsoredBrand","GET /unified_commercial_logic/internal_api/api/sponsored_brand_v1/{id} - Retrieve SponsoredBrandV1 By ID","","GET /unified_commercial_logic/internal_api/api/sponsored_brand_v1/{id} - Retrieve SponsoredBrandV1 By ID",""
"passed","Sat Oct 10 02:36:40 UTC 2026","Sat Oct 10 02:36:40 UTC 2026","30","1.1 Team Hummingbird - BFF | WLW app","Technical Tests","search-term-controller","PUT /public_api/search/notification-opened","","PUT /public_api/search/notification-opened",""
"passed","Sat Oct 10 02:44:14 UTC 2026","Sat Oct 10 02:44:14 UTC 2026","54","Dolphin","Functional","","","getCategoryListWlwTest","v-recommend category list -- wlw, full categories",""
"failed","Sat Oct 10 02:36:13 UTC 2026","Sat Oct 10 02:36:13 UTC 2026","12","1.1 Team Hummingbird - BFF | WLW app","Technical Tests","ai-company-search-controller","GET /public_api/search/ai/company/stream/mock [NEG] Expired Token","","GET /public_api/search/ai/company/stream/mock [NEG] Expired Token",""
"passed","Sat Oct 10 02:36:23 UTC 2026","Sat Oct 10 02:36:23 UTC 2026","35","1.1 Team Hummingbird - BFF | WLW app","Technical Tests","dynamic-links-controller","POST /public_api/branchio/dynamiclink [NEG] Expired Token","","POST /public_api/branchio/dynamiclink [NEG] Expired Token",""
"failed","Sat Oct 10 02:36:30 UTC 2026","Sat Oct 10 02:36:30 UTC 2026","12","1.1 Team Hummingbird - BFF | WLW app","Technical Tests","product-controller","GET /public_api/products","","GET /public_api/products",""
"passed","Sat Oct 10 02:36:30 UTC 2026","Sat Oct 10 02:36:30 UTC 2026","35","1.1 Team Hummingbird - BFF | WLW app","Technical Tests","login-controller","DELETE /public_api/auth/sso/logout","","DELETE /public_api/auth/sso/logout",""
"skipped","Sat Oct 10 02:34:07 UTC 2026","Sat Oct 10 02:34:07 UTC 2026","0","7. Team Pegasus | Pegasus Staging","Business Scenarios Tests","Supplier Facts","API register, publish, and verify in UI","","2. Complete registration (user + company)",""
"failed","Sat Oct 10 02:36:08 UTC 2026","Sat Oct 10 02:36:08 UTC 2026","148","1.1 Team Hummingbird - BFF | WLW app","Endpoint tests","Homepage, products","product recommendations DE","","product recommendations DE",""
"failed","Sat Oct 10 02:36:21 UTC 2026","Sat Oct 10 02:36:21 UTC 2026","12","1.1 Team Hummingbird - BFF | WLW app","Technical Tests","conversation-controller","GET /public_api/conversation/userConversations/{userId}/unreadCount/","","GET /public_api/conversation/userConversations/{userId}/unreadCount/",""
"failed","Sat Oct 10 02:35:11 UTC 2026","Sat Oct 10 02:35:11 UTC 2026","0","3 Team Techno - UCL","Technical Tests","Membership","GET /unified_commercial_logic/internal_api/api/membership - Retrieve Membership List","","GET /unified_commercial_logic/internal_api/api/membership - Retrieve Membership List",""
"failed","Sat Oct 10 02:36:21 UTC 2026","Sat Oct 10 02:36:22 UTC 2026","87","1.1 Team Hummingbird - BFF | WLW app","Technical Tests","conversation-controller","GET /public_api/conversation/userConversations/{conversationId} [NEG] Missing Auth/API-Key","","GET /public_api/conversation/userConversations/{conversationId} [NEG] Missing Auth/API-Key",""
"failed","Sat Oct 10 02:36:32 UTC 2026","Sat Oct 10 02:36:32 UTC 2026","14","1.1 Team Hummingbird - BFF | WLW app","Technical Tests","purchaser-support-controller","GET /support-faq [NEG] Forbidden Role Token","","GET /support-faq [NEG] Forbidden Role Token",""
"failed","Sat Oct 10 02:36:20 UTC 2026","Sat Oct 10 02:36:20 UTC 2026","11","1.1 Team Hummingbird - BFF | WLW app","Technical Tests","conversation-controller","GET /public_api/conversation/userConversations [NEG] Forbidden Role Token","","GET /public_api/conversation/userConversations [NEG] Forbidden Role Token",""
"broken","Sat Oct 10 02:35:19 UTC 2026","Sat Oct 10 02:35:20 UTC 2026","472","Bamboo","Functional","","","findCategoryByIdTest","findCategoryById",""
"skipped","Sat Oct 10 02:34:07 UTC 2026","Sat Oct 10 02:34:07 UTC 2026","0","7. Team Pegasus | Pegasus Staging","Endpoints Tests","Business Insights","Graph","","Graph",""
"failed","Sat Oct 10 02:36:05 UTC 2026","Sat Oct 10 02:36:05 UTC 2026","40","1.1 Team Hummingbird - BFF | WLW app","Endpoint tests","Support","notifications list","","notifications list",""
"failed","Sat Oct 10 02:35:09 UTC 2026","Sat Oct 10 02:35:09 UTC 2026","0","3 Team Techno - UCL","Technical Tests","Membership","GET /unified_commercial_logic/internal_api/api/membership/{id} - Retrieve Membership fields By ID","","GET /unified_commercial_logic/internal_api/api/membership/{id} - Retrieve Membership fields By ID",""
"passed","Sat Oct 10 02:36:20 UTC 2026","Sat Oct 10 02:36:20 UTC 2026","33","1.1 Team Hummingbird - BFF | WLW app","Technical Tests","conversation-controller","POST /public_api/conversation/userConversations/{conversationId}/messages/file [NEG] Expired Token","","POST /public_api/conversation/userConversations/{conversationId}/messages/file [NEG] Expired Token",""
"failed","Sat Oct 10 02:35:01 UTC 2026","Sat Oct 10 02:35:01 UTC 2026","0","3 Team Techno - UCL","Functional Tests","Endpoint Tests","WebsiteLead","","get all active on ep for given existing uuid",""
"failed","Sat Oct 10 02:36:22 UTC 2026","Sat Oct 10 02:36:22 UTC 2026","13","1.1 Team Hummingbird - BFF | WLW app","Technical Tests","conversation-controller","GET /public_api/conversation/userConversations/{conversationId}/file [NEG] Expired Token","","GET /public_api/conversation/userConversations/{conversationId}/file [NEG] Expired Token",""
"skipped","Sat Oct 10 02:34:07 UTC 2026","Sat Oct 10 02:34:07 UTC 2026","0","7. Team Pegasus | Pegasus Staging","Endpoints Tests","Business Insights","Sister platform","","Sister platform",""
"passed","Sat Oct 10 02:36:44 UTC 2026","Sat Oct 10 02:36:44 UTC 2026","28","1.1 Team Hummingbird - BFF | WLW app","Technical Tests","user-controller","PUT /public_api/user/userInfo","","PUT /public_api/user/userInfo",""
"broken","Sat Oct 10 02:35:32 UTC 2026","Sat Oct 10 02:35:52 UTC 2026","20024","Dolphin","Technical","","","pvMatchEmptyCompanyListTest","AI Search PV match: empty companyList → business failure",""
"broken","Sat Oct 10 02:39:53 UTC 2026","Sat Oct 10 02:40:13 UTC 2026","20023","Dolphin","Technical","","","recallPaidSupplierFilterTest","AI Search recall: paid supplier filter (verified=true)",""
"failed","Sat Oct 10 02:35:02 UTC 2026","Sat Oct 10 02:35:02 UTC 2026","0","3 Team Techno - UCL","Functional Tests","Endpoint Tests","SponsoredBrand","","get active SPB by uuid",""
"failed","Sat Oct 10 02:36:10 UTC 2026","Sat Oct 10 02:36:10 UTC 2026","61","1.1 Team Hummingbird - BFF | WLW app","Endpoint tests","Visitor profiler","csv get","","csv get",""
"passed","Sat Oct 10 02:36:29 UTC 2026","Sat Oct 10 02:36:29 UTC 2026","15","1.1 Team Hummingbird - BFF | WLW app","Technical Tests","login-controller","POST /public_api/auth/changePassword [NEG] Missing Auth/API-Key","","POST /public_api/auth/changePassword [NEG] Missing Auth/API-Key",""
"passed","Sat Oct 10 02:34:37 UTC 2026","Sat Oct 10 02:34:37 UTC 2026","342","2 Team Dragon - BFF | RFQ Backend","Technical Tests","(root)","GET /v1/rfqs (list) - Compliance + Schema + Perf","","GET /v1/rfqs (list) - Compliance + Schema + Perf",""
"passed","Sat Oct 10 02:34:38 UTC 2026","Sat Oct 10 02:34:38 UTC 2026","32","2 Team Dragon - BFF | RFQ Backend","Business Scenario Tests","(root)","RFQ_details","","RFQ_details",""
"passed","Sat Oct 10 02:36:34 UTC 2026","Sat Oct 10 02:36:34 UTC 2026","32","1.1 Team Hummingbird - BFF | WLW app","Technical Tests","purchaser-user-setting-controller","GET /userSetting [SEC] Injection Probe","","GET /userSetting [SEC] Injection Probe",""
"passed","Sat Oct 10 02:36:29 UTC 2026","Sat Oct 10 02:36:29 UTC 2026","13","1.1 Team Hummingbird - BFF | WLW app","Technical Tests","login-controller","POST /public_api/auth/code/resend [NEG] Missing Auth/API-Key","","POST /public_api/auth/code/resend [NEG] Missing Auth/API-Key",""
"failed","Sat Oct 10 02:36:40 UTC 2026","Sat Oct 10 02:36:40 UTC 2026","11","1.1 Team Hummingbird - BFF | WLW app","Technical Tests","search-controller","GET /public_api/categories/recommendations [NEG] Missing Auth/API-Key","","GET /public_api/categories/recommendations [NEG] Missing Auth/API-Key",""
"passed","Sat Oct 10 02:35:29 UTC 2026","Sat Oct 10 02:35:29 UTC 2026","243","1 Team Hummingbird - BFF | EP app","Endpoint tests","Search","search autoComplete DE","","search autoComplete DE",""
"failed","Sat Oct 10 02:35:25 UTC 2026","Sat Oct 10 02:35:25 UTC 2026","35","1 Team Hummingbird - BFF | EP app","Endpoint tests","Login","user Info","","user Info",""
