"Status","Start Time","Stop Time","Duration in ms","Parent Suite","Suite","Sub Suite","Test Class","Test Method","Name","Description"
"broken","Tue Aug 04 02:46:52 UTC 2026","Tue Aug 04 02:47:12 UTC 2026","20013","Dolphin","Functional","","","recallTopRankingScenarioTest","AI Search recall: wlw-staging.de cnc top-ranking scenario",""
"passed","Tue Aug 04 02:49:25 UTC 2026","Tue Aug 04 02:49:26 UTC 2026","682","Dolphin","Technical","","","productTextSearchTest","AI product text search recall API",""
"skipped","Tue Aug 04 02:41:09 UTC 2026","Tue Aug 04 02:41:09 UTC 2026","0","7. Team Pegasus | Pegasus Staging","Endpoints Tests","Shop Import & Onboarding Backend","/offers/searchCategories","","/offers/searchCategories",""
"passed","Tue Aug 04 02:41:18 UTC 2026","Tue Aug 04 02:41:18 UTC 2026","20","1.1 Team Hummingbird - BFF | WLW app","Technical Tests","product-controller","GET /public_api/products/{productId} [NEG] Missing Auth/API-Key","","GET /public_api/products/{productId} [NEG] Missing Auth/API-Key",""
"failed","Tue Aug 04 02:41:03 UTC 2026","Tue Aug 04 02:41:03 UTC 2026","12","1.1 Team Hummingbird - BFF | WLW app","Technical Tests","company-controller","GET /public_api/company [NEG] Expired Token","","GET /public_api/company [NEG] Expired Token",""
"passed","Tue Aug 04 02:43:17 UTC 2026","Tue Aug 04 02:43:17 UTC 2026","571","4. Team CRM |CRM Staging","Business Scenarios Tests","Account","Update Account","","Update Account",""
"passed","Tue Aug 04 02:41:11 UTC 2026","Tue Aug 04 02:41:11 UTC 2026","32","1.1 Team Hummingbird - BFF | WLW app","Technical Tests","currency-exchange-controller","GET /exchange/fetch-rates [NEG] Expired Token","","GET /exchange/fetch-rates [NEG] Expired Token",""
"passed","Tue Aug 04 02:41:02 UTC 2026","Tue Aug 04 02:41:02 UTC 2026","32","1.1 Team Hummingbird - BFF | WLW app","Technical Tests","categories-controller","GET /public_api/categories/homepage [NEG] Forbidden Role Token","","GET /public_api/categories/homepage [NEG] Forbidden Role Token",""
"failed","Tue Aug 04 02:41:03 UTC 2026","Tue Aug 04 02:41:03 UTC 2026","9","1.1 Team Hummingbird - BFF | WLW app","Technical Tests","company-controller","GET /public_api/suppliers/{companyID}/listings [NEG] Missing Auth/API-Key","","GET /public_api/suppliers/{companyID}/listings [NEG] Missing Auth/API-Key",""
"failed","Tue Aug 04 02:41:05 UTC 2026","Tue Aug 04 02:41:05 UTC 2026","14","1.1 Team Hummingbird - BFF | WLW app","Technical Tests","conversation-controller","PUT /public_api/conversation/userConversations/{conversationId}/messages/markAsRead [NEG] Expired Token","","PUT /public_api/conversation/userConversations/{conversationId}/messages/markAsRead [NEG] Expired Token",""
"passed","Tue Aug 04 02:40:02 UTC 2026","Tue Aug 04 02:40:02 UTC 2026","248","1 Team Hummingbird - BFF | EP app","Endpoint tests","Conversations","conversation id","","conversation id",""
"passed","Tue Aug 04 02:49:30 UTC 2026","Tue Aug 04 02:49:30 UTC 2026","77","Dolphin","Functional","","","zeroResultProductRecommendTest","Recommend products in 0 result search list page v1 -- wlw",""
"passed","Tue Aug 04 02:41:20 UTC 2026","Tue Aug 04 02:41:20 UTC 2026","31","1.1 Team Hummingbird - BFF | WLW app","Technical Tests","purchaser-user-setting-controller","PUT /userSetting/{id}","","PUT /userSetting/{id}",""
"broken","Tue Aug 04 02:45:31 UTC 2026","Tue Aug 04 02:45:51 UTC 2026","20013","Dolphin","Technical","","","recallSecondPageTest","AI Search recall: pagination page 2",""
"passed","Tue Aug 04 02:41:18 UTC 2026","Tue Aug 04 02:41:18 UTC 2026","50","1.1 Team Hummingbird - BFF | WLW app","Technical Tests","login-controller","DELETE /public_api/auth/sso/logout [NEG] Missing Auth/API-Key","","DELETE /public_api/auth/sso/logout [NEG] Missing Auth/API-Key",""
"skipped","Tue Aug 04 02:45:09 UTC 2026","Tue Aug 04 02:45:09 UTC 2026","0","3 Team Techno - UCL","Functional Tests","Endpoint Tests","Organization","","get organization for the given supplier_facts_uuid",""
"skipped","Tue Aug 04 02:41:09 UTC 2026","Tue Aug 04 02:41:09 UTC 2026","0","7. Team Pegasus | Pegasus Staging","Endpoints Tests","Business Insights","Origin","","Origin",""
"passed","Tue Aug 04 02:43:15 UTC 2026","Tue Aug 04 02:43:15 UTC 2026","576","4. Team CRM |CRM Staging","Business Scenarios Tests","Tasks","Change  Assigned To","","Change  Assigned To",""
"failed","Tue Aug 04 02:41:22 UTC 2026","Tue Aug 04 02:41:22 UTC 2026","17","1.1 Team Hummingbird - BFF | WLW app","Technical Tests","push-notification-by-email-controller","GET /v1/pushNotification [NEG] Expired Token","","GET /v1/pushNotification [NEG] Expired Token",""
"passed","Tue Aug 04 02:41:21 UTC 2026","Tue Aug 04 02:41:21 UTC 2026","18","1.1 Team Hummingbird - BFF | WLW app","Technical Tests","purchaser-user-setting-controller","POST /userSetting/ [NEG] Missing Auth/API-Key","","POST /userSetting/ [NEG] Missing Auth/API-Key",""
"passed","Tue Aug 04 02:41:11 UTC 2026","Tue Aug 04 02:41:11 UTC 2026","35","1.1 Team Hummingbird - BFF | WLW app","Technical Tests","euro-pages-controller","PUT /public_api/euro-pages/auth/delete","","PUT /public_api/euro-pages/auth/delete",""
"broken","Tue Aug 04 02:40:50 UTC 2026","Tue Aug 04 02:41:10 UTC 2026","20033","Dolphin","Technical","","","pvMatchEmptyCompanyListTest","AI Search PV match: empty companyList → business failure",""
"passed","Tue Aug 04 02:41:32 UTC 2026","Tue Aug 04 02:41:32 UTC 2026","31","1.1 Team Hummingbird - BFF | WLW app","Technical Tests","trending-products-controller","GET /public_api/trending/notifications [NEG] Expired Token","","GET /public_api/trending/notifications [NEG] Expired Token",""
"skipped","Tue Aug 04 02:41:09 UTC 2026","Tue Aug 04 02:41:09 UTC 2026","0","7. Team Pegasus | Pegasus Staging","Endpoints Tests","Business Insights","Visitor","","Visitor",""
"skipped","Tue Aug 04 02:41:09 UTC 2026","Tue Aug 04 02:41:09 UTC 2026","0","7. Team Pegasus | Pegasus Staging","Endpoints Tests","Supplier Registration","EP","","vat/check - Validate VAT number",""
"passed","Tue Aug 04 02:41:11 UTC 2026","Tue Aug 04 02:41:11 UTC 2026","15","1.1 Team Hummingbird - BFF | WLW app","Technical Tests","currency-exchange-controller","GET /exchange/fetch-rates [NEG] Missing Auth/API-Key","","GET /exchange/fetch-rates [NEG] Missing Auth/API-Key",""
"failed","Tue Aug 04 02:41:01 UTC 2026","Tue Aug 04 02:41:01 UTC 2026","102","2 Team Dragon - BFF | RFQ Backend","Business Scenario Tests","(root)","RFQ_Listing","","RFQ_Listing",""
"passed","Tue Aug 04 02:43:26 UTC 2026","Tue Aug 04 02:43:26 UTC 2026","126","4. Team CRM |CRM Staging","Endpoints Tests","(root)","Update WLW Connect Counters with id","","Update WLW Connect Counters with id",""
"passed","Tue Aug 04 02:41:32 UTC 2026","Tue Aug 04 02:41:32 UTC 2026","34","1.1 Team Hummingbird - BFF | WLW app","Technical Tests","user-controller","PUT /public_api/user/userInfo [NEG] Forbidden Role Token","","PUT /public_api/user/userInfo [NEG] Forbidden Role Token",""
"passed","Tue Aug 04 02:49:18 UTC 2026","Tue Aug 04 02:49:19 UTC 2026","1728","Dolphin","Technical","","","productTextSearchPageSizeCapTest","AI product text search recall: pageSize over max capped",""
"passed","Tue Aug 04 02:40:02 UTC 2026","Tue Aug 04 02:40:02 UTC 2026","157","1 Team Hummingbird - BFF | EP app","Endpoint tests","Conversations","translate message","","translate message",""
"skipped","Tue Aug 04 02:41:09 UTC 2026","Tue Aug 04 02:41:09 UTC 2026","0","7. Team Pegasus | Pegasus Staging","Spike | Profiles link user to company","(root)","09 MANUAL — my-account supplier page (browser)","","09 MANUAL — my-account supplier page (browser)",""
"failed","Tue Aug 04 02:41:29 UTC 2026","Tue Aug 04 02:41:29 UTC 2026","12","1.1 Team Hummingbird - BFF | WLW app","Technical Tests","search-term-controller","POST /public_api/search/track [NEG] Forbidden Role Token","","POST /public_api/search/track [NEG] Forbidden Role Token",""
"skipped","Tue Aug 04 02:39:56 UTC 2026","Tue Aug 04 02:39:56 UTC 2026","0","1 Team Hummingbird - BFF | EP app","Business Scenario Tests","(empty)","(empty)","","Business Scenario Tests - empty",""
"passed","Tue Aug 04 02:40:59 UTC 2026","Tue Aug 04 02:40:59 UTC 2026","35","1.1 Team Hummingbird - BFF | WLW app","Technical Tests","ai-company-search-controller","POST /public_api/search/ai/supplier/recall","","POST /public_api/search/ai/supplier/recall",""
"failed","Tue Aug 04 02:39:56 UTC 2026","Tue Aug 04 02:39:56 UTC 2026","51","1 Team Hummingbird - BFF | EP app","Endpoint tests","Login","extend session","","extend session",""
"skipped","Tue Aug 04 02:41:09 UTC 2026","Tue Aug 04 02:41:09 UTC 2026","0","7. Team Pegasus | Pegasus Staging","Endpoints Tests","Supplier Registration","EP","","{{supplierRegistrationBackendBaseUrlForGetRequests}}/api/business_sectors/index?lang=en&query=Biscuits",""
"passed","Tue Aug 04 02:41:16 UTC 2026","Tue Aug 04 02:41:16 UTC 2026","35","1.1 Team Hummingbird - BFF | WLW app","Technical Tests","login-controller","POST /public_api/auth/password/login [NEG] Forbidden Role Token","","POST /public_api/auth/password/login [NEG] Forbidden Role Token",""
"failed","Tue Aug 04 02:41:06 UTC 2026","Tue Aug 04 02:41:06 UTC 2026","10","1.1 Team Hummingbird - BFF | WLW app","Technical Tests","conversation-controller","GET /public_api/conversation/userConversations/{conversationId}/messages","","GET /public_api/conversation/userConversations/{conversationId}/messages",""
"failed","Tue Aug 04 02:41:22 UTC 2026","Tue Aug 04 02:41:22 UTC 2026","11","1.1 Team Hummingbird - BFF | WLW app","Technical Tests","push-notification-by-email-controller","PUT /v1/pushNotification","","PUT /v1/pushNotification",""
"passed","Tue Aug 04 02:43:20 UTC 2026","Tue Aug 04 02:43:27 UTC 2026","7430","4. Team CRM |CRM Staging","Business Scenarios Tests","Disable Hubspot","Change Hubspot to true","","Change Hubspot to true",""
"passed","Tue Aug 04 02:39:56 UTC 2026","Tue Aug 04 02:39:57 UTC 2026","498","1 Team Hummingbird - BFF | EP app","Endpoint tests","Login","registration","","registration",""
"failed","Tue Aug 04 02:40:58 UTC 2026","Tue Aug 04 02:40:58 UTC 2026","111","1.1 Team Hummingbird - BFF | WLW app","Endpoint tests","Conversations","Decline RFQ","","Decline RFQ",""
"skipped","Tue Aug 04 02:41:09 UTC 2026","Tue Aug 04 02:41:09 UTC 2026","0","7. Team Pegasus | Pegasus Staging","Endpoints Tests","Business Insights","User Activity","","User Activity",""
"passed","Tue Aug 04 02:43:26 UTC 2026","Tue Aug 04 02:43:26 UTC 2026","221","4. Team CRM |CRM Staging","Endpoints Tests","(root)","trigger a Buyer lead","","trigger a Buyer lead",""
"skipped","Tue Aug 04 02:45:09 UTC 2026","Tue Aug 04 02:45:09 UTC 2026","0","3 Team Techno - UCL","Technical Tests","Organization","GET /unified_commercial_logic/internal_api/api/organization - Retrieve Organization List","","GET /unified_commercial_logic/internal_api/api/organization - Retrieve Organization List",""
"passed","Tue Aug 04 02:41:17 UTC 2026","Tue Aug 04 02:41:17 UTC 2026","30","1.1 Team Hummingbird - BFF | WLW app","Technical Tests","login-controller","POST /public_api/auth/changePassword [NEG] Forbidden Role Token","","POST /public_api/auth/changePassword [NEG] Forbidden Role Token",""
"passed","Tue Aug 04 02:43:21 UTC 2026","Tue Aug 04 02:43:21 UTC 2026","188","4. Team CRM |CRM Staging","Business Scenarios Tests","Lead","Smoke test for Conversion","","Smoke test for Conversion",""
"skipped","Tue Aug 04 02:43:14 UTC 2026","Tue Aug 04 02:43:14 UTC 2026","0","4. Team CRM |CRM Staging","Endpoints Tests","Leads","(empty)","","Endpoints Tests / Leads - empty",""
"passed","Tue Aug 04 02:40:59 UTC 2026","Tue Aug 04 02:40:59 UTC 2026","32","1.1 Team Hummingbird - BFF | WLW app","Technical Tests","ai-company-search-controller","POST /public_api/search/ai/supplier/pv-match","","POST /public_api/search/ai/supplier/pv-match",""
"passed","Tue Aug 04 02:43:24 UTC 2026","Tue Aug 04 02:43:25 UTC 2026","89","4. Team CRM |CRM Staging","Endpoints Tests","(root)","resolve individual id","","resolve individual id",""
"passed","Tue Aug 04 02:40:52 UTC 2026","Tue Aug 04 02:40:52 UTC 2026","68","1.1 Team Hummingbird - BFF | WLW app","Endpoint tests","User settings","user setting","","user setting",""
"passed","Tue Aug 04 02:40:59 UTC 2026","Tue Aug 04 02:40:59 UTC 2026","39","Bamboo","Technical","","","searchCategoryByNameTest","searchCategoryByName",""
"failed","Tue Aug 04 02:41:29 UTC 2026","Tue Aug 04 02:41:29 UTC 2026","12","1.1 Team Hummingbird - BFF | WLW app","Technical Tests","supplier-visitors-controller","GET /public_api/suppliers/{supplier_id}/visits [NEG] Forbidden Role Token","","GET /public_api/suppliers/{supplier_id}/visits [NEG] Forbidden Role Token",""
"passed","Tue Aug 04 02:49:28 UTC 2026","Tue Aug 04 02:49:28 UTC 2026","100","Dolphin","Functional","","","EPOtherStoreProductRecommendTest","product other store recommend",""
"passed","Tue Aug 04 02:49:21 UTC 2026","Tue Aug 04 02:49:22 UTC 2026","1112","Dolphin","Technical","","","productTextSearchPaidSupplierFilterTest","AI product text search recall: paid/verified supplier filter",""
"passed","Tue Aug 04 02:43:20 UTC 2026","Tue Aug 04 02:43:20 UTC 2026","253","4. Team CRM |CRM Staging","Business Scenarios Tests","Disable Hubspot","Check hubspot is true","","Check hubspot is true",""
"passed","Tue Aug 04 02:40:53 UTC 2026","Tue Aug 04 02:40:53 UTC 2026","63","1.1 Team Hummingbird - BFF | WLW app","Endpoint tests","Support","notifications list","","notifications list",""
"passed","Tue Aug 04 02:41:18 UTC 2026","Tue Aug 04 02:41:18 UTC 2026","33","1.1 Team Hummingbird - BFF | WLW app","Technical Tests","login-controller","DELETE /public_api/auth/sso/logout [NEG] Forbidden Role Token","","DELETE /public_api/auth/sso/logout [NEG] Forbidden Role Token",""
"skipped","Tue Aug 04 02:43:14 UTC 2026","Tue Aug 04 02:43:14 UTC 2026","0","4. Team CRM |CRM Staging","Endpoints Tests","Activities","(empty)","","Endpoints Tests / Activities - empty",""
"skipped","Tue Aug 04 02:45:09 UTC 2026","Tue Aug 04 02:45:09 UTC 2026","0","3 Team Techno - UCL","Technical Tests","Retargeting","GET /unified_commercial_logic/internal_api/api/retargeting/{id} - Retrieve Retargeting By ID","","GET /unified_commercial_logic/internal_api/api/retargeting/{id} - Retrieve Retargeting By ID",""
"passed","Tue Aug 04 02:40:59 UTC 2026","Tue Aug 04 02:40:59 UTC 2026","36","1.1 Team Hummingbird - BFF | WLW app","Technical Tests","ai-company-search-controller","POST /public_api/search/ai/supplier/pv-match [NEG] Expired Token","","POST /public_api/search/ai/supplier/pv-match [NEG] Expired Token",""
"failed","Tue Aug 04 02:41:24 UTC 2026","Tue Aug 04 02:41:24 UTC 2026","14","1.1 Team Hummingbird - BFF | WLW app","Technical Tests","search-controller","GET /public_api/suppliers/recommendations [SEC] Injection Probe","","GET /public_api/suppliers/recommendations [SEC] Injection Probe",""
"passed","Tue Aug 04 02:40:58 UTC 2026","Tue Aug 04 02:41:00 UTC 2026","2161","1.1 Team Hummingbird - BFF | WLW app","Endpoint tests","Visitor profiler","Visits","","Visits",""
"passed","Tue Aug 04 02:43:22 UTC 2026","Tue Aug 04 02:43:26 UTC 2026","4251","4. Team CRM |CRM Staging","Business Scenarios Tests","Contacts","Create Contact","","Create Contact",""
"passed","Tue Aug 04 02:40:03 UTC 2026","Tue Aug 04 02:40:03 UTC 2026","166","1 Team Hummingbird - BFF | EP app","Endpoint tests","Visitor profiler","csv get","","csv get",""
"passed","Tue Aug 04 02:41:32 UTC 2026","Tue Aug 04 02:41:32 UTC 2026","31","1.1 Team Hummingbird - BFF | WLW app","Technical Tests","user-controller","GET /public_api/user/userInfo","","GET /public_api/user/userInfo",""
"skipped","Tue Aug 04 02:45:09 UTC 2026","Tue Aug 04 02:45:09 UTC 2026","0","3 Team Techno - UCL","Technical Tests","Membership","GET /unified_commercial_logic/internal_api/api/membership/ - Retrieve Membership List","","GET /unified_commercial_logic/internal_api/api/membership/ - Retrieve Membership List",""
"passed","Tue Aug 04 02:41:27 UTC 2026","Tue Aug 04 02:41:27 UTC 2026","18","1.1 Team Hummingbird - BFF | WLW app","Technical Tests","search-controller","GET /public_api/search/ai/tabChange [NEG] Missing Auth/API-Key","","GET /public_api/search/ai/tabChange [NEG] Missing Auth/API-Key",""
"passed","Tue Aug 04 02:39:57 UTC 2026","Tue Aug 04 02:39:57 UTC 2026","54","1 Team Hummingbird - BFF | EP app","Endpoint tests","User settings","user setting","","user setting",""
"passed","Tue Aug 04 02:41:32 UTC 2026","Tue Aug 04 02:41:32 UTC 2026","34","1.1 Team Hummingbird - BFF | WLW app","Technical Tests","user-controller","GET /public_api/user/userInfo [NEG] Forbidden Role Token","","GET /public_api/user/userInfo [NEG] Forbidden Role Token",""
"broken","Tue Aug 04 02:41:30 UTC 2026","Tue Aug 04 02:41:50 UTC 2026","20018","Dolphin","Functional","","","pvMatchTest","AI Search PV match (supplierAiMatch) API",""
"skipped","Tue Aug 04 02:41:09 UTC 2026","Tue Aug 04 02:41:09 UTC 2026","0","7. Team Pegasus | Pegasus Staging","Endpoints Tests","Visitors","Elixir (supplier-app)","","Visitor details",""
"failed","Tue Aug 04 02:41:31 UTC 2026","Tue Aug 04 02:41:31 UTC 2026","9","1.1 Team Hummingbird - BFF | WLW app","Technical Tests","trending-products-controller","GET /public_api/trending/products [NEG] Missing Auth/API-Key","","GET /public_api/trending/products [NEG] Missing Auth/API-Key",""
"skipped","Tue Aug 04 02:41:09 UTC 2026","Tue Aug 04 02:41:09 UTC 2026","0","7. Team Pegasus | Pegasus Staging","Endpoints Tests","Supplier Registration","Manual VAT check","","Import vat",""
"passed","Tue Aug 04 02:41:01 UTC 2026","Tue Aug 04 02:41:01 UTC 2026","32","1.1 Team Hummingbird - BFF | WLW app","Technical Tests","categories-controller","GET /preferred/categories [SEC] Injection Probe","","GET /preferred/categories [SEC] Injection Probe",""
"passed","Tue Aug 04 02:41:18 UTC 2026","Tue Aug 04 02:41:18 UTC 2026","33","1.1 Team Hummingbird - BFF | WLW app","Technical Tests","login-controller","DELETE /public_api/auth/sso/logout [NEG] Expired Token","","DELETE /public_api/auth/sso/logout [NEG] Expired Token",""
"passed","Tue Aug 04 02:41:11 UTC 2026","Tue Aug 04 02:41:11 UTC 2026","36","1.1 Team Hummingbird - BFF | WLW app","Technical Tests","currency-exchange-controller","GET /exchange/fetch-rates","","GET /exchange/fetch-rates",""
"passed","Tue Aug 04 02:43:23 UTC 2026","Tue Aug 04 02:43:25 UTC 2026","1237","4. Team CRM |CRM Staging","Business Scenarios Tests","Cases","Smoke Test for Case Creation","","Smoke Test for Case Creation",""
"passed","Tue Aug 04 02:40:56 UTC 2026","Tue Aug 04 02:40:56 UTC 2026","25","1.1 Team Hummingbird - BFF | WLW app","Endpoint tests","Homepage, products","preferred categories","","preferred categories",""
"passed","Tue Aug 04 02:43:19 UTC 2026","Tue Aug 04 02:43:23 UTC 2026","4559","4. Team CRM |CRM Staging","Business Scenarios Tests","Create and edit a contact","Create contact","","Create contact",""
"passed","Tue Aug 04 02:43:23 UTC 2026","Tue Aug 04 02:43:25 UTC 2026","1501","4. Team CRM |CRM Staging","Business Scenarios Tests","Meetings","Smoke Test for Meeting","","Smoke Test for Meeting",""
"passed","Tue Aug 04 02:40:57 UTC 2026","Tue Aug 04 02:40:57 UTC 2026","260","1.1 Team Hummingbird - BFF | WLW app","Endpoint tests","Conversations","conversation/messages","","conversation/messages",""
"passed","Tue Aug 04 02:43:21 UTC 2026","Tue Aug 04 02:43:22 UTC 2026","134","4. Team CRM |CRM Staging","Business Scenarios Tests","WLW Price Compaigns","WLW_Price Compaigns","","WLW_Price Compaigns",""
"failed","Tue Aug 04 02:41:22 UTC 2026","Tue Aug 04 02:41:22 UTC 2026","11","1.1 Team Hummingbird - BFF | WLW app","Technical Tests","push-notification-by-email-controller","GET /v1/pushNotification [NEG] Missing Auth/API-Key","","GET /v1/pushNotification [NEG] Missing Auth/API-Key",""
"skipped","Tue Aug 04 02:41:09 UTC 2026","Tue Aug 04 02:41:09 UTC 2026","0","7. Team Pegasus | Pegasus Staging","Business Scenarios Tests","Supplier Facts","API register, publish, and verify in UI","","5. UI login reminder",""
"skipped","Tue Aug 04 02:41:09 UTC 2026","Tue Aug 04 02:41:09 UTC 2026","0","7. Team Pegasus | Pegasus Staging","Endpoints Tests","Supplier Registration","EP","","email/check - Validate email domain for a specified country",""
"skipped","Tue Aug 04 02:41:09 UTC 2026","Tue Aug 04 02:41:09 UTC 2026","0","7. Team Pegasus | Pegasus Staging","Endpoints Tests","Visitors","Elixir (supplier-app)","","Countries by uuid",""
"passed","Tue Aug 04 02:41:32 UTC 2026","Tue Aug 04 02:41:32 UTC 2026","38","1.1 Team Hummingbird - BFF | WLW app","Technical Tests","trending-products-controller","GET /public_api/trending/notifications [NEG] Forbidden Role Token","","GET /public_api/trending/notifications [NEG] Forbidden Role Token",""
"passed","Tue Aug 04 02:43:22 UTC 2026","Tue Aug 04 02:43:22 UTC 2026","0","4. Team CRM |CRM Staging","Business Scenarios Tests","Contacts","Smoke test for Create Contact & Verify HubSpot Sync","","Smoke test for Create Contact & Verify HubSpot Sync",""
"passed","Tue Aug 04 02:43:16 UTC 2026","Tue Aug 04 02:43:16 UTC 2026","365","4. Team CRM |CRM Staging","Business Scenarios Tests","Quote","Check Quote","","Check Quote",""
"passed","Tue Aug 04 02:41:04 UTC 2026","Tue Aug 04 02:41:04 UTC 2026","35","1.1 Team Hummingbird - BFF | WLW app","Technical Tests","conversation-controller","PUT /public_api/conversation/userConversations/{conversationId}/tag","","PUT /public_api/conversation/userConversations/{conversationId}/tag",""
"passed","Tue Aug 04 02:43:27 UTC 2026","Tue Aug 04 02:43:27 UTC 2026","77","4. Team CRM |CRM Staging","Endpoints Tests","(root)","resolve individual id bulk","","resolve individual id bulk",""
"passed","Tue Aug 04 02:39:59 UTC 2026","Tue Aug 04 02:39:59 UTC 2026","92","1 Team Hummingbird - BFF | EP app","Endpoint tests","Company","Companies / products FR","","Companies / products FR",""
"passed","Tue Aug 04 02:43:15 UTC 2026","Tue Aug 04 02:43:15 UTC 2026","576","4. Team CRM |CRM Staging","Business Scenarios Tests","Tasks","Change  Assigned To","","Change  Assigned To",""
"failed","Tue Aug 04 02:40:56 UTC 2026","Tue Aug 04 02:40:56 UTC 2026","162","1.1 Team Hummingbird - BFF | WLW app","Endpoint tests","Homepage, products","product recommendations FR","","product recommendations FR",""
"passed","Tue Aug 04 02:43:19 UTC 2026","Tue Aug 04 02:43:20 UTC 2026","228","4. Team CRM |CRM Staging","Business Scenarios Tests","Disable Hubspot","Check hubspot is false","","Check hubspot is false",""
"skipped","Tue Aug 04 02:41:09 UTC 2026","Tue Aug 04 02:41:09 UTC 2026","0","7. Team Pegasus | Pegasus Staging","Endpoints Tests","Visitors","Elixir (supplier-app)","","Visitors by uuid",""
"passed","Tue Aug 04 02:41:14 UTC 2026","Tue Aug 04 02:41:14 UTC 2026","29","1.1 Team Hummingbird - BFF | WLW app","Technical Tests","inside-business-controller","GET /public_api/inside_business [NEG] Forbidden Role Token","","GET /public_api/inside_business [NEG] Forbidden Role Token",""
"failed","Tue Aug 04 02:41:21 UTC 2026","Tue Aug 04 02:41:21 UTC 2026","36","1.1 Team Hummingbird - BFF | WLW app","Technical Tests","purchaser-user-setting-controller","GET /userSetting [NEG] Forbidden Role Token","","GET /userSetting [NEG] Forbidden Role Token",""
"passed","Tue Aug 04 02:43:24 UTC 2026","Tue Aug 04 02:43:24 UTC 2026","122","4. Team CRM |CRM Staging","Endpoints Tests","(root)","duplicate records","","duplicate records",""
"passed","Tue Aug 04 02:41:22 UTC 2026","Tue Aug 04 02:41:22 UTC 2026","39","1.1 Team Hummingbird - BFF | WLW app","Technical Tests","purchaser-user-setting-controller","POST /userSetting [NEG] Expired Token","","POST /userSetting [NEG] Expired Token",""
"passed","Tue Aug 04 02:43:24 UTC 2026","Tue Aug 04 02:43:24 UTC 2026","77","4. Team CRM |CRM Staging","Endpoints Tests","(root)","get responsible user","","get responsible user",""
"passed","Tue Aug 04 02:41:24 UTC 2026","Tue Aug 04 02:41:24 UTC 2026","16","1.1 Team Hummingbird - BFF | WLW app","Technical Tests","rfq-marketing-controller","POST /public_api/rfq-marketing/trigger [NEG] Missing Auth/API-Key","","POST /public_api/rfq-marketing/trigger [NEG] Missing Auth/API-Key",""
"passed","Tue Aug 04 02:43:14 UTC 2026","Tue Aug 04 02:43:16 UTC 2026","1408","4. Team CRM |CRM Staging","Business Scenarios Tests","Tasks","Smoke test Create task","","Smoke test Create task",""
"skipped","Tue Aug 04 02:41:09 UTC 2026","Tue Aug 04 02:41:09 UTC 2026","0","7. Team Pegasus | Pegasus Staging","Endpoints Tests","Shop Import & Onboarding Backend","/offers - get offers","","/offers - get offers",""
"broken","Tue Aug 04 02:40:58 UTC 2026","Tue Aug 04 02:40:59 UTC 2026","556","Bamboo","Technical","","","leafCategoryPredictTest","leafCategoryPredict",""
"broken","Tue Aug 04 02:40:30 UTC 2026","Tue Aug 04 02:40:50 UTC 2026","20024","Dolphin","Functional","","","inferenceTest","AI Search inference API (SSE stream)",""
"passed","Tue Aug 04 02:41:14 UTC 2026","Tue Aug 04 02:41:14 UTC 2026","13","1.1 Team Hummingbird - BFF | WLW app","Technical Tests","login-controller","POST /public_api/auth/sso/login [NEG] Missing Auth/API-Key","","POST /public_api/auth/sso/login [NEG] Missing Auth/API-Key",""
"passed","Tue Aug 04 02:41:13 UTC 2026","Tue Aug 04 02:41:13 UTC 2026","34","1.1 Team Hummingbird - BFF | WLW app","Technical Tests","feedback-controller","GET /feedback/subject [NEG] Expired Token","","GET /feedback/subject [NEG] Expired Token",""
"failed","Tue Aug 04 02:40:02 UTC 2026","Tue Aug 04 02:40:02 UTC 2026","68","1 Team Hummingbird - BFF | EP app","Endpoint tests","Conversations","File","","File",""
"passed","Tue Aug 04 02:41:15 UTC 2026","Tue Aug 04 02:41:15 UTC 2026","33","1.1 Team Hummingbird - BFF | WLW app","Technical Tests","login-controller","POST /public_api/auth/resetPassword [NEG] Forbidden Role Token","","POST /public_api/auth/resetPassword [NEG] Forbidden Role Token",""
"failed","Tue Aug 04 02:41:25 UTC 2026","Tue Aug 04 02:41:25 UTC 2026","11","1.1 Team Hummingbird - BFF | WLW app","Technical Tests","search-controller","GET /public_api/search/products [NEG] Forbidden Role Token","","GET /public_api/search/products [NEG] Forbidden Role Token",""
"failed","Tue Aug 04 02:41:25 UTC 2026","Tue Aug 04 02:41:25 UTC 2026","11","1.1 Team Hummingbird - BFF | WLW app","Technical Tests","search-controller","GET /public_api/search","","GET /public_api/search",""
"passed","Tue Aug 04 02:41:06 UTC 2026","Tue Aug 04 02:41:06 UTC 2026","36","1.1 Team Hummingbird - BFF | WLW app","Technical Tests","conversation-controller","POST /public_api/conversation/userConversations/{conversationId}/messages [NEG] Forbidden Role Token","","POST /public_api/conversation/userConversations/{conversationId}/messages [NEG] Forbidden Role Token",""
"failed","Tue Aug 04 02:41:01 UTC 2026","Tue Aug 04 02:41:01 UTC 2026","11","1.1 Team Hummingbird - BFF | WLW app","Technical Tests","ai-company-search-controller","GET /public_api/search/ai/company/stream/mock [SEC] Injection Probe","","GET /public_api/search/ai/company/stream/mock [SEC] Injection Probe",""
"passed","Tue Aug 04 02:39:56 UTC 2026","Tue Aug 04 02:39:56 UTC 2026","486","1 Team Hummingbird - BFF | EP app","Endpoint tests","Login","native email login purchaser","","native email login purchaser",""
"passed","Tue Aug 04 02:41:23 UTC 2026","Tue Aug 04 02:41:23 UTC 2026","20","1.1 Team Hummingbird - BFF | WLW app","Technical Tests","rfq-controller","POST /public_api/connect/purchaser/tenders [NEG] Missing Auth/API-Key","","POST /public_api/connect/purchaser/tenders [NEG] Missing Auth/API-Key",""
"failed","Tue Aug 04 02:41:01 UTC 2026","Tue Aug 04 02:41:01 UTC 2026","15","1.1 Team Hummingbird - BFF | WLW app","Technical Tests","categories-controller","GET /preferred/categories","","GET /preferred/categories",""
"passed","Tue Aug 04 02:43:17 UTC 2026","Tue Aug 04 02:43:18 UTC 2026","1319","4. Team CRM |CRM Staging","Business Scenarios Tests","Account","Smoke Test Create Account with All Fields","","Smoke Test Create Account with All Fields",""
"passed","Tue Aug 04 02:41:27 UTC 2026","Tue Aug 04 02:41:27 UTC 2026","33","1.1 Team Hummingbird - BFF | WLW app","Technical Tests","search-controller","GET /public_api/search/ai/tabChange","","GET /public_api/search/ai/tabChange",""
"passed","Tue Aug 04 02:40:57 UTC 2026","Tue Aug 04 02:40:57 UTC 2026","76","1.1 Team Hummingbird - BFF | WLW app","Endpoint tests","Conversations","mark as read","","mark as read",""
"passed","Tue Aug 04 02:41:15 UTC 2026","Tue Aug 04 02:41:15 UTC 2026","40","1.1 Team Hummingbird - BFF | WLW app","Technical Tests","login-controller","POST /public_api/auth/session/extend [NEG] Forbidden Role Token","","POST /public_api/auth/session/extend [NEG] Forbidden Role Token",""
"broken","Tue Aug 04 02:42:50 UTC 2026","Tue Aug 04 02:43:10 UTC 2026","20022","Dolphin","Technical","","","recallIllegalSortPassthroughTest","AI Search recall: illegal sort passthrough (no param fail)",""
"passed","Tue Aug 04 02:41:15 UTC 2026","Tue Aug 04 02:41:15 UTC 2026","36","1.1 Team Hummingbird - BFF | WLW app","Technical Tests","login-controller","POST /public_api/auth/resetPassword","","POST /public_api/auth/resetPassword",""
"passed","Tue Aug 04 02:39:58 UTC 2026","Tue Aug 04 02:39:58 UTC 2026","18","1 Team Hummingbird - BFF | EP app","Endpoint tests","Company","Suppliers listings","","Suppliers listings",""
"skipped","Tue Aug 04 02:45:09 UTC 2026","Tue Aug 04 02:45:09 UTC 2026","0","3 Team Techno - UCL","Technical Tests","GoogleAd","GET /unified_commercial_logic/internal_api/api/google_ad - Retrieve GoogleAd List","","GET /unified_commercial_logic/internal_api/api/google_ad - Retrieve GoogleAd List",""
"failed","Tue Aug 04 02:43:16 UTC 2026","Tue Aug 04 02:43:16 UTC 2026","95","4. Team CRM |CRM Staging","Business Scenarios Tests","Contacts","Edit Contact","","Edit Contact",""
"failed","Tue Aug 04 02:41:25 UTC 2026","Tue Aug 04 02:41:25 UTC 2026","16","1.1 Team Hummingbird - BFF | WLW app","Technical Tests","search-controller","GET /public_api/search [NEG] Forbidden Role Token","","GET /public_api/search [NEG] Forbidden Role Token",""
"passed","Tue Aug 04 02:41:24 UTC 2026","Tue Aug 04 02:41:24 UTC 2026","35","1.1 Team Hummingbird - BFF | WLW app","Technical Tests","rfq-controller","POST /public_api/connect/purchaser/tenders/ [NEG] Forbidden Role Token","","POST /public_api/connect/purchaser/tenders/ [NEG] Forbidden Role Token",""
"failed","Tue Aug 04 02:40:03 UTC 2026","Tue Aug 04 02:40:03 UTC 2026","125","1 Team Hummingbird - BFF | EP app","Endpoint tests","Conversations","Decline RFQ","","Decline RFQ",""
"passed","Tue Aug 04 02:43:25 UTC 2026","Tue Aug 04 02:43:25 UTC 2026","683","4. Team CRM |CRM Staging","Endpoints Tests","(root)","sync event to trigger the RFC lead process","","sync event to trigger the RFC lead process",""
"passed","Tue Aug 04 02:41:24 UTC 2026","Tue Aug 04 02:41:24 UTC 2026","30","1.1 Team Hummingbird - BFF | WLW app","Technical Tests","rfq-marketing-controller","POST /public_api/rfq-marketing/trigger [NEG] Forbidden Role Token","","POST /public_api/rfq-marketing/trigger [NEG] Forbidden Role Token",""
"skipped","Tue Aug 04 02:45:09 UTC 2026","Tue Aug 04 02:45:09 UTC 2026","0","3 Team Techno - UCL","Technical Tests","Membership","GET /unified_commercial_logic/internal_api/api/membership/find_by_id/{id} - Retrieve Membership By ID","","GET /unified_commercial_logic/internal_api/api/membership/find_by_id/{id} - Retrieve Membership By ID",""
"failed","Tue Aug 04 02:43:21 UTC 2026","Tue Aug 04 02:43:21 UTC 2026","193","4. Team CRM |CRM Staging","Business Scenarios Tests","Lead","Get a Lead","","Get a Lead",""
"passed","Tue Aug 04 02:49:12 UTC 2026","Tue Aug 04 02:49:13 UTC 2026","735","Dolphin","Technical","","","productTextSearchCountryFilterTest","AI product text search recall: country filter DE",""
"passed","Tue Aug 04 02:40:53 UTC 2026","Tue Aug 04 02:40:53 UTC 2026","19","1.1 Team Hummingbird - BFF | WLW app","Endpoint tests","Mobile_Feedback","Feedback Subject_EN","","Feedback Subject_EN",""
"passed","Tue Aug 04 02:41:06 UTC 2026","Tue Aug 04 02:41:06 UTC 2026","39","1.1 Team Hummingbird - BFF | WLW app","Technical Tests","conversation-controller","POST /public_api/conversation/userConversations/{conversationId}/messages","","POST /public_api/conversation/userConversations/{conversationId}/messages",""
"failed","Tue Aug 04 02:41:01 UTC 2026","Tue Aug 04 02:41:01 UTC 2026","14","1.1 Team Hummingbird - BFF | WLW app","Technical Tests","ai-company-search-controller","GET /public_api/search/ai/company/stream/mock [NEG] Forbidden Role Token","","GET /public_api/search/ai/company/stream/mock [NEG] Forbidden Role Token",""
"passed","Tue Aug 04 02:41:14 UTC 2026","Tue Aug 04 02:41:14 UTC 2026","32","1.1 Team Hummingbird - BFF | WLW app","Technical Tests","inside-business-controller","GET /public_api/inside_business [NEG] Expired Token","","GET /public_api/inside_business [NEG] Expired Token",""
"passed","Tue Aug 04 02:41:20 UTC 2026","Tue Aug 04 02:41:20 UTC 2026","32","1.1 Team Hummingbird - BFF | WLW app","Technical Tests","purchaser-support-controller","GET /support-master-data [NEG] Forbidden Role Token","","GET /support-master-data [NEG] Forbidden Role Token",""
"passed","Tue Aug 04 02:40:57 UTC 2026","Tue Aug 04 02:40:57 UTC 2026","101","1.1 Team Hummingbird - BFF | WLW app","Endpoint tests","Conversations","translate message","","translate message",""
"skipped","Tue Aug 04 02:41:09 UTC 2026","Tue Aug 04 02:41:09 UTC 2026","0","7. Team Pegasus | Pegasus Staging","Endpoints Tests","Supplier Registration","EP","","leads/get - Get a lead",""
"passed","Tue Aug 04 02:40:52 UTC 2026","Tue Aug 04 02:40:52 UTC 2026","16","1.1 Team Hummingbird - BFF | WLW app","Endpoint tests","Support","Supportmasterdata_EN","","Supportmasterdata_EN",""
"broken","Tue Aug 04 02:40:58 UTC 2026","Tue Aug 04 02:40:58 UTC 2026","485","Bamboo","Functional","","","findCategoryByIdTest","findCategoryById",""
"passed","Tue Aug 04 02:41:05 UTC 2026","Tue Aug 04 02:41:05 UTC 2026","35","1.1 Team Hummingbird - BFF | WLW app","Technical Tests","conversation-controller","PUT /public_api/conversation/userConversations/{conversationId}/decline [NEG] Forbidden Role Token","","PUT /public_api/conversation/userConversations/{conversationId}/decline [NEG] Forbidden Role Token",""
"failed","Tue Aug 04 02:41:10 UTC 2026","Tue Aug 04 02:41:10 UTC 2026","14","1.1 Team Hummingbird - BFF | WLW app","Technical Tests","conversation-controller","GET /public_api/conversation/userConversations/{conversationId}/file/ [NEG] Forbidden Role Token","","GET /public_api/conversation/userConversations/{conversationId}/file/ [NEG] Forbidden Role Token",""
"passed","Tue Aug 04 02:41:30 UTC 2026","Tue Aug 04 02:41:30 UTC 2026","16","1.1 Team Hummingbird - BFF | WLW app","Technical Tests","supplier-visitors-controller","GET /","","GET /",""
"skipped","Tue Aug 04 02:45:09 UTC 2026","Tue Aug 04 02:45:09 UTC 2026","0","3 Team Techno - UCL","Functional Tests","Endpoint Tests","membership","","get all active membership for uuid not platform specific",""
"skipped","Tue Aug 04 02:45:09 UTC 2026","Tue Aug 04 02:45:09 UTC 2026","0","3 Team Techno - UCL","Technical Tests","WebsiteLead","GET /unified_commercial_logic/internal_api/api/website_lead/ - Retrieve WebsiteLead List","","GET /unified_commercial_logic/internal_api/api/website_lead/ - Retrieve WebsiteLead List",""
"failed","Tue Aug 04 02:41:29 UTC 2026","Tue Aug 04 02:41:29 UTC 2026","11","1.1 Team Hummingbird - BFF | WLW app","Technical Tests","supplier-visitors-controller","GET /public_api/suppliers/{supplier_id}/visits [SEC] Injection Probe","","GET /public_api/suppliers/{supplier_id}/visits [SEC] Injection Probe",""
"failed","Tue Aug 04 02:43:21 UTC 2026","Tue Aug 04 02:43:21 UTC 2026","616","4. Team CRM |CRM Staging","Business Scenarios Tests","Lead","Update a Lead","","Update a Lead",""
"broken","Tue Aug 04 02:41:50 UTC 2026","Tue Aug 04 02:42:10 UTC 2026","20025","Dolphin","Functional","","","recallAlternateSortTest","AI Search recall: alternate sort (order_num_desc)",""
"passed","Tue Aug 04 02:41:11 UTC 2026","Tue Aug 04 02:41:11 UTC 2026","31","1.1 Team Hummingbird - BFF | WLW app","Technical Tests","dynamic-links-controller","POST /public_api/branchio/dynamiclink","","POST /public_api/branchio/dynamiclink",""
"failed","Tue Aug 04 02:40:57 UTC 2026","Tue Aug 04 02:40:57 UTC 2026","99","1.1 Team Hummingbird - BFF | WLW app","Endpoint tests","Conversations","File","","File",""
"passed","Tue Aug 04 02:39:57 UTC 2026","Tue Aug 04 02:39:57 UTC 2026","16","1 Team Hummingbird - BFF | EP app","Endpoint tests","Support","Supportmasterdata_EN","","Supportmasterdata_EN",""
"passed","Tue Aug 04 02:41:04 UTC 2026","Tue Aug 04 02:41:04 UTC 2026","33","1.1 Team Hummingbird - BFF | WLW app","Technical Tests","conversation-controller","PUT /public_api/conversation/userConversations/{conversationId}/tag [NEG] Expired Token","","PUT /public_api/conversation/userConversations/{conversationId}/tag [NEG] Expired Token",""
"failed","Tue Aug 04 02:41:03 UTC 2026","Tue Aug 04 02:41:03 UTC 2026","10","1.1 Team Hummingbird - BFF | WLW app","Technical Tests","company-controller","GET /public_api/suppliers/{companyID}/listings [NEG] Forbidden Role Token","","GET /public_api/suppliers/{companyID}/listings [NEG] Forbidden Role Token",""
"passed","Tue Aug 04 02:40:52 UTC 2026","Tue Aug 04 02:40:52 UTC 2026","102","1.1 Team Hummingbird - BFF | WLW app","Endpoint tests","User settings","user setting","","user setting",""
"passed","Tue Aug 04 02:49:28 UTC 2026","Tue Aug 04 02:49:28 UTC 2026","34","Dolphin","Functional","","","getCategoryListWlwTest","v-recommend category list -- wlw, full categories",""
"failed","Tue Aug 04 02:49:17 UTC 2026","Tue Aug 04 02:49:18 UTC 2026","343","Dolphin","Technical","","","productTextSearchNoResultTest","AI product text search recall: no-result query",""
"failed","Tue Aug 04 02:41:27 UTC 2026","Tue Aug 04 02:41:27 UTC 2026","14","1.1 Team Hummingbird - BFF | WLW app","Technical Tests","search-controller","GET /public_api/products/recommendations [NEG] Missing Auth/API-Key","","GET /public_api/products/recommendations [NEG] Missing Auth/API-Key",""
"failed","Tue Aug 04 02:41:00 UTC 2026","Tue Aug 04 02:41:00 UTC 2026","143","2 Team Dragon - BFF | RFQ Backend","Functional Tests","(root)","POST /v1/rfqs/{rfqId}/respond - Success","","POST /v1/rfqs/{rfqId}/respond - Success",""
"passed","Tue Aug 04 02:43:19 UTC 2026","Tue Aug 04 02:43:20 UTC 2026","662","4. Team CRM |CRM Staging","Business Scenarios Tests","Create and edit a contact","Edit contact","","Edit contact",""
"skipped","Tue Aug 04 02:41:09 UTC 2026","Tue Aug 04 02:41:09 UTC 2026","0","7. Team Pegasus | Pegasus Staging","Business Scenarios Tests","Business Insights","Dashboard smoke flow","","Activity",""
"passed","Tue Aug 04 02:41:31 UTC 2026","Tue Aug 04 02:41:31 UTC 2026","15","1.1 Team Hummingbird - BFF | WLW app","Technical Tests","trending-products-controller","POST /public_api/trending/import [NEG] Missing Auth/API-Key","","POST /public_api/trending/import [NEG] Missing Auth/API-Key",""
"passed","Tue Aug 04 02:39:58 UTC 2026","Tue Aug 04 02:39:58 UTC 2026","434","1 Team Hummingbird - BFF | EP app","Endpoint tests","Mobile_Feedback","post feedback","","post feedback",""
"passed","Tue Aug 04 02:49:28 UTC 2026","Tue Aug 04 02:49:28 UTC 2026","77","Dolphin","Technical","","","EPZeroResultProductRecommendTest","Recommend products in 0 result search list page v1 -- ep",""
"passed","Tue Aug 04 02:41:19 UTC 2026","Tue Aug 04 02:41:19 UTC 2026","30","1.1 Team Hummingbird - BFF | WLW app","Technical Tests","product-controller","GET /public_api/products/{productId} [NEG] Expired Token","","GET /public_api/products/{productId} [NEG] Expired Token",""
"failed","Tue Aug 04 02:41:10 UTC 2026","Tue Aug 04 02:41:10 UTC 2026","14","1.1 Team Hummingbird - BFF | WLW app","Technical Tests","conversation-controller","GET /public_api/conversation/userConversations/{conversationId}/file [SEC] Injection Probe","","GET /public_api/conversation/userConversations/{conversationId}/file [SEC] Injection Probe",""
"passed","Tue Aug 04 02:43:21 UTC 2026","Tue Aug 04 02:43:21 UTC 2026","188","4. Team CRM |CRM Staging","Business Scenarios Tests","Lead","Smoke test for Conversion","","Smoke test for Conversion",""
"passed","Tue Aug 04 02:40:01 UTC 2026","Tue Aug 04 02:40:01 UTC 2026","43","1 Team Hummingbird - BFF | EP app","Endpoint tests","Homepage, products","preferred categories","","preferred categories",""
"skipped","Tue Aug 04 02:41:09 UTC 2026","Tue Aug 04 02:41:09 UTC 2026","0","7. Team Pegasus | Pegasus Staging","Spike | Profiles link user to company","(root)","10 MANUAL — company-editor basic-info (browser)","","10 MANUAL — company-editor basic-info (browser)",""
"failed","Tue Aug 04 02:41:26 UTC 2026","Tue Aug 04 02:41:26 UTC 2026","13","1.1 Team Hummingbird - BFF | WLW app","Technical Tests","search-controller","GET /public_api/search/autoComplete","","GET /public_api/search/autoComplete",""
"passed","Tue Aug 04 02:41:18 UTC 2026","Tue Aug 04 02:41:18 UTC 2026","33","1.1 Team Hummingbird - BFF | WLW app","Technical Tests","product-controller","GET /public_api/products/{productId}","","GET /public_api/products/{productId}",""
"skipped","Tue Aug 04 02:41:09 UTC 2026","Tue Aug 04 02:41:09 UTC 2026","0","7. Team Pegasus | Pegasus Staging","Business Scenarios Tests","Business Insights","Dashboard smoke flow","","Set User Activity",""
"failed","Tue Aug 04 02:40:00 UTC 2026","Tue Aug 04 02:40:00 UTC 2026","76","1 Team Hummingbird - BFF | EP app","Endpoint tests","Search","search track","","search track",""
"failed","Tue Aug 04 02:40:56 UTC 2026","Tue Aug 04 02:40:57 UTC 2026","215","1.1 Team Hummingbird - BFF | WLW app","Endpoint tests","Contact request","QDR request","","QDR request",""
"passed","Tue Aug 04 02:43:26 UTC 2026","Tue Aug 04 02:43:26 UTC 2026","101","4. Team CRM |CRM Staging","Endpoints Tests","(root)","Update Website Leads Fields with sf_id","","Update Website Leads Fields with sf_id",""
"broken","Tue Aug 04 02:45:51 UTC 2026","Tue Aug 04 02:46:11 UTC 2026","20017","Dolphin","Functional","","","recallSingleFilterTest","AI Search recall: single filter (verified=true)",""
"passed","Tue Aug 04 02:43:25 UTC 2026","Tue Aug 04 02:43:25 UTC 2026","266","4. Team CRM |CRM Staging","Endpoints Tests","(root)","trigger from SF Platform Profile","","trigger from SF Platform Profile",""
"skipped","Tue Aug 04 02:41:09 UTC 2026","Tue Aug 04 02:41:09 UTC 2026","0","7. Team Pegasus | Pegasus Staging","Spike | Profiles link user to company","(root)","03 GET — Verify company (Supplier Facts)","","03 GET — Verify company (Supplier Facts)",""
"passed","Tue Aug 04 02:41:00 UTC 2026","Tue Aug 04 02:41:00 UTC 2026","81","2 Team Dragon - BFF | RFQ Backend","Functional Tests","(root)","POST /v1/rfqs/{rfqId}/respond - Error Case (400)","","POST /v1/rfqs/{rfqId}/respond - Error Case (400)",""
"passed","Tue Aug 04 02:41:12 UTC 2026","Tue Aug 04 02:41:12 UTC 2026","35","1.1 Team Hummingbird - BFF | WLW app","Technical Tests","euro-pages-controller","PUT /public_api/euro-pages/auth/delete [NEG] Expired Token","","PUT /public_api/euro-pages/auth/delete [NEG] Expired Token",""
"passed","Tue Aug 04 02:41:04 UTC 2026","Tue Aug 04 02:41:04 UTC 2026","13","1.1 Team Hummingbird - BFF | WLW app","Technical Tests","contact-form-controller","POST /public_api/contact-form/messages [NEG] Missing Auth/API-Key","","POST /public_api/contact-form/messages [NEG] Missing Auth/API-Key",""
"passed","Tue Aug 04 02:41:20 UTC 2026","Tue Aug 04 02:41:20 UTC 2026","21","1.1 Team Hummingbird - BFF | WLW app","Technical Tests","purchaser-user-setting-controller","PUT /userSetting/{id} [NEG] Missing Auth/API-Key","","PUT /userSetting/{id} [NEG] Missing Auth/API-Key",""
"passed","Tue Aug 04 02:41:32 UTC 2026","Tue Aug 04 02:41:32 UTC 2026","32","1.1 Team Hummingbird - BFF | WLW app","Technical Tests","user-controller","GET /public_api/user/userInfo [NEG] Expired Token","","GET /public_api/user/userInfo [NEG] Expired Token",""
"passed","Tue Aug 04 02:40:01 UTC 2026","Tue Aug 04 02:40:01 UTC 2026","24","1 Team Hummingbird - BFF | EP app","Endpoint tests","Homepage, products","preferred categories","","preferred categories",""
"passed","Tue Aug 04 02:41:15 UTC 2026","Tue Aug 04 02:41:15 UTC 2026","43","1.1 Team Hummingbird - BFF | WLW app","Technical Tests","login-controller","POST /public_api/auth/session/extend [NEG] Missing Auth/API-Key","","POST /public_api/auth/session/extend [NEG] Missing Auth/API-Key",""
"failed","Tue Aug 04 02:41:08 UTC 2026","Tue Aug 04 02:41:08 UTC 2026","9","1.1 Team Hummingbird - BFF | WLW app","Technical Tests","conversation-controller","GET /public_api/conversation/userConversations/{userId}/unreadCount [NEG] Expired Token","","GET /public_api/conversation/userConversations/{userId}/unreadCount [NEG] Expired Token",""
"passed","Tue Aug 04 02:43:18 UTC 2026","Tue Aug 04 02:43:19 UTC 2026","291","4. Team CRM |CRM Staging","Business Scenarios Tests","Feedback","Trigger Feedback","","Trigger Feedback",""
"passed","Tue Aug 04 02:41:20 UTC 2026","Tue Aug 04 02:41:20 UTC 2026","33","1.1 Team Hummingbird - BFF | WLW app","Technical Tests","purchaser-user-setting-controller","PUT /userSetting/{id} [NEG] Expired Token","","PUT /userSetting/{id} [NEG] Expired Token",""
"passed","Tue Aug 04 02:43:17 UTC 2026","Tue Aug 04 02:43:19 UTC 2026","1967","4. Team CRM |CRM Staging","Business Scenarios Tests","Account","Account for Contact","","Account for Contact",""
"failed","Tue Aug 04 02:39:58 UTC 2026","Tue Aug 04 02:39:58 UTC 2026","24","1 Team Hummingbird - BFF | EP app","Endpoint tests","Company","Company ID FR","","Company ID FR",""
"broken","Tue Aug 04 02:44:10 UTC 2026","Tue Aug 04 02:44:31 UTC 2026","20022","Dolphin","Technical","","","recallPageSizeOverMaxTest","AI Search recall: pageSize over max capped",""
"failed","Tue Aug 04 02:41:21 UTC 2026","Tue Aug 04 02:41:21 UTC 2026","15","1.1 Team Hummingbird - BFF | WLW app","Technical Tests","purchaser-user-setting-controller","GET /userSetting [NEG] Expired Token","","GET /userSetting [NEG] Expired Token",""
"passed","Tue Aug 04 02:41:01 UTC 2026","Tue Aug 04 02:41:01 UTC 2026","7","2 Team Dragon - BFF | RFQ Backend","Technical Tests","(root)","GET /v1/user - User Info + Roles + Negative Auth","","GET /v1/user - User Info + Roles + Negative Auth",""
"skipped","Tue Aug 04 02:41:09 UTC 2026","Tue Aug 04 02:41:09 UTC 2026","0","7. Team Pegasus | Pegasus Staging","Endpoints Tests","Business Insights","Scoring by uuid","","Scoring by uuid",""
"passed","Tue Aug 04 02:40:51 UTC 2026","Tue Aug 04 02:40:51 UTC 2026","188","1.1 Team Hummingbird - BFF | WLW app","Endpoint tests","Login","user Info","","user Info",""
"passed","Tue Aug 04 02:49:21 UTC 2026","Tue Aug 04 02:49:22 UTC 2026","1112","Dolphin","Functional","","","productTextSearchPaidSupplierFilterTest","AI product text search recall: paid/verified supplier filter",""
"passed","Tue Aug 04 02:43:15 UTC 2026","Tue Aug 04 02:43:15 UTC 2026","137","4. Team CRM |CRM Staging","Business Scenarios Tests","Tasks","Verify Change","","Verify Change",""
"failed","Tue Aug 04 02:41:09 UTC 2026","Tue Aug 04 02:41:09 UTC 2026","9","1.1 Team Hummingbird - BFF | WLW app","Technical Tests","conversation-controller","GET /public_api/conversation/userConversations/{userId}/unreadCount/ [NEG] Forbidden Role Token","","GET /public_api/conversation/userConversations/{userId}/unreadCount/ [NEG] Forbidden Role Token",""
"failed","Tue Aug 04 02:40:56 UTC 2026","Tue Aug 04 02:40:56 UTC 2026","219","1.1 Team Hummingbird - BFF | WLW app","Endpoint tests","Contact request","Other request","","Other request",""
"passed","Tue Aug 04 02:43:16 UTC 2026","Tue Aug 04 02:43:37 UTC 2026","20478","4. Team CRM |CRM Staging","Business Scenarios Tests","Account","wlw salesorderitems link","","wlw salesorderitems link",""
"failed","Tue Aug 04 02:41:31 UTC 2026","Tue Aug 04 02:41:31 UTC 2026","12","1.1 Team Hummingbird - BFF | WLW app","Technical Tests","trending-products-controller","GET /public_api/trending/products [NEG] Forbidden Role Token","","GET /public_api/trending/products [NEG] Forbidden Role Token",""
"passed","Tue Aug 04 02:41:02 UTC 2026","Tue Aug 04 02:41:02 UTC 2026","13","1.1 Team Hummingbird - BFF | WLW app","Technical Tests","categories-controller","GET /public_api/categories/homepage [NEG] Missing Auth/API-Key","","GET /public_api/categories/homepage [NEG] Missing Auth/API-Key",""
"failed","Tue Aug 04 02:41:09 UTC 2026","Tue Aug 04 02:41:09 UTC 2026","10","1.1 Team Hummingbird - BFF | WLW app","Technical Tests","conversation-controller","GET /public_api/conversation/userConversations/{conversationId} [NEG] Expired Token","","GET /public_api/conversation/userConversations/{conversationId} [NEG] Expired Token",""
"passed","Tue Aug 04 02:39:57 UTC 2026","Tue Aug 04 02:39:57 UTC 2026","21","1 Team Hummingbird - BFF | EP app","Endpoint tests","Support","Support FAQ_DE","","Support FAQ_DE",""
"passed","Tue Aug 04 02:41:05 UTC 2026","Tue Aug 04 02:41:05 UTC 2026","16","1.1 Team Hummingbird - BFF | WLW app","Technical Tests","conversation-controller","PUT /public_api/conversation/userConversations/{conversationId}/decline [NEG] Missing Auth/API-Key","","PUT /public_api/conversation/userConversations/{conversationId}/decline [NEG] Missing Auth/API-Key",""
"failed","Tue Aug 04 02:41:20 UTC 2026","Tue Aug 04 02:41:20 UTC 2026","12","1.1 Team Hummingbird - BFF | WLW app","Technical Tests","purchaser-support-controller","GET /support-faq [NEG] Forbidden Role Token","","GET /support-faq [NEG] Forbidden Role Token",""
"passed","Tue Aug 04 02:43:20 UTC 2026","Tue Aug 04 02:43:20 UTC 2026","364","4. Team CRM |CRM Staging","Business Scenarios Tests","Lead","Lead-duplicateCheck - with dulicates","","Lead-duplicateCheck - with dulicates",""
"failed","Tue Aug 04 02:41:09 UTC 2026","Tue Aug 04 02:41:09 UTC 2026","13","1.1 Team Hummingbird - BFF | WLW app","Technical Tests","conversation-controller","GET /public_api/conversation/userConversations/{conversationId} [NEG] Missing Auth/API-Key","","GET /public_api/conversation/userConversations/{conversationId} [NEG] Missing Auth/API-Key",""
"broken","Tue Aug 04 02:42:10 UTC 2026","Tue Aug 04 02:42:30 UTC 2026","20015","Dolphin","Technical","","","recallBlankQueryTest","AI Search recall: blank query and imageUrl → business failure",""
"passed","Tue Aug 04 02:40:55 UTC 2026","Tue Aug 04 02:40:56 UTC 2026","1328","1.1 Team Hummingbird - BFF | WLW app","Endpoint tests","Search","Product Search EN","","Product Search EN",""
"skipped","Tue Aug 04 02:41:09 UTC 2026","Tue Aug 04 02:41:09 UTC 2026","0","7. Team Pegasus | Pegasus Staging","Spike | Profiles link user to company","(root)","05 GET — Profile by email","","05 GET — Profile by email",""
"passed","Tue Aug 04 02:49:19 UTC 2026","Tue Aug 04 02:49:20 UTC 2026","691","Dolphin","Technical","","","productTextSearchPageSizeZeroTest","AI product text search recall: pageSize=0 normalized to default",""
"passed","Tue Aug 04 02:49:28 UTC 2026","Tue Aug 04 02:49:28 UTC 2026","100","Dolphin","Technical","","","EPOtherStoreProductRecommendTest","product other store recommend",""
"failed","Tue Aug 04 02:41:18 UTC 2026","Tue Aug 04 02:41:18 UTC 2026","11","1.1 Team Hummingbird - BFF | WLW app","Technical Tests","product-controller","GET /public_api/products [NEG] Forbidden Role Token","","GET /public_api/products [NEG] Forbidden Role Token",""
"failed","Tue Aug 04 02:41:18 UTC 2026","Tue Aug 04 02:41:18 UTC 2026","13","1.1 Team Hummingbird - BFF | WLW app","Technical Tests","product-controller","GET /public_api/products [NEG] Missing Auth/API-Key","","GET /public_api/products [NEG] Missing Auth/API-Key",""
"failed","Tue Aug 04 02:41:19 UTC 2026","Tue Aug 04 02:41:19 UTC 2026","10","1.1 Team Hummingbird - BFF | WLW app","Technical Tests","product-controller","GET /public_api/companies/{supplierPublicId}/products","","GET /public_api/companies/{supplierPublicId}/products",""
"passed","Tue Aug 04 02:41:21 UTC 2026","Tue Aug 04 02:41:21 UTC 2026","38","1.1 Team Hummingbird - BFF | WLW app","Technical Tests","purchaser-user-setting-controller","POST /userSetting/ [NEG] Forbidden Role Token","","POST /userSetting/ [NEG] Forbidden Role Token",""
"failed","Tue Aug 04 02:41:00 UTC 2026","Tue Aug 04 02:41:00 UTC 2026","14","2 Team Dragon - BFF | RFQ Backend","Technical Tests","(root)","POST /v1/rfqs/{rfqId}/respond - Multipart Upload + Schema + Security","","POST /v1/rfqs/{rfqId}/respond - Multipart Upload + Schema + Security",""
"failed","Tue Aug 04 02:40:02 UTC 2026","Tue Aug 04 02:40:02 UTC 2026","33","1 Team Hummingbird - BFF | EP app","Endpoint tests","Conversations","mark as read","","mark as read",""
"failed","Tue Aug 04 02:40:57 UTC 2026","Tue Aug 04 02:40:57 UTC 2026","80","1.1 Team Hummingbird - BFF | WLW app","Endpoint tests","Conversations","send file message","","send file message",""
"passed","Tue Aug 04 02:41:16 UTC 2026","Tue Aug 04 02:41:16 UTC 2026","30","1.1 Team Hummingbird - BFF | WLW app","Technical Tests","login-controller","POST /public_api/auth/registration [NEG] Forbidden Role Token","","POST /public_api/auth/registration [NEG] Forbidden Role Token",""
"failed","Tue Aug 04 02:41:27 UTC 2026","Tue Aug 04 02:41:27 UTC 2026","12","1.1 Team Hummingbird - BFF | WLW app","Technical Tests","search-controller","GET /public_api/products/recommendations","","GET /public_api/products/recommendations",""
"passed","Tue Aug 04 02:43:26 UTC 2026","Tue Aug 04 02:43:27 UTC 2026","1040","4. Team CRM |CRM Staging","Endpoints Tests","(root)","Create platform profile","","Create platform profile",""
"failed","Tue Aug 04 02:41:01 UTC 2026","Tue Aug 04 02:41:01 UTC 2026","13","1.1 Team Hummingbird - BFF | WLW app","Technical Tests","categories-controller","GET /preferred/categories [NEG] Expired Token","","GET /preferred/categories [NEG] Expired Token",""
"passed","Tue Aug 04 02:43:21 UTC 2026","Tue Aug 04 02:43:21 UTC 2026","188","4. Team CRM |CRM Staging","Business Scenarios Tests","Lead","Smoke test for Conversion","","Smoke test for Conversion",""
"skipped","Tue Aug 04 02:41:09 UTC 2026","Tue Aug 04 02:41:09 UTC 2026","0","7. Team Pegasus | Pegasus Staging","Business Scenarios Tests","Supplier Facts","Company create and update for UI","","Create company",""
"skipped","Tue Aug 04 02:45:09 UTC 2026","Tue Aug 04 02:45:09 UTC 2026","0","3 Team Techno - UCL","Technical Tests","SponsoredBrand","GET /unified_commercial_logic/internal_api/api/sponsored_brand_v1/ - Retrieve SponsoredBrandV1 List","","GET /unified_commercial_logic/internal_api/api/sponsored_brand_v1/ - Retrieve SponsoredBrandV1 List",""
"failed","Tue Aug 04 02:41:24 UTC 2026","Tue Aug 04 02:41:24 UTC 2026","19","1.1 Team Hummingbird - BFF | WLW app","Technical Tests","search-controller","GET /public_api/suppliers/recommendations","","GET /public_api/suppliers/recommendations",""
"passed","Tue Aug 04 02:41:06 UTC 2026","Tue Aug 04 02:41:06 UTC 2026","32","1.1 Team Hummingbird - BFF | WLW app","Technical Tests","conversation-controller","POST /public_api/conversation/userConversations/{conversationId}/messages [NEG] Expired Token","","POST /public_api/conversation/userConversations/{conversationId}/messages [NEG] Expired Token",""
"failed","Tue Aug 04 02:41:09 UTC 2026","Tue Aug 04 02:41:09 UTC 2026","11","1.1 Team Hummingbird - BFF | WLW app","Technical Tests","conversation-controller","GET /public_api/conversation/userConversations/{userId}/unreadCount/ [NEG] Missing Auth/API-Key","","GET /public_api/conversation/userConversations/{userId}/unreadCount/ [NEG] Missing Auth/API-Key",""
"passed","Tue Aug 04 02:43:20 UTC 2026","Tue Aug 04 02:43:23 UTC 2026","2437","4. Team CRM |CRM Staging","Business Scenarios Tests","Lead","Create a  lead","","Create a  lead",""
"passed","Tue Aug 04 02:41:00 UTC 2026","Tue Aug 04 02:41:00 UTC 2026","37","1.1 Team Hummingbird - BFF | WLW app","Technical Tests","ai-company-search-controller","POST /public_api/search/ai/company/search","","POST /public_api/search/ai/company/search",""
"passed","Tue Aug 04 02:41:11 UTC 2026","Tue Aug 04 02:41:11 UTC 2026","15","1.1 Team Hummingbird - BFF | WLW app","Technical Tests","dynamic-links-controller","POST /public_api/branchio/dynamiclink [NEG] Missing Auth/API-Key","","POST /public_api/branchio/dynamiclink [NEG] Missing Auth/API-Key",""
"passed","Tue Aug 04 02:49:23 UTC 2026","Tue Aug 04 02:49:24 UTC 2026","1717","Dolphin","Technical","","","productTextSearchSortTest","AI product text search recall: alternate sort",""
"passed","Tue Aug 04 02:40:54 UTC 2026","Tue Aug 04 02:40:54 UTC 2026","117","1.1 Team Hummingbird - BFF | WLW app","Endpoint tests","Search","search autoComplete EN","","search autoComplete EN",""
"skipped","Tue Aug 04 02:41:09 UTC 2026","Tue Aug 04 02:41:09 UTC 2026","0","7. Team Pegasus | Pegasus Staging","Endpoints Tests","User & Company Context","UCL Organizations","","UCL Organizations",""
"skipped","Tue Aug 04 02:40:51 UTC 2026","Tue Aug 04 02:40:51 UTC 2026","0","1.1 Team Hummingbird - BFF | WLW app","Business Scenario Tests","(empty)","(empty)","","Business Scenario Tests - empty",""
"passed","Tue Aug 04 02:49:29 UTC 2026","Tue Aug 04 02:49:29 UTC 2026","564","Dolphin","Functional","","","getproductRecommendByQueryOnCserpTest","getproductRecommendByQueryOnCserpTest",""
"failed","Tue Aug 04 02:40:01 UTC 2026","Tue Aug 04 02:40:01 UTC 2026","221","1 Team Hummingbird - BFF | EP app","Endpoint tests","Contact request","Other request","","Other request",""
"passed","Tue Aug 04 02:41:28 UTC 2026","Tue Aug 04 02:41:28 UTC 2026","12","1.1 Team Hummingbird - BFF | WLW app","Technical Tests","search-term-controller","PUT /public_api/search/notification-opened [NEG] Missing Auth/API-Key","","PUT /public_api/search/notification-opened [NEG] Missing Auth/API-Key",""
"broken","Tue Aug 04 02:43:10 UTC 2026","Tue Aug 04 02:43:30 UTC 2026","20018","Dolphin","Technical","","","recallLongQueryTruncationTest","AI Search recall: long query truncated, still success",""
"skipped","Tue Aug 04 02:41:09 UTC 2026","Tue Aug 04 02:41:09 UTC 2026","0","7. Team Pegasus | Pegasus Staging","Endpoints Tests","Shop Import & Onboarding Backend","/offers/keywordSuggestion","","/offers/keywordSuggestion",""
"passed","Tue Aug 04 02:41:07 UTC 2026","Tue Aug 04 02:41:07 UTC 2026","17","1.1 Team Hummingbird - BFF | WLW app","Technical Tests","conversation-controller","POST /public_api/conversation/userConversations/{conversationId}/messages/file [NEG] Missing Auth/API-Key","","POST /public_api/conversation/userConversations/{conversationId}/messages/file [NEG] Missing Auth/API-Key",""
"passed","Tue Aug 04 02:43:22 UTC 2026","Tue Aug 04 02:43:25 UTC 2026","2593","4. Team CRM |CRM Staging","Business Scenarios Tests","Platform Profile","Smoke Test Create Platform Profile","","Smoke Test Create Platform Profile",""
"passed","Tue Aug 04 02:40:53 UTC 2026","Tue Aug 04 02:40:53 UTC 2026","18","1.1 Team Hummingbird - BFF | WLW app","Endpoint tests","Mobile_Feedback","Feedback Subject_DE","","Feedback Subject_DE",""
"passed","Tue Aug 04 02:41:30 UTC 2026","Tue Aug 04 02:41:30 UTC 2026","34","1.1 Team Hummingbird - BFF | WLW app","Technical Tests","trending-products-controller","POST /public_api/trending/import","","POST /public_api/trending/import",""
"passed","Tue Aug 04 02:43:20 UTC 2026","Tue Aug 04 02:43:20 UTC 2026","174","4. Team CRM |CRM Staging","Business Scenarios Tests","Lead","Lead-duplicateCheck - without dupicates","","Lead-duplicateCheck - without dupicates",""
"passed","Tue Aug 04 02:41:06 UTC 2026","Tue Aug 04 02:41:06 UTC 2026","31","1.1 Team Hummingbird - BFF | WLW app","Technical Tests","conversation-controller","GET /public_api/conversation/userConversations/{conversationId}/messages [SEC] Injection Probe","","GET /public_api/conversation/userConversations/{conversationId}/messages [SEC] Injection Probe",""
"broken","Tue Aug 04 02:48:52 UTC 2026","Tue Aug 04 02:49:12 UTC 2026","20023","Dolphin","Functional","","","productInferenceTest","AI product search inference stream API",""
"broken","Tue Aug 04 02:40:10 UTC 2026","Tue Aug 04 02:40:30 UTC 2026","20020","Dolphin","Technical","","","inferenceShortQueryTest","AI Search inference: minimal searchText boundary",""
"failed","Tue Aug 04 02:41:29 UTC 2026","Tue Aug 04 02:41:29 UTC 2026","9","1.1 Team Hummingbird - BFF | WLW app","Technical Tests","supplier-visitors-controller","GET /public_api/suppliers/{supplier_id}/visits","","GET /public_api/suppliers/{supplier_id}/visits",""
"passed","Tue Aug 04 02:41:21 UTC 2026","Tue Aug 04 02:41:21 UTC 2026","34","1.1 Team Hummingbird - BFF | WLW app","Technical Tests","purchaser-user-setting-controller","POST /userSetting","","POST /userSetting",""
"broken","Tue Aug 04 02:46:31 UTC 2026","Tue Aug 04 02:46:52 UTC 2026","20637","Dolphin","Functional","","","recallTest","AI Search recall (supplierTextSearch) API using params from inference",""
"broken","Tue Aug 04 02:48:32 UTC 2026","Tue Aug 04 02:48:52 UTC 2026","20020","Dolphin","Technical","","","productInferenceShortQueryTest","AI product search inference: minimal searchText boundary",""
"failed","Tue Aug 04 02:41:08 UTC 2026","Tue Aug 04 02:41:08 UTC 2026","13","1.1 Team Hummingbird - BFF | WLW app","Technical Tests","conversation-controller","GET /public_api/conversation/userConversations/{userId}/unreadCount [NEG] Missing Auth/API-Key","","GET /public_api/conversation/userConversations/{userId}/unreadCount [NEG] Missing Auth/API-Key",""
"passed","Tue Aug 04 02:43:24 UTC 2026","Tue Aug 04 02:43:24 UTC 2026","122","4. Team CRM |CRM Staging","Endpoints Tests","(root)","duplicate records","","duplicate records",""
"failed","Tue Aug 04 02:43:15 UTC 2026","Tue Aug 04 02:43:17 UTC 2026","1568","4. Team CRM |CRM Staging","Business Scenarios Tests","Contacts","Check Contact","","Check Contact",""
"failed","Tue Aug 04 02:41:26 UTC 2026","Tue Aug 04 02:41:26 UTC 2026","10","1.1 Team Hummingbird - BFF | WLW app","Technical Tests","search-controller","GET /public_api/search/ai/termRecommend [NEG] Forbidden Role Token","","GET /public_api/search/ai/termRecommend [NEG] Forbidden Role Token",""
"passed","Tue Aug 04 02:40:53 UTC 2026","Tue Aug 04 02:40:53 UTC 2026","205","1.1 Team Hummingbird - BFF | WLW app","Endpoint tests","Mobile_Feedback","post feedback","","post feedback",""
"skipped","Tue Aug 04 02:41:09 UTC 2026","Tue Aug 04 02:41:09 UTC 2026","0","7. Team Pegasus | Pegasus Staging","Endpoints Tests","Supplier Registration","Manual VAT check","","vat/check - Validate VAT number",""
"broken","Tue Aug 04 02:46:11 UTC 2026","Tue Aug 04 02:46:31 UTC 2026","20019","Dolphin","Technical","","","recallSpecialCharQueryTest","AI Search recall: special-character query structure OK",""
"passed","Tue Aug 04 02:41:05 UTC 2026","Tue Aug 04 02:41:05 UTC 2026","34","1.1 Team Hummingbird - BFF | WLW app","Technical Tests","conversation-controller","PUT /public_api/conversation/userConversations/{conversationId}/decline","","PUT /public_api/conversation/userConversations/{conversationId}/decline",""
"failed","Tue Aug 04 02:40:55 UTC 2026","Tue Aug 04 02:40:55 UTC 2026","55","1.1 Team Hummingbird - BFF | WLW app","Endpoint tests","RFQ","post RFQ","","post RFQ",""
"passed","Tue Aug 04 02:40:51 UTC 2026","Tue Aug 04 02:40:51 UTC 2026","594","1.1 Team Hummingbird - BFF | WLW app","Endpoint tests","Login","native email login","","native email login",""
"failed","Tue Aug 04 02:41:28 UTC 2026","Tue Aug 04 02:41:28 UTC 2026","15","1.1 Team Hummingbird - BFF | WLW app","Technical Tests","search-term-controller","POST /public_api/search/track","","POST /public_api/search/track",""
"passed","Tue Aug 04 02:49:28 UTC 2026","Tue Aug 04 02:49:28 UTC 2026","79","Dolphin","Functional","","","cppProductRecommendTest","recommend products in CPP -- wlw",""
"skipped","Tue Aug 04 02:41:09 UTC 2026","Tue Aug 04 02:41:09 UTC 2026","0","7. Team Pegasus | Pegasus Staging","Business Scenarios Tests","Supplier Facts","API register, publish, and verify in UI","","2. Complete registration (user + company)",""
"broken","Tue Aug 04 02:47:52 UTC 2026","Tue Aug 04 02:48:12 UTC 2026","20017","Dolphin","Technical","","","termRecommendNoMockTest","AI Search term recommend API without mock",""
"passed","Tue Aug 04 02:41:04 UTC 2026","Tue Aug 04 02:41:04 UTC 2026","37","1.1 Team Hummingbird - BFF | WLW app","Technical Tests","contact-form-controller","POST /public_api/contact-form/messages [NEG] Expired Token","","POST /public_api/contact-form/messages [NEG] Expired Token",""
"passed","Tue Aug 04 02:39:59 UTC 2026","Tue Aug 04 02:40:00 UTC 2026","686","1 Team Hummingbird - BFF | EP app","Endpoint tests","Search","search companies, EN","","search companies, EN",""
"passed","Tue Aug 04 02:39:58 UTC 2026","Tue Aug 04 02:39:58 UTC 2026","16","1 Team Hummingbird - BFF | EP app","Endpoint tests","Mobile_Feedback","Feedback Subject_FR","","Feedback Subject_FR",""
"passed","Tue Aug 04 02:43:27 UTC 2026","Tue Aug 04 02:43:27 UTC 2026","79","4. Team CRM |CRM Staging","Endpoints Tests","(root)","get company data via SF id","","get company data via SF id",""
"passed","Tue Aug 04 02:41:12 UTC 2026","Tue Aug 04 02:41:12 UTC 2026","34","1.1 Team Hummingbird - BFF | WLW app","Technical Tests","euro-pages-controller","DELETE /public_api/euro-pages/auth/delete","","DELETE /public_api/euro-pages/auth/delete",""
"failed","Tue Aug 04 02:41:20 UTC 2026","Tue Aug 04 02:41:20 UTC 2026","11","1.1 Team Hummingbird - BFF | WLW app","Technical Tests","purchaser-support-controller","GET /support-faq [NEG] Missing Auth/API-Key","","GET /support-faq [NEG] Missing Auth/API-Key",""
"passed","Tue Aug 04 02:40:55 UTC 2026","Tue Aug 04 02:40:55 UTC 2026","66","1.1 Team Hummingbird - BFF | WLW app","Endpoint tests","Search","search autoComplete FR","","search autoComplete FR",""
"failed","Tue Aug 04 02:40:53 UTC 2026","Tue Aug 04 02:40:53 UTC 2026","38","1.1 Team Hummingbird - BFF | WLW app","Endpoint tests","Company","Company ID DE","","Company ID DE",""
"passed","Tue Aug 04 02:40:00 UTC 2026","Tue Aug 04 02:40:01 UTC 2026","1500","1 Team Hummingbird - BFF | EP app","Endpoint tests","Search","Product Search FR","","Product Search FR",""
"failed","Tue Aug 04 02:43:17 UTC 2026","Tue Aug 04 02:43:18 UTC 2026","880","4. Team CRM |CRM Staging","Business Scenarios Tests","Account","Verify HubSpot Sync","","Verify HubSpot Sync",""
"skipped","Tue Aug 04 02:41:09 UTC 2026","Tue Aug 04 02:41:09 UTC 2026","0","7. Team Pegasus | Pegasus Staging","Endpoints Tests","Visitors","Java (statistics-app)","","Filter types",""
"passed","Tue Aug 04 02:41:17 UTC 2026","Tue Aug 04 02:41:17 UTC 2026","38","1.1 Team Hummingbird - BFF | WLW app","Technical Tests","login-controller","POST /public_api/auth/code/resend","","POST /public_api/auth/code/resend",""
"skipped","Tue Aug 04 02:45:09 UTC 2026","Tue Aug 04 02:45:09 UTC 2026","0","3 Team Techno - UCL","Technical Tests","SponsoredBrand","GET /unified_commercial_logic/internal_api/api/sponsored_brand_v1 - Retrieve SponsoredBrandV1 List","","GET /unified_commercial_logic/internal_api/api/sponsored_brand_v1 - Retrieve SponsoredBrandV1 List",""
"passed","Tue Aug 04 02:40:59 UTC 2026","Tue Aug 04 02:41:00 UTC 2026","377","2 Team Dragon - BFF | RFQ Backend","Functional Tests","(root)","GET /v1/rfqs - Success","","GET /v1/rfqs - Success",""
"passed","Tue Aug 04 02:43:19 UTC 2026","Tue Aug 04 02:43:23 UTC 2026","4559","4. Team CRM |CRM Staging","Business Scenarios Tests","Create and edit a contact","Create contact","","Create contact",""
"passed","Tue Aug 04 02:39:58 UTC 2026","Tue Aug 04 02:39:58 UTC 2026","18","1 Team Hummingbird - BFF | EP app","Endpoint tests","Mobile_Feedback","Feedback Subject_DE","","Feedback Subject_DE",""
"passed","Tue Aug 04 02:49:28 UTC 2026","Tue Aug 04 02:49:28 UTC 2026","32","Dolphin","Technical","","","getCategoryListWlwWithPreferredSuperCategoryIdsTest","v-recommend category list -- wlw, with preferredSuperCategoryIds",""
"skipped","Tue Aug 04 02:41:09 UTC 2026","Tue Aug 04 02:41:09 UTC 2026","0","7. Team Pegasus | Pegasus Staging","Endpoints Tests","Shop Import & Onboarding Backend","/offers/{offerId}","","/offers/{offerId}",""
"passed","Tue Aug 04 02:41:11 UTC 2026","Tue Aug 04 02:41:11 UTC 2026","31","1.1 Team Hummingbird - BFF | WLW app","Technical Tests","dynamic-links-controller","POST /public_api/branchio/dynamiclink [NEG] Expired Token","","POST /public_api/branchio/dynamiclink [NEG] Expired Token",""
"passed","Tue Aug 04 02:40:57 UTC 2026","Tue Aug 04 02:40:57 UTC 2026","95","1.1 Team Hummingbird - BFF | WLW app","Endpoint tests","Conversations","conversation id","","conversation id",""
"passed","Tue Aug 04 02:43:14 UTC 2026","Tue Aug 04 02:43:16 UTC 2026","1408","4. Team CRM |CRM Staging","Business Scenarios Tests","Tasks","Smoke test Create task","","Smoke test Create task",""
"passed","Tue Aug 04 02:41:12 UTC 2026","Tue Aug 04 02:41:12 UTC 2026","19","1.1 Team Hummingbird - BFF | WLW app","Technical Tests","euro-pages-controller","PUT /public_api/euro-pages/auth/delete [NEG] Missing Auth/API-Key","","PUT /public_api/euro-pages/auth/delete [NEG] Missing Auth/API-Key",""
"failed","Tue Aug 04 02:41:19 UTC 2026","Tue Aug 04 02:41:19 UTC 2026","10","1.1 Team Hummingbird - BFF | WLW app","Technical Tests","product-controller","GET /public_api/companies/{supplierPublicId}/products [SEC] Injection Probe","","GET /public_api/companies/{supplierPublicId}/products [SEC] Injection Probe",""
"passed","Tue Aug 04 02:49:29 UTC 2026","Tue Aug 04 02:49:30 UTC 2026","86","Dolphin","Technical","","","otherStoreProductRecommendTest","similar products recommend -- wlw pdp",""
"passed","Tue Aug 04 02:41:06 UTC 2026","Tue Aug 04 02:41:06 UTC 2026","16","1.1 Team Hummingbird - BFF | WLW app","Technical Tests","conversation-controller","POST /public_api/conversation/userConversations/{conversationId}/messages [NEG] Missing Auth/API-Key","","POST /public_api/conversation/userConversations/{conversationId}/messages [NEG] Missing Auth/API-Key",""
"passed","Tue Aug 04 02:39:56 UTC 2026","Tue Aug 04 02:39:56 UTC 2026","606","1 Team Hummingbird - BFF | EP app","Endpoint tests","Login","native email login","","native email login",""
"failed","Tue Aug 04 02:41:01 UTC 2026","Tue Aug 04 02:41:01 UTC 2026","100","2 Team Dragon - BFF | RFQ Backend","Technical Tests","(root)","GET /v1/rfqs/attachments/{attachmentId} - Download + Cache + Perf","","GET /v1/rfqs/attachments/{attachmentId} - Download + Cache + Perf",""
"passed","Tue Aug 04 02:41:28 UTC 2026","Tue Aug 04 02:41:28 UTC 2026","36","1.1 Team Hummingbird - BFF | WLW app","Technical Tests","search-controller","GET /public_api/categories/recommendations [SEC] Injection Probe","","GET /public_api/categories/recommendations [SEC] Injection Probe",""
"failed","Tue Aug 04 02:41:21 UTC 2026","Tue Aug 04 02:41:21 UTC 2026","19","1.1 Team Hummingbird - BFF | WLW app","Technical Tests","purchaser-user-setting-controller","GET /userSetting [NEG] Missing Auth/API-Key","","GET /userSetting [NEG] Missing Auth/API-Key",""
"passed","Tue Aug 04 02:40:52 UTC 2026","Tue Aug 04 02:40:52 UTC 2026","16","1.1 Team Hummingbird - BFF | WLW app","Endpoint tests","Support","Support FAQ_EN","","Support FAQ_EN",""
"passed","Tue Aug 04 02:41:16 UTC 2026","Tue Aug 04 02:41:16 UTC 2026","32","1.1 Team Hummingbird - BFF | WLW app","Technical Tests","login-controller","POST /public_api/auth/password/login [NEG] Expired Token","","POST /public_api/auth/password/login [NEG] Expired Token",""
"passed","Tue Aug 04 02:41:01 UTC 2026","Tue Aug 04 02:41:01 UTC 2026","17","2 Team Dragon - BFF | RFQ Backend","Technical Tests","(root)","GET /v1/categories - CPV list (schema + contract)","","GET /v1/categories - CPV list (schema + contract)",""
"passed","Tue Aug 04 02:40:55 UTC 2026","Tue Aug 04 02:40:56 UTC 2026","163","1.1 Team Hummingbird - BFF | WLW app","Endpoint tests","Homepage, products","trending products","","trending products",""
"passed","Tue Aug 04 02:40:53 UTC 2026","Tue Aug 04 02:40:53 UTC 2026","25","1.1 Team Hummingbird - BFF | WLW app","Endpoint tests","Company","Company ID EN","","Company ID EN",""
"skipped","Tue Aug 04 02:41:09 UTC 2026","Tue Aug 04 02:41:09 UTC 2026","0","7. Team Pegasus | Pegasus Staging","Endpoints Tests","Supplier Registration","One Platform — User Profile API","","Get Profile by ID",""
"failed","Tue Aug 04 02:40:57 UTC 2026","Tue Aug 04 02:40:57 UTC 2026","20","1.1 Team Hummingbird - BFF | WLW app","Endpoint tests","Conversations","dynamic link conversation","","dynamic link conversation",""
"passed","Tue Aug 04 02:41:12 UTC 2026","Tue Aug 04 02:41:12 UTC 2026","36","1.1 Team Hummingbird - BFF | WLW app","Technical Tests","euro-pages-controller","DELETE /public_api/euro-pages/auth/delete [NEG] Expired Token","","DELETE /public_api/euro-pages/auth/delete [NEG] Expired Token",""
"passed","Tue Aug 04 02:40:16 UTC 2026","Tue Aug 04 02:40:17 UTC 2026","200","Arise","Technical","","","skwd","skwd",""
"failed","Tue Aug 04 02:41:26 UTC 2026","Tue Aug 04 02:41:26 UTC 2026","13","1.1 Team Hummingbird - BFF | WLW app","Technical Tests","search-controller","GET /public_api/search/ai/termRecommend [NEG] Missing Auth/API-Key","","GET /public_api/search/ai/termRecommend [NEG] Missing Auth/API-Key",""
"failed","Tue Aug 04 02:41:02 UTC 2026","Tue Aug 04 02:41:02 UTC 2026","12","1.1 Team Hummingbird - BFF | WLW app","Technical Tests","categories-controller","PUT /preferred/categories [NEG] Expired Token","","PUT /preferred/categories [NEG] Expired Token",""
"failed","Tue Aug 04 02:41:02 UTC 2026","Tue Aug 04 02:41:02 UTC 2026","14","1.1 Team Hummingbird - BFF | WLW app","Technical Tests","categories-controller","PUT /preferred/categories [NEG] Forbidden Role Token","","PUT /preferred/categories [NEG] Forbidden Role Token",""
"passed","Tue Aug 04 02:49:28 UTC 2026","Tue Aug 04 02:49:28 UTC 2026","81","Dolphin","Functional","","","EPPCppProductRecommendTest","recommend products in CPP -- ep",""
"passed","Tue Aug 04 02:41:28 UTC 2026","Tue Aug 04 02:41:28 UTC 2026","36","1.1 Team Hummingbird - BFF | WLW app","Technical Tests","search-term-controller","PUT /public_api/search/notification-opened [NEG] Expired Token","","PUT /public_api/search/notification-opened [NEG] Expired Token",""
"failed","Tue Aug 04 02:43:15 UTC 2026","Tue Aug 04 02:43:15 UTC 2026","0","4. Team CRM |CRM Staging","Business Scenarios Tests","Contacts","Create Contact","","Create Contact",""
"skipped","Tue Aug 04 02:43:14 UTC 2026","Tue Aug 04 02:43:14 UTC 2026","0","4. Team CRM |CRM Staging","Endpoints Tests","Users","Custom Endpoints","","Endpoints Tests / Users / Custom Endpoints - empty",""
"broken","Tue Aug 04 02:44:31 UTC 2026","Tue Aug 04 02:44:51 UTC 2026","20471","Dolphin","Technical","","","recallPageSizeZeroNormalizedTest","AI Search recall: pageSize=0 normalized to default",""
"failed","Tue Aug 04 02:41:05 UTC 2026","Tue Aug 04 02:41:05 UTC 2026","12","1.1 Team Hummingbird - BFF | WLW app","Technical Tests","conversation-controller","PUT /public_api/conversation/userConversations/{conversationId}/messages/markAsRead [NEG] Missing Auth/API-Key","","PUT /public_api/conversation/userConversations/{conversationId}/messages/markAsRead [NEG] Missing Auth/API-Key",""
"skipped","Tue Aug 04 02:41:09 UTC 2026","Tue Aug 04 02:41:09 UTC 2026","0","7. Team Pegasus | Pegasus Staging","Spike | Profiles link user to company","(root)","06 PATCH — Link company to profile","","06 PATCH — Link company to profile",""
"passed","Tue Aug 04 02:39:57 UTC 2026","Tue Aug 04 02:39:57 UTC 2026","16","1 Team Hummingbird - BFF | EP app","Endpoint tests","Support","Support FAQ_FR","","Support FAQ_FR",""
"failed","Tue Aug 04 02:39:56 UTC 2026","Tue Aug 04 02:39:56 UTC 2026","36","1 Team Hummingbird - BFF | EP app","Endpoint tests","Login","user Info","","user Info",""
"passed","Tue Aug 04 02:43:22 UTC 2026","Tue Aug 04 02:43:22 UTC 2026","0","4. Team CRM |CRM Staging","Business Scenarios Tests","Contacts","Smoke test for Create Contact & Verify HubSpot Sync","","Smoke test for Create Contact & Verify HubSpot Sync",""
"passed","Tue Aug 04 02:41:16 UTC 2026","Tue Aug 04 02:41:16 UTC 2026","15","1.1 Team Hummingbird - BFF | WLW app","Technical Tests","login-controller","POST /public_api/auth/code/verify [NEG] Missing Auth/API-Key","","POST /public_api/auth/code/verify [NEG] Missing Auth/API-Key",""
"passed","Tue Aug 04 02:41:03 UTC 2026","Tue Aug 04 02:41:03 UTC 2026","37","1.1 Team Hummingbird - BFF | WLW app","Technical Tests","company-controller","GET /public_api/company/{id}","","GET /public_api/company/{id}",""
"passed","Tue Aug 04 02:41:05 UTC 2026","Tue Aug 04 02:41:05 UTC 2026","30","1.1 Team Hummingbird - BFF | WLW app","Technical Tests","conversation-controller","PUT /public_api/conversation/userConversations/{conversationId}/decline [NEG] Expired Token","","PUT /public_api/conversation/userConversations/{conversationId}/decline [NEG] Expired Token",""
"passed","Tue Aug 04 02:41:00 UTC 2026","Tue Aug 04 02:41:00 UTC 2026","29","1.1 Team Hummingbird - BFF | WLW app","Technical Tests","ai-company-search-controller","POST /public_api/search/ai/supplier/pv-match [NEG] Forbidden Role Token","","POST /public_api/search/ai/supplier/pv-match [NEG] Forbidden Role Token",""
"passed","Tue Aug 04 02:40:16 UTC 2026","Tue Aug 04 02:40:16 UTC 2026","492","Arise","Technical","","","psearchProxySearch","psearchProxySearch",""
"passed","Tue Aug 04 02:49:28 UTC 2026","Tue Aug 04 02:49:28 UTC 2026","81","Dolphin","Technical","","","EPPCppProductRecommendTest","recommend products in CPP -- ep",""
"passed","Tue Aug 04 02:49:12 UTC 2026","Tue Aug 04 02:49:13 UTC 2026","735","Dolphin","Functional","","","productTextSearchCountryFilterTest","AI product text search recall: country filter DE",""
"passed","Tue Aug 04 02:40:03 UTC 2026","Tue Aug 04 02:40:03 UTC 2026","166","1 Team Hummingbird - BFF | EP app","Endpoint tests","Visitor profiler","csv get","","csv get",""
"skipped","Tue Aug 04 02:45:09 UTC 2026","Tue Aug 04 02:45:09 UTC 2026","0","3 Team Techno - UCL","Technical Tests","Organization","GET /unified_commercial_logic/internal_api/api/organization/ - Retrieve Organization List","","GET /unified_commercial_logic/internal_api/api/organization/ - Retrieve Organization List",""
"failed","Tue Aug 04 02:41:30 UTC 2026","Tue Aug 04 02:41:30 UTC 2026","13","1.1 Team Hummingbird - BFF | WLW app","Technical Tests","supplier-visitors-controller","GET /public_api/suppliers/{supplier_id}/visits/csv [NEG] Forbidden Role Token","","GET /public_api/suppliers/{supplier_id}/visits/csv [NEG] Forbidden Role Token",""
"passed","Tue Aug 04 02:40:58 UTC 2026","Tue Aug 04 02:40:58 UTC 2026","106","1.1 Team Hummingbird - BFF | WLW app","Endpoint tests","Visitor profiler","csv get","","csv get",""
"passed","Tue Aug 04 02:40:03 UTC 2026","Tue Aug 04 02:40:04 UTC 2026","1252","1 Team Hummingbird - BFF | EP app","Endpoint tests","Visitor profiler","Visits","","Visits",""
"passed","Tue Aug 04 02:41:00 UTC 2026","Tue Aug 04 02:41:00 UTC 2026","38","2 Team Dragon - BFF | RFQ Backend","Functional Tests","(root)","GET /v1/categories - Success","","GET /v1/categories - Success",""
"passed","Tue Aug 04 02:41:05 UTC 2026","Tue Aug 04 02:41:05 UTC 2026","32","1.1 Team Hummingbird - BFF | WLW app","Technical Tests","conversation-controller","PUT /public_api/conversation/userConversations/{conversationId}/tag [NEG] Forbidden Role Token","","PUT /public_api/conversation/userConversations/{conversationId}/tag [NEG] Forbidden Role Token",""
"failed","Tue Aug 04 02:41:03 UTC 2026","Tue Aug 04 02:41:03 UTC 2026","14","1.1 Team Hummingbird - BFF | WLW app","Technical Tests","company-controller","GET /public_api/company [NEG] Missing Auth/API-Key","","GET /public_api/company [NEG] Missing Auth/API-Key",""
"passed","Tue Aug 04 02:43:24 UTC 2026","Tue Aug 04 02:43:24 UTC 2026","89","4. Team CRM |CRM Staging","Endpoints Tests","(root)","resolve individual id","","resolve individual id",""
"passed","Tue Aug 04 02:40:03 UTC 2026","Tue Aug 04 02:40:03 UTC 2026","719","1 Team Hummingbird - BFF | EP app","Endpoint tests","Visitor profiler","Visitor ID","","Visitor ID",""
"passed","Tue Aug 04 02:49:30 UTC 2026","Tue Aug 04 02:49:30 UTC 2026","77","Dolphin","Technical","","","zeroResultProductRecommendTest","Recommend products in 0 result search list page v1 -- wlw",""
"failed","Tue Aug 04 02:40:00 UTC 2026","Tue Aug 04 02:40:00 UTC 2026","379","1 Team Hummingbird - BFF | EP app","Endpoint tests","RFQ","post RFQ","","post RFQ",""
"passed","Tue Aug 04 02:40:59 UTC 2026","Tue Aug 04 02:40:59 UTC 2026","46","2 Team Dragon - BFF | RFQ Backend","Functional Tests","(root)","GET /v1/rfqs/{rfqId} - Success or 404","","GET /v1/rfqs/{rfqId} - Success or 404",""
"skipped","Tue Aug 04 02:45:09 UTC 2026","Tue Aug 04 02:45:09 UTC 2026","0","3 Team Techno - UCL","Functional Tests","Endpoint Tests","TopRanking","","get all active on wlw for the given uuid",""
"skipped","Tue Aug 04 02:41:09 UTC 2026","Tue Aug 04 02:41:09 UTC 2026","0","7. Team Pegasus | Pegasus Staging","Spike | Profiles link user to company","(root)","02 POST — Create company (Supplier Facts)","","02 POST — Create company (Supplier Facts)",""
"passed","Tue Aug 04 02:43:19 UTC 2026","Tue Aug 04 02:43:27 UTC 2026","8181","4. Team CRM |CRM Staging","Business Scenarios Tests","Disable Hubspot","Change Hubspot to false","","Change Hubspot to false",""
"passed","Tue Aug 04 02:41:07 UTC 2026","Tue Aug 04 02:41:07 UTC 2026","32","1.1 Team Hummingbird - BFF | WLW app","Technical Tests","conversation-controller","POST /public_api/conversation/userConversations/{conversationId}/messages/file","","POST /public_api/conversation/userConversations/{conversationId}/messages/file",""
"passed","Tue Aug 04 02:49:28 UTC 2026","Tue Aug 04 02:49:28 UTC 2026","79","Dolphin","Technical","","","EPSameStoreProductRecommendTest","product same store recommend -- ep",""
"passed","Tue Aug 04 02:40:53 UTC 2026","Tue Aug 04 02:40:53 UTC 2026","31","1.1 Team Hummingbird - BFF | WLW app","Endpoint tests","Mobile_Feedback","Feedback Subject_FR","","Feedback Subject_FR",""
"failed","Tue Aug 04 02:41:24 UTC 2026","Tue Aug 04 02:41:24 UTC 2026","12","1.1 Team Hummingbird - BFF | WLW app","Technical Tests","search-controller","GET /public_api/suppliers/recommendations [NEG] Missing Auth/API-Key","","GET /public_api/suppliers/recommendations [NEG] Missing Auth/API-Key",""
"passed","Tue Aug 04 02:41:14 UTC 2026","Tue Aug 04 02:41:14 UTC 2026","12","1.1 Team Hummingbird - BFF | WLW app","Technical Tests","inside-business-controller","GET /public_api/inside_business [NEG] Missing Auth/API-Key","","GET /public_api/inside_business [NEG] Missing Auth/API-Key",""
"passed","Tue Aug 04 02:41:19 UTC 2026","Tue Aug 04 02:41:19 UTC 2026","36","1.1 Team Hummingbird - BFF | WLW app","Technical Tests","purchaser-support-controller","GET /support-master-data [NEG] Expired Token","","GET /support-master-data [NEG] Expired Token",""
"passed","Tue Aug 04 02:43:19 UTC 2026","Tue Aug 04 02:43:20 UTC 2026","228","4. Team CRM |CRM Staging","Business Scenarios Tests","Disable Hubspot","Check hubspot is false","","Check hubspot is false",""
"passed","Tue Aug 04 02:41:07 UTC 2026","Tue Aug 04 02:41:07 UTC 2026","35","1.1 Team Hummingbird - BFF | WLW app","Technical Tests","conversation-controller","POST /public_api/conversation/userConversations/{conversationId}/messages/file/","","POST /public_api/conversation/userConversations/{conversationId}/messages/file/",""
"passed","Tue Aug 04 02:41:07 UTC 2026","Tue Aug 04 02:41:07 UTC 2026","33","1.1 Team Hummingbird - BFF | WLW app","Technical Tests","conversation-controller","POST /public_api/conversation/userConversations/{conversationId}/messages/file/ [NEG] Expired Token","","POST /public_api/conversation/userConversations/{conversationId}/messages/file/ [NEG] Expired Token",""
"passed","Tue Aug 04 02:43:24 UTC 2026","Tue Aug 04 02:43:24 UTC 2026","87","4. Team CRM |CRM Staging","Endpoints Tests","(root)","update SF","","update SF",""
"passed","Tue Aug 04 02:41:21 UTC 2026","Tue Aug 04 02:41:21 UTC 2026","31","1.1 Team Hummingbird - BFF | WLW app","Technical Tests","purchaser-user-setting-controller","POST /userSetting/ [NEG] Expired Token","","POST /userSetting/ [NEG] Expired Token",""
"failed","Tue Aug 04 02:41:28 UTC 2026","Tue Aug 04 02:41:28 UTC 2026","15","1.1 Team Hummingbird - BFF | WLW app","Technical Tests","search-controller","GET /public_api/categories/recommendations [NEG] Missing Auth/API-Key","","GET /public_api/categories/recommendations [NEG] Missing Auth/API-Key",""
"passed","Tue Aug 04 02:41:23 UTC 2026","Tue Aug 04 02:41:23 UTC 2026","31","1.1 Team Hummingbird - BFF | WLW app","Technical Tests","rfq-controller","POST /public_api/connect/purchaser/tenders [NEG] Forbidden Role Token","","POST /public_api/connect/purchaser/tenders [NEG] Forbidden Role Token",""
"passed","Tue Aug 04 02:41:23 UTC 2026","Tue Aug 04 02:41:23 UTC 2026","38","1.1 Team Hummingbird - BFF | WLW app","Technical Tests","rfq-controller","POST /public_api/connect/purchaser/tenders [NEG] Expired Token","","POST /public_api/connect/purchaser/tenders [NEG] Expired Token",""
"skipped","Tue Aug 04 02:41:09 UTC 2026","Tue Aug 04 02:41:09 UTC 2026","0","7. Team Pegasus | Pegasus Staging","Endpoints Tests","Business Insights","User by uuid","","User by uuid",""
"failed","Tue Aug 04 02:43:21 UTC 2026","Tue Aug 04 02:43:21 UTC 2026","193","4. Team CRM |CRM Staging","Business Scenarios Tests","Lead","Get a Lead","","Get a Lead",""
"failed","Tue Aug 04 02:41:26 UTC 2026","Tue Aug 04 02:41:26 UTC 2026","13","1.1 Team Hummingbird - BFF | WLW app","Technical Tests","search-controller","GET /public_api/search/autoComplete [NEG] Expired Token","","GET /public_api/search/autoComplete [NEG] Expired Token",""
"passed","Tue Aug 04 02:49:29 UTC 2026","Tue Aug 04 02:49:29 UTC 2026","80","Dolphin","Functional","","","homepageProductRecommendTest","homepage product recommend -- wlw",""
"broken","Tue Aug 04 02:44:51 UTC 2026","Tue Aug 04 02:45:11 UTC 2026","20022","Dolphin","Technical","","","recallPageZeroNormalizedTest","AI Search recall: page=0 normalized, still success",""
"failed","Tue Aug 04 02:41:22 UTC 2026","Tue Aug 04 02:41:22 UTC 2026","15","1.1 Team Hummingbird - BFF | WLW app","Technical Tests","push-notification-by-email-controller","GET /v1/pushNotification [SEC] Injection Probe","","GET /v1/pushNotification [SEC] Injection Probe",""
"broken","Tue Aug 04 02:48:52 UTC 2026","Tue Aug 04 02:49:12 UTC 2026","20023","Dolphin","Technical","","","productInferenceTest","AI product search inference stream API",""
"passed","Tue Aug 04 02:43:16 UTC 2026","Tue Aug 04 02:43:37 UTC 2026","20478","4. Team CRM |CRM Staging","Business Scenarios Tests","Account","wlw salesorderitems link","","wlw salesorderitems link",""
"passed","Tue Aug 04 02:40:59 UTC 2026","Tue Aug 04 02:40:59 UTC 2026","39","Bamboo","Technical","","","listTopCategoriesTest","list top Categories",""
"passed","Tue Aug 04 02:40:56 UTC 2026","Tue Aug 04 02:40:56 UTC 2026","140","1.1 Team Hummingbird - BFF | WLW app","Endpoint tests","Homepage, products","product recommendations EN","","product recommendations EN",""
"passed","Tue Aug 04 02:43:25 UTC 2026","Tue Aug 04 02:43:27 UTC 2026","1919","4. Team CRM |CRM Staging","Endpoints Tests","(root)","trigger the Paid Media lead","","trigger the Paid Media lead",""
"passed","Tue Aug 04 02:49:28 UTC 2026","Tue Aug 04 02:49:28 UTC 2026","79","Dolphin","Technical","","","cppProductRecommendTest","recommend products in CPP -- wlw",""
"passed","Tue Aug 04 02:41:23 UTC 2026","Tue Aug 04 02:41:23 UTC 2026","34","1.1 Team Hummingbird - BFF | WLW app","Technical Tests","rfq-controller","POST /public_api/connect/purchaser/tenders","","POST /public_api/connect/purchaser/tenders",""
"passed","Tue Aug 04 02:41:23 UTC 2026","Tue Aug 04 02:41:23 UTC 2026","20","1.1 Team Hummingbird - BFF | WLW app","Technical Tests","rfq-controller","POST /public_api/connect/purchaser/tenders/ [NEG] Missing Auth/API-Key","","POST /public_api/connect/purchaser/tenders/ [NEG] Missing Auth/API-Key",""
"skipped","Tue Aug 04 02:41:09 UTC 2026","Tue Aug 04 02:41:09 UTC 2026","0","7. Team Pegasus | Pegasus Staging","Endpoints Tests","Supplier Registration","EP","","request_for_quotations - Endpoints related to the creation of request for quotations",""
"failed","Tue Aug 04 02:41:27 UTC 2026","Tue Aug 04 02:41:27 UTC 2026","15","1.1 Team Hummingbird - BFF | WLW app","Technical Tests","search-controller","GET /public_api/products/recommendations [NEG] Expired Token","","GET /public_api/products/recommendations [NEG] Expired Token",""
"skipped","Tue Aug 04 02:41:09 UTC 2026","Tue Aug 04 02:41:09 UTC 2026","0","7. Team Pegasus | Pegasus Staging","Business Scenarios Tests","Supplier Facts","API register, publish, and verify in UI","","4. Publish company (PATCH supplier-facts)",""
"passed","Tue Aug 04 02:43:19 UTC 2026","Tue Aug 04 02:43:20 UTC 2026","662","4. Team CRM |CRM Staging","Business Scenarios Tests","Create and edit a contact","Edit contact","","Edit contact",""
"failed","Tue Aug 04 02:39:58 UTC 2026","Tue Aug 04 02:39:58 UTC 2026","31","1 Team Hummingbird - BFF | EP app","Endpoint tests","Company","Company ID EN","","Company ID EN",""
"failed","Tue Aug 04 02:40:00 UTC 2026","Tue Aug 04 02:40:00 UTC 2026","152","1 Team Hummingbird - BFF | EP app","Endpoint tests","Homepage, products","trending products","","trending products",""
"passed","Tue Aug 04 02:41:22 UTC 2026","Tue Aug 04 02:41:22 UTC 2026","35","1.1 Team Hummingbird - BFF | WLW app","Technical Tests","purchaser-user-setting-controller","POST /userSetting [NEG] Forbidden Role Token","","POST /userSetting [NEG] Forbidden Role Token",""
"passed","Tue Aug 04 02:41:31 UTC 2026","Tue Aug 04 02:41:31 UTC 2026","20","1.1 Team Hummingbird - BFF | WLW app","Technical Tests","trending-products-controller","GET /public_api/trending/notifications [NEG] Missing Auth/API-Key","","GET /public_api/trending/notifications [NEG] Missing Auth/API-Key",""
"passed","Tue Aug 04 02:40:00 UTC 2026","Tue Aug 04 02:40:00 UTC 2026","840","1 Team Hummingbird - BFF | EP app","Endpoint tests","Search","search companies DE","","search companies DE",""
"skipped","Tue Aug 04 02:41:09 UTC 2026","Tue Aug 04 02:41:09 UTC 2026","0","7. Team Pegasus | Pegasus Staging","Endpoints Tests","Visitors","Elixir (supplier-app)","","Filters",""
"failed","Tue Aug 04 02:41:26 UTC 2026","Tue Aug 04 02:41:26 UTC 2026","16","1.1 Team Hummingbird - BFF | WLW app","Technical Tests","search-controller","GET /public_api/search/autoComplete [NEG] Forbidden Role Token","","GET /public_api/search/autoComplete [NEG] Forbidden Role Token",""
"skipped","Tue Aug 04 02:43:14 UTC 2026","Tue Aug 04 02:43:14 UTC 2026","0","4. Team CRM |CRM Staging","Technical Tests","(empty)","(empty)","","Technical Tests - empty",""
"failed","Tue Aug 04 02:41:18 UTC 2026","Tue Aug 04 02:41:18 UTC 2026","14","1.1 Team Hummingbird - BFF | WLW app","Technical Tests","product-controller","GET /public_api/products","","GET /public_api/products",""
"failed","Tue Aug 04 02:41:10 UTC 2026","Tue Aug 04 02:41:10 UTC 2026","11","1.1 Team Hummingbird - BFF | WLW app","Technical Tests","conversation-controller","GET /public_api/conversation/userConversations/{conversationId}/file [NEG] Forbidden Role Token","","GET /public_api/conversation/userConversations/{conversationId}/file [NEG] Forbidden Role Token",""
"skipped","Tue Aug 04 02:41:09 UTC 2026","Tue Aug 04 02:41:09 UTC 2026","0","7. Team Pegasus | Pegasus Staging","Endpoints Tests","Shop Import & Onboarding Backend","/offers/categoryProperties","","/offers/categoryProperties",""
"passed","Tue Aug 04 02:41:14 UTC 2026","Tue Aug 04 02:41:14 UTC 2026","30","1.1 Team Hummingbird - BFF | WLW app","Technical Tests","help-and-support-controller","POST /help [NEG] Forbidden Role Token","","POST /help [NEG] Forbidden Role Token",""
"broken","Tue Aug 04 02:45:11 UTC 2026","Tue Aug 04 02:45:31 UTC 2026","20015","Dolphin","Technical","","","recallPaidSupplierFilterTest","AI Search recall: paid supplier filter (verified=true)",""
"skipped","Tue Aug 04 02:41:09 UTC 2026","Tue Aug 04 02:41:09 UTC 2026","0","7. Team Pegasus | Pegasus Staging","Endpoints Tests","Business Insights","Dashboard","","Dashboard",""
"passed","Tue Aug 04 02:41:15 UTC 2026","Tue Aug 04 02:41:15 UTC 2026","30","1.1 Team Hummingbird - BFF | WLW app","Technical Tests","login-controller","POST /public_api/auth/sso/login [NEG] Forbidden Role Token","","POST /public_api/auth/sso/login [NEG] Forbidden Role Token",""
"failed","Tue Aug 04 02:40:56 UTC 2026","Tue Aug 04 02:40:56 UTC 2026","148","1.1 Team Hummingbird - BFF | WLW app","Endpoint tests","Homepage, products","product recommendations DE","","product recommendations DE",""
"failed","Tue Aug 04 02:39:57 UTC 2026","Tue Aug 04 02:39:57 UTC 2026","15","1 Team Hummingbird - BFF | EP app","Endpoint tests","Support","currency daily rates","","currency daily rates",""
"failed","Tue Aug 04 02:43:26 UTC 2026","Tue Aug 04 02:43:27 UTC 2026","123","4. Team CRM |CRM Staging","Endpoints Tests","(root)","get company data via CRM id","","get company data via CRM id",""
"passed","Tue Aug 04 02:41:31 UTC 2026","Tue Aug 04 02:41:31 UTC 2026","30","1.1 Team Hummingbird - BFF | WLW app","Technical Tests","trending-products-controller","POST /public_api/trending/import [NEG] Forbidden Role Token","","POST /public_api/trending/import [NEG] Forbidden Role Token",""
"passed","Tue Aug 04 02:49:29 UTC 2026","Tue Aug 04 02:49:30 UTC 2026","86","Dolphin","Functional","","","otherStoreProductRecommendTest","similar products recommend -- wlw pdp",""
"passed","Tue Aug 04 02:40:58 UTC 2026","Tue Aug 04 02:40:58 UTC 2026","106","1.1 Team Hummingbird - BFF | WLW app","Endpoint tests","Visitor profiler","csv get","","csv get",""
"passed","Tue Aug 04 02:41:17 UTC 2026","Tue Aug 04 02:41:17 UTC 2026","42","1.1 Team Hummingbird - BFF | WLW app","Technical Tests","login-controller","POST /public_api/auth/changePassword [NEG] Expired Token","","POST /public_api/auth/changePassword [NEG] Expired Token",""
"passed","Tue Aug 04 02:41:13 UTC 2026","Tue Aug 04 02:41:13 UTC 2026","20","1.1 Team Hummingbird - BFF | WLW app","Technical Tests","feedback-controller","POST /feedback [NEG] Missing Auth/API-Key","","POST /feedback [NEG] Missing Auth/API-Key",""
"failed","Tue Aug 04 02:40:01 UTC 2026","Tue Aug 04 02:40:01 UTC 2026","212","1 Team Hummingbird - BFF | EP app","Endpoint tests","Contact request","Product request","","Product request",""
"passed","Tue Aug 04 02:39:59 UTC 2026","Tue Aug 04 02:39:59 UTC 2026","209","1 Team Hummingbird - BFF | EP app","Endpoint tests","Company","branchIO dynamic link, share CPP","","branchIO dynamic link, share CPP",""
"failed","Tue Aug 04 02:40:56 UTC 2026","Tue Aug 04 02:40:57 UTC 2026","239","1.1 Team Hummingbird - BFF | WLW app","Endpoint tests","Contact request","Product request","","Product request",""
"failed","Tue Aug 04 02:41:08 UTC 2026","Tue Aug 04 02:41:08 UTC 2026","15","1.1 Team Hummingbird - BFF | WLW app","Technical Tests","conversation-controller","GET /public_api/conversation/userConversations [NEG] Expired Token","","GET /public_api/conversation/userConversations [NEG] Expired Token",""
"passed","Tue Aug 04 02:43:23 UTC 2026","Tue Aug 04 02:43:25 UTC 2026","1875","4. Team CRM |CRM Staging","Business Scenarios Tests","Calls","Smoke test for call","","Smoke test for call",""
"skipped","Tue Aug 04 02:45:09 UTC 2026","Tue Aug 04 02:45:09 UTC 2026","0","3 Team Techno - UCL","Functional Tests","Endpoint Tests","GoogleAd","","get active googleAd for the given uuid",""
"failed","Tue Aug 04 02:41:08 UTC 2026","Tue Aug 04 02:41:08 UTC 2026","12","1.1 Team Hummingbird - BFF | WLW app","Technical Tests","conversation-controller","GET /public_api/conversation/userConversations [NEG] Forbidden Role Token","","GET /public_api/conversation/userConversations [NEG] Forbidden Role Token",""
"skipped","Tue Aug 04 02:41:09 UTC 2026","Tue Aug 04 02:41:09 UTC 2026","0","7. Team Pegasus | Pegasus Staging","Endpoints Tests","Business Insights","Subscription","","Subscription",""
"passed","Tue Aug 04 02:41:17 UTC 2026","Tue Aug 04 02:41:17 UTC 2026","16","1.1 Team Hummingbird - BFF | WLW app","Technical Tests","login-controller","POST /public_api/auth/code/resend [NEG] Missing Auth/API-Key","","POST /public_api/auth/code/resend [NEG] Missing Auth/API-Key",""
"passed","Tue Aug 04 02:43:25 UTC 2026","Tue Aug 04 02:43:26 UTC 2026","1013","4. Team CRM |CRM Staging","Endpoints Tests","(root)","Create Note with sf id Copy","","Create Note with sf id Copy",""
"passed","Tue Aug 04 02:43:20 UTC 2026","Tue Aug 04 02:43:27 UTC 2026","7430","4. Team CRM |CRM Staging","Business Scenarios Tests","Disable Hubspot","Change Hubspot to true","","Change Hubspot to true",""
"broken","Tue Aug 04 02:41:30 UTC 2026","Tue Aug 04 02:41:50 UTC 2026","20018","Dolphin","Technical","","","pvMatchTest","AI Search PV match (supplierAiMatch) API",""
"passed","Tue Aug 04 02:40:55 UTC 2026","Tue Aug 04 02:40:56 UTC 2026","1443","1.1 Team Hummingbird - BFF | WLW app","Endpoint tests","Search","Product Search DE","","Product Search DE",""
"failed","Tue Aug 04 02:41:05 UTC 2026","Tue Aug 04 02:41:05 UTC 2026","12","1.1 Team Hummingbird - BFF | WLW app","Technical Tests","conversation-controller","PUT /public_api/conversation/userConversations/{conversationId}/messages/markAsRead [NEG] Forbidden Role Token","","PUT /public_api/conversation/userConversations/{conversationId}/messages/markAsRead [NEG] Forbidden Role Token",""
"skipped","Tue Aug 04 02:43:14 UTC 2026","Tue Aug 04 02:43:14 UTC 2026","0","4. Team CRM |CRM Staging","Endpoints Tests","Users","Quotes","","Endpoints Tests / Users / Quotes - empty",""
"skipped","Tue Aug 04 02:45:09 UTC 2026","Tue Aug 04 02:45:09 UTC 2026","0","3 Team Techno - UCL","Functional Tests","Endpoint Tests","WebsiteLead","","get all active on wlw for given existing uuid",""
"passed","Tue Aug 04 02:39:59 UTC 2026","Tue Aug 04 02:39:59 UTC 2026","227","1 Team Hummingbird - BFF | EP app","Endpoint tests","Company","Product ID","","Product ID",""
"skipped","Tue Aug 04 02:41:09 UTC 2026","Tue Aug 04 02:41:09 UTC 2026","0","7. Team Pegasus | Pegasus Staging","Endpoints Tests","Business Insights","Admin BIOPS imports","","Admin BIOPS imports",""
"passed","Tue Aug 04 02:41:12 UTC 2026","Tue Aug 04 02:41:12 UTC 2026","33","1.1 Team Hummingbird - BFF | WLW app","Technical Tests","euro-pages-controller","PUT /public_api/euro-pages/auth/delete [NEG] Forbidden Role Token","","PUT /public_api/euro-pages/auth/delete [NEG] Forbidden Role Token",""
"passed","Tue Aug 04 02:39:59 UTC 2026","Tue Aug 04 02:39:59 UTC 2026","87","1 Team Hummingbird - BFF | EP app","Endpoint tests","Search","search autoComplete EN","","search autoComplete EN",""
"skipped","Tue Aug 04 02:41:09 UTC 2026","Tue Aug 04 02:41:09 UTC 2026","0","7. Team Pegasus | Pegasus Staging","Business Scenarios Tests","Visitors","Statistics visitor drill-down","","CSV status",""
"failed","Tue Aug 04 02:43:17 UTC 2026","Tue Aug 04 02:43:18 UTC 2026","880","4. Team CRM |CRM Staging","Business Scenarios Tests","Account","Verify HubSpot Sync","","Verify HubSpot Sync",""
"skipped","Tue Aug 04 02:41:09 UTC 2026","Tue Aug 04 02:41:09 UTC 2026","0","7. Team Pegasus | Pegasus Staging","Spike | Profiles link user to company","(root)","04 OAuth — User Storage token","","04 OAuth — User Storage token",""
"failed","Tue Aug 04 02:41:30 UTC 2026","Tue Aug 04 02:41:30 UTC 2026","12","1.1 Team Hummingbird - BFF | WLW app","Technical Tests","supplier-visitors-controller","GET /public_api/suppliers/{supplier_id}/visits/csv [NEG] Expired Token","","GET /public_api/suppliers/{supplier_id}/visits/csv [NEG] Expired Token",""
"passed","Tue Aug 04 02:41:13 UTC 2026","Tue Aug 04 02:41:13 UTC 2026","35","1.1 Team Hummingbird - BFF | WLW app","Technical Tests","feedback-controller","POST /feedback [NEG] Expired Token","","POST /feedback [NEG] Expired Token",""
"failed","Tue Aug 04 02:41:06 UTC 2026","Tue Aug 04 02:41:06 UTC 2026","9","1.1 Team Hummingbird - BFF | WLW app","Technical Tests","conversation-controller","GET /public_api/conversation/userConversations/{conversationId}/messages [NEG] Expired Token","","GET /public_api/conversation/userConversations/{conversationId}/messages [NEG] Expired Token",""
"passed","Tue Aug 04 02:49:14 UTC 2026","Tue Aug 04 02:49:15 UTC 2026","1759","Dolphin","Technical","","","productTextSearchLongQueryTest","AI product text search recall: long query truncated",""
"passed","Tue Aug 04 02:43:25 UTC 2026","Tue Aug 04 02:43:27 UTC 2026","1919","4. Team CRM |CRM Staging","Endpoints Tests","(root)","trigger the Paid Media lead","","trigger the Paid Media lead",""
"passed","Tue Aug 04 02:43:26 UTC 2026","Tue Aug 04 02:43:26 UTC 2026","126","4. Team CRM |CRM Staging","Endpoints Tests","(root)","Update WLW Connect Counters with id","","Update WLW Connect Counters with id",""
"passed","Tue Aug 04 02:41:20 UTC 2026","Tue Aug 04 02:41:20 UTC 2026","41","1.1 Team Hummingbird - BFF | WLW app","Technical Tests","purchaser-user-setting-controller","PUT /userSetting/{id} [NEG] Forbidden Role Token","","PUT /userSetting/{id} [NEG] Forbidden Role Token",""
"passed","Tue Aug 04 02:41:02 UTC 2026","Tue Aug 04 02:41:02 UTC 2026","33","1.1 Team Hummingbird - BFF | WLW app","Technical Tests","categories-controller","GET /public_api/categories/homepage [NEG] Expired Token","","GET /public_api/categories/homepage [NEG] Expired Token",""
"passed","Tue Aug 04 02:41:15 UTC 2026","Tue Aug 04 02:41:15 UTC 2026","37","1.1 Team Hummingbird - BFF | WLW app","Technical Tests","login-controller","POST /public_api/auth/session/extend","","POST /public_api/auth/session/extend",""
"passed","Tue Aug 04 02:41:07 UTC 2026","Tue Aug 04 02:41:07 UTC 2026","33","1.1 Team Hummingbird - BFF | WLW app","Technical Tests","conversation-controller","POST /public_api/conversation/userConversations/{conversationId}/messages/file [NEG] Expired Token","","POST /public_api/conversation/userConversations/{conversationId}/messages/file [NEG] Expired Token",""
"failed","Tue Aug 04 02:41:23 UTC 2026","Tue Aug 04 02:41:23 UTC 2026","11","1.1 Team Hummingbird - BFF | WLW app","Technical Tests","push-notification-by-email-controller","PUT /v1/pushNotification [NEG] Expired Token","","PUT /v1/pushNotification [NEG] Expired Token",""
"passed","Tue Aug 04 02:49:22 UTC 2026","Tue Aug 04 02:49:23 UTC 2026","731","Dolphin","Functional","","","productTextSearchSecondPageTest","AI product text search recall: pagination page 2",""
"passed","Tue Aug 04 02:43:21 UTC 2026","Tue Aug 04 02:43:22 UTC 2026","134","4. Team CRM |CRM Staging","Business Scenarios Tests","WLW Price Compaigns","WLW_Price Compaigns","","WLW_Price Compaigns",""
"failed","Tue Aug 04 02:41:22 UTC 2026","Tue Aug 04 02:41:22 UTC 2026","12","1.1 Team Hummingbird - BFF | WLW app","Technical Tests","push-notification-by-email-controller","GET /v1/pushNotification [NEG] Forbidden Role Token","","GET /v1/pushNotification [NEG] Forbidden Role Token",""
"skipped","Tue Aug 04 02:45:09 UTC 2026","Tue Aug 04 02:45:09 UTC 2026","0","3 Team Techno - UCL","Technical Tests","Retargeting","GET /unified_commercial_logic/internal_api/api/retargeting/ - Retrieve Retargeting List","","GET /unified_commercial_logic/internal_api/api/retargeting/ - Retrieve Retargeting List",""
"failed","Tue Aug 04 02:41:03 UTC 2026","Tue Aug 04 02:41:03 UTC 2026","9","1.1 Team Hummingbird - BFF | WLW app","Technical Tests","company-controller","GET /public_api/company","","GET /public_api/company",""
"passed","Tue Aug 04 02:41:07 UTC 2026","Tue Aug 04 02:41:07 UTC 2026","18","1.1 Team Hummingbird - BFF | WLW app","Technical Tests","conversation-controller","POST /public_api/conversation/userConversations/{conversationId}/messages/file/ [NEG] Missing Auth/API-Key","","POST /public_api/conversation/userConversations/{conversationId}/messages/file/ [NEG] Missing Auth/API-Key",""
"passed","Tue Aug 04 02:49:26 UTC 2026","Tue Aug 04 02:49:28 UTC 2026","1659","Dolphin","Technical","","","productTextSearchTopRankingScenarioTest","AI product text search recall: wlw-staging cnc top-ranking scenario",""
"passed","Tue Aug 04 02:41:13 UTC 2026","Tue Aug 04 02:41:13 UTC 2026","35","1.1 Team Hummingbird - BFF | WLW app","Technical Tests","feedback-controller","GET /feedback/subject","","GET /feedback/subject",""
"skipped","Tue Aug 04 02:41:09 UTC 2026","Tue Aug 04 02:41:09 UTC 2026","0","7. Team Pegasus | Pegasus Staging","Endpoints Tests","Supplier Facts (CPP)","Supplier Facts","","Supplier Facts",""
"failed","Tue Aug 04 02:41:00 UTC 2026","Tue Aug 04 02:41:00 UTC 2026","14","1.1 Team Hummingbird - BFF | WLW app","Technical Tests","ai-company-search-controller","GET /public_api/search/ai/company/search","","GET /public_api/search/ai/company/search",""
"failed","Tue Aug 04 02:41:01 UTC 2026","Tue Aug 04 02:41:01 UTC 2026","10","1.1 Team Hummingbird - BFF | WLW app","Technical Tests","ai-company-search-controller","GET /public_api/search/ai/company/stream/mock [NEG] Expired Token","","GET /public_api/search/ai/company/stream/mock [NEG] Expired Token",""
"passed","Tue Aug 04 02:41:00 UTC 2026","Tue Aug 04 02:41:00 UTC 2026","32","1.1 Team Hummingbird - BFF | WLW app","Technical Tests","ai-company-search-controller","POST /public_api/search/ai/company/search [NEG] Forbidden Role Token","","POST /public_api/search/ai/company/search [NEG] Forbidden Role Token",""
"passed","Tue Aug 04 02:49:23 UTC 2026","Tue Aug 04 02:49:24 UTC 2026","1717","Dolphin","Functional","","","productTextSearchSortTest","AI product text search recall: alternate sort",""
"failed","Tue Aug 04 02:41:06 UTC 2026","Tue Aug 04 02:41:06 UTC 2026","14","1.1 Team Hummingbird - BFF | WLW app","Technical Tests","conversation-controller","GET /public_api/conversation/userConversations/{conversationId}/messages [NEG] Missing Auth/API-Key","","GET /public_api/conversation/userConversations/{conversationId}/messages [NEG] Missing Auth/API-Key",""
"skipped","Tue Aug 04 02:41:09 UTC 2026","Tue Aug 04 02:41:09 UTC 2026","0","7. Team Pegasus | Pegasus Staging","Endpoints Tests","Membership Management (PGS-861)","POST /companies — create with UTM (PGS-861)","","POST /companies — create with UTM (PGS-861)",""
"failed","Tue Aug 04 02:43:21 UTC 2026","Tue Aug 04 02:43:21 UTC 2026","616","4. Team CRM |CRM Staging","Business Scenarios Tests","Lead","Update a Lead","","Update a Lead",""
"passed","Tue Aug 04 02:41:32 UTC 2026","Tue Aug 04 02:41:32 UTC 2026","18","1.1 Team Hummingbird - BFF | WLW app","Technical Tests","user-controller","GET /public_api/user/userInfo [NEG] Missing Auth/API-Key","","GET /public_api/user/userInfo [NEG] Missing Auth/API-Key",""
"passed","Tue Aug 04 02:40:54 UTC 2026","Tue Aug 04 02:40:54 UTC 2026","74","1.1 Team Hummingbird - BFF | WLW app","Endpoint tests","Company","Product ID","","Product ID",""
"passed","Tue Aug 04 02:41:17 UTC 2026","Tue Aug 04 02:41:17 UTC 2026","13","1.1 Team Hummingbird - BFF | WLW app","Technical Tests","login-controller","POST /public_api/auth/changePassword [NEG] Missing Auth/API-Key","","POST /public_api/auth/changePassword [NEG] Missing Auth/API-Key",""
"skipped","Tue Aug 04 02:45:09 UTC 2026","Tue Aug 04 02:45:09 UTC 2026","0","3 Team Techno - UCL","Functional Tests","Endpoint Tests","SponsoredBrand","","get SPB by id",""
"passed","Tue Aug 04 02:49:12 UTC 2026","Tue Aug 04 02:49:12 UTC 2026","235","Dolphin","Technical","","","productTextSearchBlankQueryTest","AI product text search recall: blank query → empty success",""
"passed","Tue Aug 04 02:43:22 UTC 2026","Tue Aug 04 02:43:23 UTC 2026","373","4. Team CRM |CRM Staging","Business Scenarios Tests","Platform Profile","Update Platform Profile","","Update Platform Profile",""
"passed","Tue Aug 04 02:43:26 UTC 2026","Tue Aug 04 02:43:26 UTC 2026","101","4. Team CRM |CRM Staging","Endpoints Tests","(root)","Update Website Leads Fields with sf_id","","Update Website Leads Fields with sf_id",""
"passed","Tue Aug 04 02:41:13 UTC 2026","Tue Aug 04 02:41:13 UTC 2026","34","1.1 Team Hummingbird - BFF | WLW app","Technical Tests","feedback-controller","POST /feedback [NEG] Forbidden Role Token","","POST /feedback [NEG] Forbidden Role Token",""
"skipped","Tue Aug 04 02:41:09 UTC 2026","Tue Aug 04 02:41:09 UTC 2026","0","7. Team Pegasus | Pegasus Staging","Business Scenarios Tests","Supplier Registration","WLW - Lead create and update","","leads/{lead_id} - Update a lead",""
"failed","Tue Aug 04 02:41:08 UTC 2026","Tue Aug 04 02:41:08 UTC 2026","10","1.1 Team Hummingbird - BFF | WLW app","Technical Tests","conversation-controller","GET /public_api/conversation/userConversations [NEG] Missing Auth/API-Key","","GET /public_api/conversation/userConversations [NEG] Missing Auth/API-Key",""
"failed","Tue Aug 04 02:41:26 UTC 2026","Tue Aug 04 02:41:26 UTC 2026","17","1.1 Team Hummingbird - BFF | WLW app","Technical Tests","search-controller","GET /public_api/search/autoComplete [NEG] Missing Auth/API-Key","","GET /public_api/search/autoComplete [NEG] Missing Auth/API-Key",""
"failed","Tue Aug 04 02:41:26 UTC 2026","Tue Aug 04 02:41:26 UTC 2026","15","1.1 Team Hummingbird - BFF | WLW app","Technical Tests","search-controller","GET /public_api/search/ai/termRecommend [NEG] Expired Token","","GET /public_api/search/ai/termRecommend [NEG] Expired Token",""
"skipped","Tue Aug 04 02:45:09 UTC 2026","Tue Aug 04 02:45:09 UTC 2026","0","3 Team Techno - UCL","Technical Tests","Membership","GET /unified_commercial_logic/internal_api/api/membership - Retrieve Membership List","","GET /unified_commercial_logic/internal_api/api/membership - Retrieve Membership List",""
"passed","Tue Aug 04 02:43:27 UTC 2026","Tue Aug 04 02:43:27 UTC 2026","79","4. Team CRM |CRM Staging","Endpoints Tests","(root)","get company data via SF id","","get company data via SF id",""
"failed","Tue Aug 04 02:41:09 UTC 2026","Tue Aug 04 02:41:09 UTC 2026","13","1.1 Team Hummingbird - BFF | WLW app","Technical Tests","conversation-controller","GET /public_api/conversation/userConversations/{userId}/unreadCount/","","GET /public_api/conversation/userConversations/{userId}/unreadCount/",""
"passed","Tue Aug 04 02:41:32 UTC 2026","Tue Aug 04 02:41:32 UTC 2026","17","1.1 Team Hummingbird - BFF | WLW app","Technical Tests","user-controller","PUT /public_api/user/userInfo [NEG] Missing Auth/API-Key","","PUT /public_api/user/userInfo [NEG] Missing Auth/API-Key",""
"skipped","Tue Aug 04 02:41:09 UTC 2026","Tue Aug 04 02:41:09 UTC 2026","0","7. Team Pegasus | Pegasus Staging","Endpoints Tests","Visitors","Get Visits","","Get Visits",""
"failed","Tue Aug 04 02:41:03 UTC 2026","Tue Aug 04 02:41:03 UTC 2026","15","1.1 Team Hummingbird - BFF | WLW app","Technical Tests","company-controller","GET /public_api/company [NEG] Forbidden Role Token","","GET /public_api/company [NEG] Forbidden Role Token",""
"passed","Tue Aug 04 02:41:12 UTC 2026","Tue Aug 04 02:41:12 UTC 2026","40","1.1 Team Hummingbird - BFF | WLW app","Technical Tests","feedback-controller","POST /v1/feedback","","POST /v1/feedback",""
"passed","Tue Aug 04 02:40:59 UTC 2026","Tue Aug 04 02:40:59 UTC 2026","29","1.1 Team Hummingbird - BFF | WLW app","Technical Tests","ab-test-record-controller","POST /public_api/abtest/record [NEG] Forbidden Role Token","","POST /public_api/abtest/record [NEG] Forbidden Role Token",""
"failed","Tue Aug 04 02:41:06 UTC 2026","Tue Aug 04 02:41:06 UTC 2026","13","1.1 Team Hummingbird - BFF | WLW app","Technical Tests","conversation-controller","GET /public_api/conversation/userConversations/{conversationId}/messages [NEG] Forbidden Role Token","","GET /public_api/conversation/userConversations/{conversationId}/messages [NEG] Forbidden Role Token",""
"passed","Tue Aug 04 02:41:01 UTC 2026","Tue Aug 04 02:41:01 UTC 2026","27","2 Team Dragon - BFF | RFQ Backend","Business Scenario Tests","(root)","RFQ_details","","RFQ_details",""
"passed","Tue Aug 04 02:43:24 UTC 2026","Tue Aug 04 02:43:24 UTC 2026","87","4. Team CRM |CRM Staging","Endpoints Tests","(root)","update SF","","update SF",""
"failed","Tue Aug 04 02:41:26 UTC 2026","Tue Aug 04 02:41:26 UTC 2026","14","1.1 Team Hummingbird - BFF | WLW app","Technical Tests","search-controller","GET /public_api/search/ai/termRecommend [SEC] Injection Probe","","GET /public_api/search/ai/termRecommend [SEC] Injection Probe",""
"skipped","Tue Aug 04 02:41:09 UTC 2026","Tue Aug 04 02:41:09 UTC 2026","0","7. Team Pegasus | Pegasus Staging","Business Scenarios Tests","Supplier Facts","Company create and update for UI","","Update company",""
"passed","Tue Aug 04 02:41:15 UTC 2026","Tue Aug 04 02:41:15 UTC 2026","33","1.1 Team Hummingbird - BFF | WLW app","Technical Tests","login-controller","POST /public_api/auth/resetPassword [NEG] Expired Token","","POST /public_api/auth/resetPassword [NEG] Expired Token",""
"passed","Tue Aug 04 02:49:20 UTC 2026","Tue Aug 04 02:49:21 UTC 2026","720","Dolphin","Technical","","","productTextSearchPageZeroTest","AI product text search recall: page=0 normalized",""
"passed","Tue Aug 04 02:39:57 UTC 2026","Tue Aug 04 02:39:57 UTC 2026","15","1 Team Hummingbird - BFF | EP app","Endpoint tests","Support","FAQ Alibaba","","FAQ Alibaba",""
"passed","Tue Aug 04 02:43:18 UTC 2026","Tue Aug 04 02:43:18 UTC 2026","111","4. Team CRM |CRM Staging","Business Scenarios Tests","Account","Smoke test : Account + Contact + SAP","","Smoke test : Account + Contact + SAP",""
"passed","Tue Aug 04 02:49:29 UTC 2026","Tue Aug 04 02:49:29 UTC 2026","260","Dolphin","Functional","","","instoreSearchTest","instore search -- cpp/pdp with sort and leaf filter",""
"broken","Tue Aug 04 02:40:58 UTC 2026","Tue Aug 04 02:40:59 UTC 2026","556","Bamboo","Functional","","","leafCategoryPredictTest","leafCategoryPredict",""
"passed","Tue Aug 04 02:43:20 UTC 2026","Tue Aug 04 02:43:20 UTC 2026","253","4. Team CRM |CRM Staging","Business Scenarios Tests","Disable Hubspot","Check hubspot is true","","Check hubspot is true",""
"passed","Tue Aug 04 02:43:25 UTC 2026","Tue Aug 04 02:43:25 UTC 2026","683","4. Team CRM |CRM Staging","Endpoints Tests","(root)","sync event to trigger the RFC lead process","","sync event to trigger the RFC lead process",""
"skipped","Tue Aug 04 02:45:09 UTC 2026","Tue Aug 04 02:45:09 UTC 2026","0","3 Team Techno - UCL","Technical Tests","Retargeting","GET /unified_commercial_logic/internal_api/api/retargeting - Retrieve Retargeting List","","GET /unified_commercial_logic/internal_api/api/retargeting - Retrieve Retargeting List",""
"passed","Tue Aug 04 02:43:23 UTC 2026","Tue Aug 04 02:43:24 UTC 2026","1501","4. Team CRM |CRM Staging","Business Scenarios Tests","Meetings","Smoke Test for Meeting","","Smoke Test for Meeting",""
"passed","Tue Aug 04 02:41:08 UTC 2026","Tue Aug 04 02:41:08 UTC 2026","29","1.1 Team Hummingbird - BFF | WLW app","Technical Tests","conversation-controller","POST /public_api/conversation/userConversations/{conversationId}/messages/file [NEG] Forbidden Role Token","","POST /public_api/conversation/userConversations/{conversationId}/messages/file [NEG] Forbidden Role Token",""
"skipped","Tue Aug 04 02:41:09 UTC 2026","Tue Aug 04 02:41:09 UTC 2026","0","7. Team Pegasus | Pegasus Staging","Endpoints Tests","Shop Import & Onboarding Backend","/offers/fetchCategory","","/offers/fetchCategory",""
"skipped","Tue Aug 04 02:41:09 UTC 2026","Tue Aug 04 02:41:09 UTC 2026","0","7. Team Pegasus | Pegasus Staging","Business Scenarios Tests","Visitors","Statistics visitor drill-down","","Countries",""
"passed","Tue Aug 04 02:40:53 UTC 2026","Tue Aug 04 02:40:53 UTC 2026","19","1.1 Team Hummingbird - BFF | WLW app","Endpoint tests","Support","Supportmasterdata_FR","","Supportmasterdata_FR",""
"passed","Tue Aug 04 02:41:00 UTC 2026","Tue Aug 04 02:41:00 UTC 2026","6","2 Team Dragon - BFF | RFQ Backend","Technical Tests","(root)","GET /v1/rfqs/{rfqId} - Details (Schema + Auth Orchestration)","","GET /v1/rfqs/{rfqId} - Details (Schema + Auth Orchestration)",""
"passed","Tue Aug 04 02:43:25 UTC 2026","Tue Aug 04 02:43:25 UTC 2026","266","4. Team CRM |CRM Staging","Endpoints Tests","(root)","trigger from SF Platform Profile","","trigger from SF Platform Profile",""
"passed","Tue Aug 04 02:43:20 UTC 2026","Tue Aug 04 02:43:23 UTC 2026","2437","4. Team CRM |CRM Staging","Business Scenarios Tests","Lead","Create a  lead","","Create a  lead",""
"passed","Tue Aug 04 02:41:30 UTC 2026","Tue Aug 04 02:41:30 UTC 2026","31","1.1 Team Hummingbird - BFF | WLW app","Technical Tests","supplier-visitors-controller","GET /public_api/suppliers/{supplier_id}/visits/{id} [NEG] Forbidden Role Token","","GET /public_api/suppliers/{supplier_id}/visits/{id} [NEG] Forbidden Role Token",""
"passed","Tue Aug 04 02:40:15 UTC 2026","Tue Aug 04 02:40:16 UTC 2026","576","Arise","Functional","","","getAllElementsByUrlTest","getAllElementsByUrlTest",""
"passed","Tue Aug 04 02:41:30 UTC 2026","Tue Aug 04 02:41:30 UTC 2026","13","1.1 Team Hummingbird - BFF | WLW app","Technical Tests","supplier-visitors-controller","GET /public_api/suppliers/{supplier_id}/visits/{id} [NEG] Missing Auth/API-Key","","GET /public_api/suppliers/{supplier_id}/visits/{id} [NEG] Missing Auth/API-Key",""
"passed","Tue Aug 04 02:41:10 UTC 2026","Tue Aug 04 02:41:10 UTC 2026","33","1.1 Team Hummingbird - BFF | WLW app","Technical Tests","conversation-controller","GET /public_api/conversation/userConversations/{conversationId} [SEC] Injection Probe","","GET /public_api/conversation/userConversations/{conversationId} [SEC] Injection Probe",""
"passed","Tue Aug 04 02:41:09 UTC 2026","Tue Aug 04 02:41:09 UTC 2026","37","1.1 Team Hummingbird - BFF | WLW app","Technical Tests","conversation-controller","GET /public_api/conversation/userConversations/{userId}/unreadCount/ [SEC] Injection Probe","","GET /public_api/conversation/userConversations/{userId}/unreadCount/ [SEC] Injection Probe",""
"skipped","Tue Aug 04 02:41:09 UTC 2026","Tue Aug 04 02:41:09 UTC 2026","0","7. Team Pegasus | Pegasus Staging","Endpoints Tests","Supplier Registration","EP","","keywords - Search for keywords",""
"failed","Tue Aug 04 02:40:02 UTC 2026","Tue Aug 04 02:40:02 UTC 2026","95","1 Team Hummingbird - BFF | EP app","Endpoint tests","Conversations","send file message","","send file message",""
"broken","Tue Aug 04 02:43:50 UTC 2026","Tue Aug 04 02:44:10 UTC 2026","20010","Dolphin","Technical","","","recallNoResultQueryTest","AI Search recall: no-result query (empty offers or zero total)",""
"passed","Tue Aug 04 02:40:55 UTC 2026","Tue Aug 04 02:40:55 UTC 2026","631","1.1 Team Hummingbird - BFF | WLW app","Endpoint tests","Search","search companies DE","","search companies DE",""
"passed","Tue Aug 04 02:40:58 UTC 2026","Tue Aug 04 02:40:58 UTC 2026","73","1.1 Team Hummingbird - BFF | WLW app","Endpoint tests","(root)","Log out","","Log out",""
"passed","Tue Aug 04 02:41:04 UTC 2026","Tue Aug 04 02:41:04 UTC 2026","32","1.1 Team Hummingbird - BFF | WLW app","Technical Tests","company-controller","GET /public_api/company/{id} [NEG] Forbidden Role Token","","GET /public_api/company/{id} [NEG] Forbidden Role Token",""
"passed","Tue Aug 04 02:40:52 UTC 2026","Tue Aug 04 02:40:52 UTC 2026","19","1.1 Team Hummingbird - BFF | WLW app","Endpoint tests","Support","Support FAQ_DE","","Support FAQ_DE",""
"broken","Tue Aug 04 02:41:10 UTC 2026","Tue Aug 04 02:41:30 UTC 2026","20024","Dolphin","Technical","","","pvMatchMissingQpInfoTest","AI Search PV match: missing qpInfo → business failure",""
"passed","Tue Aug 04 02:43:15 UTC 2026","Tue Aug 04 02:43:15 UTC 2026","137","4. Team CRM |CRM Staging","Business Scenarios Tests","Tasks","Verify Change","","Verify Change",""
"passed","Tue Aug 04 02:40:15 UTC 2026","Tue Aug 04 02:40:16 UTC 2026","576","Arise","Technical","","","getAllElementsByUrlTest","getAllElementsByUrlTest",""
"failed","Tue Aug 04 02:40:17 UTC 2026","Tue Aug 04 02:40:17 UTC 2026","28","Arise","Technical","","","skwdAll","skwdAll",""
"passed","Tue Aug 04 02:40:55 UTC 2026","Tue Aug 04 02:40:55 UTC 2026","376","1.1 Team Hummingbird - BFF | WLW app","Endpoint tests","Search","search companies FR","","search companies FR",""
"passed","Tue Aug 04 02:40:54 UTC 2026","Tue Aug 04 02:40:54 UTC 2026","62","1.1 Team Hummingbird - BFF | WLW app","Endpoint tests","Company","search company products","","search company products",""
"skipped","Tue Aug 04 02:41:09 UTC 2026","Tue Aug 04 02:41:09 UTC 2026","0","7. Team Pegasus | Pegasus Staging","Endpoints Tests","Business Insights","Company Overview","","Company Overview",""
"failed","Tue Aug 04 02:41:00 UTC 2026","Tue Aug 04 02:41:00 UTC 2026","6","2 Team Dragon - BFF | RFQ Backend","Functional Tests","(root)","GET /v1/rfqs/attachments/{attachmentId} - Download","","GET /v1/rfqs/attachments/{attachmentId} - Download",""
"passed","Tue Aug 04 02:41:15 UTC 2026","Tue Aug 04 02:41:15 UTC 2026","17","1.1 Team Hummingbird - BFF | WLW app","Technical Tests","login-controller","POST /public_api/auth/resetPassword [NEG] Missing Auth/API-Key","","POST /public_api/auth/resetPassword [NEG] Missing Auth/API-Key",""
"failed","Tue Aug 04 02:40:53 UTC 2026","Tue Aug 04 02:40:53 UTC 2026","17","1.1 Team Hummingbird - BFF | WLW app","Endpoint tests","Support","currency daily rates","","currency daily rates",""
"passed","Tue Aug 04 02:41:01 UTC 2026","Tue Aug 04 02:41:01 UTC 2026","17","2 Team Dragon - BFF | RFQ Backend","Technical Tests","(root)","GET /v1/categories - CPV list (schema + contract)","","GET /v1/categories - CPV list (schema + contract)",""
"skipped","Tue Aug 04 02:45:09 UTC 2026","Tue Aug 04 02:45:09 UTC 2026","0","3 Team Techno - UCL","Technical Tests","SponsoredBrand","GET /unified_commercial_logic/internal_api/api/sponsored_brand_v1/{id} - Retrieve SponsoredBrandV1 By ID","","GET /unified_commercial_logic/internal_api/api/sponsored_brand_v1/{id} - Retrieve SponsoredBrandV1 By ID",""
"passed","Tue Aug 04 02:40:52 UTC 2026","Tue Aug 04 02:40:52 UTC 2026","21","1.1 Team Hummingbird - BFF | WLW app","Endpoint tests","Support","Supportmasterdata_DE","","Supportmasterdata_DE",""
"skipped","Tue Aug 04 02:45:09 UTC 2026","Tue Aug 04 02:45:09 UTC 2026","0","3 Team Techno - UCL","Technical Tests","TopRanking","GET /unified_commercial_logic/internal_api/api/top_ranking_v1/{id} - Retrieve TopRankingV1 By ID","","GET /unified_commercial_logic/internal_api/api/top_ranking_v1/{id} - Retrieve TopRankingV1 By ID",""
"passed","Tue Aug 04 02:40:52 UTC 2026","Tue Aug 04 02:40:52 UTC 2026","155","1.1 Team Hummingbird - BFF | WLW app","Endpoint tests","User settings","user setting","","user setting",""
"passed","Tue Aug 04 02:43:23 UTC 2026","Tue Aug 04 02:43:24 UTC 2026","1237","4. Team CRM |CRM Staging","Business Scenarios Tests","Cases","Smoke Test for Case Creation","","Smoke Test for Case Creation",""
"passed","Tue Aug 04 02:43:16 UTC 2026","Tue Aug 04 02:43:17 UTC 2026","571","4. Team CRM |CRM Staging","Business Scenarios Tests","Account","Update Account","","Update Account",""
"passed","Tue Aug 04 02:41:07 UTC 2026","Tue Aug 04 02:41:07 UTC 2026","32","1.1 Team Hummingbird - BFF | WLW app","Technical Tests","conversation-controller","POST /public_api/conversation/userConversations/{conversationId}/messages/{messageId}/translate [NEG] Expired Token","","POST /public_api/conversation/userConversations/{conversationId}/messages/{messageId}/translate [NEG] Expired Token",""
"passed","Tue Aug 04 02:39:56 UTC 2026","Tue Aug 04 02:39:57 UTC 2026","114","1 Team Hummingbird - BFF | EP app","Endpoint tests","User settings","user setting","","user setting",""
"broken","Tue Aug 04 02:46:31 UTC 2026","Tue Aug 04 02:46:52 UTC 2026","20637","Dolphin","Technical","","","recallTest","AI Search recall (supplierTextSearch) API using params from inference",""
"failed","Tue Aug 04 02:39:56 UTC 2026","Tue Aug 04 02:39:56 UTC 2026","46","1 Team Hummingbird - BFF | EP app","Endpoint tests","Login","resend code","","resend code",""
"failed","Tue Aug 04 02:41:21 UTC 2026","Tue Aug 04 02:41:21 UTC 2026","10","1.1 Team Hummingbird - BFF | WLW app","Technical Tests","purchaser-user-setting-controller","GET /userSetting","","GET /userSetting",""
"failed","Tue Aug 04 02:41:18 UTC 2026","Tue Aug 04 02:41:18 UTC 2026","14","1.1 Team Hummingbird - BFF | WLW app","Technical Tests","product-controller","GET /public_api/products [SEC] Injection Probe","","GET /public_api/products [SEC] Injection Probe",""
"failed","Tue Aug 04 02:40:51 UTC 2026","Tue Aug 04 02:40:51 UTC 2026","58","1.1 Team Hummingbird - BFF | WLW app","Endpoint tests","Login","extend session","","extend session",""
"skipped","Tue Aug 04 02:41:09 UTC 2026","Tue Aug 04 02:41:09 UTC 2026","0","7. Team Pegasus | Pegasus Staging","Spike | Profiles link user to company","(root)","01 OAuth — Supplier Facts token","","01 OAuth — Supplier Facts token",""
"passed","Tue Aug 04 02:41:25 UTC 2026","Tue Aug 04 02:41:25 UTC 2026","31","1.1 Team Hummingbird - BFF | WLW app","Technical Tests","search-controller","GET /public_api/search [SEC] Injection Probe","","GET /public_api/search [SEC] Injection Probe",""
"passed","Tue Aug 04 02:49:15 UTC 2026","Tue Aug 04 02:49:17 UTC 2026","1738","Dolphin","Technical","","","productTextSearchMalformedRawQueryStructTest","AI product text search recall: malformed rawQueryStruct still success",""
"failed","Tue Aug 04 02:40:56 UTC 2026","Tue Aug 04 02:40:56 UTC 2026","239","1.1 Team Hummingbird - BFF | WLW app","Endpoint tests","Contact request","Callback request","","Callback request",""
"passed","Tue Aug 04 02:40:55 UTC 2026","Tue Aug 04 02:40:56 UTC 2026","998","1.1 Team Hummingbird - BFF | WLW app","Endpoint tests","Search","search companies, EN","","search companies, EN",""
"passed","Tue Aug 04 02:43:18 UTC 2026","Tue Aug 04 02:43:19 UTC 2026","1088","4. Team CRM |CRM Staging","Business Scenarios Tests","Account","Create Account","","Create Account",""
"passed","Tue Aug 04 02:41:13 UTC 2026","Tue Aug 04 02:41:13 UTC 2026","35","1.1 Team Hummingbird - BFF | WLW app","Technical Tests","help-and-support-controller","POST /help","","POST /help",""
"passed","Tue Aug 04 02:40:00 UTC 2026","Tue Aug 04 02:40:01 UTC 2026","144","1 Team Hummingbird - BFF | EP app","Endpoint tests","Homepage, products","product recommendations FR","","product recommendations FR",""
"passed","Tue Aug 04 02:41:16 UTC 2026","Tue Aug 04 02:41:16 UTC 2026","37","1.1 Team Hummingbird - BFF | WLW app","Technical Tests","login-controller","POST /public_api/auth/password/login","","POST /public_api/auth/password/login",""
"passed","Tue Aug 04 02:43:16 UTC 2026","Tue Aug 04 02:43:16 UTC 2026","365","4. Team CRM |CRM Staging","Business Scenarios Tests","Quote","Check Quote","","Check Quote",""
"passed","Tue Aug 04 02:41:30 UTC 2026","Tue Aug 04 02:41:30 UTC 2026","31","1.1 Team Hummingbird - BFF | WLW app","Technical Tests","supplier-visitors-controller","GET /public_api/suppliers/{supplier_id}/visits/{id} [NEG] Expired Token","","GET /public_api/suppliers/{supplier_id}/visits/{id} [NEG] Expired Token",""
"failed","Tue Aug 04 02:40:01 UTC 2026","Tue Aug 04 02:40:01 UTC 2026","587","1 Team Hummingbird - BFF | EP app","Endpoint tests","Contact request","Callback request","","Callback request",""
"skipped","Tue Aug 04 02:41:09 UTC 2026","Tue Aug 04 02:41:09 UTC 2026","0","7. Team Pegasus | Pegasus Staging","Endpoints Tests","Membership Management (PGS-861)","GET — Verify UTM in supplier-facts","","GET — Verify UTM in supplier-facts",""
"passed","Tue Aug 04 02:41:17 UTC 2026","Tue Aug 04 02:41:17 UTC 2026","34","1.1 Team Hummingbird - BFF | WLW app","Technical Tests","login-controller","POST /public_api/auth/changePassword","","POST /public_api/auth/changePassword",""
"passed","Tue Aug 04 02:39:59 UTC 2026","Tue Aug 04 02:39:59 UTC 2026","181","1 Team Hummingbird - BFF | EP app","Endpoint tests","Company","branchIO dynamic link, share PDP","","branchIO dynamic link, share PDP",""
"passed","Tue Aug 04 02:49:28 UTC 2026","Tue Aug 04 02:49:28 UTC 2026","171","Dolphin","Technical","","","EPHomepageProductRecommendTest","homepage product recommend -- ep",""
"skipped","Tue Aug 04 02:41:09 UTC 2026","Tue Aug 04 02:41:09 UTC 2026","0","7. Team Pegasus | Pegasus Staging","Endpoints Tests","User & Company Context","User Profile Storage by uuid","","User Profile Storage by uuid",""
"passed","Tue Aug 04 02:41:25 UTC 2026","Tue Aug 04 02:41:25 UTC 2026","33","1.1 Team Hummingbird - BFF | WLW app","Technical Tests","search-controller","GET /public_api/search/products [SEC] Injection Probe","","GET /public_api/search/products [SEC] Injection Probe",""
"skipped","Tue Aug 04 02:41:09 UTC 2026","Tue Aug 04 02:41:09 UTC 2026","0","7. Team Pegasus | Pegasus Staging","Business Scenarios Tests","Supplier Registration","EP - Lead create and update","","leads - Create a lead",""
"failed","Tue Aug 04 02:41:28 UTC 2026","Tue Aug 04 02:41:28 UTC 2026","15","1.1 Team Hummingbird - BFF | WLW app","Technical Tests","search-controller","GET /public_api/categories/recommendations","","GET /public_api/categories/recommendations",""
"passed","Tue Aug 04 02:41:17 UTC 2026","Tue Aug 04 02:41:17 UTC 2026","31","1.1 Team Hummingbird - BFF | WLW app","Technical Tests","login-controller","POST /public_api/auth/code/resend [NEG] Forbidden Role Token","","POST /public_api/auth/code/resend [NEG] Forbidden Role Token",""
"passed","Tue Aug 04 02:49:28 UTC 2026","Tue Aug 04 02:49:28 UTC 2026","77","Dolphin","Functional","","","EPZeroResultProductRecommendTest","Recommend products in 0 result search list page v1 -- ep",""
"failed","Tue Aug 04 02:40:01 UTC 2026","Tue Aug 04 02:40:02 UTC 2026","302","1 Team Hummingbird - BFF | EP app","Endpoint tests","Conversations","user conversations to decline request","","user conversations to decline request",""
"passed","Tue Aug 04 02:41:17 UTC 2026","Tue Aug 04 02:41:17 UTC 2026","33","1.1 Team Hummingbird - BFF | WLW app","Technical Tests","login-controller","POST /public_api/auth/code/resend [NEG] Expired Token","","POST /public_api/auth/code/resend [NEG] Expired Token",""
"passed","Tue Aug 04 02:40:54 UTC 2026","Tue Aug 04 02:40:54 UTC 2026","194","1.1 Team Hummingbird - BFF | WLW app","Endpoint tests","Company","branchIO dynamic link, share CPP","","branchIO dynamic link, share CPP",""
"passed","Tue Aug 04 02:41:08 UTC 2026","Tue Aug 04 02:41:08 UTC 2026","33","1.1 Team Hummingbird - BFF | WLW app","Technical Tests","conversation-controller","GET /public_api/conversation/userConversations [SEC] Injection Probe","","GET /public_api/conversation/userConversations [SEC] Injection Probe",""
"skipped","Tue Aug 04 02:41:09 UTC 2026","Tue Aug 04 02:41:09 UTC 2026","0","7. Team Pegasus | Pegasus Staging","Business Scenarios Tests","Business Insights","Dashboard smoke flow","","Visitors",""
"failed","Tue Aug 04 02:41:09 UTC 2026","Tue Aug 04 02:41:09 UTC 2026","13","1.1 Team Hummingbird - BFF | WLW app","Technical Tests","conversation-controller","GET /public_api/conversation/userConversations/{userId}/unreadCount/ [NEG] Expired Token","","GET /public_api/conversation/userConversations/{userId}/unreadCount/ [NEG] Expired Token",""
"passed","Tue Aug 04 02:41:16 UTC 2026","Tue Aug 04 02:41:16 UTC 2026","16","1.1 Team Hummingbird - BFF | WLW app","Technical Tests","login-controller","POST /public_api/auth/registration [NEG] Missing Auth/API-Key","","POST /public_api/auth/registration [NEG] Missing Auth/API-Key",""
"passed","Tue Aug 04 02:41:14 UTC 2026","Tue Aug 04 02:41:14 UTC 2026","30","1.1 Team Hummingbird - BFF | WLW app","Technical Tests","login-controller","POST /public_api/auth/sso/login [NEG] Expired Token","","POST /public_api/auth/sso/login [NEG] Expired Token",""
"passed","Tue Aug 04 02:43:17 UTC 2026","Tue Aug 04 02:43:19 UTC 2026","1967","4. Team CRM |CRM Staging","Business Scenarios Tests","Account","Account for Contact","","Account for Contact",""
"passed","Tue Aug 04 02:40:01 UTC 2026","Tue Aug 04 02:40:01 UTC 2026","25","1 Team Hummingbird - BFF | EP app","Endpoint tests","Homepage, products","categories/homepage","","categories/homepage",""
"passed","Tue Aug 04 02:40:59 UTC 2026","Tue Aug 04 02:40:59 UTC 2026","31","1.1 Team Hummingbird - BFF | WLW app","Technical Tests","ai-company-search-controller","POST /public_api/search/ai/supplier/recall [NEG] Forbidden Role Token","","POST /public_api/search/ai/supplier/recall [NEG] Forbidden Role Token",""
"failed","Tue Aug 04 02:41:02 UTC 2026","Tue Aug 04 02:41:02 UTC 2026","17","1.1 Team Hummingbird - BFF | WLW app","Technical Tests","categories-controller","PUT /preferred/categories [NEG] Missing Auth/API-Key","","PUT /preferred/categories [NEG] Missing Auth/API-Key",""
"skipped","Tue Aug 04 02:41:09 UTC 2026","Tue Aug 04 02:41:09 UTC 2026","0","7. Team Pegasus | Pegasus Staging","Endpoints Tests","Supplier Registration","WLW","","categories - Endpoints for retrieving categories",""
"passed","Tue Aug 04 02:41:05 UTC 2026","Tue Aug 04 02:41:05 UTC 2026","40","1.1 Team Hummingbird - BFF | WLW app","Technical Tests","conversation-controller","PUT /public_api/conversation/userConversations/{conversationId}/messages/markAsRead [SEC] Injection Probe","","PUT /public_api/conversation/userConversations/{conversationId}/messages/markAsRead [SEC] Injection Probe",""
"skipped","Tue Aug 04 02:45:09 UTC 2026","Tue Aug 04 02:45:09 UTC 2026","0","3 Team Techno - UCL","Technical Tests","WebsiteLead","GET /unified_commercial_logic/internal_api/api/website_lead/{id} - Retrieve WebsiteLead By ID","","GET /unified_commercial_logic/internal_api/api/website_lead/{id} - Retrieve WebsiteLead By ID",""
"failed","Tue Aug 04 02:41:26 UTC 2026","Tue Aug 04 02:41:26 UTC 2026","17","1.1 Team Hummingbird - BFF | WLW app","Technical Tests","search-controller","GET /public_api/search/ai/termRecommend","","GET /public_api/search/ai/termRecommend",""
"passed","Tue Aug 04 02:41:13 UTC 2026","Tue Aug 04 02:41:13 UTC 2026","17","1.1 Team Hummingbird - BFF | WLW app","Technical Tests","feedback-controller","GET /feedback/subject [NEG] Missing Auth/API-Key","","GET /feedback/subject [NEG] Missing Auth/API-Key",""
"passed","Tue Aug 04 02:41:11 UTC 2026","Tue Aug 04 02:41:11 UTC 2026","30","1.1 Team Hummingbird - BFF | WLW app","Technical Tests","dynamic-links-controller","POST /public_api/branchio/dynamiclink [NEG] Forbidden Role Token","","POST /public_api/branchio/dynamiclink [NEG] Forbidden Role Token",""
"passed","Tue Aug 04 02:43:18 UTC 2026","Tue Aug 04 02:43:18 UTC 2026","111","4. Team CRM |CRM Staging","Business Scenarios Tests","Account","Smoke test : Account + Contact + SAP","","Smoke test : Account + Contact + SAP",""
"passed","Tue Aug 04 02:39:59 UTC 2026","Tue Aug 04 02:39:59 UTC 2026","267","1 Team Hummingbird - BFF | EP app","Endpoint tests","Search","search autoComplete DE","","search autoComplete DE",""
"failed","Tue Aug 04 02:43:17 UTC 2026","Tue Aug 04 02:43:19 UTC 2026","2445","4. Team CRM |CRM Staging","Business Scenarios Tests","Account","Smoke Test Basic Account Creation","","Smoke Test Basic Account Creation",""
"passed","Tue Aug 04 02:41:16 UTC 2026","Tue Aug 04 02:41:16 UTC 2026","34","1.1 Team Hummingbird - BFF | WLW app","Technical Tests","login-controller","POST /public_api/auth/code/verify","","POST /public_api/auth/code/verify",""
"passed","Tue Aug 04 02:41:06 UTC 2026","Tue Aug 04 02:41:06 UTC 2026","33","1.1 Team Hummingbird - BFF | WLW app","Technical Tests","conversation-controller","POST /public_api/conversation/userConversations/{conversationId}/messages/{messageId}/translate","","POST /public_api/conversation/userConversations/{conversationId}/messages/{messageId}/translate",""
"passed","Tue Aug 04 02:40:57 UTC 2026","Tue Aug 04 02:40:57 UTC 2026","243","1.1 Team Hummingbird - BFF | WLW app","Endpoint tests","Conversations","user conversations","","user conversations",""
"failed","Tue Aug 04 02:41:08 UTC 2026","Tue Aug 04 02:41:08 UTC 2026","13","1.1 Team Hummingbird - BFF | WLW app","Technical Tests","conversation-controller","GET /public_api/conversation/userConversations/{userId}/unreadCount [NEG] Forbidden Role Token","","GET /public_api/conversation/userConversations/{userId}/unreadCount [NEG] Forbidden Role Token",""
"failed","Tue Aug 04 02:39:58 UTC 2026","Tue Aug 04 02:39:58 UTC 2026","39","1 Team Hummingbird - BFF | EP app","Endpoint tests","Company","Company ID DE","","Company ID DE",""
"skipped","Tue Aug 04 02:45:09 UTC 2026","Tue Aug 04 02:45:09 UTC 2026","0","3 Team Techno - UCL","Technical Tests","Membership","GET /unified_commercial_logic/internal_api/api/membership/v2 - Retrieve Membership V2 List","","GET /unified_commercial_logic/internal_api/api/membership/v2 - Retrieve Membership V2 List",""
"passed","Tue Aug 04 02:49:22 UTC 2026","Tue Aug 04 02:49:23 UTC 2026","731","Dolphin","Technical","","","productTextSearchSecondPageTest","AI product text search recall: pagination page 2",""
"failed","Tue Aug 04 02:40:53 UTC 2026","Tue Aug 04 02:40:53 UTC 2026","66","1.1 Team Hummingbird - BFF | WLW app","Endpoint tests","Company","Company ID FR","","Company ID FR",""
"failed","Tue Aug 04 02:41:25 UTC 2026","Tue Aug 04 02:41:25 UTC 2026","12","1.1 Team Hummingbird - BFF | WLW app","Technical Tests","search-controller","GET /public_api/search/products [NEG] Missing Auth/API-Key","","GET /public_api/search/products [NEG] Missing Auth/API-Key",""
"passed","Tue Aug 04 02:40:16 UTC 2026","Tue Aug 04 02:40:16 UTC 2026","492","Arise","Functional","","","psearchProxySearch","psearchProxySearch",""
"passed","Tue Aug 04 02:49:13 UTC 2026","Tue Aug 04 02:49:14 UTC 2026","821","Dolphin","Technical","","","productTextSearchIllegalSortTest","AI product text search recall: illegal sort passthrough",""
"failed","Tue Aug 04 02:41:27 UTC 2026","Tue Aug 04 02:41:27 UTC 2026","13","1.1 Team Hummingbird - BFF | WLW app","Technical Tests","search-controller","GET /public_api/products/recommendations [NEG] Forbidden Role Token","","GET /public_api/products/recommendations [NEG] Forbidden Role Token",""
"skipped","Tue Aug 04 02:41:09 UTC 2026","Tue Aug 04 02:41:09 UTC 2026","0","7. Team Pegasus | Pegasus Staging","Endpoints Tests","User & Company Context","User Profile Storage by email","","User Profile Storage by email",""
"skipped","Tue Aug 04 02:41:09 UTC 2026","Tue Aug 04 02:41:09 UTC 2026","0","7. Team Pegasus | Pegasus Staging","Endpoints Tests","Business Insights","PGS-890 Admin company refresh","","PGS-890 Admin company refresh",""
"passed","Tue Aug 04 02:40:59 UTC 2026","Tue Aug 04 02:40:59 UTC 2026","39","Bamboo","Functional","","","searchCategoryByNameTest","searchCategoryByName",""
"skipped","Tue Aug 04 02:41:09 UTC 2026","Tue Aug 04 02:41:09 UTC 2026","0","7. Team Pegasus | Pegasus Staging","Endpoints Tests","Shop Import & Onboarding Backend","/offers/topCategories","","/offers/topCategories",""
"failed","Tue Aug 04 02:43:17 UTC 2026","Tue Aug 04 02:43:19 UTC 2026","2445","4. Team CRM |CRM Staging","Business Scenarios Tests","Account","Smoke Test Basic Account Creation","","Smoke Test Basic Account Creation",""
"passed","Tue Aug 04 02:49:28 UTC 2026","Tue Aug 04 02:49:28 UTC 2026","79","Dolphin","Functional","","","EPSameStoreProductRecommendTest","product same store recommend -- ep",""
"failed","Tue Aug 04 02:41:09 UTC 2026","Tue Aug 04 02:41:09 UTC 2026","10","1.1 Team Hummingbird - BFF | WLW app","Technical Tests","conversation-controller","GET /public_api/conversation/userConversations/{conversationId}","","GET /public_api/conversation/userConversations/{conversationId}",""
"passed","Tue Aug 04 02:43:23 UTC 2026","Tue Aug 04 02:43:25 UTC 2026","1875","4. Team CRM |CRM Staging","Business Scenarios Tests","Calls","Smoke test for call","","Smoke test for call",""
"passed","Tue Aug 04 02:43:26 UTC 2026","Tue Aug 04 02:43:27 UTC 2026","221","4. Team CRM |CRM Staging","Endpoints Tests","(root)","trigger a Buyer lead","","trigger a Buyer lead",""
"skipped","Tue Aug 04 02:41:09 UTC 2026","Tue Aug 04 02:41:09 UTC 2026","0","7. Team Pegasus | Pegasus Staging","Business Scenarios Tests","Visitors","Statistics visitor drill-down","","Visitor details",""
"passed","Tue Aug 04 02:40:52 UTC 2026","Tue Aug 04 02:40:52 UTC 2026","20","1.1 Team Hummingbird - BFF | WLW app","Endpoint tests","Support","FAQ Alibaba","","FAQ Alibaba",""
"passed","Tue Aug 04 02:40:54 UTC 2026","Tue Aug 04 02:40:54 UTC 2026","167","1.1 Team Hummingbird - BFF | WLW app","Endpoint tests","Company","Companies / products FR","","Companies / products FR",""
"passed","Tue Aug 04 02:40:16 UTC 2026","Tue Aug 04 02:40:16 UTC 2026","38","Arise","Technical","","","pageElementsGet","pageElementsGet",""
"skipped","Tue Aug 04 02:41:09 UTC 2026","Tue Aug 04 02:41:09 UTC 2026","0","7. Team Pegasus | Pegasus Staging","Business Scenarios Tests","Business Insights","Dashboard smoke flow","","Scoring",""
"skipped","Tue Aug 04 02:41:09 UTC 2026","Tue Aug 04 02:41:09 UTC 2026","0","7. Team Pegasus | Pegasus Staging","Endpoints Tests","Business Insights","Product search","","Product search",""
"passed","Tue Aug 04 02:41:32 UTC 2026","Tue Aug 04 02:41:32 UTC 2026","53","1.1 Team Hummingbird - BFF | WLW app","Technical Tests","user-controller","PUT /public_api/user/userInfo","","PUT /public_api/user/userInfo",""
"skipped","Tue Aug 04 02:41:09 UTC 2026","Tue Aug 04 02:41:09 UTC 2026","0","7. Team Pegasus | Pegasus Staging","Endpoints Tests","Shop Import & Onboarding Backend","/offers/suggestCategory","","/offers/suggestCategory",""
"failed","Tue Aug 04 02:40:51 UTC 2026","Tue Aug 04 02:40:51 UTC 2026","45","1.1 Team Hummingbird - BFF | WLW app","Endpoint tests","Login","resend code","","resend code",""
"passed","Tue Aug 04 02:40:59 UTC 2026","Tue Aug 04 02:40:59 UTC 2026","39","Bamboo","Functional","","","listTopCategoriesTest","list top Categories",""
"passed","Tue Aug 04 02:43:22 UTC 2026","Tue Aug 04 02:43:22 UTC 2026","0","4. Team CRM |CRM Staging","Business Scenarios Tests","Contacts","Smoke test for Create Contact & Verify HubSpot Sync","","Smoke test for Create Contact & Verify HubSpot Sync",""
"passed","Tue Aug 04 02:49:28 UTC 2026","Tue Aug 04 02:49:28 UTC 2026","34","Dolphin","Technical","","","getCategoryListWlwTest","v-recommend category list -- wlw, full categories",""
"skipped","Tue Aug 04 02:39:56 UTC 2026","Tue Aug 04 02:39:56 UTC 2026","0","1 Team Hummingbird - BFF | EP app","Technical Tests","(empty)","(empty)","","Technical Tests - empty",""
"failed","Tue Aug 04 02:41:24 UTC 2026","Tue Aug 04 02:41:24 UTC 2026","11","1.1 Team Hummingbird - BFF | WLW app","Technical Tests","search-controller","GET /public_api/suppliers/recommendations [NEG] Forbidden Role Token","","GET /public_api/suppliers/recommendations [NEG] Forbidden Role Token",""
"failed","Tue Aug 04 02:41:22 UTC 2026","Tue Aug 04 02:41:22 UTC 2026","14","1.1 Team Hummingbird - BFF | WLW app","Technical Tests","push-notification-by-email-controller","PUT /v1/pushNotification [NEG] Missing Auth/API-Key","","PUT /v1/pushNotification [NEG] Missing Auth/API-Key",""
"failed","Tue Aug 04 02:40:01 UTC 2026","Tue Aug 04 02:40:01 UTC 2026","211","1 Team Hummingbird - BFF | EP app","Endpoint tests","Contact request","QDR request","","QDR request",""
"passed","Tue Aug 04 02:43:19 UTC 2026","Tue Aug 04 02:43:27 UTC 2026","8181","4. Team CRM |CRM Staging","Business Scenarios Tests","Disable Hubspot","Change Hubspot to false","","Change Hubspot to false",""
"skipped","Tue Aug 04 02:45:09 UTC 2026","Tue Aug 04 02:45:09 UTC 2026","0","3 Team Techno - UCL","Functional Tests","Endpoint Tests","WebsiteLead","","get all active on ep for given existing uuid",""
"passed","Tue Aug 04 02:41:27 UTC 2026","Tue Aug 04 02:41:27 UTC 2026","32","1.1 Team Hummingbird - BFF | WLW app","Technical Tests","search-controller","GET /public_api/search/ai/tabChange [NEG] Forbidden Role Token","","GET /public_api/search/ai/tabChange [NEG] Forbidden Role Token",""
"failed","Tue Aug 04 02:40:57 UTC 2026","Tue Aug 04 02:40:57 UTC 2026","300","1.1 Team Hummingbird - BFF | WLW app","Endpoint tests","Conversations","user conversations to decline request","","user conversations to decline request",""
"passed","Tue Aug 04 02:41:29 UTC 2026","Tue Aug 04 02:41:29 UTC 2026","35","1.1 Team Hummingbird - BFF | WLW app","Technical Tests","search-term-controller","POST /public_api/search/track [SEC] Injection Probe","","POST /public_api/search/track [SEC] Injection Probe",""
"passed","Tue Aug 04 02:39:57 UTC 2026","Tue Aug 04 02:39:57 UTC 2026","22","1 Team Hummingbird - BFF | EP app","Endpoint tests","Support","Supportmasterdata_FR","","Supportmasterdata_FR",""
"skipped","Tue Aug 04 02:41:09 UTC 2026","Tue Aug 04 02:41:09 UTC 2026","0","7. Team Pegasus | Pegasus Staging","Endpoints Tests","User & Company Context","Get company data crm","","Get company data crm",""
"passed","Tue Aug 04 02:41:31 UTC 2026","Tue Aug 04 02:41:31 UTC 2026","32","1.1 Team Hummingbird - BFF | WLW app","Technical Tests","trending-products-controller","GET /public_api/trending/notifications","","GET /public_api/trending/notifications",""
"passed","Tue Aug 04 02:49:28 UTC 2026","Tue Aug 04 02:49:28 UTC 2026","27","Dolphin","Functional","","","getLandingPageProductListTest","get Landing page Product List for seo",""
"passed","Tue Aug 04 02:43:22 UTC 2026","Tue Aug 04 02:43:23 UTC 2026","373","4. Team CRM |CRM Staging","Business Scenarios Tests","Platform Profile","Update Platform Profile","","Update Platform Profile",""
"passed","Tue Aug 04 02:40:57 UTC 2026","Tue Aug 04 02:40:58 UTC 2026","1029","1.1 Team Hummingbird - BFF | WLW app","Endpoint tests","Conversations","new message","","new message",""
"passed","Tue Aug 04 02:41:04 UTC 2026","Tue Aug 04 02:41:04 UTC 2026","18","1.1 Team Hummingbird - BFF | WLW app","Technical Tests","conversation-controller","PUT /public_api/conversation/userConversations/{conversationId}/tag [NEG] Missing Auth/API-Key","","PUT /public_api/conversation/userConversations/{conversationId}/tag [NEG] Missing Auth/API-Key",""
"failed","Tue Aug 04 02:41:25 UTC 2026","Tue Aug 04 02:41:25 UTC 2026","14","1.1 Team Hummingbird - BFF | WLW app","Technical Tests","search-controller","GET /public_api/search/products [NEG] Expired Token","","GET /public_api/search/products [NEG] Expired Token",""
"failed","Tue Aug 04 02:41:19 UTC 2026","Tue Aug 04 02:41:19 UTC 2026","11","1.1 Team Hummingbird - BFF | WLW app","Technical Tests","product-controller","GET /public_api/companies/{supplierPublicId}/products [NEG] Forbidden Role Token","","GET /public_api/companies/{supplierPublicId}/products [NEG] Forbidden Role Token",""
"failed","Tue Aug 04 02:41:29 UTC 2026","Tue Aug 04 02:41:29 UTC 2026","14","1.1 Team Hummingbird - BFF | WLW app","Technical Tests","supplier-visitors-controller","GET /public_api/suppliers/{supplier_id}/visits [NEG] Missing Auth/API-Key","","GET /public_api/suppliers/{supplier_id}/visits [NEG] Missing Auth/API-Key",""
"passed","Tue Aug 04 02:41:28 UTC 2026","Tue Aug 04 02:41:28 UTC 2026","34","1.1 Team Hummingbird - BFF | WLW app","Technical Tests","search-term-controller","PUT /public_api/search/notification-opened","","PUT /public_api/search/notification-opened",""
"failed","Tue Aug 04 02:41:20 UTC 2026","Tue Aug 04 02:41:20 UTC 2026","13","1.1 Team Hummingbird - BFF | WLW app","Technical Tests","purchaser-support-controller","GET /support-faq","","GET /support-faq",""
"failed","Tue Aug 04 02:41:00 UTC 2026","Tue Aug 04 02:41:00 UTC 2026","9","1.1 Team Hummingbird - BFF | WLW app","Technical Tests","ai-company-search-controller","GET /public_api/search/ai/company/search [NEG] Forbidden Role Token","","GET /public_api/search/ai/company/search [NEG] Forbidden Role Token",""
"failed","Tue Aug 04 02:41:29 UTC 2026","Tue Aug 04 02:41:29 UTC 2026","17","1.1 Team Hummingbird - BFF | WLW app","Technical Tests","search-term-controller","POST /public_api/search/track [NEG] Expired Token","","POST /public_api/search/track [NEG] Expired Token",""
"passed","Tue Aug 04 02:43:16 UTC 2026","Tue Aug 04 02:43:19 UTC 2026","3431","4. Team CRM |CRM Staging","Business Scenarios Tests","Quote","Smoke Test Create new quote","","Smoke Test Create new quote",""
"failed","Tue Aug 04 02:41:31 UTC 2026","Tue Aug 04 02:41:31 UTC 2026","13","1.1 Team Hummingbird - BFF | WLW app","Technical Tests","trending-products-controller","GET /public_api/trending/products","","GET /public_api/trending/products",""
"broken","Tue Aug 04 02:40:30 UTC 2026","Tue Aug 04 02:40:50 UTC 2026","20024","Dolphin","Technical","","","inferenceTest","AI Search inference API (SSE stream)",""
"skipped","Tue Aug 04 02:41:09 UTC 2026","Tue Aug 04 02:41:09 UTC 2026","0","7. Team Pegasus | Pegasus Staging","Endpoints Tests","Supplier Registration","EP","","business_sectors - Get business sectors",""
"failed","Tue Aug 04 02:40:54 UTC 2026","Tue Aug 04 02:40:54 UTC 2026","75","1.1 Team Hummingbird - BFF | WLW app","Endpoint tests","Company","Companies / products EN","","Companies / products EN",""
"broken","Tue Aug 04 02:45:31 UTC 2026","Tue Aug 04 02:45:51 UTC 2026","20013","Dolphin","Functional","","","recallSecondPageTest","AI Search recall: pagination page 2",""
"skipped","Tue Aug 04 02:45:09 UTC 2026","Tue Aug 04 02:45:09 UTC 2026","0","3 Team Techno - UCL","Functional Tests","Endpoint Tests","membership","","get all membership for non-existing uuid",""
"failed","Tue Aug 04 02:41:30 UTC 2026","Tue Aug 04 02:41:30 UTC 2026","15","1.1 Team Hummingbird - BFF | WLW app","Technical Tests","supplier-visitors-controller","GET /public_api/suppliers/{supplier_id}/visits/csv","","GET /public_api/suppliers/{supplier_id}/visits/csv",""
"passed","Tue Aug 04 02:39:58 UTC 2026","Tue Aug 04 02:39:59 UTC 2026","210","1 Team Hummingbird - BFF | EP app","Endpoint tests","Company","Companies / products EN","","Companies / products EN",""
"passed","Tue Aug 04 02:49:28 UTC 2026","Tue Aug 04 02:49:28 UTC 2026","42","Dolphin","Functional","","","getCategoryListEpTest","v-recommend category list -- ep",""
"passed","Tue Aug 04 02:43:27 UTC 2026","Tue Aug 04 02:43:27 UTC 2026","77","4. Team CRM |CRM Staging","Endpoints Tests","(root)","resolve individual id bulk","","resolve individual id bulk",""
"skipped","Tue Aug 04 02:45:09 UTC 2026","Tue Aug 04 02:45:09 UTC 2026","0","3 Team Techno - UCL","Technical Tests","Membership","GET /unified_commercial_logic/internal_api/api/membership/{id} - Retrieve Membership fields By ID","","GET /unified_commercial_logic/internal_api/api/membership/{id} - Retrieve Membership fields By ID",""
"skipped","Tue Aug 04 02:41:09 UTC 2026","Tue Aug 04 02:41:09 UTC 2026","0","7. Team Pegasus | Pegasus Staging","Spike | Profiles link user to company","(root)","07 GET — Verify profile after PATCH","","07 GET — Verify profile after PATCH",""
"passed","Tue Aug 04 02:49:28 UTC 2026","Tue Aug 04 02:49:28 UTC 2026","171","Dolphin","Functional","","","EPHomepageProductRecommendTest","homepage product recommend -- ep",""
"failed","Tue Aug 04 02:41:02 UTC 2026","Tue Aug 04 02:41:02 UTC 2026","14","1.1 Team Hummingbird - BFF | WLW app","Technical Tests","company-controller","GET /public_api/suppliers/{companyID}/listings","","GET /public_api/suppliers/{companyID}/listings",""
"passed","Tue Aug 04 02:40:52 UTC 2026","Tue Aug 04 02:40:52 UTC 2026","18","1.1 Team Hummingbird - BFF | WLW app","Endpoint tests","Support","Support FAQ_FR","","Support FAQ_FR",""
"passed","Tue Aug 04 02:41:22 UTC 2026","Tue Aug 04 02:41:22 UTC 2026","16","1.1 Team Hummingbird - BFF | WLW app","Technical Tests","purchaser-user-setting-controller","POST /userSetting [NEG] Missing Auth/API-Key","","POST /userSetting [NEG] Missing Auth/API-Key",""
"failed","Tue Aug 04 02:41:26 UTC 2026","Tue Aug 04 02:41:26 UTC 2026","13","1.1 Team Hummingbird - BFF | WLW app","Technical Tests","search-controller","GET /public_api/search/autoComplete [SEC] Injection Probe","","GET /public_api/search/autoComplete [SEC] Injection Probe",""
"passed","Tue Aug 04 02:40:01 UTC 2026","Tue Aug 04 02:40:01 UTC 2026","136","1 Team Hummingbird - BFF | EP app","Endpoint tests","Homepage, products","product recommendations DE","","product recommendations DE",""
"passed","Tue Aug 04 02:40:00 UTC 2026","Tue Aug 04 02:40:00 UTC 2026","480","1 Team Hummingbird - BFF | EP app","Endpoint tests","Search","search companies FR","","search companies FR",""
"passed","Tue Aug 04 02:40:02 UTC 2026","Tue Aug 04 02:40:02 UTC 2026","73","1 Team Hummingbird - BFF | EP app","Endpoint tests","Conversations","conversation/messages","","conversation/messages",""
"passed","Tue Aug 04 02:39:57 UTC 2026","Tue Aug 04 02:39:57 UTC 2026","84","1 Team Hummingbird - BFF | EP app","Endpoint tests","User settings","user setting","","user setting",""
"passed","Tue Aug 04 02:41:01 UTC 2026","Tue Aug 04 02:41:01 UTC 2026","7","2 Team Dragon - BFF | RFQ Backend","Technical Tests","(root)","GET /v1/user - User Info + Roles + Negative Auth","","GET /v1/user - User Info + Roles + Negative Auth",""
"passed","Tue Aug 04 02:49:28 UTC 2026","Tue Aug 04 02:49:28 UTC 2026","27","Dolphin","Technical","","","getLandingPageProductListTest","get Landing page Product List for seo",""
"failed","Tue Aug 04 02:41:03 UTC 2026","Tue Aug 04 02:41:03 UTC 2026","15","1.1 Team Hummingbird - BFF | WLW app","Technical Tests","company-controller","GET /public_api/suppliers/{companyID}/listings [SEC] Injection Probe","","GET /public_api/suppliers/{companyID}/listings [SEC] Injection Probe",""
"passed","Tue Aug 04 02:40:59 UTC 2026","Tue Aug 04 02:40:59 UTC 2026","18","1.1 Team Hummingbird - BFF | WLW app","Technical Tests","ai-company-search-controller","POST /public_api/search/ai/supplier/recall [NEG] Missing Auth/API-Key","","POST /public_api/search/ai/supplier/recall [NEG] Missing Auth/API-Key",""
"passed","Tue Aug 04 02:40:55 UTC 2026","Tue Aug 04 02:40:57 UTC 2026","1678","1.1 Team Hummingbird - BFF | WLW app","Endpoint tests","Search","Product Search FR","","Product Search FR",""
"skipped","Tue Aug 04 02:41:09 UTC 2026","Tue Aug 04 02:41:09 UTC 2026","0","7. Team Pegasus | Pegasus Staging","Business Scenarios Tests","Business Insights","Dashboard smoke flow","","Traffic",""
"passed","Tue Aug 04 02:40:02 UTC 2026","Tue Aug 04 02:40:02 UTC 2026","98","1 Team Hummingbird - BFF | EP app","Endpoint tests","Conversations","unread count","","unread count",""
"passed","Tue Aug 04 02:41:00 UTC 2026","Tue Aug 04 02:41:00 UTC 2026","6","2 Team Dragon - BFF | RFQ Backend","Technical Tests","(root)","GET /v1/rfqs/{rfqId} - Details (Schema + Auth Orchestration)","","GET /v1/rfqs/{rfqId} - Details (Schema + Auth Orchestration)",""
"skipped","Tue Aug 04 02:45:09 UTC 2026","Tue Aug 04 02:45:09 UTC 2026","0","3 Team Techno - UCL","Functional Tests","Endpoint Tests","Retargeting","","get active retargeting for the given uuid",""
"failed","Tue Aug 04 02:41:03 UTC 2026","Tue Aug 04 02:41:03 UTC 2026","14","1.1 Team Hummingbird - BFF | WLW app","Technical Tests","company-controller","GET /public_api/suppliers/{companyID}/listings [NEG] Expired Token","","GET /public_api/suppliers/{companyID}/listings [NEG] Expired Token",""
"passed","Tue Aug 04 02:43:20 UTC 2026","Tue Aug 04 02:43:20 UTC 2026","364","4. Team CRM |CRM Staging","Business Scenarios Tests","Lead","Lead-duplicateCheck - with dulicates","","Lead-duplicateCheck - with dulicates",""
"passed","Tue Aug 04 02:39:59 UTC 2026","Tue Aug 04 02:39:59 UTC 2026","95","1 Team Hummingbird - BFF | EP app","Endpoint tests","Company","search company products","","search company products",""
"passed","Tue Aug 04 02:43:18 UTC 2026","Tue Aug 04 02:43:22 UTC 2026","4484","4. Team CRM |CRM Staging","Business Scenarios Tests","Account","Trigger SAP Customer number","","Trigger SAP Customer number",""
"skipped","Tue Aug 04 02:45:09 UTC 2026","Tue Aug 04 02:45:09 UTC 2026","0","3 Team Techno - UCL","Technical Tests","TopRanking","GET /unified_commercial_logic/internal_api/api/top_ranking_v1 - Retrieve TopRankingV1 List","","GET /unified_commercial_logic/internal_api/api/top_ranking_v1 - Retrieve TopRankingV1 List",""
"passed","Tue Aug 04 02:40:02 UTC 2026","Tue Aug 04 02:40:02 UTC 2026","273","1 Team Hummingbird - BFF | EP app","Endpoint tests","Conversations","new message","","new message",""
"skipped","Tue Aug 04 02:41:09 UTC 2026","Tue Aug 04 02:41:09 UTC 2026","0","7. Team Pegasus | Pegasus Staging","Business Scenarios Tests","Visitors","Statistics visitor drill-down","","CSV creation",""
"failed","Tue Aug 04 02:41:10 UTC 2026","Tue Aug 04 02:41:10 UTC 2026","14","1.1 Team Hummingbird - BFF | WLW app","Technical Tests","conversation-controller","GET /public_api/conversation/userConversations/{conversationId}/file [NEG] Expired Token","","GET /public_api/conversation/userConversations/{conversationId}/file [NEG] Expired Token",""
"skipped","Tue Aug 04 02:41:09 UTC 2026","Tue Aug 04 02:41:09 UTC 2026","0","7. Team Pegasus | Pegasus Staging","Spike | Profiles link user to company","(root)","08 MANUAL — supplier_api GET (needs browser session)","","08 MANUAL — supplier_api GET (needs browser session)",""
"skipped","Tue Aug 04 02:41:09 UTC 2026","Tue Aug 04 02:41:09 UTC 2026","0","7. Team Pegasus | Pegasus Staging","Endpoints Tests","Shop Import & Onboarding Backend","/import/status","","/import/status",""
"skipped","Tue Aug 04 02:41:09 UTC 2026","Tue Aug 04 02:41:09 UTC 2026","0","7. Team Pegasus | Pegasus Staging","Endpoints Tests","Visitors","Java (statistics-app)","","Visitors list",""
"failed","Tue Aug 04 02:41:28 UTC 2026","Tue Aug 04 02:41:28 UTC 2026","10","1.1 Team Hummingbird - BFF | WLW app","Technical Tests","search-controller","GET /public_api/categories/recommendations [NEG] Expired Token","","GET /public_api/categories/recommendations [NEG] Expired Token",""
"failed","Tue Aug 04 02:41:01 UTC 2026","Tue Aug 04 02:41:01 UTC 2026","12","1.1 Team Hummingbird - BFF | WLW app","Technical Tests","ai-company-search-controller","GET /public_api/search/ai/company/stream/mock [NEG] Missing Auth/API-Key","","GET /public_api/search/ai/company/stream/mock [NEG] Missing Auth/API-Key",""
"failed","Tue Aug 04 02:41:01 UTC 2026","Tue Aug 04 02:41:01 UTC 2026","9","1.1 Team Hummingbird - BFF | WLW app","Technical Tests","categories-controller","GET /preferred/categories [NEG] Forbidden Role Token","","GET /preferred/categories [NEG] Forbidden Role Token",""
"broken","Tue Aug 04 02:45:11 UTC 2026","Tue Aug 04 02:45:31 UTC 2026","20015","Dolphin","Functional","","","recallPaidSupplierFilterTest","AI Search recall: paid supplier filter (verified=true)",""
"passed","Tue Aug 04 02:43:26 UTC 2026","Tue Aug 04 02:43:27 UTC 2026","1040","4. Team CRM |CRM Staging","Endpoints Tests","(root)","Create platform profile","","Create platform profile",""
"skipped","Tue Aug 04 02:45:09 UTC 2026","Tue Aug 04 02:45:09 UTC 2026","0","3 Team Techno - UCL","Technical Tests","TopRanking","GET /unified_commercial_logic/internal_api/api/top_ranking_v1/ - Retrieve TopRankingV1 List","","GET /unified_commercial_logic/internal_api/api/top_ranking_v1/ - Retrieve TopRankingV1 List",""
"passed","Tue Aug 04 02:40:51 UTC 2026","Tue Aug 04 02:40:52 UTC 2026","700","1.1 Team Hummingbird - BFF | WLW app","Endpoint tests","Login","user Info","","user Info",""
"passed","Tue Aug 04 02:43:22 UTC 2026","Tue Aug 04 02:43:26 UTC 2026","4251","4. Team CRM |CRM Staging","Business Scenarios Tests","Contacts","Create Contact","","Create Contact",""
"passed","Tue Aug 04 02:41:07 UTC 2026","Tue Aug 04 02:41:07 UTC 2026","30","1.1 Team Hummingbird - BFF | WLW app","Technical Tests","conversation-controller","POST /public_api/conversation/userConversations/{conversationId}/messages/{messageId}/translate [NEG] Forbidden Role Token","","POST /public_api/conversation/userConversations/{conversationId}/messages/{messageId}/translate [NEG] Forbidden Role Token",""
"failed","Tue Aug 04 02:41:05 UTC 2026","Tue Aug 04 02:41:05 UTC 2026","12","1.1 Team Hummingbird - BFF | WLW app","Technical Tests","conversation-controller","PUT /public_api/conversation/userConversations/{conversationId}/messages/markAsRead","","PUT /public_api/conversation/userConversations/{conversationId}/messages/markAsRead",""
"failed","Tue Aug 04 02:41:08 UTC 2026","Tue Aug 04 02:41:08 UTC 2026","9","1.1 Team Hummingbird - BFF | WLW app","Technical Tests","conversation-controller","GET /public_api/conversation/userConversations/{userId}/unreadCount","","GET /public_api/conversation/userConversations/{userId}/unreadCount",""
"passed","Tue Aug 04 02:40:02 UTC 2026","Tue Aug 04 02:40:03 UTC 2026","670","1 Team Hummingbird - BFF | EP app","Endpoint tests","Conversations","decline QDR","","decline QDR",""
"broken","Tue Aug 04 02:47:32 UTC 2026","Tue Aug 04 02:47:52 UTC 2026","20016","Dolphin","Technical","","","termRecommendBlankLanguageTest","AI Search term recommend: blank language → business failure",""
"failed","Tue Aug 04 02:43:15 UTC 2026","Tue Aug 04 02:43:15 UTC 2026","0","4. Team CRM |CRM Staging","Business Scenarios Tests","Contacts","Create Contact","","Create Contact",""
"skipped","Tue Aug 04 02:45:09 UTC 2026","Tue Aug 04 02:45:09 UTC 2026","0","3 Team Techno - UCL","Functional Tests","Endpoint Tests","SponsoredBrand","","get active SPB by uuid",""
"passed","Tue Aug 04 02:41:13 UTC 2026","Tue Aug 04 02:41:13 UTC 2026","35","1.1 Team Hummingbird - BFF | WLW app","Technical Tests","feedback-controller","POST /v1/feedback [NEG] Forbidden Role Token","","POST /v1/feedback [NEG] Forbidden Role Token",""
"passed","Tue Aug 04 02:41:00 UTC 2026","Tue Aug 04 02:41:00 UTC 2026","19","1.1 Team Hummingbird - BFF | WLW app","Technical Tests","ai-company-search-controller","POST /public_api/search/ai/company/search [NEG] Missing Auth/API-Key","","POST /public_api/search/ai/company/search [NEG] Missing Auth/API-Key",""
"passed","Tue Aug 04 02:41:17 UTC 2026","Tue Aug 04 02:41:17 UTC 2026","39","1.1 Team Hummingbird - BFF | WLW app","Technical Tests","login-controller","DELETE /public_api/auth/sso/logout","","DELETE /public_api/auth/sso/logout",""
"passed","Tue Aug 04 02:41:27 UTC 2026","Tue Aug 04 02:41:27 UTC 2026","36","1.1 Team Hummingbird - BFF | WLW app","Technical Tests","search-controller","GET /public_api/products/recommendations [SEC] Injection Probe","","GET /public_api/products/recommendations [SEC] Injection Probe",""
"passed","Tue Aug 04 02:41:14 UTC 2026","Tue Aug 04 02:41:14 UTC 2026","31","1.1 Team Hummingbird - BFF | WLW app","Technical Tests","login-controller","POST /public_api/auth/sso/login","","POST /public_api/auth/sso/login",""
"passed","Tue Aug 04 02:41:14 UTC 2026","Tue Aug 04 02:41:14 UTC 2026","16","1.1 Team Hummingbird - BFF | WLW app","Technical Tests","help-and-support-controller","POST /help [NEG] Missing Auth/API-Key","","POST /help [NEG] Missing Auth/API-Key",""
"passed","Tue Aug 04 02:41:24 UTC 2026","Tue Aug 04 02:41:24 UTC 2026","32","1.1 Team Hummingbird - BFF | WLW app","Technical Tests","rfq-marketing-controller","POST /public_api/rfq-marketing/trigger [NEG] Expired Token","","POST /public_api/rfq-marketing/trigger [NEG] Expired Token",""
"skipped","Tue Aug 04 02:41:09 UTC 2026","Tue Aug 04 02:41:09 UTC 2026","0","7. Team Pegasus | Pegasus Staging","Endpoints Tests","Business Insights","Sister platform","","Sister platform",""
"passed","Tue Aug 04 02:49:30 UTC 2026","Tue Aug 04 02:49:30 UTC 2026","74","Dolphin","Technical","","","sameStoreProductRecommendTest","product same store recommend -- wlw",""
"passed","Tue Aug 04 02:41:04 UTC 2026","Tue Aug 04 02:41:04 UTC 2026","13","1.1 Team Hummingbird - BFF | WLW app","Technical Tests","company-controller","GET /public_api/company/{id} [NEG] Missing Auth/API-Key","","GET /public_api/company/{id} [NEG] Missing Auth/API-Key",""
"broken","Tue Aug 04 02:43:30 UTC 2026","Tue Aug 04 02:43:50 UTC 2026","20014","Dolphin","Technical","","","recallMissingRequestIdTest","AI Search recall: missing requestId still success",""
"skipped","Tue Aug 04 02:41:09 UTC 2026","Tue Aug 04 02:41:09 UTC 2026","0","7. Team Pegasus | Pegasus Staging","Endpoints Tests","Visitors","Java (statistics-app)","","WSL pixel",""
"passed","Tue Aug 04 02:43:16 UTC 2026","Tue Aug 04 02:43:19 UTC 2026","3431","4. Team CRM |CRM Staging","Business Scenarios Tests","Quote","Smoke Test Create new quote","","Smoke Test Create new quote",""
"broken","Tue Aug 04 02:39:50 UTC 2026","Tue Aug 04 02:40:10 UTC 2026","20638","Dolphin","Technical","","","inferenceEmptySearchTextTest","AI Search inference: empty searchText still streams",""
"failed","Tue Aug 04 02:41:29 UTC 2026","Tue Aug 04 02:41:29 UTC 2026","20","1.1 Team Hummingbird - BFF | WLW app","Technical Tests","search-term-controller","POST /public_api/search/track [NEG] Missing Auth/API-Key","","POST /public_api/search/track [NEG] Missing Auth/API-Key",""
"passed","Tue Aug 04 02:49:29 UTC 2026","Tue Aug 04 02:49:29 UTC 2026","260","Dolphin","Technical","","","instoreSearchTest","instore search -- cpp/pdp with sort and leaf filter",""
"passed","Tue Aug 04 02:41:14 UTC 2026","Tue Aug 04 02:41:14 UTC 2026","33","1.1 Team Hummingbird - BFF | WLW app","Technical Tests","inside-business-controller","GET /public_api/inside_business","","GET /public_api/inside_business",""
"passed","Tue Aug 04 02:43:15 UTC 2026","Tue Aug 04 02:43:15 UTC 2026","145","4. Team CRM |CRM Staging","Business Scenarios Tests","Tasks","Check Task","","Check Task",""
"passed","Tue Aug 04 02:43:17 UTC 2026","Tue Aug 04 02:43:19 UTC 2026","1319","4. Team CRM |CRM Staging","Business Scenarios Tests","Account","Smoke Test Create Account with All Fields","","Smoke Test Create Account with All Fields",""
"passed","Tue Aug 04 02:41:16 UTC 2026","Tue Aug 04 02:41:16 UTC 2026","31","1.1 Team Hummingbird - BFF | WLW app","Technical Tests","login-controller","POST /public_api/auth/registration [NEG] Expired Token","","POST /public_api/auth/registration [NEG] Expired Token",""
"passed","Tue Aug 04 02:49:28 UTC 2026","Tue Aug 04 02:49:28 UTC 2026","42","Dolphin","Technical","","","getCategoryListEpTest","v-recommend category list -- ep",""
"passed","Tue Aug 04 02:41:19 UTC 2026","Tue Aug 04 02:41:19 UTC 2026","36","1.1 Team Hummingbird - BFF | WLW app","Technical Tests","product-controller","GET /public_api/products/{productId} [NEG] Forbidden Role Token","","GET /public_api/products/{productId} [NEG] Forbidden Role Token",""
"failed","Tue Aug 04 02:41:25 UTC 2026","Tue Aug 04 02:41:25 UTC 2026","12","1.1 Team Hummingbird - BFF | WLW app","Technical Tests","search-controller","GET /public_api/search [NEG] Expired Token","","GET /public_api/search [NEG] Expired Token",""
"passed","Tue Aug 04 02:43:25 UTC 2026","Tue Aug 04 02:43:26 UTC 2026","1013","4. Team CRM |CRM Staging","Endpoints Tests","(root)","Create Note with sf id Copy","","Create Note with sf id Copy",""
"passed","Tue Aug 04 02:40:58 UTC 2026","Tue Aug 04 02:40:58 UTC 2026","806","1.1 Team Hummingbird - BFF | WLW app","Endpoint tests","Conversations","decline QDR","","decline QDR",""
"passed","Tue Aug 04 02:41:02 UTC 2026","Tue Aug 04 02:41:02 UTC 2026","29","1.1 Team Hummingbird - BFF | WLW app","Technical Tests","categories-controller","PUT /preferred/categories [SEC] Injection Probe","","PUT /preferred/categories [SEC] Injection Probe",""
"passed","Tue Aug 04 02:41:12 UTC 2026","Tue Aug 04 02:41:12 UTC 2026","18","1.1 Team Hummingbird - BFF | WLW app","Technical Tests","feedback-controller","POST /v1/feedback [NEG] Missing Auth/API-Key","","POST /v1/feedback [NEG] Missing Auth/API-Key",""
"passed","Tue Aug 04 02:43:23 UTC 2026","Tue Aug 04 02:43:24 UTC 2026","1436","4. Team CRM |CRM Staging","Business Scenarios Tests","Products","Update Product","","Update Product",""
"passed","Tue Aug 04 02:43:18 UTC 2026","Tue Aug 04 02:43:22 UTC 2026","4484","4. Team CRM |CRM Staging","Business Scenarios Tests","Account","Trigger SAP Customer number","","Trigger SAP Customer number",""
"passed","Tue Aug 04 02:43:24 UTC 2026","Tue Aug 04 02:43:24 UTC 2026","141","4. Team CRM |CRM Staging","Endpoints Tests","(root)","get connect receipient","","get connect receipient",""
"failed","Tue Aug 04 02:41:10 UTC 2026","Tue Aug 04 02:41:10 UTC 2026","14","1.1 Team Hummingbird - BFF | WLW app","Technical Tests","conversation-controller","GET /public_api/conversation/userConversations/{conversationId}/file","","GET /public_api/conversation/userConversations/{conversationId}/file",""
"passed","Tue Aug 04 02:41:13 UTC 2026","Tue Aug 04 02:41:13 UTC 2026","34","1.1 Team Hummingbird - BFF | WLW app","Technical Tests","feedback-controller","GET /feedback/subject [NEG] Forbidden Role Token","","GET /feedback/subject [NEG] Forbidden Role Token",""
"passed","Tue Aug 04 02:43:21 UTC 2026","Tue Aug 04 02:43:21 UTC 2026","188","4. Team CRM |CRM Staging","Business Scenarios Tests","Lead","Smoke test for Conversion","","Smoke test for Conversion",""
"failed","Tue Aug 04 02:40:59 UTC 2026","Tue Aug 04 02:40:59 UTC 2026","14","Bamboo","Functional","","","listSubCategoriesTest","list sub Categories",""
"skipped","Tue Aug 04 02:41:09 UTC 2026","Tue Aug 04 02:41:09 UTC 2026","0","7. Team Pegasus | Pegasus Staging","Endpoints Tests","Shop Import & Onboarding Backend","offers/subCategories","","offers/subCategories",""
"passed","Tue Aug 04 02:40:59 UTC 2026","Tue Aug 04 02:40:59 UTC 2026","87","2 Team Dragon - BFF | RFQ Backend","Functional Tests","(root)","GET /v1/user - Success","","GET /v1/user - Success",""
"skipped","Tue Aug 04 02:41:09 UTC 2026","Tue Aug 04 02:41:09 UTC 2026","0","7. Team Pegasus | Pegasus Staging","Business Scenarios Tests","Business Insights","Dashboard smoke flow","","Activity by uuid",""
"passed","Tue Aug 04 02:41:07 UTC 2026","Tue Aug 04 02:41:07 UTC 2026","32","1.1 Team Hummingbird - BFF | WLW app","Technical Tests","conversation-controller","POST /public_api/conversation/userConversations/{conversationId}/messages/file/ [NEG] Forbidden Role Token","","POST /public_api/conversation/userConversations/{conversationId}/messages/file/ [NEG] Forbidden Role Token",""
"passed","Tue Aug 04 02:40:01 UTC 2026","Tue Aug 04 02:40:02 UTC 2026","607","1 Team Hummingbird - BFF | EP app","Endpoint tests","Conversations","user conversations","","user conversations",""
"passed","Tue Aug 04 02:41:19 UTC 2026","Tue Aug 04 02:41:19 UTC 2026","33","1.1 Team Hummingbird - BFF | WLW app","Technical Tests","purchaser-support-controller","GET /support-master-data","","GET /support-master-data",""
"passed","Tue Aug 04 02:43:25 UTC 2026","Tue Aug 04 02:43:27 UTC 2026","1687","4. Team CRM |CRM Staging","Endpoints Tests","(root)","Create Note with sf id","","Create Note with sf id",""
"passed","Tue Aug 04 02:41:00 UTC 2026","Tue Aug 04 02:41:00 UTC 2026","5","2 Team Dragon - BFF | RFQ Backend","Functional Tests","(root)","Assertions Summary (Doc)","","Assertions Summary (Doc)",""
"skipped","Tue Aug 04 02:45:09 UTC 2026","Tue Aug 04 02:45:09 UTC 2026","0","3 Team Techno - UCL","Technical Tests","WebsiteLead","GET /unified_commercial_logic/internal_api/api/website_lead - Retrieve WebsiteLead List","","GET /unified_commercial_logic/internal_api/api/website_lead - Retrieve WebsiteLead List",""
"passed","Tue Aug 04 02:39:57 UTC 2026","Tue Aug 04 02:39:57 UTC 2026","17","1 Team Hummingbird - BFF | EP app","Endpoint tests","Support","Supportmasterdata_DE","","Supportmasterdata_DE",""
"passed","Tue Aug 04 02:41:16 UTC 2026","Tue Aug 04 02:41:16 UTC 2026","39","1.1 Team Hummingbird - BFF | WLW app","Technical Tests","login-controller","POST /public_api/auth/code/verify [NEG] Expired Token","","POST /public_api/auth/code/verify [NEG] Expired Token",""
"passed","Tue Aug 04 02:41:15 UTC 2026","Tue Aug 04 02:41:15 UTC 2026","37","1.1 Team Hummingbird - BFF | WLW app","Technical Tests","login-controller","POST /public_api/auth/registration","","POST /public_api/auth/registration",""
"skipped","Tue Aug 04 02:45:09 UTC 2026","Tue Aug 04 02:45:09 UTC 2026","0","3 Team Techno - UCL","Functional Tests","Endpoint Tests","membership","","get all active membership for business_partner_id",""
"passed","Tue Aug 04 02:49:28 UTC 2026","Tue Aug 04 02:49:29 UTC 2026","141","Dolphin","Functional","","","getProductsByCategoryTest","popular in category -- getProductsByCategory",""
"skipped","Tue Aug 04 02:41:09 UTC 2026","Tue Aug 04 02:41:09 UTC 2026","0","7. Team Pegasus | Pegasus Staging","Business Scenarios Tests","Supplier Facts","API register, publish, and verify in UI","","1. Create registration lead",""
"passed","Tue Aug 04 02:41:12 UTC 2026","Tue Aug 04 02:41:12 UTC 2026","15","1.1 Team Hummingbird - BFF | WLW app","Technical Tests","euro-pages-controller","DELETE /public_api/euro-pages/auth/delete [NEG] Missing Auth/API-Key","","DELETE /public_api/euro-pages/auth/delete [NEG] Missing Auth/API-Key",""
"failed","Tue Aug 04 02:41:31 UTC 2026","Tue Aug 04 02:41:31 UTC 2026","13","1.1 Team Hummingbird - BFF | WLW app","Technical Tests","trending-products-controller","GET /public_api/trending/products [NEG] Expired Token","","GET /public_api/trending/products [NEG] Expired Token",""
"failed","Tue Aug 04 02:41:19 UTC 2026","Tue Aug 04 02:41:19 UTC 2026","13","1.1 Team Hummingbird - BFF | WLW app","Technical Tests","product-controller","GET /public_api/companies/{supplierPublicId}/products [NEG] Missing Auth/API-Key","","GET /public_api/companies/{supplierPublicId}/products [NEG] Missing Auth/API-Key",""
"failed","Tue Aug 04 02:41:10 UTC 2026","Tue Aug 04 02:41:10 UTC 2026","11","1.1 Team Hummingbird - BFF | WLW app","Technical Tests","conversation-controller","GET /public_api/conversation/userConversations/{conversationId}/file [NEG] Missing Auth/API-Key","","GET /public_api/conversation/userConversations/{conversationId}/file [NEG] Missing Auth/API-Key",""
"failed","Tue Aug 04 02:41:00 UTC 2026","Tue Aug 04 02:41:00 UTC 2026","14","2 Team Dragon - BFF | RFQ Backend","Technical Tests","(root)","POST /v1/rfqs/{rfqId}/respond - Multipart Upload + Schema + Security","","POST /v1/rfqs/{rfqId}/respond - Multipart Upload + Schema + Security",""
"passed","Tue Aug 04 02:40:55 UTC 2026","Tue Aug 04 02:40:55 UTC 2026","80","1.1 Team Hummingbird - BFF | WLW app","Endpoint tests","Search","search track","","search track",""
"passed","Tue Aug 04 02:40:00 UTC 2026","Tue Aug 04 02:40:00 UTC 2026","140","1 Team Hummingbird - BFF | EP app","Endpoint tests","Homepage, products","product recommendations EN","","product recommendations EN",""
"passed","Tue Aug 04 02:41:28 UTC 2026","Tue Aug 04 02:41:28 UTC 2026","35","1.1 Team Hummingbird - BFF | WLW app","Technical Tests","search-term-controller","PUT /public_api/search/notification-opened [NEG] Forbidden Role Token","","PUT /public_api/search/notification-opened [NEG] Forbidden Role Token",""
"failed","Tue Aug 04 02:43:15 UTC 2026","Tue Aug 04 02:43:17 UTC 2026","1568","4. Team CRM |CRM Staging","Business Scenarios Tests","Contacts","Check Contact","","Check Contact",""
"passed","Tue Aug 04 02:41:23 UTC 2026","Tue Aug 04 02:41:23 UTC 2026","41","1.1 Team Hummingbird - BFF | WLW app","Technical Tests","rfq-controller","POST /public_api/connect/purchaser/tenders/","","POST /public_api/connect/purchaser/tenders/",""
"failed","Tue Aug 04 02:41:31 UTC 2026","Tue Aug 04 02:41:31 UTC 2026","14","1.1 Team Hummingbird - BFF | WLW app","Technical Tests","trending-products-controller","GET /public_api/trending/products [SEC] Injection Probe","","GET /public_api/trending/products [SEC] Injection Probe",""
"passed","Tue Aug 04 02:40:58 UTC 2026","Tue Aug 04 02:40:59 UTC 2026","112","1.1 Team Hummingbird - BFF | WLW app","Technical Tests","ab-test-record-controller","POST /public_api/abtest/record","","POST /public_api/abtest/record",""
"passed","Tue Aug 04 02:40:16 UTC 2026","Tue Aug 04 02:40:17 UTC 2026","200","Arise","Functional","","","skwd","skwd",""
"passed","Tue Aug 04 02:41:32 UTC 2026","Tue Aug 04 02:41:32 UTC 2026","32","1.1 Team Hummingbird - BFF | WLW app","Technical Tests","user-controller","PUT /public_api/user/userInfo [NEG] Expired Token","","PUT /public_api/user/userInfo [NEG] Expired Token",""
"failed","Tue Aug 04 02:41:25 UTC 2026","Tue Aug 04 02:41:25 UTC 2026","13","1.1 Team Hummingbird - BFF | WLW app","Technical Tests","search-controller","GET /public_api/search [NEG] Missing Auth/API-Key","","GET /public_api/search [NEG] Missing Auth/API-Key",""
"passed","Tue Aug 04 02:49:28 UTC 2026","Tue Aug 04 02:49:29 UTC 2026","141","Dolphin","Technical","","","getProductsByCategoryTest","popular in category -- getProductsByCategory",""
"passed","Tue Aug 04 02:41:07 UTC 2026","Tue Aug 04 02:41:07 UTC 2026","13","1.1 Team Hummingbird - BFF | WLW app","Technical Tests","conversation-controller","POST /public_api/conversation/userConversations/{conversationId}/messages/{messageId}/translate [NEG] Missing Auth/API-Key","","POST /public_api/conversation/userConversations/{conversationId}/messages/{messageId}/translate [NEG] Missing Auth/API-Key",""
"broken","Tue Aug 04 02:45:51 UTC 2026","Tue Aug 04 02:46:11 UTC 2026","20017","Dolphin","Technical","","","recallSingleFilterTest","AI Search recall: single filter (verified=true)",""
"passed","Tue Aug 04 02:40:58 UTC 2026","Tue Aug 04 02:40:58 UTC 2026","97","1.1 Team Hummingbird - BFF | WLW app","Endpoint tests","Conversations","unread count","","unread count",""
"failed","Tue Aug 04 02:41:22 UTC 2026","Tue Aug 04 02:41:22 UTC 2026","19","1.1 Team Hummingbird - BFF | WLW app","Technical Tests","push-notification-by-email-controller","GET /v1/pushNotification","","GET /v1/pushNotification",""
"failed","Tue Aug 04 02:41:29 UTC 2026","Tue Aug 04 02:41:29 UTC 2026","12","1.1 Team Hummingbird - BFF | WLW app","Technical Tests","supplier-visitors-controller","GET /public_api/suppliers/{supplier_id}/visits [NEG] Expired Token","","GET /public_api/suppliers/{supplier_id}/visits [NEG] Expired Token",""
"passed","Tue Aug 04 02:41:17 UTC 2026","Tue Aug 04 02:41:17 UTC 2026","29","1.1 Team Hummingbird - BFF | WLW app","Technical Tests","login-controller","POST /public_api/auth/code/verify [NEG] Forbidden Role Token","","POST /public_api/auth/code/verify [NEG] Forbidden Role Token",""
"passed","Tue Aug 04 02:41:04 UTC 2026","Tue Aug 04 02:41:04 UTC 2026","28","1.1 Team Hummingbird - BFF | WLW app","Technical Tests","contact-form-controller","POST /public_api/contact-form/messages [NEG] Forbidden Role Token","","POST /public_api/contact-form/messages [NEG] Forbidden Role Token",""
"failed","Tue Aug 04 02:41:00 UTC 2026","Tue Aug 04 02:41:00 UTC 2026","9","1.1 Team Hummingbird - BFF | WLW app","Technical Tests","ai-company-search-controller","GET /public_api/search/ai/company/search [NEG] Missing Auth/API-Key","","GET /public_api/search/ai/company/search [NEG] Missing Auth/API-Key",""
"skipped","Tue Aug 04 02:45:09 UTC 2026","Tue Aug 04 02:45:09 UTC 2026","0","3 Team Techno - UCL","Technical Tests","GoogleAd","GET /unified_commercial_logic/internal_api/api/google_ad/{id} - Retrieve GoogleAd By ID","","GET /unified_commercial_logic/internal_api/api/google_ad/{id} - Retrieve GoogleAd By ID",""
"passed","Tue Aug 04 02:43:19 UTC 2026","Tue Aug 04 02:43:19 UTC 2026","138","4. Team CRM |CRM Staging","Business Scenarios Tests","Create and edit a contact","Check Contact","","Check Contact",""
"failed","Tue Aug 04 02:41:23 UTC 2026","Tue Aug 04 02:41:23 UTC 2026","13","1.1 Team Hummingbird - BFF | WLW app","Technical Tests","push-notification-by-email-controller","PUT /v1/pushNotification [SEC] Injection Probe","","PUT /v1/pushNotification [SEC] Injection Probe",""
"passed","Tue Aug 04 02:41:21 UTC 2026","Tue Aug 04 02:41:21 UTC 2026","34","1.1 Team Hummingbird - BFF | WLW app","Technical Tests","purchaser-user-setting-controller","POST /userSetting/","","POST /userSetting/",""
"skipped","Tue Aug 04 02:45:09 UTC 2026","Tue Aug 04 02:45:09 UTC 2026","0","3 Team Techno - UCL","Functional Tests","Endpoint Tests","TopRanking","","get TR with the given existing id",""
"passed","Tue Aug 04 02:41:19 UTC 2026","Tue Aug 04 02:41:19 UTC 2026","15","1.1 Team Hummingbird - BFF | WLW app","Technical Tests","purchaser-support-controller","GET /support-master-data [NEG] Missing Auth/API-Key","","GET /support-master-data [NEG] Missing Auth/API-Key",""
"failed","Tue Aug 04 02:41:00 UTC 2026","Tue Aug 04 02:41:00 UTC 2026","13","1.1 Team Hummingbird - BFF | WLW app","Technical Tests","ai-company-search-controller","GET /public_api/search/ai/company/search [NEG] Expired Token","","GET /public_api/search/ai/company/search [NEG] Expired Token",""
"passed","Tue Aug 04 02:41:02 UTC 2026","Tue Aug 04 02:41:02 UTC 2026","32","1.1 Team Hummingbird - BFF | WLW app","Technical Tests","categories-controller","GET /public_api/categories/homepage","","GET /public_api/categories/homepage",""
"passed","Tue Aug 04 02:40:54 UTC 2026","Tue Aug 04 02:40:54 UTC 2026","53","1.1 Team Hummingbird - BFF | WLW app","Endpoint tests","Company","Suppliers listings","","Suppliers listings",""
"failed","Tue Aug 04 02:41:30 UTC 2026","Tue Aug 04 02:41:30 UTC 2026","10","1.1 Team Hummingbird - BFF | WLW app","Technical Tests","supplier-visitors-controller","GET /public_api/suppliers/{supplier_id}/visits/csv [NEG] Missing Auth/API-Key","","GET /public_api/suppliers/{supplier_id}/visits/csv [NEG] Missing Auth/API-Key",""
"failed","Tue Aug 04 02:41:23 UTC 2026","Tue Aug 04 02:41:23 UTC 2026","15","1.1 Team Hummingbird - BFF | WLW app","Technical Tests","push-notification-by-email-controller","PUT /v1/pushNotification [NEG] Forbidden Role Token","","PUT /v1/pushNotification [NEG] Forbidden Role Token",""
"skipped","Tue Aug 04 02:41:09 UTC 2026","Tue Aug 04 02:41:09 UTC 2026","0","7. Team Pegasus | Pegasus Staging","Business Scenarios Tests","Business Insights","Dashboard smoke flow","","Admin BI",""
"passed","Tue Aug 04 02:43:16 UTC 2026","Tue Aug 04 02:43:17 UTC 2026","982","4. Team CRM |CRM Staging","Business Scenarios Tests","Account","Dunning level 1","","Dunning level 1",""
"failed","Tue Aug 04 02:41:18 UTC 2026","Tue Aug 04 02:41:18 UTC 2026","13","1.1 Team Hummingbird - BFF | WLW app","Technical Tests","product-controller","GET /public_api/products [NEG] Expired Token","","GET /public_api/products [NEG] Expired Token",""
"failed","Tue Aug 04 02:41:10 UTC 2026","Tue Aug 04 02:41:10 UTC 2026","9","1.1 Team Hummingbird - BFF | WLW app","Technical Tests","conversation-controller","GET /public_api/conversation/userConversations/{conversationId}/file/","","GET /public_api/conversation/userConversations/{conversationId}/file/",""
"skipped","Tue Aug 04 02:41:09 UTC 2026","Tue Aug 04 02:41:09 UTC 2026","0","7. Team Pegasus | Pegasus Staging","Endpoints Tests","Business Insights","Company","","Company",""
"failed","Tue Aug 04 02:41:10 UTC 2026","Tue Aug 04 02:41:10 UTC 2026","15","1.1 Team Hummingbird - BFF | WLW app","Technical Tests","conversation-controller","GET /public_api/conversation/userConversations/{conversationId}/file/ [NEG] Missing Auth/API-Key","","GET /public_api/conversation/userConversations/{conversationId}/file/ [NEG] Missing Auth/API-Key",""
"failed","Tue Aug 04 02:40:54 UTC 2026","Tue Aug 04 02:40:54 UTC 2026","46","1.1 Team Hummingbird - BFF | WLW app","Endpoint tests","Company","Companies / products DE","","Companies / products DE",""
"passed","Tue Aug 04 02:49:28 UTC 2026","Tue Aug 04 02:49:28 UTC 2026","23","Dolphin","Technical","","","productTextSearchWhitespaceQueryTest","AI product text search recall: whitespace-only query → empty success",""
"failed","Tue Aug 04 02:40:17 UTC 2026","Tue Aug 04 02:40:17 UTC 2026","28","Arise","Functional","","","skwdAll","skwdAll",""
"passed","Tue Aug 04 02:43:22 UTC 2026","Tue Aug 04 02:43:22 UTC 2026","0","4. Team CRM |CRM Staging","Business Scenarios Tests","Contacts","Smoke test for Create Contact & Verify HubSpot Sync","","Smoke test for Create Contact & Verify HubSpot Sync",""
"passed","Tue Aug 04 02:49:25 UTC 2026","Tue Aug 04 02:49:26 UTC 2026","682","Dolphin","Functional","","","productTextSearchTest","AI product text search recall API",""
"failed","Tue Aug 04 02:43:15 UTC 2026","Tue Aug 04 02:43:16 UTC 2026","95","4. Team CRM |CRM Staging","Business Scenarios Tests","Contacts","Edit Contact","","Edit Contact",""
"passed","Tue Aug 04 02:41:24 UTC 2026","Tue Aug 04 02:41:24 UTC 2026","40","1.1 Team Hummingbird - BFF | WLW app","Technical Tests","rfq-marketing-controller","POST /public_api/rfq-marketing/trigger","","POST /public_api/rfq-marketing/trigger",""
"passed","Tue Aug 04 02:40:58 UTC 2026","Tue Aug 04 02:40:58 UTC 2026","89","1.1 Team Hummingbird - BFF | WLW app","Endpoint tests","Visitor profiler","download visitors csv","","download visitors csv",""
"broken","Tue Aug 04 02:48:12 UTC 2026","Tue Aug 04 02:48:32 UTC 2026","20020","Dolphin","Functional","","","termRecommendTest","AI Search term recommend API",""
"passed","Tue Aug 04 02:41:00 UTC 2026","Tue Aug 04 02:41:00 UTC 2026","119","2 Team Dragon - BFF | RFQ Backend","Technical Tests","(root)","GET /v1/rfqs (list) - Compliance + Schema + Perf","","GET /v1/rfqs (list) - Compliance + Schema + Perf",""
"passed","Tue Aug 04 02:40:52 UTC 2026","Tue Aug 04 02:40:52 UTC 2026","19","1.1 Team Hummingbird - BFF | WLW app","Endpoint tests","User settings","push-notification-by-email-controller","","push-notification-by-email-controller",""
"passed","Tue Aug 04 02:43:20 UTC 2026","Tue Aug 04 02:43:20 UTC 2026","174","4. Team CRM |CRM Staging","Business Scenarios Tests","Lead","Lead-duplicateCheck - without dupicates","","Lead-duplicateCheck - without dupicates",""
"passed","Tue Aug 04 02:41:20 UTC 2026","Tue Aug 04 02:41:20 UTC 2026","36","1.1 Team Hummingbird - BFF | WLW app","Technical Tests","purchaser-support-controller","GET /support-faq [SEC] Injection Probe","","GET /support-faq [SEC] Injection Probe",""
"skipped","Tue Aug 04 02:45:09 UTC 2026","Tue Aug 04 02:45:09 UTC 2026","0","3 Team Techno - UCL","Functional Tests","Endpoint Tests","membership","","get all active membership for uuid platform specific",""
"passed","Tue Aug 04 02:40:03 UTC 2026","Tue Aug 04 02:40:03 UTC 2026","81","1 Team Hummingbird - BFF | EP app","Endpoint tests","(root)","Log out","","Log out",""
"passed","Tue Aug 04 02:40:00 UTC 2026","Tue Aug 04 02:40:00 UTC 2026","423","1 Team Hummingbird - BFF | EP app","Endpoint tests","Search","Product Search DE","","Product Search DE",""
"failed","Tue Aug 04 02:43:23 UTC 2026","Tue Aug 04 02:43:24 UTC 2026","909","4. Team CRM |CRM Staging","Endpoints Tests","Accounts","Get Account Information","","Get Account Information",""
"failed","Tue Aug 04 02:41:08 UTC 2026","Tue Aug 04 02:41:08 UTC 2026","13","1.1 Team Hummingbird - BFF | WLW app","Technical Tests","conversation-controller","GET /public_api/conversation/userConversations","","GET /public_api/conversation/userConversations",""
"passed","Tue Aug 04 02:43:17 UTC 2026","Tue Aug 04 02:43:22 UTC 2026","4042","4. Team CRM |CRM Staging","Business Scenarios Tests","Account","Contact for Account","","Contact for Account",""
"passed","Tue Aug 04 02:43:16 UTC 2026","Tue Aug 04 02:43:17 UTC 2026","982","4. Team CRM |CRM Staging","Business Scenarios Tests","Account","Dunning level 1","","Dunning level 1",""
"passed","Tue Aug 04 02:40:51 UTC 2026","Tue Aug 04 02:40:52 UTC 2026","483","1.1 Team Hummingbird - BFF | WLW app","Endpoint tests","Login","registration","","registration",""
"failed","Tue Aug 04 02:41:03 UTC 2026","Tue Aug 04 02:41:03 UTC 2026","9","1.1 Team Hummingbird - BFF | WLW app","Technical Tests","company-controller","GET /public_api/company [SEC] Injection Probe","","GET /public_api/company [SEC] Injection Probe",""
"passed","Tue Aug 04 02:39:56 UTC 2026","Tue Aug 04 02:39:56 UTC 2026","181","1 Team Hummingbird - BFF | EP app","Endpoint tests","Login","forgot password","","forgot password",""
"passed","Tue Aug 04 02:49:24 UTC 2026","Tue Aug 04 02:49:25 UTC 2026","1041","Dolphin","Technical","","","productTextSearchSpecialCharTest","AI product text search recall: special-character query",""
"passed","Tue Aug 04 02:39:58 UTC 2026","Tue Aug 04 02:39:58 UTC 2026","61","1 Team Hummingbird - BFF | EP app","Endpoint tests","Support","notifications list","","notifications list",""
"passed","Tue Aug 04 02:39:56 UTC 2026","Tue Aug 04 02:39:56 UTC 2026","18","1 Team Hummingbird - BFF | EP app","Endpoint tests","User settings","push-notification-by-email-controller","","push-notification-by-email-controller",""
"passed","Tue Aug 04 02:41:12 UTC 2026","Tue Aug 04 02:41:12 UTC 2026","29","1.1 Team Hummingbird - BFF | WLW app","Technical Tests","euro-pages-controller","DELETE /public_api/euro-pages/auth/delete [NEG] Forbidden Role Token","","DELETE /public_api/euro-pages/auth/delete [NEG] Forbidden Role Token",""
"skipped","Tue Aug 04 02:41:09 UTC 2026","Tue Aug 04 02:41:09 UTC 2026","0","7. Team Pegasus | Pegasus Staging","Technical Tests","(empty)","(empty)","","Technical Tests - empty",""
"skipped","Tue Aug 04 02:41:09 UTC 2026","Tue Aug 04 02:41:09 UTC 2026","0","7. Team Pegasus | Pegasus Staging","Business Scenarios Tests","Supplier Registration","WLW - Lead create and update","","leads - Create a lead",""
"failed","Tue Aug 04 02:41:09 UTC 2026","Tue Aug 04 02:41:09 UTC 2026","13","1.1 Team Hummingbird - BFF | WLW app","Technical Tests","conversation-controller","GET /public_api/conversation/userConversations/{conversationId} [NEG] Forbidden Role Token","","GET /public_api/conversation/userConversations/{conversationId} [NEG] Forbidden Role Token",""
"passed","Tue Aug 04 02:40:03 UTC 2026","Tue Aug 04 02:40:03 UTC 2026","132","1 Team Hummingbird - BFF | EP app","Endpoint tests","Visitor profiler","download visitors csv","","download visitors csv",""
"failed","Tue Aug 04 02:40:02 UTC 2026","Tue Aug 04 02:40:02 UTC 2026","17","1 Team Hummingbird - BFF | EP app","Endpoint tests","Conversations","dynamic link conversation","","dynamic link conversation",""
"passed","Tue Aug 04 02:39:57 UTC 2026","Tue Aug 04 02:39:57 UTC 2026","13","1 Team Hummingbird - BFF | EP app","Endpoint tests","Support","Support FAQ_EN","","Support FAQ_EN",""
"failed","Tue Aug 04 02:41:30 UTC 2026","Tue Aug 04 02:41:30 UTC 2026","14","1.1 Team Hummingbird - BFF | WLW app","Technical Tests","supplier-visitors-controller","GET /public_api/suppliers/{supplier_id}/visits/csv [SEC] Injection Probe","","GET /public_api/suppliers/{supplier_id}/visits/csv [SEC] Injection Probe",""
"passed","Tue Aug 04 02:41:16 UTC 2026","Tue Aug 04 02:41:16 UTC 2026","17","1.1 Team Hummingbird - BFF | WLW app","Technical Tests","login-controller","POST /public_api/auth/password/login [NEG] Missing Auth/API-Key","","POST /public_api/auth/password/login [NEG] Missing Auth/API-Key",""
"passed","Tue Aug 04 02:43:24 UTC 2026","Tue Aug 04 02:43:24 UTC 2026","77","4. Team CRM |CRM Staging","Endpoints Tests","(root)","get responsible user","","get responsible user",""
"broken","Tue Aug 04 02:41:50 UTC 2026","Tue Aug 04 02:42:10 UTC 2026","20025","Dolphin","Technical","","","recallAlternateSortTest","AI Search recall: alternate sort (order_num_desc)",""
"passed","Tue Aug 04 02:40:54 UTC 2026","Tue Aug 04 02:40:54 UTC 2026","186","1.1 Team Hummingbird - BFF | WLW app","Endpoint tests","Company","branchIO dynamic link, share PDP","","branchIO dynamic link, share PDP",""
"passed","Tue Aug 04 02:41:01 UTC 2026","Tue Aug 04 02:41:01 UTC 2026","4","2 Team Dragon - BFF | RFQ Backend","Technical Tests","(root)","Negative test: malformed UUIDs & content type checks","","Negative test: malformed UUIDs & content type checks",""
"passed","Tue Aug 04 02:41:09 UTC 2026","Tue Aug 04 02:41:09 UTC 2026","27","1.1 Team Hummingbird - BFF | WLW app","Technical Tests","conversation-controller","GET /public_api/conversation/userConversations/{userId}/unreadCount [SEC] Injection Probe","","GET /public_api/conversation/userConversations/{userId}/unreadCount [SEC] Injection Probe",""
"passed","Tue Aug 04 02:40:59 UTC 2026","Tue Aug 04 02:40:59 UTC 2026","35","1.1 Team Hummingbird - BFF | WLW app","Technical Tests","ai-company-search-controller","POST /public_api/search/ai/supplier/recall [NEG] Expired Token","","POST /public_api/search/ai/supplier/recall [NEG] Expired Token",""
"failed","Tue Aug 04 02:41:01 UTC 2026","Tue Aug 04 02:41:01 UTC 2026","10","1.1 Team Hummingbird - BFF | WLW app","Technical Tests","categories-controller","GET /preferred/categories [NEG] Missing Auth/API-Key","","GET /preferred/categories [NEG] Missing Auth/API-Key",""
"skipped","Tue Aug 04 02:45:09 UTC 2026","Tue Aug 04 02:45:09 UTC 2026","0","3 Team Techno - UCL","Technical Tests","Organization","GET /unified_commercial_logic/internal_api/api/organization/{id} - Retrieve Organization By ID","","GET /unified_commercial_logic/internal_api/api/organization/{id} - Retrieve Organization By ID",""
"failed","Tue Aug 04 02:41:20 UTC 2026","Tue Aug 04 02:41:20 UTC 2026","13","1.1 Team Hummingbird - BFF | WLW app","Technical Tests","purchaser-support-controller","GET /support-faq [NEG] Expired Token","","GET /support-faq [NEG] Expired Token",""
"passed","Tue Aug 04 02:40:59 UTC 2026","Tue Aug 04 02:40:59 UTC 2026","34","1.1 Team Hummingbird - BFF | WLW app","Technical Tests","ab-test-record-controller","POST /public_api/abtest/record [NEG] Expired Token","","POST /public_api/abtest/record [NEG] Expired Token",""
"failed","Tue Aug 04 02:41:24 UTC 2026","Tue Aug 04 02:41:24 UTC 2026","20","1.1 Team Hummingbird - BFF | WLW app","Technical Tests","search-controller","GET /public_api/suppliers/recommendations [NEG] Expired Token","","GET /public_api/suppliers/recommendations [NEG] Expired Token",""
"skipped","Tue Aug 04 02:41:09 UTC 2026","Tue Aug 04 02:41:09 UTC 2026","0","7. Team Pegasus | Pegasus Staging","Business Scenarios Tests","Supplier Facts","API register, publish, and verify in UI","","3. Resolve company uuid by email",""
"passed","Tue Aug 04 02:49:28 UTC 2026","Tue Aug 04 02:49:28 UTC 2026","32","Dolphin","Functional","","","getCategoryListWlwWithPreferredSuperCategoryIdsTest","v-recommend category list -- wlw, with preferredSuperCategoryIds",""
"broken","Tue Aug 04 02:47:12 UTC 2026","Tue Aug 04 02:47:32 UTC 2026","20017","Dolphin","Technical","","","recallWhitespaceQueryTest","AI Search recall: whitespace-only query → business failure",""
"failed","Tue Aug 04 02:43:23 UTC 2026","Tue Aug 04 02:43:24 UTC 2026","909","4. Team CRM |CRM Staging","Endpoints Tests","Accounts","Get Account Information","","Get Account Information",""
"passed","Tue Aug 04 02:39:56 UTC 2026","Tue Aug 04 02:39:56 UTC 2026","765","1 Team Hummingbird - BFF | EP app","Endpoint tests","Login","user Info","","user Info",""
"failed","Tue Aug 04 02:41:00 UTC 2026","Tue Aug 04 02:41:00 UTC 2026","15","1.1 Team Hummingbird - BFF | WLW app","Technical Tests","ai-company-search-controller","GET /public_api/search/ai/company/search [SEC] Injection Probe","","GET /public_api/search/ai/company/search [SEC] Injection Probe",""
"passed","Tue Aug 04 02:41:31 UTC 2026","Tue Aug 04 02:41:31 UTC 2026","35","1.1 Team Hummingbird - BFF | WLW app","Technical Tests","trending-products-controller","POST /public_api/trending/import [NEG] Expired Token","","POST /public_api/trending/import [NEG] Expired Token",""
"passed","Tue Aug 04 02:41:13 UTC 2026","Tue Aug 04 02:41:13 UTC 2026","39","1.1 Team Hummingbird - BFF | WLW app","Technical Tests","feedback-controller","POST /feedback","","POST /feedback",""
"passed","Tue Aug 04 02:40:54 UTC 2026","Tue Aug 04 02:40:54 UTC 2026","71","1.1 Team Hummingbird - BFF | WLW app","Endpoint tests","Search","search autoComplete DE","","search autoComplete DE",""
"skipped","Tue Aug 04 02:41:09 UTC 2026","Tue Aug 04 02:41:09 UTC 2026","0","7. Team Pegasus | Pegasus Staging","Endpoints Tests","Shop Import & Onboarding Backend","/offers/count - get count","","/offers/count - get count",""
"skipped","Tue Aug 04 02:41:09 UTC 2026","Tue Aug 04 02:41:09 UTC 2026","0","7. Team Pegasus | Pegasus Staging","Business Scenarios Tests","Supplier Registration","EP - Lead create and update","","leads/{lead_id} - Update a lead",""
"failed","Tue Aug 04 02:43:26 UTC 2026","Tue Aug 04 02:43:27 UTC 2026","123","4. Team CRM |CRM Staging","Endpoints Tests","(root)","get company data via CRM id","","get company data via CRM id",""
"failed","Tue Aug 04 02:41:28 UTC 2026","Tue Aug 04 02:41:28 UTC 2026","15","1.1 Team Hummingbird - BFF | WLW app","Technical Tests","search-controller","GET /public_api/categories/recommendations [NEG] Forbidden Role Token","","GET /public_api/categories/recommendations [NEG] Forbidden Role Token",""
"passed","Tue Aug 04 02:41:27 UTC 2026","Tue Aug 04 02:41:27 UTC 2026","29","1.1 Team Hummingbird - BFF | WLW app","Technical Tests","search-controller","GET /public_api/search/ai/tabChange [SEC] Injection Probe","","GET /public_api/search/ai/tabChange [SEC] Injection Probe",""
"passed","Tue Aug 04 02:40:59 UTC 2026","Tue Aug 04 02:40:59 UTC 2026","15","1.1 Team Hummingbird - BFF | WLW app","Technical Tests","ab-test-record-controller","POST /public_api/abtest/record [NEG] Missing Auth/API-Key","","POST /public_api/abtest/record [NEG] Missing Auth/API-Key",""
"failed","Tue Aug 04 02:40:58 UTC 2026","Tue Aug 04 02:40:59 UTC 2026","768","1.1 Team Hummingbird - BFF | WLW app","Endpoint tests","Visitor profiler","Visitor ID","","Visitor ID",""
"passed","Tue Aug 04 02:39:59 UTC 2026","Tue Aug 04 02:39:59 UTC 2026","99","1 Team Hummingbird - BFF | EP app","Endpoint tests","Company","Companies / products DE","","Companies / products DE",""
"passed","Tue Aug 04 02:43:25 UTC 2026","Tue Aug 04 02:43:27 UTC 2026","1687","4. Team CRM |CRM Staging","Endpoints Tests","(root)","Create Note with sf id","","Create Note with sf id",""
"passed","Tue Aug 04 02:40:51 UTC 2026","Tue Aug 04 02:40:51 UTC 2026","91","1.1 Team Hummingbird - BFF | WLW app","Endpoint tests","Login","forgot password","","forgot password",""
"passed","Tue Aug 04 02:41:00 UTC 2026","Tue Aug 04 02:41:00 UTC 2026","29","1.1 Team Hummingbird - BFF | WLW app","Technical Tests","ai-company-search-controller","POST /public_api/search/ai/company/search [NEG] Expired Token","","POST /public_api/search/ai/company/search [NEG] Expired Token",""
"skipped","Tue Aug 04 02:41:09 UTC 2026","Tue Aug 04 02:41:09 UTC 2026","0","7. Team Pegasus | Pegasus Staging","Endpoints Tests","User & Company Context","Get user details by","","Get user details by",""
"passed","Tue Aug 04 02:41:29 UTC 2026","Tue Aug 04 02:41:29 UTC 2026","36","1.1 Team Hummingbird - BFF | WLW app","Technical Tests","supplier-visitors-controller","GET /public_api/suppliers/{supplier_id}/visits/{id}","","GET /public_api/suppliers/{supplier_id}/visits/{id}",""
"failed","Tue Aug 04 02:41:10 UTC 2026","Tue Aug 04 02:41:10 UTC 2026","9","1.1 Team Hummingbird - BFF | WLW app","Technical Tests","conversation-controller","GET /public_api/conversation/userConversations/{conversationId}/file/ [NEG] Expired Token","","GET /public_api/conversation/userConversations/{conversationId}/file/ [NEG] Expired Token",""
"passed","Tue Aug 04 02:49:26 UTC 2026","Tue Aug 04 02:49:28 UTC 2026","1659","Dolphin","Functional","","","productTextSearchTopRankingScenarioTest","AI product text search recall: wlw-staging cnc top-ranking scenario",""
"passed","Tue Aug 04 02:43:24 UTC 2026","Tue Aug 04 02:43:24 UTC 2026","141","4. Team CRM |CRM Staging","Endpoints Tests","(root)","get connect receipient","","get connect receipient",""
"passed","Tue Aug 04 02:40:00 UTC 2026","Tue Aug 04 02:40:01 UTC 2026","1154","1 Team Hummingbird - BFF | EP app","Endpoint tests","Search","Product Search EN","","Product Search EN",""
"failed","Tue Aug 04 02:41:25 UTC 2026","Tue Aug 04 02:41:25 UTC 2026","19","1.1 Team Hummingbird - BFF | WLW app","Technical Tests","search-controller","GET /public_api/search/products","","GET /public_api/search/products",""
"passed","Tue Aug 04 02:43:18 UTC 2026","Tue Aug 04 02:43:19 UTC 2026","1088","4. Team CRM |CRM Staging","Business Scenarios Tests","Account","Create Account","","Create Account",""
"passed","Tue Aug 04 02:43:18 UTC 2026","Tue Aug 04 02:43:19 UTC 2026","291","4. Team CRM |CRM Staging","Business Scenarios Tests","Feedback","Trigger Feedback","","Trigger Feedback",""
"passed","Tue Aug 04 02:49:30 UTC 2026","Tue Aug 04 02:49:30 UTC 2026","74","Dolphin","Functional","","","sameStoreProductRecommendTest","product same store recommend -- wlw",""
"passed","Tue Aug 04 02:40:56 UTC 2026","Tue Aug 04 02:40:56 UTC 2026","38","1.1 Team Hummingbird - BFF | WLW app","Endpoint tests","Homepage, products","preferred categories","","preferred categories",""
"skipped","Tue Aug 04 02:41:09 UTC 2026","Tue Aug 04 02:41:09 UTC 2026","0","7. Team Pegasus | Pegasus Staging","Endpoints Tests","Shop Import & Onboarding Backend","/categories/suggest","","/categories/suggest",""
"passed","Tue Aug 04 02:43:18 UTC 2026","Tue Aug 04 02:43:22 UTC 2026","4042","4. Team CRM |CRM Staging","Business Scenarios Tests","Account","Contact for Account","","Contact for Account",""
"passed","Tue Aug 04 02:43:22 UTC 2026","Tue Aug 04 02:43:25 UTC 2026","2593","4. Team CRM |CRM Staging","Business Scenarios Tests","Platform Profile","Smoke Test Create Platform Profile","","Smoke Test Create Platform Profile",""
"passed","Tue Aug 04 02:41:14 UTC 2026","Tue Aug 04 02:41:14 UTC 2026","37","1.1 Team Hummingbird - BFF | WLW app","Technical Tests","help-and-support-controller","POST /help [NEG] Expired Token","","POST /help [NEG] Expired Token",""
"passed","Tue Aug 04 02:41:12 UTC 2026","Tue Aug 04 02:41:12 UTC 2026","32","1.1 Team Hummingbird - BFF | WLW app","Technical Tests","feedback-controller","POST /v1/feedback [NEG] Expired Token","","POST /v1/feedback [NEG] Expired Token",""
"passed","Tue Aug 04 02:43:18 UTC 2026","Tue Aug 04 02:43:18 UTC 2026","111","4. Team CRM |CRM Staging","Business Scenarios Tests","Account","Smoke test : Account + Contact + SAP","","Smoke test : Account + Contact + SAP",""
"skipped","Tue Aug 04 02:41:09 UTC 2026","Tue Aug 04 02:41:09 UTC 2026","0","7. Team Pegasus | Pegasus Staging","Endpoints Tests","Business Insights","Graph","","Graph",""
"broken","Tue Aug 04 02:42:30 UTC 2026","Tue Aug 04 02:42:50 UTC 2026","20020","Dolphin","Functional","","","recallCountryFilterTest","AI Search recall: country filter DE",""
"passed","Tue Aug 04 02:41:27 UTC 2026","Tue Aug 04 02:41:27 UTC 2026","30","1.1 Team Hummingbird - BFF | WLW app","Technical Tests","search-controller","GET /public_api/search/ai/tabChange [NEG] Expired Token","","GET /public_api/search/ai/tabChange [NEG] Expired Token",""
"passed","Tue Aug 04 02:40:51 UTC 2026","Tue Aug 04 02:40:51 UTC 2026","545","1.1 Team Hummingbird - BFF | WLW app","Endpoint tests","Login","native email login purchaser","","native email login purchaser",""
"passed","Tue Aug 04 02:49:29 UTC 2026","Tue Aug 04 02:49:29 UTC 2026","80","Dolphin","Technical","","","homepageProductRecommendTest","homepage product recommend -- wlw",""
"skipped","Tue Aug 04 02:45:09 UTC 2026","Tue Aug 04 02:45:09 UTC 2026","0","3 Team Techno - UCL","Technical Tests","GoogleAd","GET /unified_commercial_logic/internal_api/api/google_ad/ - Retrieve GoogleAd List","","GET /unified_commercial_logic/internal_api/api/google_ad/ - Retrieve GoogleAd List",""
"passed","Tue Aug 04 02:40:56 UTC 2026","Tue Aug 04 02:40:56 UTC 2026","19","1.1 Team Hummingbird - BFF | WLW app","Endpoint tests","Homepage, products","categories/homepage","","categories/homepage",""
"broken","Tue Aug 04 02:46:52 UTC 2026","Tue Aug 04 02:47:12 UTC 2026","20013","Dolphin","Technical","","","recallTopRankingScenarioTest","AI Search recall: wlw-staging.de cnc top-ranking scenario",""
"skipped","Tue Aug 04 02:41:09 UTC 2026","Tue Aug 04 02:41:09 UTC 2026","0","7. Team Pegasus | Pegasus Staging","Business Scenarios Tests","Business Insights","Dashboard smoke flow","","Health status",""
"failed","Tue Aug 04 02:41:19 UTC 2026","Tue Aug 04 02:41:19 UTC 2026","11","1.1 Team Hummingbird - BFF | WLW app","Technical Tests","product-controller","GET /public_api/companies/{supplierPublicId}/products [NEG] Expired Token","","GET /public_api/companies/{supplierPublicId}/products [NEG] Expired Token",""
"passed","Tue Aug 04 02:41:11 UTC 2026","Tue Aug 04 02:41:11 UTC 2026","32","1.1 Team Hummingbird - BFF | WLW app","Technical Tests","currency-exchange-controller","GET /exchange/fetch-rates [NEG] Forbidden Role Token","","GET /exchange/fetch-rates [NEG] Forbidden Role Token",""
"failed","Tue Aug 04 02:41:01 UTC 2026","Tue Aug 04 02:41:01 UTC 2026","11","1.1 Team Hummingbird - BFF | WLW app","Technical Tests","ai-company-search-controller","GET /public_api/search/ai/company/stream/mock","","GET /public_api/search/ai/company/stream/mock",""
"failed","Tue Aug 04 02:41:11 UTC 2026","Tue Aug 04 02:41:11 UTC 2026","10","1.1 Team Hummingbird - BFF | WLW app","Technical Tests","conversation-controller","GET /public_api/conversation/userConversations/{conversationId}/file/ [SEC] Injection Probe","","GET /public_api/conversation/userConversations/{conversationId}/file/ [SEC] Injection Probe",""
"broken","Tue Aug 04 02:40:58 UTC 2026","Tue Aug 04 02:40:58 UTC 2026","485","Bamboo","Technical","","","findCategoryByIdTest","findCategoryById",""
"passed","Tue Aug 04 02:43:23 UTC 2026","Tue Aug 04 02:43:24 UTC 2026","1436","4. Team CRM |CRM Staging","Business Scenarios Tests","Products","Update Product","","Update Product",""
"passed","Tue Aug 04 02:41:04 UTC 2026","Tue Aug 04 02:41:04 UTC 2026","32","1.1 Team Hummingbird - BFF | WLW app","Technical Tests","company-controller","GET /public_api/company/{id} [NEG] Expired Token","","GET /public_api/company/{id} [NEG] Expired Token",""
"broken","Tue Aug 04 02:47:52 UTC 2026","Tue Aug 04 02:48:12 UTC 2026","20017","Dolphin","Functional","","","termRecommendNoMockTest","AI Search term recommend API without mock",""
"broken","Tue Aug 04 02:42:30 UTC 2026","Tue Aug 04 02:42:50 UTC 2026","20020","Dolphin","Technical","","","recallCountryFilterTest","AI Search recall: country filter DE",""
"broken","Tue Aug 04 02:48:12 UTC 2026","Tue Aug 04 02:48:32 UTC 2026","20020","Dolphin","Technical","","","termRecommendTest","AI Search term recommend API",""
"passed","Tue Aug 04 02:41:15 UTC 2026","Tue Aug 04 02:41:15 UTC 2026","36","1.1 Team Hummingbird - BFF | WLW app","Technical Tests","login-controller","POST /public_api/auth/session/extend [NEG] Expired Token","","POST /public_api/auth/session/extend [NEG] Expired Token",""
"skipped","Tue Aug 04 02:45:09 UTC 2026","Tue Aug 04 02:45:09 UTC 2026","0","3 Team Techno - UCL","Technical Tests","Membership","GET /unified_commercial_logic/internal_api/api/membership/platform-profile-status/{sfuuid} - getStatus By SFUUID","","GET /unified_commercial_logic/internal_api/api/membership/platform-profile-status/{sfuuid} - getStatus By SFUUID",""
"passed","Tue Aug 04 02:43:14 UTC 2026","Tue Aug 04 02:43:15 UTC 2026","145","4. Team CRM |CRM Staging","Business Scenarios Tests","Tasks","Check Task","","Check Task",""
"passed","Tue Aug 04 02:41:04 UTC 2026","Tue Aug 04 02:41:04 UTC 2026","33","1.1 Team Hummingbird - BFF | WLW app","Technical Tests","contact-form-controller","POST /public_api/contact-form/messages","","POST /public_api/contact-form/messages",""
"passed","Tue Aug 04 02:39:58 UTC 2026","Tue Aug 04 02:39:58 UTC 2026","18","1 Team Hummingbird - BFF | EP app","Endpoint tests","Mobile_Feedback","Feedback Subject_EN","","Feedback Subject_EN",""
"passed","Tue Aug 04 02:41:23 UTC 2026","Tue Aug 04 02:41:23 UTC 2026","34","1.1 Team Hummingbird - BFF | WLW app","Technical Tests","rfq-controller","POST /public_api/connect/purchaser/tenders/ [NEG] Expired Token","","POST /public_api/connect/purchaser/tenders/ [NEG] Expired Token",""
"passed","Tue Aug 04 02:43:19 UTC 2026","Tue Aug 04 02:43:19 UTC 2026","138","4. Team CRM |CRM Staging","Business Scenarios Tests","Create and edit a contact","Check Contact","","Check Contact",""
"failed","Tue Aug 04 02:40:59 UTC 2026","Tue Aug 04 02:40:59 UTC 2026","14","Bamboo","Technical","","","listSubCategoriesTest","list sub Categories",""
"passed","Tue Aug 04 02:39:59 UTC 2026","Tue Aug 04 02:39:59 UTC 2026","63","1 Team Hummingbird - BFF | EP app","Endpoint tests","Search","search autoComplete FR","","search autoComplete FR",""
"passed","Tue Aug 04 02:40:59 UTC 2026","Tue Aug 04 02:40:59 UTC 2026","17","1.1 Team Hummingbird - BFF | WLW app","Technical Tests","ai-company-search-controller","POST /public_api/search/ai/supplier/pv-match [NEG] Missing Auth/API-Key","","POST /public_api/search/ai/supplier/pv-match [NEG] Missing Auth/API-Key",""
"failed","Tue Aug 04 02:41:02 UTC 2026","Tue Aug 04 02:41:02 UTC 2026","12","1.1 Team Hummingbird - BFF | WLW app","Technical Tests","categories-controller","PUT /preferred/categories","","PUT /preferred/categories",""
"skipped","Tue Aug 04 02:41:09 UTC 2026","Tue Aug 04 02:41:09 UTC 2026","0","7. Team Pegasus | Pegasus Staging","Business Scenarios Tests","Business Insights","Dashboard smoke flow","","Top products",""
"passed","Tue Aug 04 02:40:16 UTC 2026","Tue Aug 04 02:40:16 UTC 2026","38","Arise","Functional","","","pageElementsGet","pageElementsGet",""
"passed","Tue Aug 04 02:41:21 UTC 2026","Tue Aug 04 02:41:21 UTC 2026","34","1.1 Team Hummingbird - BFF | WLW app","Technical Tests","purchaser-user-setting-controller","GET /userSetting [SEC] Injection Probe","","GET /userSetting [SEC] Injection Probe",""
