"Status","Start Time","Stop Time","Duration in ms","Parent Suite","Suite","Sub Suite","Test Class","Test Method","Name","Description"
"failed","Fri Sep 04 02:30:42 UTC 2026","Fri Sep 04 02:30:42 UTC 2026","11","1.1 Team Hummingbird - BFF | WLW app","Technical Tests","conversation-controller","GET /public_api/conversation/userConversations/{userId}/unreadCount [NEG] Expired Token","","GET /public_api/conversation/userConversations/{userId}/unreadCount [NEG] Expired Token",""
"passed","Fri Sep 04 02:30:37 UTC 2026","Fri Sep 04 02:30:37 UTC 2026","21","1.1 Team Hummingbird - BFF | WLW app","Technical Tests","company-controller","GET /public_api/company/{id} [NEG] Missing Auth/API-Key","","GET /public_api/company/{id} [NEG] Missing Auth/API-Key",""
"passed","Fri Sep 04 02:38:44 UTC 2026","Fri Sep 04 02:38:45 UTC 2026","1242","Dolphin","Technical","","","productTextSearchCountryFilterTest","AI product text search recall: country filter DE",""
"failed","Fri Sep 04 02:31:04 UTC 2026","Fri Sep 04 02:31:04 UTC 2026","10","1.1 Team Hummingbird - BFF | WLW app","Technical Tests","supplier-visitors-controller","GET /public_api/suppliers/{supplier_id}/visits/csv [SEC] Injection Probe","","GET /public_api/suppliers/{supplier_id}/visits/csv [SEC] Injection Probe",""
"failed","Fri Sep 04 02:30:53 UTC 2026","Fri Sep 04 02:30:53 UTC 2026","12","1.1 Team Hummingbird - BFF | WLW app","Technical Tests","purchaser-support-controller","GET /support-faq [NEG] Missing Auth/API-Key","","GET /support-faq [NEG] Missing Auth/API-Key",""
"passed","Fri Sep 04 02:30:29 UTC 2026","Fri Sep 04 02:30:29 UTC 2026","34","1.1 Team Hummingbird - BFF | WLW app","Endpoint tests","Homepage, products","preferred categories","","preferred categories",""
"failed","Fri Sep 04 02:30:41 UTC 2026","Fri Sep 04 02:30:41 UTC 2026","13","1.1 Team Hummingbird - BFF | WLW app","Technical Tests","conversation-controller","GET /public_api/conversation/userConversations [NEG] Forbidden Role Token","","GET /public_api/conversation/userConversations [NEG] Forbidden Role Token",""
"failed","Fri Sep 04 02:30:58 UTC 2026","Fri Sep 04 02:30:58 UTC 2026","11","1.1 Team Hummingbird - BFF | WLW app","Technical Tests","search-controller","GET /public_api/search/products","","GET /public_api/search/products",""
"passed","Fri Sep 04 02:30:48 UTC 2026","Fri Sep 04 02:30:48 UTC 2026","161","1.1 Team Hummingbird - BFF | WLW app","Technical Tests","login-controller","POST /public_api/auth/session/extend","","POST /public_api/auth/session/extend",""
"passed","Fri Sep 04 02:31:06 UTC 2026","Fri Sep 04 02:31:06 UTC 2026","13","1.1 Team Hummingbird - BFF | WLW app","Technical Tests","user-controller","PUT /public_api/user/userInfo [NEG] Missing Auth/API-Key","","PUT /public_api/user/userInfo [NEG] Missing Auth/API-Key",""
"passed","Fri Sep 04 02:30:33 UTC 2026","Fri Sep 04 02:30:33 UTC 2026","33","1.1 Team Hummingbird - BFF | WLW app","Technical Tests","ai-company-search-controller","POST /public_api/search/ai/supplier/pv-match","","POST /public_api/search/ai/supplier/pv-match",""
"failed","Fri Sep 04 02:28:49 UTC 2026","Fri Sep 04 02:28:49 UTC 2026","0","3 Team Techno - UCL","Technical Tests","GoogleAd","GET /unified_commercial_logic/internal_api/api/google_ad/ - Retrieve GoogleAd List","","GET /unified_commercial_logic/internal_api/api/google_ad/ - Retrieve GoogleAd List",""
"broken","Fri Sep 04 02:35:02 UTC 2026","Fri Sep 04 02:35:22 UTC 2026","20016","Dolphin","Functional","","","recallSecondPageTest","AI Search recall: pagination page 2",""
"failed","Fri Sep 04 02:30:55 UTC 2026","Fri Sep 04 02:30:55 UTC 2026","11","1.1 Team Hummingbird - BFF | WLW app","Technical Tests","push-notification-by-email-controller","GET /v1/pushNotification [NEG] Expired Token","","GET /v1/pushNotification [NEG] Expired Token",""
"skipped","Fri Sep 04 02:29:17 UTC 2026","Fri Sep 04 02:29:17 UTC 2026","0","4. Team CRM |CRM Staging","Endpoints Tests","Users","Custom Endpoints","","Endpoints Tests / Users / Custom Endpoints - empty",""
"failed","Fri Sep 04 02:30:55 UTC 2026","Fri Sep 04 02:30:55 UTC 2026","12","1.1 Team Hummingbird - BFF | WLW app","Technical Tests","push-notification-by-email-controller","GET /v1/pushNotification","","GET /v1/pushNotification",""
"passed","Fri Sep 04 02:30:32 UTC 2026","Fri Sep 04 02:30:32 UTC 2026","61","1.1 Team Hummingbird - BFF | WLW app","Endpoint tests","Visitor profiler","download visitors csv","","download visitors csv",""
"passed","Fri Sep 04 02:30:28 UTC 2026","Fri Sep 04 02:30:29 UTC 2026","791","1.1 Team Hummingbird - BFF | WLW app","Endpoint tests","Search","search companies, EN","","search companies, EN",""
"passed","Fri Sep 04 02:30:49 UTC 2026","Fri Sep 04 02:30:49 UTC 2026","28","1.1 Team Hummingbird - BFF | WLW app","Technical Tests","login-controller","POST /public_api/auth/password/login [NEG] Expired Token","","POST /public_api/auth/password/login [NEG] Expired Token",""
"failed","Fri Sep 04 02:30:30 UTC 2026","Fri Sep 04 02:30:30 UTC 2026","88","1.1 Team Hummingbird - BFF | WLW app","Endpoint tests","Conversations","send file message","","send file message",""
"broken","Fri Sep 04 02:36:23 UTC 2026","Fri Sep 04 02:36:43 UTC 2026","20023","Dolphin","Functional","","","recallTopRankingScenarioTest","AI Search recall: wlw-staging.de cnc top-ranking scenario",""
"failed","Fri Sep 04 02:29:38 UTC 2026","Fri Sep 04 02:29:38 UTC 2026","17","1 Team Hummingbird - BFF | EP app","Endpoint tests","Support","currency daily rates","","currency daily rates",""
"passed","Fri Sep 04 02:30:42 UTC 2026","Fri Sep 04 02:30:42 UTC 2026","34","1.1 Team Hummingbird - BFF | WLW app","Technical Tests","conversation-controller","GET /public_api/conversation/userConversations/{userId}/unreadCount [SEC] Injection Probe","","GET /public_api/conversation/userConversations/{userId}/unreadCount [SEC] Injection Probe",""
"failed","Fri Sep 04 02:30:38 UTC 2026","Fri Sep 04 02:30:38 UTC 2026","13","1.1 Team Hummingbird - BFF | WLW app","Technical Tests","conversation-controller","PUT /public_api/conversation/userConversations/{conversationId}/messages/markAsRead","","PUT /public_api/conversation/userConversations/{conversationId}/messages/markAsRead",""
"passed","Fri Sep 04 02:38:57 UTC 2026","Fri Sep 04 02:38:58 UTC 2026","665","Dolphin","Technical","","","productTextSearchTopRankingScenarioTest","AI product text search recall: wlw-staging cnc top-ranking scenario",""
"broken","Fri Sep 04 02:32:21 UTC 2026","Fri Sep 04 02:32:41 UTC 2026","20016","Dolphin","Technical","","","recallIllegalSortPassthroughTest","AI Search recall: illegal sort passthrough (no param fail)",""
"failed","Fri Sep 04 02:28:42 UTC 2026","Fri Sep 04 02:28:42 UTC 2026","0","3 Team Techno - UCL","Technical Tests","SponsoredBrand","GET /unified_commercial_logic/internal_api/api/sponsored_brand_v1/{id} - Retrieve SponsoredBrandV1 By ID","","GET /unified_commercial_logic/internal_api/api/sponsored_brand_v1/{id} - Retrieve SponsoredBrandV1 By ID",""
"failed","Fri Sep 04 02:28:45 UTC 2026","Fri Sep 04 02:28:45 UTC 2026","0","3 Team Techno - UCL","Technical Tests","Organization","GET /unified_commercial_logic/internal_api/api/organization/{id} - Retrieve Organization By ID","","GET /unified_commercial_logic/internal_api/api/organization/{id} - Retrieve Organization By ID",""
"failed","Fri Sep 04 02:28:40 UTC 2026","Fri Sep 04 02:28:40 UTC 2026","0","3 Team Techno - UCL","Technical Tests","WebsiteLead","GET /unified_commercial_logic/internal_api/api/website_lead/ - Retrieve WebsiteLead List","","GET /unified_commercial_logic/internal_api/api/website_lead/ - Retrieve WebsiteLead List",""
"failed","Fri Sep 04 02:28:41 UTC 2026","Fri Sep 04 02:28:41 UTC 2026","0","3 Team Techno - UCL","Technical Tests","WebsiteLead","GET /unified_commercial_logic/internal_api/api/website_lead - Retrieve WebsiteLead List","","GET /unified_commercial_logic/internal_api/api/website_lead - Retrieve WebsiteLead List",""
"failed","Fri Sep 04 02:30:56 UTC 2026","Fri Sep 04 02:30:56 UTC 2026","14","1.1 Team Hummingbird - BFF | WLW app","Technical Tests","push-notification-by-email-controller","PUT /v1/pushNotification [SEC] Injection Probe","","PUT /v1/pushNotification [SEC] Injection Probe",""
"passed","Fri Sep 04 02:30:42 UTC 2026","Fri Sep 04 02:30:42 UTC 2026","27","1.1 Team Hummingbird - BFF | WLW app","Technical Tests","conversation-controller","GET /public_api/conversation/userConversations/{userId}/unreadCount/ [SEC] Injection Probe","","GET /public_api/conversation/userConversations/{userId}/unreadCount/ [SEC] Injection Probe",""
"passed","Fri Sep 04 02:31:00 UTC 2026","Fri Sep 04 02:31:00 UTC 2026","29","1.1 Team Hummingbird - BFF | WLW app","Technical Tests","search-controller","GET /public_api/search/ai/tabChange [NEG] Forbidden Role Token","","GET /public_api/search/ai/tabChange [NEG] Forbidden Role Token",""
"passed","Fri Sep 04 02:30:45 UTC 2026","Fri Sep 04 02:30:45 UTC 2026","30","1.1 Team Hummingbird - BFF | WLW app","Technical Tests","euro-pages-controller","DELETE /public_api/euro-pages/auth/delete","","DELETE /public_api/euro-pages/auth/delete",""
"passed","Fri Sep 04 02:29:20 UTC 2026","Fri Sep 04 02:29:20 UTC 2026","26","4. Team CRM |CRM Staging","Business Scenarios Tests","Disable Hubspot","Check hubspot is true","","Check hubspot is true",""
"failed","Fri Sep 04 02:28:46 UTC 2026","Fri Sep 04 02:28:46 UTC 2026","0","3 Team Techno - UCL","Technical Tests","Membership","GET /unified_commercial_logic/internal_api/api/membership/{id} - Retrieve Membership fields By ID","","GET /unified_commercial_logic/internal_api/api/membership/{id} - Retrieve Membership fields By ID",""
"passed","Fri Sep 04 02:30:33 UTC 2026","Fri Sep 04 02:30:33 UTC 2026","32","1.1 Team Hummingbird - BFF | WLW app","Technical Tests","ai-company-search-controller","POST /public_api/search/ai/supplier/pv-match [NEG] Expired Token","","POST /public_api/search/ai/supplier/pv-match [NEG] Expired Token",""
"passed","Fri Sep 04 02:38:57 UTC 2026","Fri Sep 04 02:38:57 UTC 2026","685","Dolphin","Functional","","","productTextSearchTest","AI product text search recall API",""
"failed","Fri Sep 04 02:30:37 UTC 2026","Fri Sep 04 02:30:37 UTC 2026","11","1.1 Team Hummingbird - BFF | WLW app","Technical Tests","company-controller","GET /public_api/company [NEG] Forbidden Role Token","","GET /public_api/company [NEG] Forbidden Role Token",""
"passed","Fri Sep 04 02:29:39 UTC 2026","Fri Sep 04 02:29:39 UTC 2026","25","1 Team Hummingbird - BFF | EP app","Endpoint tests","Company","Suppliers listings","","Suppliers listings",""
"passed","Fri Sep 04 02:30:34 UTC 2026","Fri Sep 04 02:30:34 UTC 2026","33","1.1 Team Hummingbird - BFF | WLW app","Technical Tests","ai-company-search-controller","POST /public_api/search/ai/company/search [NEG] Forbidden Role Token","","POST /public_api/search/ai/company/search [NEG] Forbidden Role Token",""
"failed","Fri Sep 04 02:30:52 UTC 2026","Fri Sep 04 02:30:52 UTC 2026","12","1.1 Team Hummingbird - BFF | WLW app","Technical Tests","product-controller","GET /public_api/companies/{supplierPublicId}/products [NEG] Expired Token","","GET /public_api/companies/{supplierPublicId}/products [NEG] Expired Token",""
"passed","Fri Sep 04 02:29:41 UTC 2026","Fri Sep 04 02:29:41 UTC 2026","372","1 Team Hummingbird - BFF | EP app","Endpoint tests","Homepage, products","trending products","","trending products",""
"passed","Fri Sep 04 02:29:39 UTC 2026","Fri Sep 04 02:29:40 UTC 2026","263","1 Team Hummingbird - BFF | EP app","Endpoint tests","Company","Product ID","","Product ID",""
"skipped","Fri Sep 04 02:29:17 UTC 2026","Fri Sep 04 02:29:17 UTC 2026","0","7. Team Pegasus | Pegasus Staging","Endpoints Tests","Supplier Registration","EP","","request_for_quotations - Endpoints related to the creation of request for quotations",""
"skipped","Fri Sep 04 02:29:17 UTC 2026","Fri Sep 04 02:29:17 UTC 2026","0","7. Team Pegasus | Pegasus Staging","Endpoints Tests","Business Insights","User by uuid","","User by uuid",""
"failed","Fri Sep 04 02:28:47 UTC 2026","Fri Sep 04 02:28:47 UTC 2026","0","3 Team Techno - UCL","Technical Tests","Membership","GET /unified_commercial_logic/internal_api/api/membership/find_by_id/{id} - Retrieve Membership By ID","","GET /unified_commercial_logic/internal_api/api/membership/find_by_id/{id} - Retrieve Membership By ID",""
"passed","Fri Sep 04 02:30:55 UTC 2026","Fri Sep 04 02:30:55 UTC 2026","28","1.1 Team Hummingbird - BFF | WLW app","Technical Tests","purchaser-user-setting-controller","POST /userSetting [NEG] Expired Token","","POST /userSetting [NEG] Expired Token",""
"passed","Fri Sep 04 02:30:47 UTC 2026","Fri Sep 04 02:30:47 UTC 2026","33","1.1 Team Hummingbird - BFF | WLW app","Technical Tests","inside-business-controller","GET /public_api/inside_business","","GET /public_api/inside_business",""
"failed","Fri Sep 04 02:28:46 UTC 2026","Fri Sep 04 02:28:46 UTC 2026","0","3 Team Techno - UCL","Technical Tests","Organization","GET /unified_commercial_logic/internal_api/api/organization - Retrieve Organization List","","GET /unified_commercial_logic/internal_api/api/organization - Retrieve Organization List",""
"passed","Fri Sep 04 02:30:33 UTC 2026","Fri Sep 04 02:30:33 UTC 2026","35","1.1 Team Hummingbird - BFF | WLW app","Technical Tests","ai-company-search-controller","POST /public_api/search/ai/company/search","","POST /public_api/search/ai/company/search",""
"skipped","Fri Sep 04 02:29:17 UTC 2026","Fri Sep 04 02:29:17 UTC 2026","0","7. Team Pegasus | Pegasus Staging","Business Scenarios Tests","Supplier Registration","EP - Lead create and update","","leads - Create a lead",""
"passed","Fri Sep 04 02:29:17 UTC 2026","Fri Sep 04 02:29:17 UTC 2026","65","4. Team CRM |CRM Staging","Business Scenarios Tests","Tasks","Verify Change","","Verify Change",""
"failed","Fri Sep 04 02:29:37 UTC 2026","Fri Sep 04 02:29:37 UTC 2026","48","1 Team Hummingbird - BFF | EP app","Endpoint tests","Login","resend code","","resend code",""
"failed","Fri Sep 04 02:30:58 UTC 2026","Fri Sep 04 02:30:58 UTC 2026","13","1.1 Team Hummingbird - BFF | WLW app","Technical Tests","search-controller","GET /public_api/suppliers/recommendations [NEG] Expired Token","","GET /public_api/suppliers/recommendations [NEG] Expired Token",""
"failed","Fri Sep 04 02:28:48 UTC 2026","Fri Sep 04 02:28:48 UTC 2026","0","3 Team Techno - UCL","Technical Tests","Membership","GET /unified_commercial_logic/internal_api/api/membership - Retrieve Membership List","","GET /unified_commercial_logic/internal_api/api/membership - Retrieve Membership List",""
"failed","Fri Sep 04 02:28:43 UTC 2026","Fri Sep 04 02:28:43 UTC 2026","0","3 Team Techno - UCL","Technical Tests","SponsoredBrand","GET /unified_commercial_logic/internal_api/api/sponsored_brand_v1 - Retrieve SponsoredBrandV1 List","","GET /unified_commercial_logic/internal_api/api/sponsored_brand_v1 - Retrieve SponsoredBrandV1 List",""
"skipped","Fri Sep 04 02:29:17 UTC 2026","Fri Sep 04 02:29:17 UTC 2026","0","7. Team Pegasus | Pegasus Staging","Technical Tests","(empty)","(empty)","","Technical Tests - empty",""
"passed","Fri Sep 04 02:30:48 UTC 2026","Fri Sep 04 02:30:48 UTC 2026","29","1.1 Team Hummingbird - BFF | WLW app","Technical Tests","login-controller","POST /public_api/auth/sso/login","","POST /public_api/auth/sso/login",""
"passed","Fri Sep 04 02:30:45 UTC 2026","Fri Sep 04 02:30:45 UTC 2026","23","1.1 Team Hummingbird - BFF | WLW app","Technical Tests","euro-pages-controller","DELETE /public_api/euro-pages/auth/delete [NEG] Missing Auth/API-Key","","DELETE /public_api/euro-pages/auth/delete [NEG] Missing Auth/API-Key",""
"failed","Fri Sep 04 02:28:41 UTC 2026","Fri Sep 04 02:28:41 UTC 2026","0","3 Team Techno - UCL","Technical Tests","TopRanking","GET /unified_commercial_logic/internal_api/api/top_ranking_v1/{id} - Retrieve TopRankingV1 By ID","","GET /unified_commercial_logic/internal_api/api/top_ranking_v1/{id} - Retrieve TopRankingV1 By ID",""
"failed","Fri Sep 04 02:29:20 UTC 2026","Fri Sep 04 02:29:20 UTC 2026","36","4. Team CRM |CRM Staging","Business Scenarios Tests","Lead","Update a Lead","","Update a Lead",""
"passed","Fri Sep 04 02:38:58 UTC 2026","Fri Sep 04 02:38:58 UTC 2026","84","Dolphin","Functional","","","EPPCppProductRecommendTest","recommend products in CPP -- ep",""
"passed","Fri Sep 04 02:30:53 UTC 2026","Fri Sep 04 02:30:53 UTC 2026","32","1.1 Team Hummingbird - BFF | WLW app","Technical Tests","purchaser-support-controller","GET /support-master-data [NEG] Expired Token","","GET /support-master-data [NEG] Expired Token",""
"passed","Fri Sep 04 02:30:26 UTC 2026","Fri Sep 04 02:30:26 UTC 2026","15","1.1 Team Hummingbird - BFF | WLW app","Endpoint tests","Mobile_Feedback","Feedback Subject_FR","","Feedback Subject_FR",""
"passed","Fri Sep 04 02:30:58 UTC 2026","Fri Sep 04 02:30:58 UTC 2026","28","1.1 Team Hummingbird - BFF | WLW app","Technical Tests","search-controller","GET /public_api/search [SEC] Injection Probe","","GET /public_api/search [SEC] Injection Probe",""
"failed","Fri Sep 04 02:30:58 UTC 2026","Fri Sep 04 02:30:58 UTC 2026","11","1.1 Team Hummingbird - BFF | WLW app","Technical Tests","search-controller","GET /public_api/search [NEG] Expired Token","","GET /public_api/search [NEG] Expired Token",""
"passed","Fri Sep 04 02:30:31 UTC 2026","Fri Sep 04 02:30:31 UTC 2026","93","1.1 Team Hummingbird - BFF | WLW app","Endpoint tests","Conversations","unread count","","unread count",""
"failed","Fri Sep 04 02:30:55 UTC 2026","Fri Sep 04 02:30:55 UTC 2026","11","1.1 Team Hummingbird - BFF | WLW app","Technical Tests","push-notification-by-email-controller","GET /v1/pushNotification [NEG] Missing Auth/API-Key","","GET /v1/pushNotification [NEG] Missing Auth/API-Key",""
"failed","Fri Sep 04 02:30:52 UTC 2026","Fri Sep 04 02:30:52 UTC 2026","11","1.1 Team Hummingbird - BFF | WLW app","Technical Tests","product-controller","GET /public_api/companies/{supplierPublicId}/products","","GET /public_api/companies/{supplierPublicId}/products",""
"skipped","Fri Sep 04 02:29:17 UTC 2026","Fri Sep 04 02:29:17 UTC 2026","0","7. Team Pegasus | Pegasus Staging","Endpoints Tests","User & Company Context","User Profile Storage by email","","User Profile Storage by email",""
"passed","Fri Sep 04 02:29:40 UTC 2026","Fri Sep 04 02:29:41 UTC 2026","628","1 Team Hummingbird - BFF | EP app","Endpoint tests","Search","Product Search EN","","Product Search EN",""
"failed","Fri Sep 04 02:29:22 UTC 2026","Fri Sep 04 02:29:22 UTC 2026","33","4. Team CRM |CRM Staging","Endpoints Tests","(root)","Create Note with sf id Copy","","Create Note with sf id Copy",""
"passed","Fri Sep 04 02:38:58 UTC 2026","Fri Sep 04 02:38:58 UTC 2026","85","Dolphin","Technical","","","EPSameStoreProductRecommendTest","product same store recommend -- ep",""
"failed","Fri Sep 04 02:29:41 UTC 2026","Fri Sep 04 02:29:41 UTC 2026","70","1 Team Hummingbird - BFF | EP app","Endpoint tests","Search","search track","","search track",""
"skipped","Fri Sep 04 02:29:17 UTC 2026","Fri Sep 04 02:29:17 UTC 2026","0","7. Team Pegasus | Pegasus Staging","Business Scenarios Tests","Business Insights","Dashboard smoke flow","","Traffic",""
"failed","Fri Sep 04 02:30:35 UTC 2026","Fri Sep 04 02:30:35 UTC 2026","13","1.1 Team Hummingbird - BFF | WLW app","Technical Tests","categories-controller","GET /preferred/categories [NEG] Expired Token","","GET /preferred/categories [NEG] Expired Token",""
"passed","Fri Sep 04 02:30:47 UTC 2026","Fri Sep 04 02:30:47 UTC 2026","34","1.1 Team Hummingbird - BFF | WLW app","Technical Tests","help-and-support-controller","POST /help [NEG] Forbidden Role Token","","POST /help [NEG] Forbidden Role Token",""
"passed","Fri Sep 04 02:28:47 UTC 2026","Fri Sep 04 02:28:48 UTC 2026","682","Arise","Technical","","","getAllElementsByUrlTest","getAllElementsByUrlTest",""
"failed","Fri Sep 04 02:28:38 UTC 2026","Fri Sep 04 02:28:38 UTC 2026","0","3 Team Techno - UCL","Functional Tests","Endpoint Tests","membership","","get all active membership for business_partner_id",""
"failed","Fri Sep 04 02:31:03 UTC 2026","Fri Sep 04 02:31:03 UTC 2026","12","1.1 Team Hummingbird - BFF | WLW app","Technical Tests","supplier-visitors-controller","GET /public_api/suppliers/{supplier_id}/visits/csv [NEG] Missing Auth/API-Key","","GET /public_api/suppliers/{supplier_id}/visits/csv [NEG] Missing Auth/API-Key",""
"skipped","Fri Sep 04 02:29:17 UTC 2026","Fri Sep 04 02:29:17 UTC 2026","0","7. Team Pegasus | Pegasus Staging","Endpoints Tests","User & Company Context","Get company data crm","","Get company data crm",""
"passed","Fri Sep 04 02:30:37 UTC 2026","Fri Sep 04 02:30:37 UTC 2026","32","1.1 Team Hummingbird - BFF | WLW app","Technical Tests","contact-form-controller","POST /public_api/contact-form/messages [NEG] Forbidden Role Token","","POST /public_api/contact-form/messages [NEG] Forbidden Role Token",""
"failed","Fri Sep 04 02:28:45 UTC 2026","Fri Sep 04 02:28:45 UTC 2026","0","3 Team Techno - UCL","Technical Tests","Organization","GET /unified_commercial_logic/internal_api/api/organization/ - Retrieve Organization List","","GET /unified_commercial_logic/internal_api/api/organization/ - Retrieve Organization List",""
"failed","Fri Sep 04 02:30:52 UTC 2026","Fri Sep 04 02:30:52 UTC 2026","11","1.1 Team Hummingbird - BFF | WLW app","Technical Tests","product-controller","GET /public_api/companies/{supplierPublicId}/products [SEC] Injection Probe","","GET /public_api/companies/{supplierPublicId}/products [SEC] Injection Probe",""
"failed","Fri Sep 04 02:31:01 UTC 2026","Fri Sep 04 02:31:01 UTC 2026","11","1.1 Team Hummingbird - BFF | WLW app","Technical Tests","search-controller","GET /public_api/categories/recommendations [NEG] Missing Auth/API-Key","","GET /public_api/categories/recommendations [NEG] Missing Auth/API-Key",""
"failed","Fri Sep 04 02:28:42 UTC 2026","Fri Sep 04 02:28:42 UTC 2026","0","3 Team Techno - UCL","Technical Tests","TopRanking","GET /unified_commercial_logic/internal_api/api/top_ranking_v1 - Retrieve TopRankingV1 List","","GET /unified_commercial_logic/internal_api/api/top_ranking_v1 - Retrieve TopRankingV1 List",""
"failed","Fri Sep 04 02:28:37 UTC 2026","Fri Sep 04 02:28:37 UTC 2026","33","2 Team Dragon - BFF | RFQ Backend","Functional Tests","(root)","GET /v1/rfqs/attachments/{attachmentId} - Download","","GET /v1/rfqs/attachments/{attachmentId} - Download",""
"passed","Fri Sep 04 02:30:26 UTC 2026","Fri Sep 04 02:30:26 UTC 2026","13","1.1 Team Hummingbird - BFF | WLW app","Endpoint tests","Support","Supportmasterdata_EN","","Supportmasterdata_EN",""
"passed","Fri Sep 04 02:30:53 UTC 2026","Fri Sep 04 02:30:53 UTC 2026","33","1.1 Team Hummingbird - BFF | WLW app","Technical Tests","purchaser-support-controller","GET /support-master-data [NEG] Forbidden Role Token","","GET /support-master-data [NEG] Forbidden Role Token",""
"failed","Fri Sep 04 02:30:30 UTC 2026","Fri Sep 04 02:30:30 UTC 2026","275","1.1 Team Hummingbird - BFF | WLW app","Endpoint tests","Contact request","Other request","","Other request",""
"skipped","Fri Sep 04 02:29:17 UTC 2026","Fri Sep 04 02:29:17 UTC 2026","0","7. Team Pegasus | Pegasus Staging","Endpoints Tests","Shop Import & Onboarding Backend","/offers/count - get count","","/offers/count - get count",""
"failed","Fri Sep 04 02:28:43 UTC 2026","Fri Sep 04 02:28:43 UTC 2026","0","3 Team Techno - UCL","Technical Tests","SponsoredBrand","GET /unified_commercial_logic/internal_api/api/sponsored_brand_v1 - Retrieve SponsoredBrandV1 List","","GET /unified_commercial_logic/internal_api/api/sponsored_brand_v1 - Retrieve SponsoredBrandV1 List",""
"broken","Fri Sep 04 02:31:21 UTC 2026","Fri Sep 04 02:31:41 UTC 2026","20485","Dolphin","Technical","","","recallAlternateSortTest","AI Search recall: alternate sort (order_num_desc)",""
"failed","Fri Sep 04 02:29:43 UTC 2026","Fri Sep 04 02:30:02 UTC 2026","18274","1 Team Hummingbird - BFF | EP app","Endpoint tests","Visitor profiler","csv get","","csv get",""
"broken","Fri Sep 04 02:35:22 UTC 2026","Fri Sep 04 02:35:43 UTC 2026","20494","Dolphin","Functional","","","recallSingleFilterTest","AI Search recall: single filter (verified=true)",""
"skipped","Fri Sep 04 02:29:17 UTC 2026","Fri Sep 04 02:29:17 UTC 2026","0","7. Team Pegasus | Pegasus Staging","Endpoints Tests","Supplier Registration","EP","","email/check - Validate email domain for a specified country",""
"failed","Fri Sep 04 02:30:41 UTC 2026","Fri Sep 04 02:30:41 UTC 2026","10","1.1 Team Hummingbird - BFF | WLW app","Technical Tests","conversation-controller","GET /public_api/conversation/userConversations/{userId}/unreadCount","","GET /public_api/conversation/userConversations/{userId}/unreadCount",""
"passed","Fri Sep 04 02:30:36 UTC 2026","Fri Sep 04 02:30:36 UTC 2026","33","1.1 Team Hummingbird - BFF | WLW app","Technical Tests","categories-controller","GET /public_api/categories/homepage [NEG] Forbidden Role Token","","GET /public_api/categories/homepage [NEG] Forbidden Role Token",""
"passed","Fri Sep 04 02:28:48 UTC 2026","Fri Sep 04 02:28:48 UTC 2026","30","Arise","Technical","","","pageElementsGet","pageElementsGet",""
"failed","Fri Sep 04 02:30:43 UTC 2026","Fri Sep 04 02:30:43 UTC 2026","12","1.1 Team Hummingbird - BFF | WLW app","Technical Tests","conversation-controller","GET /public_api/conversation/userConversations/{conversationId} [NEG] Missing Auth/API-Key","","GET /public_api/conversation/userConversations/{conversationId} [NEG] Missing Auth/API-Key",""
"passed","Fri Sep 04 02:31:04 UTC 2026","Fri Sep 04 02:31:04 UTC 2026","28","1.1 Team Hummingbird - BFF | WLW app","Technical Tests","trending-products-controller","POST /public_api/trending/import [NEG] Expired Token","","POST /public_api/trending/import [NEG] Expired Token",""
"passed","Fri Sep 04 02:30:48 UTC 2026","Fri Sep 04 02:30:48 UTC 2026","31","1.1 Team Hummingbird - BFF | WLW app","Technical Tests","login-controller","POST /public_api/auth/session/extend [NEG] Forbidden Role Token","","POST /public_api/auth/session/extend [NEG] Forbidden Role Token",""
"failed","Fri Sep 04 02:30:29 UTC 2026","Fri Sep 04 02:30:29 UTC 2026","136","1.1 Team Hummingbird - BFF | WLW app","Endpoint tests","Homepage, products","product recommendations EN","","product recommendations EN",""
"failed","Fri Sep 04 02:28:38 UTC 2026","Fri Sep 04 02:28:38 UTC 2026","0","3 Team Techno - UCL","Functional Tests","Endpoint Tests","membership","","get all active membership for business_partner_id",""
"passed","Fri Sep 04 02:30:40 UTC 2026","Fri Sep 04 02:30:40 UTC 2026","29","1.1 Team Hummingbird - BFF | WLW app","Technical Tests","conversation-controller","POST /public_api/conversation/userConversations/{conversationId}/messages/file/ [NEG] Forbidden Role Token","","POST /public_api/conversation/userConversations/{conversationId}/messages/file/ [NEG] Forbidden Role Token",""
"passed","Fri Sep 04 02:38:57 UTC 2026","Fri Sep 04 02:38:58 UTC 2026","665","Dolphin","Functional","","","productTextSearchTopRankingScenarioTest","AI product text search recall: wlw-staging cnc top-ranking scenario",""
"failed","Fri Sep 04 02:28:37 UTC 2026","Fri Sep 04 02:28:37 UTC 2026","95","2 Team Dragon - BFF | RFQ Backend","Technical Tests","(root)","GET /v1/rfqs/attachments/{attachmentId} - Download + Cache + Perf","","GET /v1/rfqs/attachments/{attachmentId} - Download + Cache + Perf",""
"passed","Fri Sep 04 02:38:58 UTC 2026","Fri Sep 04 02:38:59 UTC 2026","100","Dolphin","Technical","","","cppProductRecommendTest","recommend products in CPP -- wlw",""
"passed","Fri Sep 04 02:31:06 UTC 2026","Fri Sep 04 02:31:06 UTC 2026","29","1.1 Team Hummingbird - BFF | WLW app","Technical Tests","user-controller","PUT /public_api/user/userInfo [NEG] Expired Token","","PUT /public_api/user/userInfo [NEG] Expired Token",""
"passed","Fri Sep 04 02:29:19 UTC 2026","Fri Sep 04 02:29:19 UTC 2026","76","4. Team CRM |CRM Staging","Business Scenarios Tests","Account","Smoke test : Account + Contact + SAP","","Smoke test : Account + Contact + SAP",""
"failed","Fri Sep 04 02:30:33 UTC 2026","Fri Sep 04 02:30:33 UTC 2026","11","1.1 Team Hummingbird - BFF | WLW app","Technical Tests","ai-company-search-controller","GET /public_api/search/ai/company/search [SEC] Injection Probe","","GET /public_api/search/ai/company/search [SEC] Injection Probe",""
"skipped","Fri Sep 04 02:29:17 UTC 2026","Fri Sep 04 02:29:17 UTC 2026","0","7. Team Pegasus | Pegasus Staging","Business Scenarios Tests","Supplier Registration","WLW - Lead create and update","","leads/{lead_id} - Update a lead",""
"broken","Fri Sep 04 02:32:41 UTC 2026","Fri Sep 04 02:33:01 UTC 2026","20011","Dolphin","Technical","","","recallLongQueryTruncationTest","AI Search recall: long query truncated, still success",""
"skipped","Fri Sep 04 02:29:17 UTC 2026","Fri Sep 04 02:29:17 UTC 2026","0","7. Team Pegasus | Pegasus Staging","Endpoints Tests","Shop Import & Onboarding Backend","/offers - get offers","","/offers - get offers",""
"failed","Fri Sep 04 02:28:48 UTC 2026","Fri Sep 04 02:28:48 UTC 2026","0","3 Team Techno - UCL","Technical Tests","GoogleAd","GET /unified_commercial_logic/internal_api/api/google_ad/{id} - Retrieve GoogleAd By ID","","GET /unified_commercial_logic/internal_api/api/google_ad/{id} - Retrieve GoogleAd By ID",""
"failed","Fri Sep 04 02:30:51 UTC 2026","Fri Sep 04 02:30:51 UTC 2026","12","1.1 Team Hummingbird - BFF | WLW app","Technical Tests","product-controller","GET /public_api/products [NEG] Forbidden Role Token","","GET /public_api/products [NEG] Forbidden Role Token",""
"passed","Fri Sep 04 02:31:02 UTC 2026","Fri Sep 04 02:31:02 UTC 2026","32","1.1 Team Hummingbird - BFF | WLW app","Technical Tests","search-term-controller","POST /public_api/search/track [SEC] Injection Probe","","POST /public_api/search/track [SEC] Injection Probe",""
"passed","Fri Sep 04 02:29:39 UTC 2026","Fri Sep 04 02:29:39 UTC 2026","465","1 Team Hummingbird - BFF | EP app","Endpoint tests","Company","Company ID EN","","Company ID EN",""
"passed","Fri Sep 04 02:29:38 UTC 2026","Fri Sep 04 02:29:38 UTC 2026","14","1 Team Hummingbird - BFF | EP app","Endpoint tests","Mobile_Feedback","Feedback Subject_FR","","Feedback Subject_FR",""
"passed","Fri Sep 04 02:30:35 UTC 2026","Fri Sep 04 02:30:35 UTC 2026","31","1.1 Team Hummingbird - BFF | WLW app","Technical Tests","categories-controller","PUT /preferred/categories [SEC] Injection Probe","","PUT /preferred/categories [SEC] Injection Probe",""
"passed","Fri Sep 04 02:29:41 UTC 2026","Fri Sep 04 02:29:41 UTC 2026","82","1 Team Hummingbird - BFF | EP app","Endpoint tests","Homepage, products","categories/homepage","","categories/homepage",""
"failed","Fri Sep 04 02:30:59 UTC 2026","Fri Sep 04 02:30:59 UTC 2026","15","1.1 Team Hummingbird - BFF | WLW app","Technical Tests","search-controller","GET /public_api/search/products [NEG] Forbidden Role Token","","GET /public_api/search/products [NEG] Forbidden Role Token",""
"failed","Fri Sep 04 02:30:34 UTC 2026","Fri Sep 04 02:30:34 UTC 2026","10","1.1 Team Hummingbird - BFF | WLW app","Technical Tests","ai-company-search-controller","GET /public_api/search/ai/company/stream/mock","","GET /public_api/search/ai/company/stream/mock",""
"passed","Fri Sep 04 02:30:36 UTC 2026","Fri Sep 04 02:30:36 UTC 2026","39","1.1 Team Hummingbird - BFF | WLW app","Technical Tests","categories-controller","GET /public_api/categories/homepage [NEG] Expired Token","","GET /public_api/categories/homepage [NEG] Expired Token",""
"failed","Fri Sep 04 02:28:38 UTC 2026","Fri Sep 04 02:28:38 UTC 2026","111","2 Team Dragon - BFF | RFQ Backend","Business Scenario Tests","(root)","RFQ_Listing","","RFQ_Listing",""
"skipped","Fri Sep 04 02:29:17 UTC 2026","Fri Sep 04 02:29:17 UTC 2026","0","7. Team Pegasus | Pegasus Staging","Business Scenarios Tests","Business Insights","Dashboard smoke flow","","Health status",""
"failed","Fri Sep 04 02:28:45 UTC 2026","Fri Sep 04 02:28:45 UTC 2026","0","3 Team Techno - UCL","Technical Tests","Organization","GET /unified_commercial_logic/internal_api/api/organization/{id} - Retrieve Organization By ID","","GET /unified_commercial_logic/internal_api/api/organization/{id} - Retrieve Organization By ID",""
"passed","Fri Sep 04 02:30:50 UTC 2026","Fri Sep 04 02:30:50 UTC 2026","18","1.1 Team Hummingbird - BFF | WLW app","Technical Tests","login-controller","POST /public_api/auth/changePassword [NEG] Missing Auth/API-Key","","POST /public_api/auth/changePassword [NEG] Missing Auth/API-Key",""
"passed","Fri Sep 04 02:38:58 UTC 2026","Fri Sep 04 02:38:58 UTC 2026","80","Dolphin","Technical","","","EPZeroResultProductRecommendTest","Recommend products in 0 result search list page v1 -- ep",""
"passed","Fri Sep 04 02:30:28 UTC 2026","Fri Sep 04 02:30:28 UTC 2026","185","1.1 Team Hummingbird - BFF | WLW app","Endpoint tests","Company","branchIO dynamic link, share PDP","","branchIO dynamic link, share PDP",""
"skipped","Fri Sep 04 02:29:17 UTC 2026","Fri Sep 04 02:29:17 UTC 2026","0","7. Team Pegasus | Pegasus Staging","Spike | Profiles link user to company","(root)","03 GET — Verify company (Supplier Facts)","","03 GET — Verify company (Supplier Facts)",""
"failed","Fri Sep 04 02:28:49 UTC 2026","Fri Sep 04 02:28:49 UTC 2026","0","3 Team Techno - UCL","Technical Tests","GoogleAd","GET /unified_commercial_logic/internal_api/api/google_ad - Retrieve GoogleAd List","","GET /unified_commercial_logic/internal_api/api/google_ad - Retrieve GoogleAd List",""
"failed","Fri Sep 04 02:30:43 UTC 2026","Fri Sep 04 02:30:43 UTC 2026","11","1.1 Team Hummingbird - BFF | WLW app","Technical Tests","conversation-controller","GET /public_api/conversation/userConversations/{conversationId} [NEG] Expired Token","","GET /public_api/conversation/userConversations/{conversationId} [NEG] Expired Token",""
"broken","Fri Sep 04 02:29:40 UTC 2026","Fri Sep 04 02:30:01 UTC 2026","20023","Dolphin","Technical","","","inferenceShortQueryTest","AI Search inference: minimal searchText boundary",""
"failed","Fri Sep 04 02:30:41 UTC 2026","Fri Sep 04 02:30:41 UTC 2026","10","1.1 Team Hummingbird - BFF | WLW app","Technical Tests","conversation-controller","GET /public_api/conversation/userConversations","","GET /public_api/conversation/userConversations",""
"skipped","Fri Sep 04 02:29:17 UTC 2026","Fri Sep 04 02:29:17 UTC 2026","0","7. Team Pegasus | Pegasus Staging","Endpoints Tests","Supplier Registration","EP","","{{supplierRegistrationBackendBaseUrlForGetRequests}}/api/business_sectors/index?lang=en&query=Biscuits",""
"failed","Fri Sep 04 02:31:01 UTC 2026","Fri Sep 04 02:31:01 UTC 2026","11","1.1 Team Hummingbird - BFF | WLW app","Technical Tests","search-controller","GET /public_api/categories/recommendations [NEG] Expired Token","","GET /public_api/categories/recommendations [NEG] Expired Token",""
"skipped","Fri Sep 04 02:29:17 UTC 2026","Fri Sep 04 02:29:17 UTC 2026","0","4. Team CRM |CRM Staging","Technical Tests","(empty)","(empty)","","Technical Tests - empty",""
"passed","Fri Sep 04 02:29:19 UTC 2026","Fri Sep 04 02:29:19 UTC 2026","42","4. Team CRM |CRM Staging","Business Scenarios Tests","Disable Hubspot","Change Hubspot to true","","Change Hubspot to true",""
"skipped","Fri Sep 04 02:29:17 UTC 2026","Fri Sep 04 02:29:17 UTC 2026","0","7. Team Pegasus | Pegasus Staging","Endpoints Tests","Business Insights","Company Overview","","Company Overview",""
"passed","Fri Sep 04 02:29:43 UTC 2026","Fri Sep 04 02:29:43 UTC 2026","854","1 Team Hummingbird - BFF | EP app","Endpoint tests","Conversations","translate message","","translate message",""
"failed","Fri Sep 04 02:29:25 UTC 2026","Fri Sep 04 02:29:25 UTC 2026","14","Bamboo","Technical","","","listSubCategoriesTest","list sub Categories",""
"failed","Fri Sep 04 02:30:59 UTC 2026","Fri Sep 04 02:30:59 UTC 2026","15","1.1 Team Hummingbird - BFF | WLW app","Technical Tests","search-controller","GET /public_api/search/autoComplete [NEG] Missing Auth/API-Key","","GET /public_api/search/autoComplete [NEG] Missing Auth/API-Key",""
"failed","Fri Sep 04 02:28:46 UTC 2026","Fri Sep 04 02:28:46 UTC 2026","0","3 Team Techno - UCL","Technical Tests","Membership","GET /unified_commercial_logic/internal_api/api/membership/v2 - Retrieve Membership V2 List","","GET /unified_commercial_logic/internal_api/api/membership/v2 - Retrieve Membership V2 List",""
"passed","Fri Sep 04 02:30:31 UTC 2026","Fri Sep 04 02:30:35 UTC 2026","3337","1.1 Team Hummingbird - BFF | WLW app","Endpoint tests","Visitor profiler","csv get","","csv get",""
"failed","Fri Sep 04 02:28:41 UTC 2026","Fri Sep 04 02:28:41 UTC 2026","0","3 Team Techno - UCL","Technical Tests","TopRanking","GET /unified_commercial_logic/internal_api/api/top_ranking_v1/{id} - Retrieve TopRankingV1 By ID","","GET /unified_commercial_logic/internal_api/api/top_ranking_v1/{id} - Retrieve TopRankingV1 By ID",""
"failed","Fri Sep 04 02:30:27 UTC 2026","Fri Sep 04 02:30:27 UTC 2026","61","1.1 Team Hummingbird - BFF | WLW app","Endpoint tests","Company","Companies / products EN","","Companies / products EN",""
"failed","Fri Sep 04 02:28:47 UTC 2026","Fri Sep 04 02:28:47 UTC 2026","0","3 Team Techno - UCL","Technical Tests","Membership","GET /unified_commercial_logic/internal_api/api/membership/find_by_id/{id} - Retrieve Membership By ID","","GET /unified_commercial_logic/internal_api/api/membership/find_by_id/{id} - Retrieve Membership By ID",""
"passed","Fri Sep 04 02:38:59 UTC 2026","Fri Sep 04 02:38:59 UTC 2026","31","Dolphin","Technical","","","getCategoryListWlwWithPreferredSuperCategoryIdsTest","v-recommend category list -- wlw, with preferredSuperCategoryIds",""
"failed","Fri Sep 04 02:30:57 UTC 2026","Fri Sep 04 02:30:57 UTC 2026","11","1.1 Team Hummingbird - BFF | WLW app","Technical Tests","search-controller","GET /public_api/suppliers/recommendations","","GET /public_api/suppliers/recommendations",""
"failed","Fri Sep 04 02:29:19 UTC 2026","Fri Sep 04 02:29:19 UTC 2026","78","4. Team CRM |CRM Staging","Business Scenarios Tests","Feedback","Trigger Feedback","","Trigger Feedback",""
"failed","Fri Sep 04 02:28:47 UTC 2026","Fri Sep 04 02:28:47 UTC 2026","0","3 Team Techno - UCL","Technical Tests","Membership","GET /unified_commercial_logic/internal_api/api/membership/platform-profile-status/{sfuuid} - getStatus By SFUUID","","GET /unified_commercial_logic/internal_api/api/membership/platform-profile-status/{sfuuid} - getStatus By SFUUID",""
"failed","Fri Sep 04 02:31:03 UTC 2026","Fri Sep 04 02:31:03 UTC 2026","11","1.1 Team Hummingbird - BFF | WLW app","Technical Tests","supplier-visitors-controller","GET /public_api/suppliers/{supplier_id}/visits/csv","","GET /public_api/suppliers/{supplier_id}/visits/csv",""
"failed","Fri Sep 04 02:28:48 UTC 2026","Fri Sep 04 02:28:48 UTC 2026","0","3 Team Techno - UCL","Technical Tests","GoogleAd","GET /unified_commercial_logic/internal_api/api/google_ad/{id} - Retrieve GoogleAd By ID","","GET /unified_commercial_logic/internal_api/api/google_ad/{id} - Retrieve GoogleAd By ID",""
"failed","Fri Sep 04 02:29:20 UTC 2026","Fri Sep 04 02:29:20 UTC 2026","28","4. Team CRM |CRM Staging","Business Scenarios Tests","Lead","Lead-duplicateCheck - without dupicates","","Lead-duplicateCheck - without dupicates",""
"passed","Fri Sep 04 02:28:48 UTC 2026","Fri Sep 04 02:28:49 UTC 2026","943","Arise","Functional","","","psearchProxySearch","psearchProxySearch",""
"skipped","Fri Sep 04 02:29:17 UTC 2026","Fri Sep 04 02:29:17 UTC 2026","0","7. Team Pegasus | Pegasus Staging","Endpoints Tests","Visitors","Java (statistics-app)","","WSL pixel",""
"failed","Fri Sep 04 02:30:35 UTC 2026","Fri Sep 04 02:30:35 UTC 2026","13","1.1 Team Hummingbird - BFF | WLW app","Technical Tests","categories-controller","PUT /preferred/categories [NEG] Expired Token","","PUT /preferred/categories [NEG] Expired Token",""
"failed","Fri Sep 04 02:31:03 UTC 2026","Fri Sep 04 02:31:03 UTC 2026","12","1.1 Team Hummingbird - BFF | WLW app","Technical Tests","supplier-visitors-controller","GET /public_api/suppliers/{supplier_id}/visits/csv [NEG] Forbidden Role Token","","GET /public_api/suppliers/{supplier_id}/visits/csv [NEG] Forbidden Role Token",""
"passed","Fri Sep 04 02:30:32 UTC 2026","Fri Sep 04 02:30:32 UTC 2026","32","1.1 Team Hummingbird - BFF | WLW app","Technical Tests","ab-test-record-controller","POST /public_api/abtest/record [NEG] Expired Token","","POST /public_api/abtest/record [NEG] Expired Token",""
"broken","Fri Sep 04 02:34:02 UTC 2026","Fri Sep 04 02:34:22 UTC 2026","20020","Dolphin","Technical","","","recallPageSizeZeroNormalizedTest","AI Search recall: pageSize=0 normalized to default",""
"failed","Fri Sep 04 02:29:22 UTC 2026","Fri Sep 04 02:29:22 UTC 2026","54","4. Team CRM |CRM Staging","Endpoints Tests","(root)","trigger from SF Platform Profile","","trigger from SF Platform Profile",""
"passed","Fri Sep 04 02:30:37 UTC 2026","Fri Sep 04 02:30:37 UTC 2026","32","1.1 Team Hummingbird - BFF | WLW app","Technical Tests","company-controller","GET /public_api/company/{id} [NEG] Forbidden Role Token","","GET /public_api/company/{id} [NEG] Forbidden Role Token",""
"passed","Fri Sep 04 02:28:37 UTC 2026","Fri Sep 04 02:28:37 UTC 2026","33","2 Team Dragon - BFF | RFQ Backend","Technical Tests","(root)","GET /v1/rfqs/{rfqId} - Details (Schema + Auth Orchestration)","","GET /v1/rfqs/{rfqId} - Details (Schema + Auth Orchestration)",""
"passed","Fri Sep 04 02:30:29 UTC 2026","Fri Sep 04 02:30:29 UTC 2026","233","1.1 Team Hummingbird - BFF | WLW app","Endpoint tests","Homepage, products","trending products","","trending products",""
"failed","Fri Sep 04 02:30:34 UTC 2026","Fri Sep 04 02:30:34 UTC 2026","15","1.1 Team Hummingbird - BFF | WLW app","Technical Tests","ai-company-search-controller","GET /public_api/search/ai/company/stream/mock [NEG] Forbidden Role Token","","GET /public_api/search/ai/company/stream/mock [NEG] Forbidden Role Token",""
"failed","Fri Sep 04 02:31:02 UTC 2026","Fri Sep 04 02:31:02 UTC 2026","10","1.1 Team Hummingbird - BFF | WLW app","Technical Tests","supplier-visitors-controller","GET /public_api/suppliers/{supplier_id}/visits [NEG] Expired Token","","GET /public_api/suppliers/{supplier_id}/visits [NEG] Expired Token",""
"failed","Fri Sep 04 02:30:52 UTC 2026","Fri Sep 04 02:30:52 UTC 2026","15","1.1 Team Hummingbird - BFF | WLW app","Technical Tests","product-controller","GET /public_api/companies/{supplierPublicId}/products [NEG] Forbidden Role Token","","GET /public_api/companies/{supplierPublicId}/products [NEG] Forbidden Role Token",""
"passed","Fri Sep 04 02:29:39 UTC 2026","Fri Sep 04 02:29:39 UTC 2026","97","1 Team Hummingbird - BFF | EP app","Endpoint tests","Company","Company ID DE","","Company ID DE",""
"passed","Fri Sep 04 02:30:24 UTC 2026","Fri Sep 04 02:30:25 UTC 2026","506","1.1 Team Hummingbird - BFF | WLW app","Endpoint tests","Login","native email login","","native email login",""
"failed","Fri Sep 04 02:30:36 UTC 2026","Fri Sep 04 02:30:36 UTC 2026","14","1.1 Team Hummingbird - BFF | WLW app","Technical Tests","company-controller","GET /public_api/suppliers/{companyID}/listings [NEG] Expired Token","","GET /public_api/suppliers/{companyID}/listings [NEG] Expired Token",""
"skipped","Fri Sep 04 02:29:17 UTC 2026","Fri Sep 04 02:29:17 UTC 2026","0","7. Team Pegasus | Pegasus Staging","Endpoints Tests","Business Insights","Dashboard","","Dashboard",""
"failed","Fri Sep 04 02:31:00 UTC 2026","Fri Sep 04 02:31:00 UTC 2026","12","1.1 Team Hummingbird - BFF | WLW app","Technical Tests","search-controller","GET /public_api/products/recommendations [NEG] Missing Auth/API-Key","","GET /public_api/products/recommendations [NEG] Missing Auth/API-Key",""
"passed","Fri Sep 04 02:38:58 UTC 2026","Fri Sep 04 02:38:58 UTC 2026","86","Dolphin","Technical","","","EPOtherStoreProductRecommendTest","product other store recommend",""
"passed","Fri Sep 04 02:30:33 UTC 2026","Fri Sep 04 02:30:33 UTC 2026","32","1.1 Team Hummingbird - BFF | WLW app","Technical Tests","ai-company-search-controller","POST /public_api/search/ai/supplier/pv-match [NEG] Forbidden Role Token","","POST /public_api/search/ai/supplier/pv-match [NEG] Forbidden Role Token",""
"failed","Fri Sep 04 02:29:23 UTC 2026","Fri Sep 04 02:29:23 UTC 2026","47","4. Team CRM |CRM Staging","Endpoints Tests","(root)","trigger a Buyer lead","","trigger a Buyer lead",""
"failed","Fri Sep 04 02:30:59 UTC 2026","Fri Sep 04 02:30:59 UTC 2026","10","1.1 Team Hummingbird - BFF | WLW app","Technical Tests","search-controller","GET /public_api/search/autoComplete [SEC] Injection Probe","","GET /public_api/search/autoComplete [SEC] Injection Probe",""
"passed","Fri Sep 04 02:30:48 UTC 2026","Fri Sep 04 02:30:48 UTC 2026","31","1.1 Team Hummingbird - BFF | WLW app","Technical Tests","login-controller","POST /public_api/auth/sso/login [NEG] Forbidden Role Token","","POST /public_api/auth/sso/login [NEG] Forbidden Role Token",""
"failed","Fri Sep 04 02:28:49 UTC 2026","Fri Sep 04 02:28:49 UTC 2026","0","3 Team Techno - UCL","Technical Tests","GoogleAd","GET /unified_commercial_logic/internal_api/api/google_ad/ - Retrieve GoogleAd List","","GET /unified_commercial_logic/internal_api/api/google_ad/ - Retrieve GoogleAd List",""
"passed","Fri Sep 04 02:31:04 UTC 2026","Fri Sep 04 02:31:04 UTC 2026","16","1.1 Team Hummingbird - BFF | WLW app","Technical Tests","supplier-visitors-controller","GET /","","GET /",""
"passed","Fri Sep 04 02:30:48 UTC 2026","Fri Sep 04 02:30:48 UTC 2026","15","1.1 Team Hummingbird - BFF | WLW app","Technical Tests","login-controller","POST /public_api/auth/resetPassword [NEG] Missing Auth/API-Key","","POST /public_api/auth/resetPassword [NEG] Missing Auth/API-Key",""
"failed","Fri Sep 04 02:30:36 UTC 2026","Fri Sep 04 02:30:36 UTC 2026","11","1.1 Team Hummingbird - BFF | WLW app","Technical Tests","company-controller","GET /public_api/suppliers/{companyID}/listings [SEC] Injection Probe","","GET /public_api/suppliers/{companyID}/listings [SEC] Injection Probe",""
"failed","Fri Sep 04 02:29:42 UTC 2026","Fri Sep 04 02:29:42 UTC 2026","379","1 Team Hummingbird - BFF | EP app","Endpoint tests","Contact request","QDR request","","QDR request",""
"passed","Fri Sep 04 02:28:49 UTC 2026","Fri Sep 04 02:28:49 UTC 2026","57","Arise","Functional","","","skwdAll","skwdAll",""
"failed","Fri Sep 04 02:30:53 UTC 2026","Fri Sep 04 02:30:53 UTC 2026","12","1.1 Team Hummingbird - BFF | WLW app","Technical Tests","purchaser-support-controller","GET /support-faq [NEG] Forbidden Role Token","","GET /support-faq [NEG] Forbidden Role Token",""
"passed","Fri Sep 04 02:29:42 UTC 2026","Fri Sep 04 02:29:42 UTC 2026","272","1 Team Hummingbird - BFF | EP app","Endpoint tests","Conversations","conversation id","","conversation id",""
"skipped","Fri Sep 04 02:29:17 UTC 2026","Fri Sep 04 02:29:17 UTC 2026","0","7. Team Pegasus | Pegasus Staging","Endpoints Tests","Business Insights","Origin","","Origin",""
"passed","Fri Sep 04 02:38:59 UTC 2026","Fri Sep 04 02:38:59 UTC 2026","116","Dolphin","Functional","","","getProductsByCategoryTest","popular in category -- getProductsByCategory",""
"failed","Fri Sep 04 02:29:43 UTC 2026","Fri Sep 04 02:29:43 UTC 2026","272","1 Team Hummingbird - BFF | EP app","Endpoint tests","Conversations","Decline RFQ","","Decline RFQ",""
"failed","Fri Sep 04 02:28:45 UTC 2026","Fri Sep 04 02:28:45 UTC 2026","0","3 Team Techno - UCL","Technical Tests","Organization","GET /unified_commercial_logic/internal_api/api/organization/ - Retrieve Organization List","","GET /unified_commercial_logic/internal_api/api/organization/ - Retrieve Organization List",""
"failed","Fri Sep 04 02:30:31 UTC 2026","Fri Sep 04 02:30:32 UTC 2026","1090","1.1 Team Hummingbird - BFF | WLW app","Endpoint tests","Visitor profiler","Visitor ID","","Visitor ID",""
"passed","Fri Sep 04 02:30:57 UTC 2026","Fri Sep 04 02:30:57 UTC 2026","21","1.1 Team Hummingbird - BFF | WLW app","Technical Tests","rfq-controller","POST /public_api/connect/purchaser/tenders/ [NEG] Missing Auth/API-Key","","POST /public_api/connect/purchaser/tenders/ [NEG] Missing Auth/API-Key",""
"skipped","Fri Sep 04 02:29:17 UTC 2026","Fri Sep 04 02:29:17 UTC 2026","0","7. Team Pegasus | Pegasus Staging","Endpoints Tests","Visitors","Elixir (supplier-app)","","Visitors by uuid",""
"failed","Fri Sep 04 02:29:43 UTC 2026","Fri Sep 04 02:30:02 UTC 2026","18274","1 Team Hummingbird - BFF | EP app","Endpoint tests","Visitor profiler","csv get","","csv get",""
"passed","Fri Sep 04 02:29:36 UTC 2026","Fri Sep 04 02:29:37 UTC 2026","162","1 Team Hummingbird - BFF | EP app","Endpoint tests","Login","forgot password","","forgot password",""
"failed","Fri Sep 04 02:28:44 UTC 2026","Fri Sep 04 02:28:44 UTC 2026","0","3 Team Techno - UCL","Technical Tests","Retargeting","GET /unified_commercial_logic/internal_api/api/retargeting/ - Retrieve Retargeting List","","GET /unified_commercial_logic/internal_api/api/retargeting/ - Retrieve Retargeting List",""
"failed","Fri Sep 04 02:28:49 UTC 2026","Fri Sep 04 02:28:49 UTC 2026","0","3 Team Techno - UCL","Technical Tests","GoogleAd","GET /unified_commercial_logic/internal_api/api/google_ad/{id} - Retrieve GoogleAd By ID","","GET /unified_commercial_logic/internal_api/api/google_ad/{id} - Retrieve GoogleAd By ID",""
"passed","Fri Sep 04 02:30:49 UTC 2026","Fri Sep 04 02:30:49 UTC 2026","26","1.1 Team Hummingbird - BFF | WLW app","Technical Tests","login-controller","POST /public_api/auth/registration [NEG] Expired Token","","POST /public_api/auth/registration [NEG] Expired Token",""
"failed","Fri Sep 04 02:28:45 UTC 2026","Fri Sep 04 02:28:45 UTC 2026","0","3 Team Techno - UCL","Technical Tests","Organization","GET /unified_commercial_logic/internal_api/api/organization/{id} - Retrieve Organization By ID","","GET /unified_commercial_logic/internal_api/api/organization/{id} - Retrieve Organization By ID",""
"failed","Fri Sep 04 02:28:43 UTC 2026","Fri Sep 04 02:28:43 UTC 2026","0","3 Team Techno - UCL","Technical Tests","SponsoredBrand","GET /unified_commercial_logic/internal_api/api/sponsored_brand_v1/{id} - Retrieve SponsoredBrandV1 By ID","","GET /unified_commercial_logic/internal_api/api/sponsored_brand_v1/{id} - Retrieve SponsoredBrandV1 By ID",""
"passed","Fri Sep 04 02:30:47 UTC 2026","Fri Sep 04 02:30:47 UTC 2026","27","1.1 Team Hummingbird - BFF | WLW app","Technical Tests","help-and-support-controller","POST /help","","POST /help",""
"passed","Fri Sep 04 02:30:40 UTC 2026","Fri Sep 04 02:30:40 UTC 2026","34","1.1 Team Hummingbird - BFF | WLW app","Technical Tests","conversation-controller","POST /public_api/conversation/userConversations/{conversationId}/messages [NEG] Expired Token","","POST /public_api/conversation/userConversations/{conversationId}/messages [NEG] Expired Token",""
"failed","Fri Sep 04 02:31:03 UTC 2026","Fri Sep 04 02:31:03 UTC 2026","13","1.1 Team Hummingbird - BFF | WLW app","Technical Tests","supplier-visitors-controller","GET /public_api/suppliers/{supplier_id}/visits [SEC] Injection Probe","","GET /public_api/suppliers/{supplier_id}/visits [SEC] Injection Probe",""
"passed","Fri Sep 04 02:30:54 UTC 2026","Fri Sep 04 02:30:54 UTC 2026","16","1.1 Team Hummingbird - BFF | WLW app","Technical Tests","purchaser-user-setting-controller","PUT /userSetting/{id} [NEG] Missing Auth/API-Key","","PUT /userSetting/{id} [NEG] Missing Auth/API-Key",""
"failed","Fri Sep 04 02:28:47 UTC 2026","Fri Sep 04 02:28:47 UTC 2026","0","3 Team Techno - UCL","Technical Tests","Membership","GET /unified_commercial_logic/internal_api/api/membership/find_by_id/{id} - Retrieve Membership By ID","","GET /unified_commercial_logic/internal_api/api/membership/find_by_id/{id} - Retrieve Membership By ID",""
"passed","Fri Sep 04 02:30:49 UTC 2026","Fri Sep 04 02:30:49 UTC 2026","16","1.1 Team Hummingbird - BFF | WLW app","Technical Tests","login-controller","POST /public_api/auth/registration [NEG] Missing Auth/API-Key","","POST /public_api/auth/registration [NEG] Missing Auth/API-Key",""
"failed","Fri Sep 04 02:30:31 UTC 2026","Fri Sep 04 02:30:31 UTC 2026","71","1.1 Team Hummingbird - BFF | WLW app","Endpoint tests","Conversations","decline QDR","","decline QDR",""
"failed","Fri Sep 04 02:30:43 UTC 2026","Fri Sep 04 02:30:43 UTC 2026","12","1.1 Team Hummingbird - BFF | WLW app","Technical Tests","conversation-controller","GET /public_api/conversation/userConversations/{conversationId}/file/","","GET /public_api/conversation/userConversations/{conversationId}/file/",""
"failed","Fri Sep 04 02:29:41 UTC 2026","Fri Sep 04 02:29:43 UTC 2026","1190","1 Team Hummingbird - BFF | EP app","Endpoint tests","Contact request","Callback request","","Callback request",""
"failed","Fri Sep 04 02:30:31 UTC 2026","Fri Sep 04 02:30:31 UTC 2026","18","1.1 Team Hummingbird - BFF | WLW app","Endpoint tests","Conversations","dynamic link conversation","","dynamic link conversation",""
"failed","Fri Sep 04 02:29:20 UTC 2026","Fri Sep 04 02:29:20 UTC 2026","32","4. Team CRM |CRM Staging","Business Scenarios Tests","Lead","Get a Lead","","Get a Lead",""
"broken","Fri Sep 04 02:29:24 UTC 2026","Fri Sep 04 02:29:25 UTC 2026","494","Bamboo","Technical","","","findCategoryByIdTest","findCategoryById",""
"passed","Fri Sep 04 02:30:57 UTC 2026","Fri Sep 04 02:30:57 UTC 2026","28","1.1 Team Hummingbird - BFF | WLW app","Technical Tests","rfq-marketing-controller","POST /public_api/rfq-marketing/trigger [NEG] Forbidden Role Token","","POST /public_api/rfq-marketing/trigger [NEG] Forbidden Role Token",""
"failed","Fri Sep 04 02:28:43 UTC 2026","Fri Sep 04 02:28:43 UTC 2026","0","3 Team Techno - UCL","Technical Tests","SponsoredBrand","GET /unified_commercial_logic/internal_api/api/sponsored_brand_v1/ - Retrieve SponsoredBrandV1 List","","GET /unified_commercial_logic/internal_api/api/sponsored_brand_v1/ - Retrieve SponsoredBrandV1 List",""
"failed","Fri Sep 04 02:29:22 UTC 2026","Fri Sep 04 02:29:22 UTC 2026","57","4. Team CRM |CRM Staging","Endpoints Tests","(root)","update SF","","update SF",""
"failed","Fri Sep 04 02:28:45 UTC 2026","Fri Sep 04 02:28:45 UTC 2026","0","3 Team Techno - UCL","Technical Tests","Organization","GET /unified_commercial_logic/internal_api/api/organization/ - Retrieve Organization List","","GET /unified_commercial_logic/internal_api/api/organization/ - Retrieve Organization List",""
"skipped","Fri Sep 04 02:29:17 UTC 2026","Fri Sep 04 02:29:17 UTC 2026","0","7. Team Pegasus | Pegasus Staging","Endpoints Tests","Supplier Facts (CPP)","Supplier Facts","","Supplier Facts",""
"failed","Fri Sep 04 02:28:39 UTC 2026","Fri Sep 04 02:28:39 UTC 2026","0","3 Team Techno - UCL","Functional Tests","Endpoint Tests","SponsoredBrand","","get active SPB by uuid",""
"passed","Fri Sep 04 02:30:57 UTC 2026","Fri Sep 04 02:30:57 UTC 2026","15","1.1 Team Hummingbird - BFF | WLW app","Technical Tests","rfq-marketing-controller","POST /public_api/rfq-marketing/trigger [NEG] Missing Auth/API-Key","","POST /public_api/rfq-marketing/trigger [NEG] Missing Auth/API-Key",""
"passed","Fri Sep 04 02:29:41 UTC 2026","Fri Sep 04 02:29:41 UTC 2026","60","1 Team Hummingbird - BFF | EP app","Endpoint tests","Homepage, products","preferred categories","","preferred categories",""
"failed","Fri Sep 04 02:28:37 UTC 2026","Fri Sep 04 02:28:37 UTC 2026","0","3 Team Techno - UCL","Functional Tests","Endpoint Tests","membership","","get all active membership for uuid not platform specific",""
"passed","Fri Sep 04 02:30:55 UTC 2026","Fri Sep 04 02:30:55 UTC 2026","29","1.1 Team Hummingbird - BFF | WLW app","Technical Tests","purchaser-user-setting-controller","GET /userSetting [SEC] Injection Probe","","GET /userSetting [SEC] Injection Probe",""
"passed","Fri Sep 04 02:29:38 UTC 2026","Fri Sep 04 02:29:38 UTC 2026","75","1 Team Hummingbird - BFF | EP app","Endpoint tests","Support","notifications list","","notifications list",""
"passed","Fri Sep 04 02:30:24 UTC 2026","Fri Sep 04 02:30:25 UTC 2026","800","1.1 Team Hummingbird - BFF | WLW app","Endpoint tests","Login","native email login purchaser","","native email login purchaser",""
"broken","Fri Sep 04 02:36:23 UTC 2026","Fri Sep 04 02:36:43 UTC 2026","20023","Dolphin","Technical","","","recallTopRankingScenarioTest","AI Search recall: wlw-staging.de cnc top-ranking scenario",""
"passed","Fri Sep 04 02:30:40 UTC 2026","Fri Sep 04 02:30:40 UTC 2026","26","1.1 Team Hummingbird - BFF | WLW app","Technical Tests","conversation-controller","POST /public_api/conversation/userConversations/{conversationId}/messages/{messageId}/translate [NEG] Expired Token","","POST /public_api/conversation/userConversations/{conversationId}/messages/{messageId}/translate [NEG] Expired Token",""
"passed","Fri Sep 04 02:30:50 UTC 2026","Fri Sep 04 02:30:50 UTC 2026","36","1.1 Team Hummingbird - BFF | WLW app","Technical Tests","login-controller","POST /public_api/auth/code/verify [NEG] Expired Token","","POST /public_api/auth/code/verify [NEG] Expired Token",""
"skipped","Fri Sep 04 02:29:17 UTC 2026","Fri Sep 04 02:29:17 UTC 2026","0","7. Team Pegasus | Pegasus Staging","Business Scenarios Tests","Business Insights","Dashboard smoke flow","","Activity",""
"failed","Fri Sep 04 02:30:30 UTC 2026","Fri Sep 04 02:30:30 UTC 2026","79","1.1 Team Hummingbird - BFF | WLW app","Endpoint tests","Conversations","user conversations to decline request","","user conversations to decline request",""
"passed","Fri Sep 04 02:38:59 UTC 2026","Fri Sep 04 02:38:59 UTC 2026","489","Dolphin","Functional","","","getproductRecommendByQueryOnCserpTest","getproductRecommendByQueryOnCserpTest",""
"failed","Fri Sep 04 02:30:38 UTC 2026","Fri Sep 04 02:30:38 UTC 2026","11","1.1 Team Hummingbird - BFF | WLW app","Technical Tests","conversation-controller","PUT /public_api/conversation/userConversations/{conversationId}/messages/markAsRead [NEG] Forbidden Role Token","","PUT /public_api/conversation/userConversations/{conversationId}/messages/markAsRead [NEG] Forbidden Role Token",""
"failed","Fri Sep 04 02:30:58 UTC 2026","Fri Sep 04 02:30:58 UTC 2026","13","1.1 Team Hummingbird - BFF | WLW app","Technical Tests","search-controller","GET /public_api/suppliers/recommendations [SEC] Injection Probe","","GET /public_api/suppliers/recommendations [SEC] Injection Probe",""
"failed","Fri Sep 04 02:28:42 UTC 2026","Fri Sep 04 02:28:42 UTC 2026","0","3 Team Techno - UCL","Technical Tests","TopRanking","GET /unified_commercial_logic/internal_api/api/top_ranking_v1/ - Retrieve TopRankingV1 List","","GET /unified_commercial_logic/internal_api/api/top_ranking_v1/ - Retrieve TopRankingV1 List",""
"failed","Fri Sep 04 02:28:43 UTC 2026","Fri Sep 04 02:28:43 UTC 2026","0","3 Team Techno - UCL","Technical Tests","SponsoredBrand","GET /unified_commercial_logic/internal_api/api/sponsored_brand_v1 - Retrieve SponsoredBrandV1 List","","GET /unified_commercial_logic/internal_api/api/sponsored_brand_v1 - Retrieve SponsoredBrandV1 List",""
"passed","Fri Sep 04 02:28:36 UTC 2026","Fri Sep 04 02:28:36 UTC 2026","139","2 Team Dragon - BFF | RFQ Backend","Functional Tests","(root)","GET /v1/user - Success","","GET /v1/user - Success",""
"passed","Fri Sep 04 02:30:32 UTC 2026","Fri Sep 04 02:30:32 UTC 2026","35","1.1 Team Hummingbird - BFF | WLW app","Technical Tests","ai-company-search-controller","POST /public_api/search/ai/supplier/recall [NEG] Missing Auth/API-Key","","POST /public_api/search/ai/supplier/recall [NEG] Missing Auth/API-Key",""
"failed","Fri Sep 04 02:30:43 UTC 2026","Fri Sep 04 02:30:43 UTC 2026","12","1.1 Team Hummingbird - BFF | WLW app","Technical Tests","conversation-controller","GET /public_api/conversation/userConversations/{conversationId}/file [NEG] Forbidden Role Token","","GET /public_api/conversation/userConversations/{conversationId}/file [NEG] Forbidden Role Token",""
"failed","Fri Sep 04 02:30:25 UTC 2026","Fri Sep 04 02:30:25 UTC 2026","34","1.1 Team Hummingbird - BFF | WLW app","Endpoint tests","Login","resend code","","resend code",""
"passed","Fri Sep 04 02:39:00 UTC 2026","Fri Sep 04 02:39:00 UTC 2026","77","Dolphin","Functional","","","zeroResultProductRecommendTest","Recommend products in 0 result search list page v1 -- wlw",""
"passed","Fri Sep 04 02:29:41 UTC 2026","Fri Sep 04 02:29:41 UTC 2026","151","1 Team Hummingbird - BFF | EP app","Endpoint tests","Homepage, products","product recommendations DE","","product recommendations DE",""
"failed","Fri Sep 04 02:28:49 UTC 2026","Fri Sep 04 02:28:49 UTC 2026","0","3 Team Techno - UCL","Technical Tests","GoogleAd","GET /unified_commercial_logic/internal_api/api/google_ad - Retrieve GoogleAd List","","GET /unified_commercial_logic/internal_api/api/google_ad - Retrieve GoogleAd List",""
"failed","Fri Sep 04 02:28:40 UTC 2026","Fri Sep 04 02:28:40 UTC 2026","0","3 Team Techno - UCL","Technical Tests","WebsiteLead","GET /unified_commercial_logic/internal_api/api/website_lead/{id} - Retrieve WebsiteLead By ID","","GET /unified_commercial_logic/internal_api/api/website_lead/{id} - Retrieve WebsiteLead By ID",""
"passed","Fri Sep 04 02:29:37 UTC 2026","Fri Sep 04 02:29:37 UTC 2026","14","1 Team Hummingbird - BFF | EP app","Endpoint tests","Support","Support FAQ_FR","","Support FAQ_FR",""
"failed","Fri Sep 04 02:29:23 UTC 2026","Fri Sep 04 02:29:23 UTC 2026","41","4. Team CRM |CRM Staging","Endpoints Tests","(root)","get company data via SF id","","get company data via SF id",""
"failed","Fri Sep 04 02:30:58 UTC 2026","Fri Sep 04 02:30:58 UTC 2026","12","1.1 Team Hummingbird - BFF | WLW app","Technical Tests","search-controller","GET /public_api/search [NEG] Missing Auth/API-Key","","GET /public_api/search [NEG] Missing Auth/API-Key",""
"failed","Fri Sep 04 02:30:56 UTC 2026","Fri Sep 04 02:30:56 UTC 2026","12","1.1 Team Hummingbird - BFF | WLW app","Technical Tests","push-notification-by-email-controller","PUT /v1/pushNotification [NEG] Forbidden Role Token","","PUT /v1/pushNotification [NEG] Forbidden Role Token",""
"passed","Fri Sep 04 02:29:21 UTC 2026","Fri Sep 04 02:29:21 UTC 2026","58","4. Team CRM |CRM Staging","Endpoints Tests","Accounts","Get Account Information","","Get Account Information",""
"passed","Fri Sep 04 02:30:47 UTC 2026","Fri Sep 04 02:30:47 UTC 2026","30","1.1 Team Hummingbird - BFF | WLW app","Technical Tests","feedback-controller","GET /feedback/subject [NEG] Expired Token","","GET /feedback/subject [NEG] Expired Token",""
"failed","Fri Sep 04 02:28:37 UTC 2026","Fri Sep 04 02:28:37 UTC 2026","17","2 Team Dragon - BFF | RFQ Backend","Technical Tests","(root)","POST /v1/rfqs/{rfqId}/respond - Multipart Upload + Schema + Security","","POST /v1/rfqs/{rfqId}/respond - Multipart Upload + Schema + Security",""
"passed","Fri Sep 04 02:29:38 UTC 2026","Fri Sep 04 02:29:38 UTC 2026","14","1 Team Hummingbird - BFF | EP app","Endpoint tests","Support","Supportmasterdata_FR","","Supportmasterdata_FR",""
"passed","Fri Sep 04 02:30:37 UTC 2026","Fri Sep 04 02:30:37 UTC 2026","42","1.1 Team Hummingbird - BFF | WLW app","Technical Tests","company-controller","GET /public_api/company/{id}","","GET /public_api/company/{id}",""
"failed","Fri Sep 04 02:30:44 UTC 2026","Fri Sep 04 02:30:44 UTC 2026","13","1.1 Team Hummingbird - BFF | WLW app","Technical Tests","conversation-controller","GET /public_api/conversation/userConversations/{conversationId}/file/ [NEG] Expired Token","","GET /public_api/conversation/userConversations/{conversationId}/file/ [NEG] Expired Token",""
"passed","Fri Sep 04 02:38:51 UTC 2026","Fri Sep 04 02:38:52 UTC 2026","744","Dolphin","Technical","","","productTextSearchPageSizeZeroTest","AI product text search recall: pageSize=0 normalized to default",""
"failed","Fri Sep 04 02:28:42 UTC 2026","Fri Sep 04 02:28:42 UTC 2026","0","3 Team Techno - UCL","Technical Tests","TopRanking","GET /unified_commercial_logic/internal_api/api/top_ranking_v1 - Retrieve TopRankingV1 List","","GET /unified_commercial_logic/internal_api/api/top_ranking_v1 - Retrieve TopRankingV1 List",""
"passed","Fri Sep 04 02:30:46 UTC 2026","Fri Sep 04 02:30:46 UTC 2026","31","1.1 Team Hummingbird - BFF | WLW app","Technical Tests","feedback-controller","POST /feedback","","POST /feedback",""
"failed","Fri Sep 04 02:28:49 UTC 2026","Fri Sep 04 02:28:49 UTC 2026","0","3 Team Techno - UCL","Technical Tests","GoogleAd","GET /unified_commercial_logic/internal_api/api/google_ad/ - Retrieve GoogleAd List","","GET /unified_commercial_logic/internal_api/api/google_ad/ - Retrieve GoogleAd List",""
"failed","Fri Sep 04 02:30:54 UTC 2026","Fri Sep 04 02:30:54 UTC 2026","10","1.1 Team Hummingbird - BFF | WLW app","Technical Tests","purchaser-user-setting-controller","GET /userSetting [NEG] Expired Token","","GET /userSetting [NEG] Expired Token",""
"broken","Fri Sep 04 02:37:03 UTC 2026","Fri Sep 04 02:37:23 UTC 2026","20008","Dolphin","Technical","","","termRecommendBlankLanguageTest","AI Search term recommend: blank language → business failure",""
"failed","Fri Sep 04 02:30:55 UTC 2026","Fri Sep 04 02:30:55 UTC 2026","16","1.1 Team Hummingbird - BFF | WLW app","Technical Tests","purchaser-user-setting-controller","GET /userSetting [NEG] Forbidden Role Token","","GET /userSetting [NEG] Forbidden Role Token",""
"failed","Fri Sep 04 02:28:38 UTC 2026","Fri Sep 04 02:28:38 UTC 2026","0","3 Team Techno - UCL","Functional Tests","Endpoint Tests","membership","","get all active membership for uuid platform specific",""
"passed","Fri Sep 04 02:29:37 UTC 2026","Fri Sep 04 02:29:37 UTC 2026","18","1 Team Hummingbird - BFF | EP app","Endpoint tests","User settings","push-notification-by-email-controller","","push-notification-by-email-controller",""
"failed","Fri Sep 04 02:30:30 UTC 2026","Fri Sep 04 02:30:30 UTC 2026","296","1.1 Team Hummingbird - BFF | WLW app","Endpoint tests","Contact request","Product request","","Product request",""
"passed","Fri Sep 04 02:30:51 UTC 2026","Fri Sep 04 02:30:51 UTC 2026","30","1.1 Team Hummingbird - BFF | WLW app","Technical Tests","login-controller","POST /public_api/auth/changePassword [NEG] Forbidden Role Token","","POST /public_api/auth/changePassword [NEG] Forbidden Role Token",""
"failed","Fri Sep 04 02:30:35 UTC 2026","Fri Sep 04 02:30:35 UTC 2026","13","1.1 Team Hummingbird - BFF | WLW app","Technical Tests","categories-controller","PUT /preferred/categories [NEG] Missing Auth/API-Key","","PUT /preferred/categories [NEG] Missing Auth/API-Key",""
"skipped","Fri Sep 04 02:29:17 UTC 2026","Fri Sep 04 02:29:17 UTC 2026","0","7. Team Pegasus | Pegasus Staging","Business Scenarios Tests","Supplier Facts","API register, publish, and verify in UI","","5. UI login reminder",""
"passed","Fri Sep 04 02:30:40 UTC 2026","Fri Sep 04 02:30:40 UTC 2026","31","1.1 Team Hummingbird - BFF | WLW app","Technical Tests","conversation-controller","POST /public_api/conversation/userConversations/{conversationId}/messages/file/ [NEG] Expired Token","","POST /public_api/conversation/userConversations/{conversationId}/messages/file/ [NEG] Expired Token",""
"failed","Fri Sep 04 02:30:58 UTC 2026","Fri Sep 04 02:30:58 UTC 2026","11","1.1 Team Hummingbird - BFF | WLW app","Technical Tests","search-controller","GET /public_api/suppliers/recommendations [NEG] Forbidden Role Token","","GET /public_api/suppliers/recommendations [NEG] Forbidden Role Token",""
"passed","Fri Sep 04 02:31:03 UTC 2026","Fri Sep 04 02:31:03 UTC 2026","33","1.1 Team Hummingbird - BFF | WLW app","Technical Tests","supplier-visitors-controller","GET /public_api/suppliers/{supplier_id}/visits/{id} [NEG] Expired Token","","GET /public_api/suppliers/{supplier_id}/visits/{id} [NEG] Expired Token",""
"passed","Fri Sep 04 02:29:21 UTC 2026","Fri Sep 04 02:29:21 UTC 2026","35","4. Team CRM |CRM Staging","Business Scenarios Tests","Platform Profile","Smoke Test Create Platform Profile","","Smoke Test Create Platform Profile",""
"passed","Fri Sep 04 02:30:56 UTC 2026","Fri Sep 04 02:30:56 UTC 2026","18","1.1 Team Hummingbird - BFF | WLW app","Technical Tests","rfq-controller","POST /public_api/connect/purchaser/tenders [NEG] Missing Auth/API-Key","","POST /public_api/connect/purchaser/tenders [NEG] Missing Auth/API-Key",""
"passed","Fri Sep 04 02:29:38 UTC 2026","Fri Sep 04 02:29:38 UTC 2026","18","1 Team Hummingbird - BFF | EP app","Endpoint tests","Mobile_Feedback","Feedback Subject_EN","","Feedback Subject_EN",""
"skipped","Fri Sep 04 02:29:17 UTC 2026","Fri Sep 04 02:29:17 UTC 2026","0","7. Team Pegasus | Pegasus Staging","Spike | Profiles link user to company","(root)","10 MANUAL — company-editor basic-info (browser)","","10 MANUAL — company-editor basic-info (browser)",""
"passed","Fri Sep 04 02:29:21 UTC 2026","Fri Sep 04 02:29:21 UTC 2026","33","4. Team CRM |CRM Staging","Business Scenarios Tests","Contacts","Smoke test for Create Contact & Verify HubSpot Sync","","Smoke test for Create Contact & Verify HubSpot Sync",""
"skipped","Fri Sep 04 02:29:36 UTC 2026","Fri Sep 04 02:29:36 UTC 2026","0","1 Team Hummingbird - BFF | EP app","Business Scenario Tests","(empty)","(empty)","","Business Scenario Tests - empty",""
"passed","Fri Sep 04 02:29:23 UTC 2026","Fri Sep 04 02:29:23 UTC 2026","46","4. Team CRM |CRM Staging","Endpoints Tests","(root)","get company data via CRM id","","get company data via CRM id",""
"passed","Fri Sep 04 02:30:26 UTC 2026","Fri Sep 04 02:30:26 UTC 2026","16","1.1 Team Hummingbird - BFF | WLW app","Endpoint tests","Mobile_Feedback","Feedback Subject_DE","","Feedback Subject_DE",""
"passed","Fri Sep 04 02:29:39 UTC 2026","Fri Sep 04 02:29:40 UTC 2026","369","1 Team Hummingbird - BFF | EP app","Endpoint tests","Company","Companies / products FR","","Companies / products FR",""
"passed","Fri Sep 04 02:30:31 UTC 2026","Fri Sep 04 02:30:35 UTC 2026","3337","1.1 Team Hummingbird - BFF | WLW app","Endpoint tests","Visitor profiler","csv get","","csv get",""
"failed","Fri Sep 04 02:31:03 UTC 2026","Fri Sep 04 02:31:03 UTC 2026","11","1.1 Team Hummingbird - BFF | WLW app","Technical Tests","supplier-visitors-controller","GET /public_api/suppliers/{supplier_id}/visits/csv [NEG] Expired Token","","GET /public_api/suppliers/{supplier_id}/visits/csv [NEG] Expired Token",""
"failed","Fri Sep 04 02:31:02 UTC 2026","Fri Sep 04 02:31:02 UTC 2026","13","1.1 Team Hummingbird - BFF | WLW app","Technical Tests","supplier-visitors-controller","GET /public_api/suppliers/{supplier_id}/visits [NEG] Missing Auth/API-Key","","GET /public_api/suppliers/{supplier_id}/visits [NEG] Missing Auth/API-Key",""
"passed","Fri Sep 04 02:30:56 UTC 2026","Fri Sep 04 02:30:56 UTC 2026","31","1.1 Team Hummingbird - BFF | WLW app","Technical Tests","rfq-controller","POST /public_api/connect/purchaser/tenders","","POST /public_api/connect/purchaser/tenders",""
"skipped","Fri Sep 04 02:29:17 UTC 2026","Fri Sep 04 02:29:17 UTC 2026","0","7. Team Pegasus | Pegasus Staging","Endpoints Tests","User & Company Context","Get user details by","","Get user details by",""
"skipped","Fri Sep 04 02:29:17 UTC 2026","Fri Sep 04 02:29:17 UTC 2026","0","7. Team Pegasus | Pegasus Staging","Endpoints Tests","Supplier Registration","EP","","leads/get - Get a lead",""
"passed","Fri Sep 04 02:31:05 UTC 2026","Fri Sep 04 02:31:05 UTC 2026","16","1.1 Team Hummingbird - BFF | WLW app","Technical Tests","user-controller","GET /public_api/user/userInfo [NEG] Missing Auth/API-Key","","GET /public_api/user/userInfo [NEG] Missing Auth/API-Key",""
"passed","Fri Sep 04 02:31:05 UTC 2026","Fri Sep 04 02:31:05 UTC 2026","16","1.1 Team Hummingbird - BFF | WLW app","Technical Tests","trending-products-controller","GET /public_api/trending/notifications [NEG] Missing Auth/API-Key","","GET /public_api/trending/notifications [NEG] Missing Auth/API-Key",""
"skipped","Fri Sep 04 02:29:17 UTC 2026","Fri Sep 04 02:29:17 UTC 2026","0","7. Team Pegasus | Pegasus Staging","Business Scenarios Tests","Business Insights","Dashboard smoke flow","","Set User Activity",""
"passed","Fri Sep 04 02:29:43 UTC 2026","Fri Sep 04 02:29:49 UTC 2026","6264","1 Team Hummingbird - BFF | EP app","Endpoint tests","Visitor profiler","Visits","","Visits",""
"passed","Fri Sep 04 02:30:32 UTC 2026","Fri Sep 04 02:30:32 UTC 2026","37","1.1 Team Hummingbird - BFF | WLW app","Technical Tests","ai-company-search-controller","POST /public_api/search/ai/supplier/recall [NEG] Forbidden Role Token","","POST /public_api/search/ai/supplier/recall [NEG] Forbidden Role Token",""
"failed","Fri Sep 04 02:28:43 UTC 2026","Fri Sep 04 02:28:43 UTC 2026","0","3 Team Techno - UCL","Technical Tests","SponsoredBrand","GET /unified_commercial_logic/internal_api/api/sponsored_brand_v1/ - Retrieve SponsoredBrandV1 List","","GET /unified_commercial_logic/internal_api/api/sponsored_brand_v1/ - Retrieve SponsoredBrandV1 List",""
"passed","Fri Sep 04 02:28:49 UTC 2026","Fri Sep 04 02:28:49 UTC 2026","57","Arise","Technical","","","skwdAll","skwdAll",""
"passed","Fri Sep 04 02:31:01 UTC 2026","Fri Sep 04 02:31:01 UTC 2026","15","1.1 Team Hummingbird - BFF | WLW app","Technical Tests","search-term-controller","PUT /public_api/search/notification-opened [NEG] Missing Auth/API-Key","","PUT /public_api/search/notification-opened [NEG] Missing Auth/API-Key",""
"failed","Fri Sep 04 02:30:34 UTC 2026","Fri Sep 04 02:30:34 UTC 2026","11","1.1 Team Hummingbird - BFF | WLW app","Technical Tests","ai-company-search-controller","GET /public_api/search/ai/company/stream/mock [SEC] Injection Probe","","GET /public_api/search/ai/company/stream/mock [SEC] Injection Probe",""
"failed","Fri Sep 04 02:28:38 UTC 2026","Fri Sep 04 02:28:38 UTC 2026","0","3 Team Techno - UCL","Functional Tests","Endpoint Tests","WebsiteLead","","get all active on wlw for given existing uuid",""
"passed","Fri Sep 04 02:29:37 UTC 2026","Fri Sep 04 02:29:37 UTC 2026","27","1 Team Hummingbird - BFF | EP app","Endpoint tests","Support","Support FAQ_DE","","Support FAQ_DE",""
"failed","Fri Sep 04 02:28:40 UTC 2026","Fri Sep 04 02:28:40 UTC 2026","0","3 Team Techno - UCL","Technical Tests","WebsiteLead","GET /unified_commercial_logic/internal_api/api/website_lead/{id} - Retrieve WebsiteLead By ID","","GET /unified_commercial_logic/internal_api/api/website_lead/{id} - Retrieve WebsiteLead By ID",""
"passed","Fri Sep 04 02:30:32 UTC 2026","Fri Sep 04 02:30:32 UTC 2026","33","1.1 Team Hummingbird - BFF | WLW app","Technical Tests","ai-company-search-controller","POST /public_api/search/ai/supplier/recall [NEG] Expired Token","","POST /public_api/search/ai/supplier/recall [NEG] Expired Token",""
"passed","Fri Sep 04 02:29:17 UTC 2026","Fri Sep 04 02:29:17 UTC 2026","79","4. Team CRM |CRM Staging","Business Scenarios Tests","Tasks","Change  Assigned To","","Change  Assigned To",""
"passed","Fri Sep 04 02:29:41 UTC 2026","Fri Sep 04 02:29:41 UTC 2026","127","1 Team Hummingbird - BFF | EP app","Endpoint tests","Homepage, products","product recommendations FR","","product recommendations FR",""
"passed","Fri Sep 04 02:30:41 UTC 2026","Fri Sep 04 02:30:41 UTC 2026","26","1.1 Team Hummingbird - BFF | WLW app","Technical Tests","conversation-controller","GET /public_api/conversation/userConversations [SEC] Injection Probe","","GET /public_api/conversation/userConversations [SEC] Injection Probe",""
"passed","Fri Sep 04 02:31:05 UTC 2026","Fri Sep 04 02:31:05 UTC 2026","31","1.1 Team Hummingbird - BFF | WLW app","Technical Tests","user-controller","GET /public_api/user/userInfo [NEG] Expired Token","","GET /public_api/user/userInfo [NEG] Expired Token",""
"passed","Fri Sep 04 02:30:27 UTC 2026","Fri Sep 04 02:30:28 UTC 2026","180","1.1 Team Hummingbird - BFF | WLW app","Endpoint tests","Company","branchIO dynamic link, share CPP","","branchIO dynamic link, share CPP",""
"passed","Fri Sep 04 02:30:29 UTC 2026","Fri Sep 04 02:30:29 UTC 2026","80","1.1 Team Hummingbird - BFF | WLW app","Endpoint tests","Search","search track","","search track",""
"failed","Fri Sep 04 02:29:44 UTC 2026","Fri Sep 04 02:29:44 UTC 2026","0","1 Team Hummingbird - BFF | EP app","Endpoint tests","Visitor profiler","download visitors csv","","download visitors csv",""
"passed","Fri Sep 04 02:30:46 UTC 2026","Fri Sep 04 02:30:46 UTC 2026","14","1.1 Team Hummingbird - BFF | WLW app","Technical Tests","feedback-controller","GET /feedback/subject [NEG] Missing Auth/API-Key","","GET /feedback/subject [NEG] Missing Auth/API-Key",""
"passed","Fri Sep 04 02:31:03 UTC 2026","Fri Sep 04 02:31:03 UTC 2026","30","1.1 Team Hummingbird - BFF | WLW app","Technical Tests","supplier-visitors-controller","GET /public_api/suppliers/{supplier_id}/visits/{id} [NEG] Forbidden Role Token","","GET /public_api/suppliers/{supplier_id}/visits/{id} [NEG] Forbidden Role Token",""
"skipped","Fri Sep 04 02:29:17 UTC 2026","Fri Sep 04 02:29:17 UTC 2026","0","7. Team Pegasus | Pegasus Staging","Endpoints Tests","Business Insights","Company","","Company",""
"passed","Fri Sep 04 02:30:39 UTC 2026","Fri Sep 04 02:30:39 UTC 2026","30","1.1 Team Hummingbird - BFF | WLW app","Technical Tests","conversation-controller","GET /public_api/conversation/userConversations/{conversationId}/messages [SEC] Injection Probe","","GET /public_api/conversation/userConversations/{conversationId}/messages [SEC] Injection Probe",""
"passed","Fri Sep 04 02:30:53 UTC 2026","Fri Sep 04 02:30:53 UTC 2026","21","1.1 Team Hummingbird - BFF | WLW app","Technical Tests","purchaser-support-controller","GET /support-master-data [NEG] Missing Auth/API-Key","","GET /support-master-data [NEG] Missing Auth/API-Key",""
"passed","Fri Sep 04 02:30:26 UTC 2026","Fri Sep 04 02:30:26 UTC 2026","51","1.1 Team Hummingbird - BFF | WLW app","Endpoint tests","Support","notifications list","","notifications list",""
"failed","Fri Sep 04 02:31:00 UTC 2026","Fri Sep 04 02:31:00 UTC 2026","13","1.1 Team Hummingbird - BFF | WLW app","Technical Tests","search-controller","GET /public_api/search/ai/termRecommend [SEC] Injection Probe","","GET /public_api/search/ai/termRecommend [SEC] Injection Probe",""
"passed","Fri Sep 04 02:31:00 UTC 2026","Fri Sep 04 02:31:00 UTC 2026","28","1.1 Team Hummingbird - BFF | WLW app","Technical Tests","search-controller","GET /public_api/search/ai/tabChange [NEG] Expired Token","","GET /public_api/search/ai/tabChange [NEG] Expired Token",""
"passed","Fri Sep 04 02:38:57 UTC 2026","Fri Sep 04 02:38:57 UTC 2026","685","Dolphin","Technical","","","productTextSearchTest","AI product text search recall API",""
"failed","Fri Sep 04 02:31:03 UTC 2026","Fri Sep 04 02:31:03 UTC 2026","12","1.1 Team Hummingbird - BFF | WLW app","Technical Tests","supplier-visitors-controller","GET /public_api/suppliers/{supplier_id}/visits [NEG] Forbidden Role Token","","GET /public_api/suppliers/{supplier_id}/visits [NEG] Forbidden Role Token",""
"failed","Fri Sep 04 02:28:48 UTC 2026","Fri Sep 04 02:28:48 UTC 2026","0","3 Team Techno - UCL","Technical Tests","Membership","GET /unified_commercial_logic/internal_api/api/membership - Retrieve Membership List","","GET /unified_commercial_logic/internal_api/api/membership - Retrieve Membership List",""
"passed","Fri Sep 04 02:38:59 UTC 2026","Fri Sep 04 02:38:59 UTC 2026","116","Dolphin","Technical","","","getProductsByCategoryTest","popular in category -- getProductsByCategory",""
"skipped","Fri Sep 04 02:29:17 UTC 2026","Fri Sep 04 02:29:17 UTC 2026","0","7. Team Pegasus | Pegasus Staging","Endpoints Tests","Visitors","Get Visits","","Get Visits",""
"passed","Fri Sep 04 02:29:40 UTC 2026","Fri Sep 04 02:29:40 UTC 2026","238","1 Team Hummingbird - BFF | EP app","Endpoint tests","Search","search autoComplete DE","","search autoComplete DE",""
"failed","Fri Sep 04 02:31:02 UTC 2026","Fri Sep 04 02:31:02 UTC 2026","11","1.1 Team Hummingbird - BFF | WLW app","Technical Tests","search-term-controller","POST /public_api/search/track","","POST /public_api/search/track",""
"passed","Fri Sep 04 02:30:57 UTC 2026","Fri Sep 04 02:30:57 UTC 2026","29","1.1 Team Hummingbird - BFF | WLW app","Technical Tests","rfq-controller","POST /public_api/connect/purchaser/tenders/","","POST /public_api/connect/purchaser/tenders/",""
"passed","Fri Sep 04 02:28:36 UTC 2026","Fri Sep 04 02:28:37 UTC 2026","107","2 Team Dragon - BFF | RFQ Backend","Functional Tests","(root)","POST /v1/rfqs/{rfqId}/respond - Error Case (400)","","POST /v1/rfqs/{rfqId}/respond - Error Case (400)",""
"passed","Fri Sep 04 02:30:56 UTC 2026","Fri Sep 04 02:30:56 UTC 2026","29","1.1 Team Hummingbird - BFF | WLW app","Technical Tests","rfq-controller","POST /public_api/connect/purchaser/tenders [NEG] Forbidden Role Token","","POST /public_api/connect/purchaser/tenders [NEG] Forbidden Role Token",""
"failed","Fri Sep 04 02:28:45 UTC 2026","Fri Sep 04 02:28:45 UTC 2026","0","3 Team Techno - UCL","Technical Tests","Organization","GET /unified_commercial_logic/internal_api/api/organization/ - Retrieve Organization List","","GET /unified_commercial_logic/internal_api/api/organization/ - Retrieve Organization List",""
"failed","Fri Sep 04 02:28:42 UTC 2026","Fri Sep 04 02:28:42 UTC 2026","0","3 Team Techno - UCL","Technical Tests","TopRanking","GET /unified_commercial_logic/internal_api/api/top_ranking_v1/ - Retrieve TopRankingV1 List","","GET /unified_commercial_logic/internal_api/api/top_ranking_v1/ - Retrieve TopRankingV1 List",""
"skipped","Fri Sep 04 02:29:17 UTC 2026","Fri Sep 04 02:29:17 UTC 2026","0","7. Team Pegasus | Pegasus Staging","Endpoints Tests","Shop Import & Onboarding Backend","/offers/suggestCategory","","/offers/suggestCategory",""
"passed","Fri Sep 04 02:30:45 UTC 2026","Fri Sep 04 02:30:45 UTC 2026","20","1.1 Team Hummingbird - BFF | WLW app","Technical Tests","euro-pages-controller","PUT /public_api/euro-pages/auth/delete [NEG] Missing Auth/API-Key","","PUT /public_api/euro-pages/auth/delete [NEG] Missing Auth/API-Key",""
"passed","Fri Sep 04 02:30:47 UTC 2026","Fri Sep 04 02:30:47 UTC 2026","28","1.1 Team Hummingbird - BFF | WLW app","Technical Tests","help-and-support-controller","POST /help [NEG] Expired Token","","POST /help [NEG] Expired Token",""
"passed","Fri Sep 04 02:39:00 UTC 2026","Fri Sep 04 02:39:00 UTC 2026","91","Dolphin","Technical","","","otherStoreProductRecommendTest","similar products recommend -- wlw pdp",""
"passed","Fri Sep 04 02:30:38 UTC 2026","Fri Sep 04 02:30:38 UTC 2026","33","1.1 Team Hummingbird - BFF | WLW app","Technical Tests","conversation-controller","PUT /public_api/conversation/userConversations/{conversationId}/tag [NEG] Forbidden Role Token","","PUT /public_api/conversation/userConversations/{conversationId}/tag [NEG] Forbidden Role Token",""
"skipped","Fri Sep 04 02:29:17 UTC 2026","Fri Sep 04 02:29:17 UTC 2026","0","7. Team Pegasus | Pegasus Staging","Business Scenarios Tests","Supplier Facts","API register, publish, and verify in UI","","1. Create registration lead",""
"skipped","Fri Sep 04 02:29:17 UTC 2026","Fri Sep 04 02:29:17 UTC 2026","0","7. Team Pegasus | Pegasus Staging","Business Scenarios Tests","Supplier Facts","Company create and update for UI","","Create company",""
"broken","Fri Sep 04 02:37:43 UTC 2026","Fri Sep 04 02:38:03 UTC 2026","20017","Dolphin","Functional","","","termRecommendTest","AI Search term recommend API",""
"passed","Fri Sep 04 02:30:52 UTC 2026","Fri Sep 04 02:30:52 UTC 2026","19","1.1 Team Hummingbird - BFF | WLW app","Technical Tests","product-controller","GET /public_api/products/{productId} [NEG] Missing Auth/API-Key","","GET /public_api/products/{productId} [NEG] Missing Auth/API-Key",""
"passed","Fri Sep 04 02:29:44 UTC 2026","Fri Sep 04 02:29:44 UTC 2026","163","1 Team Hummingbird - BFF | EP app","Endpoint tests","(root)","Log out","","Log out",""
"failed","Fri Sep 04 02:30:43 UTC 2026","Fri Sep 04 02:30:43 UTC 2026","12","1.1 Team Hummingbird - BFF | WLW app","Technical Tests","conversation-controller","GET /public_api/conversation/userConversations/{conversationId} [NEG] Forbidden Role Token","","GET /public_api/conversation/userConversations/{conversationId} [NEG] Forbidden Role Token",""
"failed","Fri Sep 04 02:28:43 UTC 2026","Fri Sep 04 02:28:43 UTC 2026","0","3 Team Techno - UCL","Technical Tests","SponsoredBrand","GET /unified_commercial_logic/internal_api/api/sponsored_brand_v1 - Retrieve SponsoredBrandV1 List","","GET /unified_commercial_logic/internal_api/api/sponsored_brand_v1 - Retrieve SponsoredBrandV1 List",""
"passed","Fri Sep 04 02:30:54 UTC 2026","Fri Sep 04 02:30:54 UTC 2026","30","1.1 Team Hummingbird - BFF | WLW app","Technical Tests","purchaser-user-setting-controller","POST /userSetting/ [NEG] Expired Token","","POST /userSetting/ [NEG] Expired Token",""
"passed","Fri Sep 04 02:30:45 UTC 2026","Fri Sep 04 02:30:45 UTC 2026","27","1.1 Team Hummingbird - BFF | WLW app","Technical Tests","dynamic-links-controller","POST /public_api/branchio/dynamiclink [NEG] Expired Token","","POST /public_api/branchio/dynamiclink [NEG] Expired Token",""
"failed","Fri Sep 04 02:28:38 UTC 2026","Fri Sep 04 02:28:38 UTC 2026","0","3 Team Techno - UCL","Functional Tests","Endpoint Tests","membership","","get all membership for non-existing uuid",""
"passed","Fri Sep 04 02:29:39 UTC 2026","Fri Sep 04 02:29:39 UTC 2026","367","1 Team Hummingbird - BFF | EP app","Endpoint tests","Company","Companies / products EN","","Companies / products EN",""
"broken","Fri Sep 04 02:31:21 UTC 2026","Fri Sep 04 02:31:41 UTC 2026","20485","Dolphin","Functional","","","recallAlternateSortTest","AI Search recall: alternate sort (order_num_desc)",""
"passed","Fri Sep 04 02:30:28 UTC 2026","Fri Sep 04 02:30:29 UTC 2026","396","1.1 Team Hummingbird - BFF | WLW app","Endpoint tests","Search","search companies FR","","search companies FR",""
"skipped","Fri Sep 04 02:29:17 UTC 2026","Fri Sep 04 02:29:17 UTC 2026","0","7. Team Pegasus | Pegasus Staging","Endpoints Tests","Shop Import & Onboarding Backend","/categories/suggest","","/categories/suggest",""
"passed","Fri Sep 04 02:30:53 UTC 2026","Fri Sep 04 02:30:53 UTC 2026","32","1.1 Team Hummingbird - BFF | WLW app","Technical Tests","purchaser-support-controller","GET /support-faq [SEC] Injection Probe","","GET /support-faq [SEC] Injection Probe",""
"failed","Fri Sep 04 02:30:39 UTC 2026","Fri Sep 04 02:30:39 UTC 2026","11","1.1 Team Hummingbird - BFF | WLW app","Technical Tests","conversation-controller","GET /public_api/conversation/userConversations/{conversationId}/messages","","GET /public_api/conversation/userConversations/{conversationId}/messages",""
"passed","Fri Sep 04 02:30:57 UTC 2026","Fri Sep 04 02:30:57 UTC 2026","31","1.1 Team Hummingbird - BFF | WLW app","Technical Tests","rfq-marketing-controller","POST /public_api/rfq-marketing/trigger","","POST /public_api/rfq-marketing/trigger",""
"passed","Fri Sep 04 02:29:39 UTC 2026","Fri Sep 04 02:29:39 UTC 2026","317","1 Team Hummingbird - BFF | EP app","Endpoint tests","Company","Companies / products DE","","Companies / products DE",""
"passed","Fri Sep 04 02:30:45 UTC 2026","Fri Sep 04 02:30:45 UTC 2026","31","1.1 Team Hummingbird - BFF | WLW app","Technical Tests","euro-pages-controller","DELETE /public_api/euro-pages/auth/delete [NEG] Forbidden Role Token","","DELETE /public_api/euro-pages/auth/delete [NEG] Forbidden Role Token",""
"failed","Fri Sep 04 02:28:48 UTC 2026","Fri Sep 04 02:28:48 UTC 2026","0","3 Team Techno - UCL","Technical Tests","Membership","GET /unified_commercial_logic/internal_api/api/membership - Retrieve Membership List","","GET /unified_commercial_logic/internal_api/api/membership - Retrieve Membership List",""
"passed","Fri Sep 04 02:30:37 UTC 2026","Fri Sep 04 02:30:37 UTC 2026","23","1.1 Team Hummingbird - BFF | WLW app","Technical Tests","contact-form-controller","POST /public_api/contact-form/messages [NEG] Missing Auth/API-Key","","POST /public_api/contact-form/messages [NEG] Missing Auth/API-Key",""
"passed","Fri Sep 04 02:29:25 UTC 2026","Fri Sep 04 02:29:25 UTC 2026","39","Bamboo","Functional","","","listTopCategoriesTest","list top Categories",""
"passed","Fri Sep 04 02:30:25 UTC 2026","Fri Sep 04 02:30:25 UTC 2026","15","1.1 Team Hummingbird - BFF | WLW app","Endpoint tests","User settings","push-notification-by-email-controller","","push-notification-by-email-controller",""
"failed","Fri Sep 04 02:29:22 UTC 2026","Fri Sep 04 02:29:22 UTC 2026","63","4. Team CRM |CRM Staging","Endpoints Tests","(root)","trigger the Paid Media lead","","trigger the Paid Media lead",""
"broken","Fri Sep 04 02:29:24 UTC 2026","Fri Sep 04 02:29:25 UTC 2026","494","Bamboo","Functional","","","findCategoryByIdTest","findCategoryById",""
"failed","Fri Sep 04 02:31:01 UTC 2026","Fri Sep 04 02:31:01 UTC 2026","12","1.1 Team Hummingbird - BFF | WLW app","Technical Tests","search-controller","GET /public_api/products/recommendations [NEG] Expired Token","","GET /public_api/products/recommendations [NEG] Expired Token",""
"broken","Fri Sep 04 02:37:23 UTC 2026","Fri Sep 04 02:37:43 UTC 2026","20017","Dolphin","Technical","","","termRecommendNoMockTest","AI Search term recommend API without mock",""
"skipped","Fri Sep 04 02:29:17 UTC 2026","Fri Sep 04 02:29:17 UTC 2026","0","7. Team Pegasus | Pegasus Staging","Business Scenarios Tests","Supplier Facts","API register, publish, and verify in UI","","2. Complete registration (user + company)",""
"passed","Fri Sep 04 02:38:58 UTC 2026","Fri Sep 04 02:38:58 UTC 2026","155","Dolphin","Functional","","","EPHomepageProductRecommendTest","homepage product recommend -- ep",""
"failed","Fri Sep 04 02:28:47 UTC 2026","Fri Sep 04 02:28:47 UTC 2026","0","3 Team Techno - UCL","Technical Tests","Membership","GET /unified_commercial_logic/internal_api/api/membership/platform-profile-status/{sfuuid} - getStatus By SFUUID","","GET /unified_commercial_logic/internal_api/api/membership/platform-profile-status/{sfuuid} - getStatus By SFUUID",""
"passed","Fri Sep 04 02:30:31 UTC 2026","Fri Sep 04 02:30:31 UTC 2026","68","1.1 Team Hummingbird - BFF | WLW app","Endpoint tests","Conversations","mark as read","","mark as read",""
"passed","Fri Sep 04 02:28:47 UTC 2026","Fri Sep 04 02:28:48 UTC 2026","682","Arise","Functional","","","getAllElementsByUrlTest","getAllElementsByUrlTest",""
"broken","Fri Sep 04 02:35:22 UTC 2026","Fri Sep 04 02:35:43 UTC 2026","20494","Dolphin","Technical","","","recallSingleFilterTest","AI Search recall: single filter (verified=true)",""
"skipped","Fri Sep 04 02:29:17 UTC 2026","Fri Sep 04 02:29:17 UTC 2026","0","7. Team Pegasus | Pegasus Staging","Endpoints Tests","Visitors","Elixir (supplier-app)","","Filters",""
"passed","Fri Sep 04 02:30:55 UTC 2026","Fri Sep 04 02:30:55 UTC 2026","30","1.1 Team Hummingbird - BFF | WLW app","Technical Tests","purchaser-user-setting-controller","POST /userSetting [NEG] Forbidden Role Token","","POST /userSetting [NEG] Forbidden Role Token",""
"passed","Fri Sep 04 02:30:28 UTC 2026","Fri Sep 04 02:30:28 UTC 2026","70","1.1 Team Hummingbird - BFF | WLW app","Endpoint tests","Search","search autoComplete EN","","search autoComplete EN",""
"skipped","Fri Sep 04 02:29:17 UTC 2026","Fri Sep 04 02:29:17 UTC 2026","0","4. Team CRM |CRM Staging","Endpoints Tests","Leads","(empty)","","Endpoints Tests / Leads - empty",""
"passed","Fri Sep 04 02:30:38 UTC 2026","Fri Sep 04 02:30:38 UTC 2026","28","1.1 Team Hummingbird - BFF | WLW app","Technical Tests","conversation-controller","PUT /public_api/conversation/userConversations/{conversationId}/tag [NEG] Expired Token","","PUT /public_api/conversation/userConversations/{conversationId}/tag [NEG] Expired Token",""
"failed","Fri Sep 04 02:30:36 UTC 2026","Fri Sep 04 02:30:36 UTC 2026","12","1.1 Team Hummingbird - BFF | WLW app","Technical Tests","company-controller","GET /public_api/suppliers/{companyID}/listings [NEG] Missing Auth/API-Key","","GET /public_api/suppliers/{companyID}/listings [NEG] Missing Auth/API-Key",""
"skipped","Fri Sep 04 02:29:17 UTC 2026","Fri Sep 04 02:29:17 UTC 2026","0","7. Team Pegasus | Pegasus Staging","Business Scenarios Tests","Business Insights","Dashboard smoke flow","","Scoring",""
"failed","Fri Sep 04 02:31:05 UTC 2026","Fri Sep 04 02:31:05 UTC 2026","11","1.1 Team Hummingbird - BFF | WLW app","Technical Tests","trending-products-controller","GET /public_api/trending/products [SEC] Injection Probe","","GET /public_api/trending/products [SEC] Injection Probe",""
"passed","Fri Sep 04 02:38:59 UTC 2026","Fri Sep 04 02:38:59 UTC 2026","31","Dolphin","Functional","","","getCategoryListWlwWithPreferredSuperCategoryIdsTest","v-recommend category list -- wlw, with preferredSuperCategoryIds",""
"failed","Fri Sep 04 02:28:37 UTC 2026","Fri Sep 04 02:28:37 UTC 2026","0","3 Team Techno - UCL","Functional Tests","Endpoint Tests","membership","","get all active membership for uuid not platform specific",""
"passed","Fri Sep 04 02:30:50 UTC 2026","Fri Sep 04 02:30:50 UTC 2026","26","1.1 Team Hummingbird - BFF | WLW app","Technical Tests","login-controller","POST /public_api/auth/code/verify [NEG] Forbidden Role Token","","POST /public_api/auth/code/verify [NEG] Forbidden Role Token",""
"passed","Fri Sep 04 02:30:35 UTC 2026","Fri Sep 04 02:30:35 UTC 2026","28","1.1 Team Hummingbird - BFF | WLW app","Technical Tests","categories-controller","GET /public_api/categories/homepage [NEG] Missing Auth/API-Key","","GET /public_api/categories/homepage [NEG] Missing Auth/API-Key",""
"failed","Fri Sep 04 02:30:27 UTC 2026","Fri Sep 04 02:30:27 UTC 2026","84","1.1 Team Hummingbird - BFF | WLW app","Endpoint tests","Company","Company ID FR","","Company ID FR",""
"passed","Fri Sep 04 02:29:23 UTC 2026","Fri Sep 04 02:29:23 UTC 2026","40","4. Team CRM |CRM Staging","Endpoints Tests","(root)","Create platform profile","","Create platform profile",""
"skipped","Fri Sep 04 02:29:17 UTC 2026","Fri Sep 04 02:29:17 UTC 2026","0","7. Team Pegasus | Pegasus Staging","Business Scenarios Tests","Supplier Facts","Company create and update for UI","","Update company",""
"failed","Fri Sep 04 02:30:57 UTC 2026","Fri Sep 04 02:30:57 UTC 2026","11","1.1 Team Hummingbird - BFF | WLW app","Technical Tests","search-controller","GET /public_api/suppliers/recommendations [NEG] Missing Auth/API-Key","","GET /public_api/suppliers/recommendations [NEG] Missing Auth/API-Key",""
"failed","Fri Sep 04 02:30:53 UTC 2026","Fri Sep 04 02:30:53 UTC 2026","13","1.1 Team Hummingbird - BFF | WLW app","Technical Tests","purchaser-support-controller","GET /support-faq","","GET /support-faq",""
"failed","Fri Sep 04 02:30:56 UTC 2026","Fri Sep 04 02:30:56 UTC 2026","13","1.1 Team Hummingbird - BFF | WLW app","Technical Tests","push-notification-by-email-controller","PUT /v1/pushNotification","","PUT /v1/pushNotification",""
"passed","Fri Sep 04 02:38:55 UTC 2026","Fri Sep 04 02:38:56 UTC 2026","691","Dolphin","Technical","","","productTextSearchSortTest","AI product text search recall: alternate sort",""
"failed","Fri Sep 04 02:30:42 UTC 2026","Fri Sep 04 02:30:42 UTC 2026","11","1.1 Team Hummingbird - BFF | WLW app","Technical Tests","conversation-controller","GET /public_api/conversation/userConversations/{userId}/unreadCount [NEG] Forbidden Role Token","","GET /public_api/conversation/userConversations/{userId}/unreadCount [NEG] Forbidden Role Token",""
"passed","Fri Sep 04 02:31:06 UTC 2026","Fri Sep 04 02:31:06 UTC 2026","27","1.1 Team Hummingbird - BFF | WLW app","Technical Tests","user-controller","PUT /public_api/user/userInfo [NEG] Forbidden Role Token","","PUT /public_api/user/userInfo [NEG] Forbidden Role Token",""
"failed","Fri Sep 04 02:29:42 UTC 2026","Fri Sep 04 02:29:42 UTC 2026","132","1 Team Hummingbird - BFF | EP app","Endpoint tests","Conversations","send file message","","send file message",""
"failed","Fri Sep 04 02:30:34 UTC 2026","Fri Sep 04 02:30:34 UTC 2026","10","1.1 Team Hummingbird - BFF | WLW app","Technical Tests","ai-company-search-controller","GET /public_api/search/ai/company/stream/mock [NEG] Expired Token","","GET /public_api/search/ai/company/stream/mock [NEG] Expired Token",""
"passed","Fri Sep 04 02:29:39 UTC 2026","Fri Sep 04 02:29:40 UTC 2026","211","1 Team Hummingbird - BFF | EP app","Endpoint tests","Company","branchIO dynamic link, share CPP","","branchIO dynamic link, share CPP",""
"failed","Fri Sep 04 02:30:39 UTC 2026","Fri Sep 04 02:30:39 UTC 2026","11","1.1 Team Hummingbird - BFF | WLW app","Technical Tests","conversation-controller","GET /public_api/conversation/userConversations/{conversationId}/messages [NEG] Expired Token","","GET /public_api/conversation/userConversations/{conversationId}/messages [NEG] Expired Token",""
"failed","Fri Sep 04 02:30:27 UTC 2026","Fri Sep 04 02:30:27 UTC 2026","66","1.1 Team Hummingbird - BFF | WLW app","Endpoint tests","Company","Company ID DE","","Company ID DE",""
"skipped","Fri Sep 04 02:29:17 UTC 2026","Fri Sep 04 02:29:17 UTC 2026","0","7. Team Pegasus | Pegasus Staging","Business Scenarios Tests","Supplier Registration","WLW - Lead create and update","","leads - Create a lead",""
"failed","Fri Sep 04 02:30:59 UTC 2026","Fri Sep 04 02:30:59 UTC 2026","10","1.1 Team Hummingbird - BFF | WLW app","Technical Tests","search-controller","GET /public_api/search/ai/termRecommend [NEG] Missing Auth/API-Key","","GET /public_api/search/ai/termRecommend [NEG] Missing Auth/API-Key",""
"passed","Fri Sep 04 02:29:37 UTC 2026","Fri Sep 04 02:29:37 UTC 2026","50","1 Team Hummingbird - BFF | EP app","Endpoint tests","User settings","user setting","","user setting",""
"failed","Fri Sep 04 02:28:39 UTC 2026","Fri Sep 04 02:28:39 UTC 2026","0","3 Team Techno - UCL","Functional Tests","Endpoint Tests","SponsoredBrand","","get SPB by id",""
"passed","Fri Sep 04 02:38:58 UTC 2026","Fri Sep 04 02:38:58 UTC 2026","80","Dolphin","Functional","","","EPZeroResultProductRecommendTest","Recommend products in 0 result search list page v1 -- ep",""
"broken","Fri Sep 04 02:34:42 UTC 2026","Fri Sep 04 02:35:02 UTC 2026","20012","Dolphin","Functional","","","recallPaidSupplierFilterTest","AI Search recall: paid supplier filter (verified=true)",""
"broken","Fri Sep 04 02:31:01 UTC 2026","Fri Sep 04 02:31:21 UTC 2026","20023","Dolphin","Functional","","","pvMatchTest","AI Search PV match (supplierAiMatch) API",""
"passed","Fri Sep 04 02:30:57 UTC 2026","Fri Sep 04 02:30:57 UTC 2026","29","1.1 Team Hummingbird - BFF | WLW app","Technical Tests","rfq-controller","POST /public_api/connect/purchaser/tenders/ [NEG] Forbidden Role Token","","POST /public_api/connect/purchaser/tenders/ [NEG] Forbidden Role Token",""
"failed","Fri Sep 04 02:30:43 UTC 2026","Fri Sep 04 02:30:43 UTC 2026","14","1.1 Team Hummingbird - BFF | WLW app","Technical Tests","conversation-controller","GET /public_api/conversation/userConversations/{conversationId}/file [NEG] Missing Auth/API-Key","","GET /public_api/conversation/userConversations/{conversationId}/file [NEG] Missing Auth/API-Key",""
"skipped","Fri Sep 04 02:29:17 UTC 2026","Fri Sep 04 02:29:17 UTC 2026","0","7. Team Pegasus | Pegasus Staging","Endpoints Tests","User & Company Context","User Profile Storage by uuid","","User Profile Storage by uuid",""
"skipped","Fri Sep 04 02:29:36 UTC 2026","Fri Sep 04 02:29:36 UTC 2026","0","1 Team Hummingbird - BFF | EP app","Technical Tests","(empty)","(empty)","","Technical Tests - empty",""
"passed","Fri Sep 04 02:30:29 UTC 2026","Fri Sep 04 02:30:29 UTC 2026","193","1.1 Team Hummingbird - BFF | WLW app","Endpoint tests","RFQ","post RFQ","","post RFQ",""
"failed","Fri Sep 04 02:28:37 UTC 2026","Fri Sep 04 02:28:37 UTC 2026","17","2 Team Dragon - BFF | RFQ Backend","Technical Tests","(root)","POST /v1/rfqs/{rfqId}/respond - Multipart Upload + Schema + Security","","POST /v1/rfqs/{rfqId}/respond - Multipart Upload + Schema + Security",""
"passed","Fri Sep 04 02:30:44 UTC 2026","Fri Sep 04 02:30:44 UTC 2026","29","1.1 Team Hummingbird - BFF | WLW app","Technical Tests","currency-exchange-controller","GET /exchange/fetch-rates [NEG] Forbidden Role Token","","GET /exchange/fetch-rates [NEG] Forbidden Role Token",""
"passed","Fri Sep 04 02:30:40 UTC 2026","Fri Sep 04 02:30:40 UTC 2026","30","1.1 Team Hummingbird - BFF | WLW app","Technical Tests","conversation-controller","POST /public_api/conversation/userConversations/{conversationId}/messages [NEG] Forbidden Role Token","","POST /public_api/conversation/userConversations/{conversationId}/messages [NEG] Forbidden Role Token",""
"failed","Fri Sep 04 02:28:40 UTC 2026","Fri Sep 04 02:28:40 UTC 2026","0","3 Team Techno - UCL","Technical Tests","WebsiteLead","GET /unified_commercial_logic/internal_api/api/website_lead/{id} - Retrieve WebsiteLead By ID","","GET /unified_commercial_logic/internal_api/api/website_lead/{id} - Retrieve WebsiteLead By ID",""
"skipped","Fri Sep 04 02:29:17 UTC 2026","Fri Sep 04 02:29:17 UTC 2026","0","7. Team Pegasus | Pegasus Staging","Endpoints Tests","Supplier Registration","Manual VAT check","","Import vat",""
"passed","Fri Sep 04 02:30:54 UTC 2026","Fri Sep 04 02:30:54 UTC 2026","16","1.1 Team Hummingbird - BFF | WLW app","Technical Tests","purchaser-user-setting-controller","POST /userSetting/ [NEG] Missing Auth/API-Key","","POST /userSetting/ [NEG] Missing Auth/API-Key",""
"passed","Fri Sep 04 02:29:36 UTC 2026","Fri Sep 04 02:29:37 UTC 2026","787","1 Team Hummingbird - BFF | EP app","Endpoint tests","Login","native email login","","native email login",""
"passed","Fri Sep 04 02:30:47 UTC 2026","Fri Sep 04 02:30:47 UTC 2026","33","1.1 Team Hummingbird - BFF | WLW app","Technical Tests","feedback-controller","GET /feedback/subject [NEG] Forbidden Role Token","","GET /feedback/subject [NEG] Forbidden Role Token",""
"passed","Fri Sep 04 02:30:50 UTC 2026","Fri Sep 04 02:30:50 UTC 2026","28","1.1 Team Hummingbird - BFF | WLW app","Technical Tests","login-controller","POST /public_api/auth/code/resend [NEG] Forbidden Role Token","","POST /public_api/auth/code/resend [NEG] Forbidden Role Token",""
"failed","Fri Sep 04 02:30:56 UTC 2026","Fri Sep 04 02:30:56 UTC 2026","12","1.1 Team Hummingbird - BFF | WLW app","Technical Tests","push-notification-by-email-controller","PUT /v1/pushNotification [NEG] Missing Auth/API-Key","","PUT /v1/pushNotification [NEG] Missing Auth/API-Key",""
"skipped","Fri Sep 04 02:29:17 UTC 2026","Fri Sep 04 02:29:17 UTC 2026","0","7. Team Pegasus | Pegasus Staging","Endpoints Tests","Shop Import & Onboarding Backend","offers/subCategories","","offers/subCategories",""
"failed","Fri Sep 04 02:28:46 UTC 2026","Fri Sep 04 02:28:46 UTC 2026","0","3 Team Techno - UCL","Technical Tests","Membership","GET /unified_commercial_logic/internal_api/api/membership/{id} - Retrieve Membership fields By ID","","GET /unified_commercial_logic/internal_api/api/membership/{id} - Retrieve Membership fields By ID",""
"passed","Fri Sep 04 02:31:05 UTC 2026","Fri Sep 04 02:31:05 UTC 2026","29","1.1 Team Hummingbird - BFF | WLW app","Technical Tests","trending-products-controller","GET /public_api/trending/notifications [NEG] Expired Token","","GET /public_api/trending/notifications [NEG] Expired Token",""
"failed","Fri Sep 04 02:30:54 UTC 2026","Fri Sep 04 02:30:54 UTC 2026","13","1.1 Team Hummingbird - BFF | WLW app","Technical Tests","purchaser-user-setting-controller","GET /userSetting","","GET /userSetting",""
"failed","Fri Sep 04 02:30:34 UTC 2026","Fri Sep 04 02:30:34 UTC 2026","13","1.1 Team Hummingbird - BFF | WLW app","Technical Tests","categories-controller","GET /preferred/categories","","GET /preferred/categories",""
"skipped","Fri Sep 04 02:29:17 UTC 2026","Fri Sep 04 02:29:17 UTC 2026","0","7. Team Pegasus | Pegasus Staging","Spike | Profiles link user to company","(root)","06 PATCH — Link company to profile","","06 PATCH — Link company to profile",""
"failed","Fri Sep 04 02:28:46 UTC 2026","Fri Sep 04 02:28:46 UTC 2026","0","3 Team Techno - UCL","Technical Tests","Organization","GET /unified_commercial_logic/internal_api/api/organization - Retrieve Organization List","","GET /unified_commercial_logic/internal_api/api/organization - Retrieve Organization List",""
"passed","Fri Sep 04 02:30:44 UTC 2026","Fri Sep 04 02:30:44 UTC 2026","15","1.1 Team Hummingbird - BFF | WLW app","Technical Tests","currency-exchange-controller","GET /exchange/fetch-rates [NEG] Missing Auth/API-Key","","GET /exchange/fetch-rates [NEG] Missing Auth/API-Key",""
"passed","Fri Sep 04 02:38:59 UTC 2026","Fri Sep 04 02:38:59 UTC 2026","35","Dolphin","Functional","","","getCategoryListWlwTest","v-recommend category list -- wlw, full categories",""
"skipped","Fri Sep 04 02:29:17 UTC 2026","Fri Sep 04 02:29:17 UTC 2026","0","7. Team Pegasus | Pegasus Staging","Spike | Profiles link user to company","(root)","02 POST — Create company (Supplier Facts)","","02 POST — Create company (Supplier Facts)",""
"passed","Fri Sep 04 02:30:27 UTC 2026","Fri Sep 04 02:30:27 UTC 2026","56","1.1 Team Hummingbird - BFF | WLW app","Endpoint tests","Company","search company products","","search company products",""
"skipped","Fri Sep 04 02:29:17 UTC 2026","Fri Sep 04 02:29:17 UTC 2026","0","7. Team Pegasus | Pegasus Staging","Endpoints Tests","Membership Management (PGS-861)","GET — Verify UTM in supplier-facts","","GET — Verify UTM in supplier-facts",""
"passed","Fri Sep 04 02:30:27 UTC 2026","Fri Sep 04 02:30:27 UTC 2026","75","1.1 Team Hummingbird - BFF | WLW app","Endpoint tests","Company","Company ID EN","","Company ID EN",""
"failed","Fri Sep 04 02:29:23 UTC 2026","Fri Sep 04 02:29:23 UTC 2026","48","4. Team CRM |CRM Staging","Endpoints Tests","(root)","resolve individual id bulk","","resolve individual id bulk",""
"broken","Fri Sep 04 02:31:01 UTC 2026","Fri Sep 04 02:31:21 UTC 2026","20023","Dolphin","Technical","","","pvMatchTest","AI Search PV match (supplierAiMatch) API",""
"skipped","Fri Sep 04 02:29:17 UTC 2026","Fri Sep 04 02:29:17 UTC 2026","0","7. Team Pegasus | Pegasus Staging","Endpoints Tests","Supplier Registration","WLW","","categories - Endpoints for retrieving categories",""
"failed","Fri Sep 04 02:28:39 UTC 2026","Fri Sep 04 02:28:39 UTC 2026","0","3 Team Techno - UCL","Functional Tests","Endpoint Tests","SponsoredBrand","","get active SPB by uuid",""
"passed","Fri Sep 04 02:29:40 UTC 2026","Fri Sep 04 02:29:40 UTC 2026","53","1 Team Hummingbird - BFF | EP app","Endpoint tests","Search","search autoComplete FR","","search autoComplete FR",""
"passed","Fri Sep 04 02:30:30 UTC 2026","Fri Sep 04 02:30:31 UTC 2026","406","1.1 Team Hummingbird - BFF | WLW app","Endpoint tests","Conversations","conversation/messages","","conversation/messages",""
"skipped","Fri Sep 04 02:29:17 UTC 2026","Fri Sep 04 02:29:17 UTC 2026","0","7. Team Pegasus | Pegasus Staging","Endpoints Tests","Business Insights","Visitor","","Visitor",""
"failed","Fri Sep 04 02:31:01 UTC 2026","Fri Sep 04 02:31:01 UTC 2026","10","1.1 Team Hummingbird - BFF | WLW app","Technical Tests","search-controller","GET /public_api/categories/recommendations [NEG] Forbidden Role Token","","GET /public_api/categories/recommendations [NEG] Forbidden Role Token",""
"passed","Fri Sep 04 02:30:33 UTC 2026","Fri Sep 04 02:30:33 UTC 2026","44","1.1 Team Hummingbird - BFF | WLW app","Technical Tests","ai-company-search-controller","POST /public_api/search/ai/supplier/pv-match [NEG] Missing Auth/API-Key","","POST /public_api/search/ai/supplier/pv-match [NEG] Missing Auth/API-Key",""
"passed","Fri Sep 04 02:29:36 UTC 2026","Fri Sep 04 02:29:37 UTC 2026","418","1 Team Hummingbird - BFF | EP app","Endpoint tests","Login","native email login purchaser","","native email login purchaser",""
"passed","Fri Sep 04 02:30:50 UTC 2026","Fri Sep 04 02:30:50 UTC 2026","16","1.1 Team Hummingbird - BFF | WLW app","Technical Tests","login-controller","POST /public_api/auth/code/resend [NEG] Missing Auth/API-Key","","POST /public_api/auth/code/resend [NEG] Missing Auth/API-Key",""
"broken","Fri Sep 04 02:32:01 UTC 2026","Fri Sep 04 02:32:21 UTC 2026","20017","Dolphin","Technical","","","recallCountryFilterTest","AI Search recall: country filter DE",""
"passed","Fri Sep 04 02:30:44 UTC 2026","Fri Sep 04 02:30:44 UTC 2026","29","1.1 Team Hummingbird - BFF | WLW app","Technical Tests","dynamic-links-controller","POST /public_api/branchio/dynamiclink","","POST /public_api/branchio/dynamiclink",""
"passed","Fri Sep 04 02:30:35 UTC 2026","Fri Sep 04 02:30:35 UTC 2026","37","1.1 Team Hummingbird - BFF | WLW app","Technical Tests","categories-controller","GET /preferred/categories [SEC] Injection Probe","","GET /preferred/categories [SEC] Injection Probe",""
"passed","Fri Sep 04 02:28:49 UTC 2026","Fri Sep 04 02:28:49 UTC 2026","287","Arise","Technical","","","skwd","skwd",""
"skipped","Fri Sep 04 02:29:17 UTC 2026","Fri Sep 04 02:29:17 UTC 2026","0","7. Team Pegasus | Pegasus Staging","Business Scenarios Tests","Supplier Facts","API register, publish, and verify in UI","","4. Publish company (PATCH supplier-facts)",""
"skipped","Fri Sep 04 02:29:17 UTC 2026","Fri Sep 04 02:29:17 UTC 2026","0","7. Team Pegasus | Pegasus Staging","Endpoints Tests","Shop Import & Onboarding Backend","/offers/keywordSuggestion","","/offers/keywordSuggestion",""
"passed","Fri Sep 04 02:30:40 UTC 2026","Fri Sep 04 02:30:40 UTC 2026","17","1.1 Team Hummingbird - BFF | WLW app","Technical Tests","conversation-controller","POST /public_api/conversation/userConversations/{conversationId}/messages/file/ [NEG] Missing Auth/API-Key","","POST /public_api/conversation/userConversations/{conversationId}/messages/file/ [NEG] Missing Auth/API-Key",""
"passed","Fri Sep 04 02:30:28 UTC 2026","Fri Sep 04 02:30:28 UTC 2026","54","1.1 Team Hummingbird - BFF | WLW app","Endpoint tests","Search","search autoComplete DE","","search autoComplete DE",""
"skipped","Fri Sep 04 02:29:17 UTC 2026","Fri Sep 04 02:29:17 UTC 2026","0","7. Team Pegasus | Pegasus Staging","Endpoints Tests","Shop Import & Onboarding Backend","/offers/categoryProperties","","/offers/categoryProperties",""
"failed","Fri Sep 04 02:31:02 UTC 2026","Fri Sep 04 02:31:02 UTC 2026","12","1.1 Team Hummingbird - BFF | WLW app","Technical Tests","search-term-controller","POST /public_api/search/track [NEG] Forbidden Role Token","","POST /public_api/search/track [NEG] Forbidden Role Token",""
"passed","Fri Sep 04 02:29:40 UTC 2026","Fri Sep 04 02:29:40 UTC 2026","271","1 Team Hummingbird - BFF | EP app","Endpoint tests","Company","branchIO dynamic link, share PDP","","branchIO dynamic link, share PDP",""
"skipped","Fri Sep 04 02:29:17 UTC 2026","Fri Sep 04 02:29:17 UTC 2026","0","7. Team Pegasus | Pegasus Staging","Business Scenarios Tests","Visitors","Statistics visitor drill-down","","CSV creation",""
"passed","Fri Sep 04 02:28:37 UTC 2026","Fri Sep 04 02:28:37 UTC 2026","30","2 Team Dragon - BFF | RFQ Backend","Functional Tests","(root)","Assertions Summary (Doc)","","Assertions Summary (Doc)",""
"skipped","Fri Sep 04 02:29:17 UTC 2026","Fri Sep 04 02:29:17 UTC 2026","0","7. Team Pegasus | Pegasus Staging","Business Scenarios Tests","Business Insights","Dashboard smoke flow","","Admin BI",""
"failed","Fri Sep 04 02:28:48 UTC 2026","Fri Sep 04 02:28:48 UTC 2026","0","3 Team Techno - UCL","Technical Tests","Membership","GET /unified_commercial_logic/internal_api/api/membership/ - Retrieve Membership List","","GET /unified_commercial_logic/internal_api/api/membership/ - Retrieve Membership List",""
"failed","Fri Sep 04 02:29:18 UTC 2026","Fri Sep 04 02:29:18 UTC 2026","80","4. Team CRM |CRM Staging","Business Scenarios Tests","Account","Dunning level 1","","Dunning level 1",""
"failed","Fri Sep 04 02:30:52 UTC 2026","Fri Sep 04 02:30:52 UTC 2026","11","1.1 Team Hummingbird - BFF | WLW app","Technical Tests","product-controller","GET /public_api/products [SEC] Injection Probe","","GET /public_api/products [SEC] Injection Probe",""
"skipped","Fri Sep 04 02:29:17 UTC 2026","Fri Sep 04 02:29:17 UTC 2026","0","7. Team Pegasus | Pegasus Staging","Endpoints Tests","Visitors","Elixir (supplier-app)","","Visitor details",""
"failed","Fri Sep 04 02:31:02 UTC 2026","Fri Sep 04 02:31:02 UTC 2026","13","1.1 Team Hummingbird - BFF | WLW app","Technical Tests","supplier-visitors-controller","GET /public_api/suppliers/{supplier_id}/visits","","GET /public_api/suppliers/{supplier_id}/visits",""
"failed","Fri Sep 04 02:28:43 UTC 2026","Fri Sep 04 02:28:43 UTC 2026","0","3 Team Techno - UCL","Technical Tests","SponsoredBrand","GET /unified_commercial_logic/internal_api/api/sponsored_brand_v1/ - Retrieve SponsoredBrandV1 List","","GET /unified_commercial_logic/internal_api/api/sponsored_brand_v1/ - Retrieve SponsoredBrandV1 List",""
"failed","Fri Sep 04 02:31:02 UTC 2026","Fri Sep 04 02:31:02 UTC 2026","13","1.1 Team Hummingbird - BFF | WLW app","Technical Tests","search-term-controller","POST /public_api/search/track [NEG] Missing Auth/API-Key","","POST /public_api/search/track [NEG] Missing Auth/API-Key",""
"failed","Fri Sep 04 02:28:41 UTC 2026","Fri Sep 04 02:28:41 UTC 2026","0","3 Team Techno - UCL","Technical Tests","TopRanking","GET /unified_commercial_logic/internal_api/api/top_ranking_v1/{id} - Retrieve TopRankingV1 By ID","","GET /unified_commercial_logic/internal_api/api/top_ranking_v1/{id} - Retrieve TopRankingV1 By ID",""
"broken","Fri Sep 04 02:37:43 UTC 2026","Fri Sep 04 02:38:03 UTC 2026","20017","Dolphin","Technical","","","termRecommendTest","AI Search term recommend API",""
"passed","Fri Sep 04 02:31:05 UTC 2026","Fri Sep 04 02:31:05 UTC 2026","27","1.1 Team Hummingbird - BFF | WLW app","Technical Tests","trending-products-controller","GET /public_api/trending/notifications [NEG] Forbidden Role Token","","GET /public_api/trending/notifications [NEG] Forbidden Role Token",""
"failed","Fri Sep 04 02:30:31 UTC 2026","Fri Sep 04 02:30:31 UTC 2026","102","1.1 Team Hummingbird - BFF | WLW app","Endpoint tests","Conversations","Decline RFQ","","Decline RFQ",""
"skipped","Fri Sep 04 02:29:17 UTC 2026","Fri Sep 04 02:29:17 UTC 2026","0","4. Team CRM |CRM Staging","Endpoints Tests","Users","Quotes","","Endpoints Tests / Users / Quotes - empty",""
"passed","Fri Sep 04 02:30:49 UTC 2026","Fri Sep 04 02:30:49 UTC 2026","31","1.1 Team Hummingbird - BFF | WLW app","Technical Tests","login-controller","POST /public_api/auth/registration","","POST /public_api/auth/registration",""
"failed","Fri Sep 04 02:28:44 UTC 2026","Fri Sep 04 02:28:44 UTC 2026","0","3 Team Techno - UCL","Technical Tests","Retargeting","GET /unified_commercial_logic/internal_api/api/retargeting - Retrieve Retargeting List","","GET /unified_commercial_logic/internal_api/api/retargeting - Retrieve Retargeting List",""
"failed","Fri Sep 04 02:30:41 UTC 2026","Fri Sep 04 02:30:41 UTC 2026","10","1.1 Team Hummingbird - BFF | WLW app","Technical Tests","conversation-controller","GET /public_api/conversation/userConversations [NEG] Expired Token","","GET /public_api/conversation/userConversations [NEG] Expired Token",""
"failed","Fri Sep 04 02:30:42 UTC 2026","Fri Sep 04 02:30:42 UTC 2026","11","1.1 Team Hummingbird - BFF | WLW app","Technical Tests","conversation-controller","GET /public_api/conversation/userConversations/{userId}/unreadCount/ [NEG] Forbidden Role Token","","GET /public_api/conversation/userConversations/{userId}/unreadCount/ [NEG] Forbidden Role Token",""
"passed","Fri Sep 04 02:30:57 UTC 2026","Fri Sep 04 02:30:57 UTC 2026","29","1.1 Team Hummingbird - BFF | WLW app","Technical Tests","rfq-marketing-controller","POST /public_api/rfq-marketing/trigger [NEG] Expired Token","","POST /public_api/rfq-marketing/trigger [NEG] Expired Token",""
"failed","Fri Sep 04 02:30:33 UTC 2026","Fri Sep 04 02:30:33 UTC 2026","11","1.1 Team Hummingbird - BFF | WLW app","Technical Tests","ai-company-search-controller","GET /public_api/search/ai/company/search [NEG] Missing Auth/API-Key","","GET /public_api/search/ai/company/search [NEG] Missing Auth/API-Key",""
"passed","Fri Sep 04 02:29:42 UTC 2026","Fri Sep 04 02:29:43 UTC 2026","536","1 Team Hummingbird - BFF | EP app","Endpoint tests","Conversations","new message","","new message",""
"skipped","Fri Sep 04 02:29:17 UTC 2026","Fri Sep 04 02:29:17 UTC 2026","0","7. Team Pegasus | Pegasus Staging","Endpoints Tests","Business Insights","Admin BIOPS imports","","Admin BIOPS imports",""
"skipped","Fri Sep 04 02:29:17 UTC 2026","Fri Sep 04 02:29:17 UTC 2026","0","7. Team Pegasus | Pegasus Staging","Endpoints Tests","Business Insights","Subscription","","Subscription",""
"failed","Fri Sep 04 02:29:23 UTC 2026","Fri Sep 04 02:29:23 UTC 2026","48","4. Team CRM |CRM Staging","Endpoints Tests","(root)","Update WLW Connect Counters with id","","Update WLW Connect Counters with id",""
"failed","Fri Sep 04 02:28:45 UTC 2026","Fri Sep 04 02:28:45 UTC 2026","0","3 Team Techno - UCL","Technical Tests","Organization","GET /unified_commercial_logic/internal_api/api/organization - Retrieve Organization List","","GET /unified_commercial_logic/internal_api/api/organization - Retrieve Organization List",""
"passed","Fri Sep 04 02:30:28 UTC 2026","Fri Sep 04 02:30:29 UTC 2026","797","1.1 Team Hummingbird - BFF | WLW app","Endpoint tests","Search","search companies DE","","search companies DE",""
"failed","Fri Sep 04 02:28:39 UTC 2026","Fri Sep 04 02:28:39 UTC 2026","0","3 Team Techno - UCL","Functional Tests","Endpoint Tests","GoogleAd","","get active googleAd for the given uuid",""
"passed","Fri Sep 04 02:38:50 UTC 2026","Fri Sep 04 02:38:51 UTC 2026","1307","Dolphin","Technical","","","productTextSearchPageSizeCapTest","AI product text search recall: pageSize over max capped",""
"failed","Fri Sep 04 02:28:41 UTC 2026","Fri Sep 04 02:28:41 UTC 2026","0","3 Team Techno - UCL","Technical Tests","WebsiteLead","GET /unified_commercial_logic/internal_api/api/website_lead/ - Retrieve WebsiteLead List","","GET /unified_commercial_logic/internal_api/api/website_lead/ - Retrieve WebsiteLead List",""
"failed","Fri Sep 04 02:30:58 UTC 2026","Fri Sep 04 02:30:58 UTC 2026","13","1.1 Team Hummingbird - BFF | WLW app","Technical Tests","search-controller","GET /public_api/search/products [NEG] Missing Auth/API-Key","","GET /public_api/search/products [NEG] Missing Auth/API-Key",""
"passed","Fri Sep 04 02:30:34 UTC 2026","Fri Sep 04 02:30:34 UTC 2026","19","1.1 Team Hummingbird - BFF | WLW app","Technical Tests","ai-company-search-controller","POST /public_api/search/ai/company/search [NEG] Missing Auth/API-Key","","POST /public_api/search/ai/company/search [NEG] Missing Auth/API-Key",""
"passed","Fri Sep 04 02:30:45 UTC 2026","Fri Sep 04 02:30:45 UTC 2026","30","1.1 Team Hummingbird - BFF | WLW app","Technical Tests","euro-pages-controller","PUT /public_api/euro-pages/auth/delete","","PUT /public_api/euro-pages/auth/delete",""
"passed","Fri Sep 04 02:30:40 UTC 2026","Fri Sep 04 02:30:40 UTC 2026","16","1.1 Team Hummingbird - BFF | WLW app","Technical Tests","conversation-controller","POST /public_api/conversation/userConversations/{conversationId}/messages/{messageId}/translate [NEG] Missing Auth/API-Key","","POST /public_api/conversation/userConversations/{conversationId}/messages/{messageId}/translate [NEG] Missing Auth/API-Key",""
"failed","Fri Sep 04 02:30:56 UTC 2026","Fri Sep 04 02:30:56 UTC 2026","10","1.1 Team Hummingbird - BFF | WLW app","Technical Tests","push-notification-by-email-controller","PUT /v1/pushNotification [NEG] Expired Token","","PUT /v1/pushNotification [NEG] Expired Token",""
"skipped","Fri Sep 04 02:29:17 UTC 2026","Fri Sep 04 02:29:17 UTC 2026","0","7. Team Pegasus | Pegasus Staging","Endpoints Tests","Supplier Registration","EP","","vat/check - Validate VAT number",""
"failed","Fri Sep 04 02:28:44 UTC 2026","Fri Sep 04 02:28:44 UTC 2026","0","3 Team Techno - UCL","Technical Tests","Retargeting","GET /unified_commercial_logic/internal_api/api/retargeting - Retrieve Retargeting List","","GET /unified_commercial_logic/internal_api/api/retargeting - Retrieve Retargeting List",""
"failed","Fri Sep 04 02:30:51 UTC 2026","Fri Sep 04 02:30:51 UTC 2026","11","1.1 Team Hummingbird - BFF | WLW app","Technical Tests","product-controller","GET /public_api/products","","GET /public_api/products",""
"passed","Fri Sep 04 02:30:54 UTC 2026","Fri Sep 04 02:30:54 UTC 2026","28","1.1 Team Hummingbird - BFF | WLW app","Technical Tests","purchaser-user-setting-controller","POST /userSetting/ [NEG] Forbidden Role Token","","POST /userSetting/ [NEG] Forbidden Role Token",""
"failed","Fri Sep 04 02:28:40 UTC 2026","Fri Sep 04 02:28:40 UTC 2026","0","3 Team Techno - UCL","Functional Tests","Endpoint Tests","GoogleAd","","get active googleAd for the given uuid",""
"passed","Fri Sep 04 02:30:59 UTC 2026","Fri Sep 04 02:30:59 UTC 2026","32","1.1 Team Hummingbird - BFF | WLW app","Technical Tests","search-controller","GET /public_api/search/products [SEC] Injection Probe","","GET /public_api/search/products [SEC] Injection Probe",""
"passed","Fri Sep 04 02:30:35 UTC 2026","Fri Sep 04 02:30:35 UTC 2026","42","1.1 Team Hummingbird - BFF | WLW app","Technical Tests","categories-controller","GET /public_api/categories/homepage","","GET /public_api/categories/homepage",""
"failed","Fri Sep 04 02:30:38 UTC 2026","Fri Sep 04 02:30:38 UTC 2026","11","1.1 Team Hummingbird - BFF | WLW app","Technical Tests","conversation-controller","PUT /public_api/conversation/userConversations/{conversationId}/messages/markAsRead [NEG] Missing Auth/API-Key","","PUT /public_api/conversation/userConversations/{conversationId}/messages/markAsRead [NEG] Missing Auth/API-Key",""
"failed","Fri Sep 04 02:28:48 UTC 2026","Fri Sep 04 02:28:48 UTC 2026","0","3 Team Techno - UCL","Technical Tests","GoogleAd","GET /unified_commercial_logic/internal_api/api/google_ad/{id} - Retrieve GoogleAd By ID","","GET /unified_commercial_logic/internal_api/api/google_ad/{id} - Retrieve GoogleAd By ID",""
"failed","Fri Sep 04 02:28:40 UTC 2026","Fri Sep 04 02:28:40 UTC 2026","0","3 Team Techno - UCL","Functional Tests","Endpoint Tests","Retargeting","","get active retargeting for the given uuid",""
"failed","Fri Sep 04 02:29:18 UTC 2026","Fri Sep 04 02:29:18 UTC 2026","81","4. Team CRM |CRM Staging","Business Scenarios Tests","Account","Update Account","","Update Account",""
"passed","Fri Sep 04 02:31:02 UTC 2026","Fri Sep 04 02:31:02 UTC 2026","30","1.1 Team Hummingbird - BFF | WLW app","Technical Tests","search-term-controller","PUT /public_api/search/notification-opened [NEG] Forbidden Role Token","","PUT /public_api/search/notification-opened [NEG] Forbidden Role Token",""
"failed","Fri Sep 04 02:28:44 UTC 2026","Fri Sep 04 02:28:44 UTC 2026","0","3 Team Techno - UCL","Technical Tests","Retargeting","GET /unified_commercial_logic/internal_api/api/retargeting - Retrieve Retargeting List","","GET /unified_commercial_logic/internal_api/api/retargeting - Retrieve Retargeting List",""
"failed","Fri Sep 04 02:28:36 UTC 2026","Fri Sep 04 02:28:36 UTC 2026","130","2 Team Dragon - BFF | RFQ Backend","Functional Tests","(root)","POST /v1/rfqs/{rfqId}/respond - Success","","POST /v1/rfqs/{rfqId}/respond - Success",""
"failed","Fri Sep 04 02:29:20 UTC 2026","Fri Sep 04 02:29:20 UTC 2026","37","4. Team CRM |CRM Staging","Business Scenarios Tests","Lead","Lead-duplicateCheck - with dulicates","","Lead-duplicateCheck - with dulicates",""
"failed","Fri Sep 04 02:29:42 UTC 2026","Fri Sep 04 02:29:42 UTC 2026","445","1 Team Hummingbird - BFF | EP app","Endpoint tests","Contact request","Other request","","Other request",""
"passed","Fri Sep 04 02:38:44 UTC 2026","Fri Sep 04 02:38:45 UTC 2026","1242","Dolphin","Functional","","","productTextSearchCountryFilterTest","AI product text search recall: country filter DE",""
"failed","Fri Sep 04 02:30:38 UTC 2026","Fri Sep 04 02:30:38 UTC 2026","15","1.1 Team Hummingbird - BFF | WLW app","Technical Tests","conversation-controller","PUT /public_api/conversation/userConversations/{conversationId}/messages/markAsRead [NEG] Expired Token","","PUT /public_api/conversation/userConversations/{conversationId}/messages/markAsRead [NEG] Expired Token",""
"passed","Fri Sep 04 02:31:05 UTC 2026","Fri Sep 04 02:31:05 UTC 2026","28","1.1 Team Hummingbird - BFF | WLW app","Technical Tests","user-controller","PUT /public_api/user/userInfo","","PUT /public_api/user/userInfo",""
"passed","Fri Sep 04 02:30:44 UTC 2026","Fri Sep 04 02:30:44 UTC 2026","30","1.1 Team Hummingbird - BFF | WLW app","Technical Tests","currency-exchange-controller","GET /exchange/fetch-rates [NEG] Expired Token","","GET /exchange/fetch-rates [NEG] Expired Token",""
"skipped","Fri Sep 04 02:29:17 UTC 2026","Fri Sep 04 02:29:17 UTC 2026","0","7. Team Pegasus | Pegasus Staging","Endpoints Tests","Business Insights","Sister platform","","Sister platform",""
"skipped","Fri Sep 04 02:29:17 UTC 2026","Fri Sep 04 02:29:17 UTC 2026","0","7. Team Pegasus | Pegasus Staging","Endpoints Tests","Shop Import & Onboarding Backend","/offers/fetchCategory","","/offers/fetchCategory",""
"passed","Fri Sep 04 02:30:47 UTC 2026","Fri Sep 04 02:30:47 UTC 2026","32","1.1 Team Hummingbird - BFF | WLW app","Technical Tests","inside-business-controller","GET /public_api/inside_business [NEG] Expired Token","","GET /public_api/inside_business [NEG] Expired Token",""
"failed","Fri Sep 04 02:30:42 UTC 2026","Fri Sep 04 02:30:42 UTC 2026","11","1.1 Team Hummingbird - BFF | WLW app","Technical Tests","conversation-controller","GET /public_api/conversation/userConversations/{userId}/unreadCount/ [NEG] Expired Token","","GET /public_api/conversation/userConversations/{userId}/unreadCount/ [NEG] Expired Token",""
"passed","Fri Sep 04 02:30:26 UTC 2026","Fri Sep 04 02:30:26 UTC 2026","13","1.1 Team Hummingbird - BFF | WLW app","Endpoint tests","Support","Supportmasterdata_FR","","Supportmasterdata_FR",""
"broken","Fri Sep 04 02:33:42 UTC 2026","Fri Sep 04 02:34:02 UTC 2026","20022","Dolphin","Technical","","","recallPageSizeOverMaxTest","AI Search recall: pageSize over max capped",""
"failed","Fri Sep 04 02:28:47 UTC 2026","Fri Sep 04 02:28:47 UTC 2026","0","3 Team Techno - UCL","Technical Tests","Membership","GET /unified_commercial_logic/internal_api/api/membership/find_by_id/{id} - Retrieve Membership By ID","","GET /unified_commercial_logic/internal_api/api/membership/find_by_id/{id} - Retrieve Membership By ID",""
"passed","Fri Sep 04 02:30:49 UTC 2026","Fri Sep 04 02:30:49 UTC 2026","15","1.1 Team Hummingbird - BFF | WLW app","Technical Tests","login-controller","POST /public_api/auth/password/login [NEG] Missing Auth/API-Key","","POST /public_api/auth/password/login [NEG] Missing Auth/API-Key",""
"passed","Fri Sep 04 02:38:46 UTC 2026","Fri Sep 04 02:38:48 UTC 2026","1454","Dolphin","Technical","","","productTextSearchLongQueryTest","AI product text search recall: long query truncated",""
"failed","Fri Sep 04 02:31:04 UTC 2026","Fri Sep 04 02:31:04 UTC 2026","11","1.1 Team Hummingbird - BFF | WLW app","Technical Tests","trending-products-controller","GET /public_api/trending/products [NEG] Expired Token","","GET /public_api/trending/products [NEG] Expired Token",""
"passed","Fri Sep 04 02:30:46 UTC 2026","Fri Sep 04 02:30:46 UTC 2026","30","1.1 Team Hummingbird - BFF | WLW app","Technical Tests","feedback-controller","POST /v1/feedback [NEG] Forbidden Role Token","","POST /v1/feedback [NEG] Forbidden Role Token",""
"passed","Fri Sep 04 02:29:20 UTC 2026","Fri Sep 04 02:29:20 UTC 2026","41","4. Team CRM |CRM Staging","Business Scenarios Tests","Lead","Smoke test for Conversion","","Smoke test for Conversion",""
"failed","Fri Sep 04 02:28:45 UTC 2026","Fri Sep 04 02:28:45 UTC 2026","0","3 Team Techno - UCL","Technical Tests","Retargeting","GET /unified_commercial_logic/internal_api/api/retargeting/ - Retrieve Retargeting List","","GET /unified_commercial_logic/internal_api/api/retargeting/ - Retrieve Retargeting List",""
"broken","Fri Sep 04 02:33:01 UTC 2026","Fri Sep 04 02:33:21 UTC 2026","20021","Dolphin","Technical","","","recallMissingRequestIdTest","AI Search recall: missing requestId still success",""
"passed","Fri Sep 04 02:29:19 UTC 2026","Fri Sep 04 02:29:19 UTC 2026","41","4. Team CRM |CRM Staging","Business Scenarios Tests","Create and edit a contact","Check Contact","","Check Contact",""
"failed","Fri Sep 04 02:29:43 UTC 2026","Fri Sep 04 02:29:47 UTC 2026","4078","1 Team Hummingbird - BFF | EP app","Endpoint tests","Conversations","unread count","","unread count",""
"passed","Fri Sep 04 02:38:58 UTC 2026","Fri Sep 04 02:38:58 UTC 2026","85","Dolphin","Functional","","","EPSameStoreProductRecommendTest","product same store recommend -- ep",""
"passed","Fri Sep 04 02:30:26 UTC 2026","Fri Sep 04 02:30:26 UTC 2026","15","1.1 Team Hummingbird - BFF | WLW app","Endpoint tests","Support","FAQ Alibaba","","FAQ Alibaba",""
"skipped","Fri Sep 04 02:29:17 UTC 2026","Fri Sep 04 02:29:17 UTC 2026","0","7. Team Pegasus | Pegasus Staging","Endpoints Tests","User & Company Context","UCL Organizations","","UCL Organizations",""
"passed","Fri Sep 04 02:28:37 UTC 2026","Fri Sep 04 02:28:37 UTC 2026","33","2 Team Dragon - BFF | RFQ Backend","Technical Tests","(root)","GET /v1/rfqs/{rfqId} - Details (Schema + Auth Orchestration)","","GET /v1/rfqs/{rfqId} - Details (Schema + Auth Orchestration)",""
"failed","Fri Sep 04 02:31:04 UTC 2026","Fri Sep 04 02:31:04 UTC 2026","9","1.1 Team Hummingbird - BFF | WLW app","Technical Tests","trending-products-controller","GET /public_api/trending/products [NEG] Missing Auth/API-Key","","GET /public_api/trending/products [NEG] Missing Auth/API-Key",""
"passed","Fri Sep 04 02:30:46 UTC 2026","Fri Sep 04 02:30:46 UTC 2026","21","1.1 Team Hummingbird - BFF | WLW app","Technical Tests","feedback-controller","POST /v1/feedback [NEG] Missing Auth/API-Key","","POST /v1/feedback [NEG] Missing Auth/API-Key",""
"failed","Fri Sep 04 02:28:43 UTC 2026","Fri Sep 04 02:28:43 UTC 2026","0","3 Team Techno - UCL","Technical Tests","SponsoredBrand","GET /unified_commercial_logic/internal_api/api/sponsored_brand_v1/ - Retrieve SponsoredBrandV1 List","","GET /unified_commercial_logic/internal_api/api/sponsored_brand_v1/ - Retrieve SponsoredBrandV1 List",""
"failed","Fri Sep 04 02:30:43 UTC 2026","Fri Sep 04 02:30:43 UTC 2026","11","1.1 Team Hummingbird - BFF | WLW app","Technical Tests","conversation-controller","GET /public_api/conversation/userConversations/{conversationId}/file [NEG] Expired Token","","GET /public_api/conversation/userConversations/{conversationId}/file [NEG] Expired Token",""
"skipped","Fri Sep 04 02:29:17 UTC 2026","Fri Sep 04 02:29:17 UTC 2026","0","7. Team Pegasus | Pegasus Staging","Spike | Profiles link user to company","(root)","09 MANUAL — my-account supplier page (browser)","","09 MANUAL — my-account supplier page (browser)",""
"passed","Fri Sep 04 02:30:25 UTC 2026","Fri Sep 04 02:30:25 UTC 2026","114","1.1 Team Hummingbird - BFF | WLW app","Endpoint tests","User settings","user setting","","user setting",""
"passed","Fri Sep 04 02:30:37 UTC 2026","Fri Sep 04 02:30:37 UTC 2026","29","1.1 Team Hummingbird - BFF | WLW app","Technical Tests","contact-form-controller","POST /public_api/contact-form/messages","","POST /public_api/contact-form/messages",""
"skipped","Fri Sep 04 02:29:17 UTC 2026","Fri Sep 04 02:29:17 UTC 2026","0","7. Team Pegasus | Pegasus Staging","Business Scenarios Tests","Business Insights","Dashboard smoke flow","","Visitors",""
"failed","Fri Sep 04 02:28:39 UTC 2026","Fri Sep 04 02:28:39 UTC 2026","0","3 Team Techno - UCL","Functional Tests","Endpoint Tests","TopRanking","","get TR with the given existing id",""
"passed","Fri Sep 04 02:30:37 UTC 2026","Fri Sep 04 02:30:37 UTC 2026","38","1.1 Team Hummingbird - BFF | WLW app","Technical Tests","company-controller","GET /public_api/company/{id} [NEG] Expired Token","","GET /public_api/company/{id} [NEG] Expired Token",""
"passed","Fri Sep 04 02:29:25 UTC 2026","Fri Sep 04 02:29:25 UTC 2026","38","Bamboo","Technical","","","searchCategoryByNameTest","searchCategoryByName",""
"passed","Fri Sep 04 02:29:19 UTC 2026","Fri Sep 04 02:29:19 UTC 2026","42","4. Team CRM |CRM Staging","Business Scenarios Tests","Disable Hubspot","Change Hubspot to false","","Change Hubspot to false",""
"passed","Fri Sep 04 02:30:40 UTC 2026","Fri Sep 04 02:30:40 UTC 2026","31","1.1 Team Hummingbird - BFF | WLW app","Technical Tests","conversation-controller","POST /public_api/conversation/userConversations/{conversationId}/messages/{messageId}/translate [NEG] Forbidden Role Token","","POST /public_api/conversation/userConversations/{conversationId}/messages/{messageId}/translate [NEG] Forbidden Role Token",""
"skipped","Fri Sep 04 02:29:17 UTC 2026","Fri Sep 04 02:29:17 UTC 2026","0","7. Team Pegasus | Pegasus Staging","Business Scenarios Tests","Supplier Facts","API register, publish, and verify in UI","","3. Resolve company uuid by email",""
"failed","Fri Sep 04 02:28:38 UTC 2026","Fri Sep 04 02:28:38 UTC 2026","0","3 Team Techno - UCL","Functional Tests","Endpoint Tests","WebsiteLead","","get all active on ep for given existing uuid",""
"passed","Fri Sep 04 02:30:47 UTC 2026","Fri Sep 04 02:30:47 UTC 2026","38","1.1 Team Hummingbird - BFF | WLW app","Technical Tests","inside-business-controller","GET /public_api/inside_business [NEG] Forbidden Role Token","","GET /public_api/inside_business [NEG] Forbidden Role Token",""
"broken","Fri Sep 04 02:34:22 UTC 2026","Fri Sep 04 02:34:42 UTC 2026","20016","Dolphin","Technical","","","recallPageZeroNormalizedTest","AI Search recall: page=0 normalized, still success",""
"passed","Fri Sep 04 02:30:49 UTC 2026","Fri Sep 04 02:30:49 UTC 2026","31","1.1 Team Hummingbird - BFF | WLW app","Technical Tests","login-controller","POST /public_api/auth/resetPassword [NEG] Expired Token","","POST /public_api/auth/resetPassword [NEG] Expired Token",""
"broken","Fri Sep 04 02:32:01 UTC 2026","Fri Sep 04 02:32:21 UTC 2026","20017","Dolphin","Functional","","","recallCountryFilterTest","AI Search recall: country filter DE",""
"skipped","Fri Sep 04 02:29:17 UTC 2026","Fri Sep 04 02:29:17 UTC 2026","0","7. Team Pegasus | Pegasus Staging","Endpoints Tests","Shop Import & Onboarding Backend","/offers/topCategories","","/offers/topCategories",""
"passed","Fri Sep 04 02:28:38 UTC 2026","Fri Sep 04 02:28:38 UTC 2026","37","2 Team Dragon - BFF | RFQ Backend","Business Scenario Tests","(root)","RFQ_details","","RFQ_details",""
"passed","Fri Sep 04 02:29:17 UTC 2026","Fri Sep 04 02:29:17 UTC 2026","72","4. Team CRM |CRM Staging","Business Scenarios Tests","Tasks","Check Task","","Check Task",""
"passed","Fri Sep 04 02:29:21 UTC 2026","Fri Sep 04 02:29:21 UTC 2026","35","4. Team CRM |CRM Staging","Business Scenarios Tests","Meetings","Smoke Test for Meeting","","Smoke Test for Meeting",""
"passed","Fri Sep 04 02:30:43 UTC 2026","Fri Sep 04 02:30:43 UTC 2026","28","1.1 Team Hummingbird - BFF | WLW app","Technical Tests","conversation-controller","GET /public_api/conversation/userConversations/{conversationId} [SEC] Injection Probe","","GET /public_api/conversation/userConversations/{conversationId} [SEC] Injection Probe",""
"failed","Fri Sep 04 02:28:46 UTC 2026","Fri Sep 04 02:28:46 UTC 2026","0","3 Team Techno - UCL","Technical Tests","Membership","GET /unified_commercial_logic/internal_api/api/membership/{id} - Retrieve Membership fields By ID","","GET /unified_commercial_logic/internal_api/api/membership/{id} - Retrieve Membership fields By ID",""
"failed","Fri Sep 04 02:28:38 UTC 2026","Fri Sep 04 02:28:38 UTC 2026","0","3 Team Techno - UCL","Functional Tests","Endpoint Tests","membership","","get all membership for non-existing uuid",""
"failed","Fri Sep 04 02:31:04 UTC 2026","Fri Sep 04 02:31:04 UTC 2026","13","1.1 Team Hummingbird - BFF | WLW app","Technical Tests","trending-products-controller","GET /public_api/trending/products","","GET /public_api/trending/products",""
"failed","Fri Sep 04 02:29:42 UTC 2026","Fri Sep 04 02:29:46 UTC 2026","4091","1 Team Hummingbird - BFF | EP app","Endpoint tests","Conversations","user conversations","","user conversations",""
"passed","Fri Sep 04 02:30:54 UTC 2026","Fri Sep 04 02:30:54 UTC 2026","34","1.1 Team Hummingbird - BFF | WLW app","Technical Tests","purchaser-user-setting-controller","POST /userSetting/","","POST /userSetting/",""
"broken","Fri Sep 04 02:33:21 UTC 2026","Fri Sep 04 02:33:42 UTC 2026","20695","Dolphin","Technical","","","recallNoResultQueryTest","AI Search recall: no-result query (empty offers or zero total)",""
"passed","Fri Sep 04 02:29:21 UTC 2026","Fri Sep 04 02:29:21 UTC 2026","33","4. Team CRM |CRM Staging","Business Scenarios Tests","Contacts","Smoke test for Create Contact & Verify HubSpot Sync","","Smoke test for Create Contact & Verify HubSpot Sync",""
"passed","Fri Sep 04 02:29:18 UTC 2026","Fri Sep 04 02:29:18 UTC 2026","91","4. Team CRM |CRM Staging","Business Scenarios Tests","Account","Account for Contact","","Account for Contact",""
"failed","Fri Sep 04 02:30:29 UTC 2026","Fri Sep 04 02:30:29 UTC 2026","135","1.1 Team Hummingbird - BFF | WLW app","Endpoint tests","Homepage, products","product recommendations DE","","product recommendations DE",""
"passed","Fri Sep 04 02:30:45 UTC 2026","Fri Sep 04 02:30:45 UTC 2026","26","1.1 Team Hummingbird - BFF | WLW app","Technical Tests","euro-pages-controller","PUT /public_api/euro-pages/auth/delete [NEG] Forbidden Role Token","","PUT /public_api/euro-pages/auth/delete [NEG] Forbidden Role Token",""
"failed","Fri Sep 04 02:29:42 UTC 2026","Fri Sep 04 02:29:43 UTC 2026","135","1 Team Hummingbird - BFF | EP app","Endpoint tests","Conversations","File","","File",""
"passed","Fri Sep 04 02:29:25 UTC 2026","Fri Sep 04 02:29:25 UTC 2026","39","Bamboo","Technical","","","listTopCategoriesTest","list top Categories",""
"failed","Fri Sep 04 02:28:45 UTC 2026","Fri Sep 04 02:28:45 UTC 2026","0","3 Team Techno - UCL","Technical Tests","Organization","GET /unified_commercial_logic/internal_api/api/organization/{id} - Retrieve Organization By ID","","GET /unified_commercial_logic/internal_api/api/organization/{id} - Retrieve Organization By ID",""
"failed","Fri Sep 04 02:30:30 UTC 2026","Fri Sep 04 02:30:31 UTC 2026","59","1.1 Team Hummingbird - BFF | WLW app","Endpoint tests","Conversations","File","","File",""
"failed","Fri Sep 04 02:31:04 UTC 2026","Fri Sep 04 02:31:04 UTC 2026","10","1.1 Team Hummingbird - BFF | WLW app","Technical Tests","trending-products-controller","GET /public_api/trending/products [NEG] Forbidden Role Token","","GET /public_api/trending/products [NEG] Forbidden Role Token",""
"failed","Fri Sep 04 02:29:17 UTC 2026","Fri Sep 04 02:29:17 UTC 2026","86","4. Team CRM |CRM Staging","Business Scenarios Tests","Contacts","Check Contact","","Check Contact",""
"failed","Fri Sep 04 02:29:42 UTC 2026","Fri Sep 04 02:29:42 UTC 2026","438","1 Team Hummingbird - BFF | EP app","Endpoint tests","Contact request","Product request","","Product request",""
"passed","Fri Sep 04 02:29:19 UTC 2026","Fri Sep 04 02:29:19 UTC 2026","34","4. Team CRM |CRM Staging","Business Scenarios Tests","Create and edit a contact","Edit contact","","Edit contact",""
"passed","Fri Sep 04 02:28:38 UTC 2026","Fri Sep 04 02:28:38 UTC 2026","5","2 Team Dragon - BFF | RFQ Backend","Technical Tests","(root)","Negative test: malformed UUIDs & content type checks","","Negative test: malformed UUIDs & content type checks",""
"failed","Fri Sep 04 02:31:01 UTC 2026","Fri Sep 04 02:31:01 UTC 2026","13","1.1 Team Hummingbird - BFF | WLW app","Technical Tests","search-controller","GET /public_api/categories/recommendations","","GET /public_api/categories/recommendations",""
"failed","Fri Sep 04 02:31:00 UTC 2026","Fri Sep 04 02:31:00 UTC 2026","12","1.1 Team Hummingbird - BFF | WLW app","Technical Tests","search-controller","GET /public_api/search/ai/termRecommend [NEG] Forbidden Role Token","","GET /public_api/search/ai/termRecommend [NEG] Forbidden Role Token",""
"failed","Fri Sep 04 02:28:40 UTC 2026","Fri Sep 04 02:28:40 UTC 2026","0","3 Team Techno - UCL","Technical Tests","WebsiteLead","GET /unified_commercial_logic/internal_api/api/website_lead/ - Retrieve WebsiteLead List","","GET /unified_commercial_logic/internal_api/api/website_lead/ - Retrieve WebsiteLead List",""
"passed","Fri Sep 04 02:30:46 UTC 2026","Fri Sep 04 02:30:46 UTC 2026","25","1.1 Team Hummingbird - BFF | WLW app","Technical Tests","feedback-controller","POST /v1/feedback","","POST /v1/feedback",""
"passed","Fri Sep 04 02:29:40 UTC 2026","Fri Sep 04 02:29:41 UTC 2026","788","1 Team Hummingbird - BFF | EP app","Endpoint tests","Search","Product Search FR","","Product Search FR",""
"passed","Fri Sep 04 02:29:19 UTC 2026","Fri Sep 04 02:29:19 UTC 2026","51","4. Team CRM |CRM Staging","Business Scenarios Tests","Disable Hubspot","Check hubspot is false","","Check hubspot is false",""
"failed","Fri Sep 04 02:30:54 UTC 2026","Fri Sep 04 02:30:54 UTC 2026","13","1.1 Team Hummingbird - BFF | WLW app","Technical Tests","purchaser-user-setting-controller","GET /userSetting [NEG] Missing Auth/API-Key","","GET /userSetting [NEG] Missing Auth/API-Key",""
"passed","Fri Sep 04 02:30:50 UTC 2026","Fri Sep 04 02:30:50 UTC 2026","30","1.1 Team Hummingbird - BFF | WLW app","Technical Tests","login-controller","POST /public_api/auth/code/verify","","POST /public_api/auth/code/verify",""
"passed","Fri Sep 04 02:31:05 UTC 2026","Fri Sep 04 02:31:05 UTC 2026","28","1.1 Team Hummingbird - BFF | WLW app","Technical Tests","user-controller","GET /public_api/user/userInfo [NEG] Forbidden Role Token","","GET /public_api/user/userInfo [NEG] Forbidden Role Token",""
"failed","Fri Sep 04 02:29:43 UTC 2026","Fri Sep 04 02:29:43 UTC 2026","28","1 Team Hummingbird - BFF | EP app","Endpoint tests","Conversations","dynamic link conversation","","dynamic link conversation",""
"passed","Fri Sep 04 02:30:25 UTC 2026","Fri Sep 04 02:30:25 UTC 2026","429","1.1 Team Hummingbird - BFF | WLW app","Endpoint tests","Login","registration","","registration",""
"skipped","Fri Sep 04 02:29:17 UTC 2026","Fri Sep 04 02:29:17 UTC 2026","0","7. Team Pegasus | Pegasus Staging","Business Scenarios Tests","Supplier Registration","EP - Lead create and update","","leads/{lead_id} - Update a lead",""
"passed","Fri Sep 04 02:30:54 UTC 2026","Fri Sep 04 02:30:54 UTC 2026","27","1.1 Team Hummingbird - BFF | WLW app","Technical Tests","purchaser-user-setting-controller","PUT /userSetting/{id} [NEG] Forbidden Role Token","","PUT /userSetting/{id} [NEG] Forbidden Role Token",""
"passed","Fri Sep 04 02:30:46 UTC 2026","Fri Sep 04 02:30:46 UTC 2026","31","1.1 Team Hummingbird - BFF | WLW app","Technical Tests","feedback-controller","POST /feedback [NEG] Expired Token","","POST /feedback [NEG] Expired Token",""
"passed","Fri Sep 04 02:30:51 UTC 2026","Fri Sep 04 02:30:51 UTC 2026","28","1.1 Team Hummingbird - BFF | WLW app","Technical Tests","login-controller","DELETE /public_api/auth/sso/logout [NEG] Missing Auth/API-Key","","DELETE /public_api/auth/sso/logout [NEG] Missing Auth/API-Key",""
"failed","Fri Sep 04 02:30:27 UTC 2026","Fri Sep 04 02:30:27 UTC 2026","112","1.1 Team Hummingbird - BFF | WLW app","Endpoint tests","Company","Companies / products DE","","Companies / products DE",""
"failed","Fri Sep 04 02:28:42 UTC 2026","Fri Sep 04 02:28:42 UTC 2026","0","3 Team Techno - UCL","Technical Tests","TopRanking","GET /unified_commercial_logic/internal_api/api/top_ranking_v1 - Retrieve TopRankingV1 List","","GET /unified_commercial_logic/internal_api/api/top_ranking_v1 - Retrieve TopRankingV1 List",""
"passed","Fri Sep 04 02:29:25 UTC 2026","Fri Sep 04 02:29:25 UTC 2026","473","Bamboo","Functional","","","leafCategoryPredictTest","leafCategoryPredict",""
"passed","Fri Sep 04 02:30:55 UTC 2026","Fri Sep 04 02:30:55 UTC 2026","15","1.1 Team Hummingbird - BFF | WLW app","Technical Tests","purchaser-user-setting-controller","POST /userSetting [NEG] Missing Auth/API-Key","","POST /userSetting [NEG] Missing Auth/API-Key",""
"passed","Fri Sep 04 02:30:41 UTC 2026","Fri Sep 04 02:30:41 UTC 2026","28","1.1 Team Hummingbird - BFF | WLW app","Technical Tests","conversation-controller","POST /public_api/conversation/userConversations/{conversationId}/messages/file [NEG] Forbidden Role Token","","POST /public_api/conversation/userConversations/{conversationId}/messages/file [NEG] Forbidden Role Token",""
"passed","Fri Sep 04 02:29:25 UTC 2026","Fri Sep 04 02:29:25 UTC 2026","473","Bamboo","Technical","","","leafCategoryPredictTest","leafCategoryPredict",""
"passed","Fri Sep 04 02:29:18 UTC 2026","Fri Sep 04 02:29:18 UTC 2026","80","4. Team CRM |CRM Staging","Business Scenarios Tests","Account","Verify HubSpot Sync","","Verify HubSpot Sync",""
"failed","Fri Sep 04 02:28:42 UTC 2026","Fri Sep 04 02:28:42 UTC 2026","0","3 Team Techno - UCL","Technical Tests","TopRanking","GET /unified_commercial_logic/internal_api/api/top_ranking_v1/ - Retrieve TopRankingV1 List","","GET /unified_commercial_logic/internal_api/api/top_ranking_v1/ - Retrieve TopRankingV1 List",""
"failed","Fri Sep 04 02:28:49 UTC 2026","Fri Sep 04 02:28:49 UTC 2026","0","3 Team Techno - UCL","Technical Tests","GoogleAd","GET /unified_commercial_logic/internal_api/api/google_ad/ - Retrieve GoogleAd List","","GET /unified_commercial_logic/internal_api/api/google_ad/ - Retrieve GoogleAd List",""
"passed","Fri Sep 04 02:31:01 UTC 2026","Fri Sep 04 02:31:01 UTC 2026","30","1.1 Team Hummingbird - BFF | WLW app","Technical Tests","search-term-controller","PUT /public_api/search/notification-opened","","PUT /public_api/search/notification-opened",""
"passed","Fri Sep 04 02:29:21 UTC 2026","Fri Sep 04 02:29:21 UTC 2026","34","4. Team CRM |CRM Staging","Business Scenarios Tests","Cases","Smoke Test for Case Creation","","Smoke Test for Case Creation",""
"failed","Fri Sep 04 02:30:44 UTC 2026","Fri Sep 04 02:30:44 UTC 2026","9","1.1 Team Hummingbird - BFF | WLW app","Technical Tests","conversation-controller","GET /public_api/conversation/userConversations/{conversationId}/file/ [NEG] Missing Auth/API-Key","","GET /public_api/conversation/userConversations/{conversationId}/file/ [NEG] Missing Auth/API-Key",""
"passed","Fri Sep 04 02:29:40 UTC 2026","Fri Sep 04 02:29:41 UTC 2026","791","1 Team Hummingbird - BFF | EP app","Endpoint tests","Search","search companies DE","","search companies DE",""
"passed","Fri Sep 04 02:39:00 UTC 2026","Fri Sep 04 02:39:00 UTC 2026","91","Dolphin","Functional","","","otherStoreProductRecommendTest","similar products recommend -- wlw pdp",""
"failed","Fri Sep 04 02:29:22 UTC 2026","Fri Sep 04 02:29:22 UTC 2026","42","4. Team CRM |CRM Staging","Endpoints Tests","(root)","get responsible user","","get responsible user",""
"passed","Fri Sep 04 02:30:49 UTC 2026","Fri Sep 04 02:30:49 UTC 2026","34","1.1 Team Hummingbird - BFF | WLW app","Technical Tests","login-controller","POST /public_api/auth/registration [NEG] Forbidden Role Token","","POST /public_api/auth/registration [NEG] Forbidden Role Token",""
"failed","Fri Sep 04 02:28:48 UTC 2026","Fri Sep 04 02:28:48 UTC 2026","0","3 Team Techno - UCL","Technical Tests","Membership","GET /unified_commercial_logic/internal_api/api/membership - Retrieve Membership List","","GET /unified_commercial_logic/internal_api/api/membership - Retrieve Membership List",""
"failed","Fri Sep 04 02:28:41 UTC 2026","Fri Sep 04 02:28:41 UTC 2026","0","3 Team Techno - UCL","Technical Tests","WebsiteLead","GET /unified_commercial_logic/internal_api/api/website_lead - Retrieve WebsiteLead List","","GET /unified_commercial_logic/internal_api/api/website_lead - Retrieve WebsiteLead List",""
"failed","Fri Sep 04 02:28:44 UTC 2026","Fri Sep 04 02:28:44 UTC 2026","0","3 Team Techno - UCL","Technical Tests","Retargeting","GET /unified_commercial_logic/internal_api/api/retargeting/{id} - Retrieve Retargeting By ID","","GET /unified_commercial_logic/internal_api/api/retargeting/{id} - Retrieve Retargeting By ID",""
"passed","Fri Sep 04 02:29:40 UTC 2026","Fri Sep 04 02:29:41 UTC 2026","728","1 Team Hummingbird - BFF | EP app","Endpoint tests","Search","search companies, EN","","search companies, EN",""
"passed","Fri Sep 04 02:30:50 UTC 2026","Fri Sep 04 02:30:50 UTC 2026","31","1.1 Team Hummingbird - BFF | WLW app","Technical Tests","login-controller","POST /public_api/auth/code/resend [NEG] Expired Token","","POST /public_api/auth/code/resend [NEG] Expired Token",""
"failed","Fri Sep 04 02:28:47 UTC 2026","Fri Sep 04 02:28:47 UTC 2026","0","3 Team Techno - UCL","Technical Tests","Membership","GET /unified_commercial_logic/internal_api/api/membership/platform-profile-status/{sfuuid} - getStatus By SFUUID","","GET /unified_commercial_logic/internal_api/api/membership/platform-profile-status/{sfuuid} - getStatus By SFUUID",""
"failed","Fri Sep 04 02:30:35 UTC 2026","Fri Sep 04 02:30:35 UTC 2026","15","1.1 Team Hummingbird - BFF | WLW app","Technical Tests","categories-controller","PUT /preferred/categories","","PUT /preferred/categories",""
"passed","Fri Sep 04 02:28:36 UTC 2026","Fri Sep 04 02:28:36 UTC 2026","178","2 Team Dragon - BFF | RFQ Backend","Functional Tests","(root)","GET /v1/rfqs - Success","","GET /v1/rfqs - Success",""
"failed","Fri Sep 04 02:30:42 UTC 2026","Fri Sep 04 02:30:42 UTC 2026","14","1.1 Team Hummingbird - BFF | WLW app","Technical Tests","conversation-controller","GET /public_api/conversation/userConversations/{userId}/unreadCount/ [NEG] Missing Auth/API-Key","","GET /public_api/conversation/userConversations/{userId}/unreadCount/ [NEG] Missing Auth/API-Key",""
"passed","Fri Sep 04 02:31:01 UTC 2026","Fri Sep 04 02:31:01 UTC 2026","28","1.1 Team Hummingbird - BFF | WLW app","Technical Tests","search-controller","GET /public_api/products/recommendations [SEC] Injection Probe","","GET /public_api/products/recommendations [SEC] Injection Probe",""
"failed","Fri Sep 04 02:28:39 UTC 2026","Fri Sep 04 02:28:39 UTC 2026","0","3 Team Techno - UCL","Functional Tests","Endpoint Tests","Organization","","get organization for the given supplier_facts_uuid",""
"skipped","Fri Sep 04 02:29:17 UTC 2026","Fri Sep 04 02:29:17 UTC 2026","0","7. Team Pegasus | Pegasus Staging","Endpoints Tests","Shop Import & Onboarding Backend","/offers/{offerId}","","/offers/{offerId}",""
"passed","Fri Sep 04 02:30:41 UTC 2026","Fri Sep 04 02:30:41 UTC 2026","28","1.1 Team Hummingbird - BFF | WLW app","Technical Tests","conversation-controller","POST /public_api/conversation/userConversations/{conversationId}/messages/file [NEG] Expired Token","","POST /public_api/conversation/userConversations/{conversationId}/messages/file [NEG] Expired Token",""
"failed","Fri Sep 04 02:29:22 UTC 2026","Fri Sep 04 02:29:22 UTC 2026","41","4. Team CRM |CRM Staging","Endpoints Tests","(root)","Update Website Leads Fields with sf_id","","Update Website Leads Fields with sf_id",""
"passed","Fri Sep 04 02:31:04 UTC 2026","Fri Sep 04 02:31:04 UTC 2026","29","1.1 Team Hummingbird - BFF | WLW app","Technical Tests","trending-products-controller","POST /public_api/trending/import","","POST /public_api/trending/import",""
"passed","Fri Sep 04 02:29:20 UTC 2026","Fri Sep 04 02:29:20 UTC 2026","52","4. Team CRM |CRM Staging","Business Scenarios Tests","Contacts","Create Contact","","Create Contact",""
"skipped","Fri Sep 04 02:29:17 UTC 2026","Fri Sep 04 02:29:17 UTC 2026","0","4. Team CRM |CRM Staging","Endpoints Tests","Activities","(empty)","","Endpoints Tests / Activities - empty",""
"failed","Fri Sep 04 02:28:48 UTC 2026","Fri Sep 04 02:28:48 UTC 2026","0","3 Team Techno - UCL","Technical Tests","Membership","GET /unified_commercial_logic/internal_api/api/membership/ - Retrieve Membership List","","GET /unified_commercial_logic/internal_api/api/membership/ - Retrieve Membership List",""
"passed","Fri Sep 04 02:30:51 UTC 2026","Fri Sep 04 02:30:51 UTC 2026","32","1.1 Team Hummingbird - BFF | WLW app","Technical Tests","login-controller","DELETE /public_api/auth/sso/logout [NEG] Expired Token","","DELETE /public_api/auth/sso/logout [NEG] Expired Token",""
"passed","Fri Sep 04 02:30:28 UTC 2026","Fri Sep 04 02:30:29 UTC 2026","723","1.1 Team Hummingbird - BFF | WLW app","Endpoint tests","Search","Product Search DE","","Product Search DE",""
"failed","Fri Sep 04 02:31:00 UTC 2026","Fri Sep 04 02:31:00 UTC 2026","13","1.1 Team Hummingbird - BFF | WLW app","Technical Tests","search-controller","GET /public_api/products/recommendations","","GET /public_api/products/recommendations",""
"passed","Fri Sep 04 02:30:26 UTC 2026","Fri Sep 04 02:30:27 UTC 2026","221","1.1 Team Hummingbird - BFF | WLW app","Endpoint tests","Mobile_Feedback","post feedback","","post feedback",""
"failed","Fri Sep 04 02:28:41 UTC 2026","Fri Sep 04 02:28:41 UTC 2026","0","3 Team Techno - UCL","Technical Tests","WebsiteLead","GET /unified_commercial_logic/internal_api/api/website_lead - Retrieve WebsiteLead List","","GET /unified_commercial_logic/internal_api/api/website_lead - Retrieve WebsiteLead List",""
"passed","Fri Sep 04 02:30:31 UTC 2026","Fri Sep 04 02:30:34 UTC 2026","3199","1.1 Team Hummingbird - BFF | WLW app","Endpoint tests","Visitor profiler","Visits","","Visits",""
"passed","Fri Sep 04 02:29:18 UTC 2026","Fri Sep 04 02:29:18 UTC 2026","54","4. Team CRM |CRM Staging","Business Scenarios Tests","Account","Contact for Account","","Contact for Account",""
"failed","Fri Sep 04 02:31:02 UTC 2026","Fri Sep 04 02:31:02 UTC 2026","11","1.1 Team Hummingbird - BFF | WLW app","Technical Tests","search-term-controller","POST /public_api/search/track [NEG] Expired Token","","POST /public_api/search/track [NEG] Expired Token",""
"skipped","Fri Sep 04 02:29:17 UTC 2026","Fri Sep 04 02:29:17 UTC 2026","0","7. Team Pegasus | Pegasus Staging","Endpoints Tests","Business Insights","PGS-890 Admin company refresh","","PGS-890 Admin company refresh",""
"failed","Fri Sep 04 02:28:49 UTC 2026","Fri Sep 04 02:28:49 UTC 2026","0","3 Team Techno - UCL","Technical Tests","GoogleAd","GET /unified_commercial_logic/internal_api/api/google_ad - Retrieve GoogleAd List","","GET /unified_commercial_logic/internal_api/api/google_ad - Retrieve GoogleAd List",""
"skipped","Fri Sep 04 02:29:17 UTC 2026","Fri Sep 04 02:29:17 UTC 2026","0","7. Team Pegasus | Pegasus Staging","Endpoints Tests","Business Insights","Scoring by uuid","","Scoring by uuid",""
"passed","Fri Sep 04 02:30:39 UTC 2026","Fri Sep 04 02:30:39 UTC 2026","15","1.1 Team Hummingbird - BFF | WLW app","Technical Tests","conversation-controller","POST /public_api/conversation/userConversations/{conversationId}/messages [NEG] Missing Auth/API-Key","","POST /public_api/conversation/userConversations/{conversationId}/messages [NEG] Missing Auth/API-Key",""
"failed","Fri Sep 04 02:28:38 UTC 2026","Fri Sep 04 02:28:38 UTC 2026","0","3 Team Techno - UCL","Functional Tests","Endpoint Tests","WebsiteLead","","get all active on wlw for given existing uuid",""
"passed","Fri Sep 04 02:31:05 UTC 2026","Fri Sep 04 02:31:05 UTC 2026","29","1.1 Team Hummingbird - BFF | WLW app","Technical Tests","trending-products-controller","GET /public_api/trending/notifications","","GET /public_api/trending/notifications",""
"passed","Fri Sep 04 02:29:18 UTC 2026","Fri Sep 04 02:29:18 UTC 2026","70","4. Team CRM |CRM Staging","Business Scenarios Tests","Account","Smoke Test Basic Account Creation","","Smoke Test Basic Account Creation",""
"passed","Fri Sep 04 02:30:51 UTC 2026","Fri Sep 04 02:30:51 UTC 2026","29","1.1 Team Hummingbird - BFF | WLW app","Technical Tests","login-controller","DELETE /public_api/auth/sso/logout [NEG] Forbidden Role Token","","DELETE /public_api/auth/sso/logout [NEG] Forbidden Role Token",""
"broken","Fri Sep 04 02:35:43 UTC 2026","Fri Sep 04 02:36:03 UTC 2026","20022","Dolphin","Technical","","","recallSpecialCharQueryTest","AI Search recall: special-character query structure OK",""
"passed","Fri Sep 04 02:29:19 UTC 2026","Fri Sep 04 02:29:19 UTC 2026","61","4. Team CRM |CRM Staging","Business Scenarios Tests","Account","Trigger SAP Customer number","","Trigger SAP Customer number",""
"broken","Fri Sep 04 02:37:23 UTC 2026","Fri Sep 04 02:37:43 UTC 2026","20017","Dolphin","Functional","","","termRecommendNoMockTest","AI Search term recommend API without mock",""
"passed","Fri Sep 04 02:28:48 UTC 2026","Fri Sep 04 02:28:48 UTC 2026","30","Arise","Functional","","","pageElementsGet","pageElementsGet",""
"failed","Fri Sep 04 02:29:36 UTC 2026","Fri Sep 04 02:29:36 UTC 2026","37","1 Team Hummingbird - BFF | EP app","Endpoint tests","Login","user Info","","user Info",""
"passed","Fri Sep 04 02:38:59 UTC 2026","Fri Sep 04 02:38:59 UTC 2026","75","Dolphin","Functional","","","homepageProductRecommendTest","homepage product recommend -- wlw",""
"failed","Fri Sep 04 02:29:19 UTC 2026","Fri Sep 04 02:29:19 UTC 2026","64","4. Team CRM |CRM Staging","Business Scenarios Tests","Account","Create Account","","Create Account",""
"passed","Fri Sep 04 02:30:40 UTC 2026","Fri Sep 04 02:30:40 UTC 2026","29","1.1 Team Hummingbird - BFF | WLW app","Technical Tests","conversation-controller","POST /public_api/conversation/userConversations/{conversationId}/messages/file/","","POST /public_api/conversation/userConversations/{conversationId}/messages/file/",""
"passed","Fri Sep 04 02:30:28 UTC 2026","Fri Sep 04 02:30:29 UTC 2026","511","1.1 Team Hummingbird - BFF | WLW app","Endpoint tests","Search","Product Search FR","","Product Search FR",""
"failed","Fri Sep 04 02:30:29 UTC 2026","Fri Sep 04 02:30:30 UTC 2026","459","1.1 Team Hummingbird - BFF | WLW app","Endpoint tests","Contact request","Callback request","","Callback request",""
"passed","Fri Sep 04 02:28:38 UTC 2026","Fri Sep 04 02:28:38 UTC 2026","189","2 Team Dragon - BFF | RFQ Backend","Technical Tests","(root)","GET /v1/categories - CPV list (schema + contract)","","GET /v1/categories - CPV list (schema + contract)",""
"skipped","Fri Sep 04 02:29:17 UTC 2026","Fri Sep 04 02:29:17 UTC 2026","0","7. Team Pegasus | Pegasus Staging","Business Scenarios Tests","Business Insights","Dashboard smoke flow","","Top products",""
"passed","Fri Sep 04 02:29:40 UTC 2026","Fri Sep 04 02:29:41 UTC 2026","868","1 Team Hummingbird - BFF | EP app","Endpoint tests","Search","Product Search DE","","Product Search DE",""
"passed","Fri Sep 04 02:28:36 UTC 2026","Fri Sep 04 02:28:36 UTC 2026","48","2 Team Dragon - BFF | RFQ Backend","Functional Tests","(root)","GET /v1/rfqs/{rfqId} - Success or 404","","GET /v1/rfqs/{rfqId} - Success or 404",""
"broken","Fri Sep 04 02:34:42 UTC 2026","Fri Sep 04 02:35:02 UTC 2026","20012","Dolphin","Technical","","","recallPaidSupplierFilterTest","AI Search recall: paid supplier filter (verified=true)",""
"passed","Fri Sep 04 02:30:37 UTC 2026","Fri Sep 04 02:30:37 UTC 2026","35","1.1 Team Hummingbird - BFF | WLW app","Technical Tests","contact-form-controller","POST /public_api/contact-form/messages [NEG] Expired Token","","POST /public_api/contact-form/messages [NEG] Expired Token",""
"failed","Fri Sep 04 02:28:42 UTC 2026","Fri Sep 04 02:28:42 UTC 2026","0","3 Team Techno - UCL","Technical Tests","SponsoredBrand","GET /unified_commercial_logic/internal_api/api/sponsored_brand_v1/{id} - Retrieve SponsoredBrandV1 By ID","","GET /unified_commercial_logic/internal_api/api/sponsored_brand_v1/{id} - Retrieve SponsoredBrandV1 By ID",""
"passed","Fri Sep 04 02:30:24 UTC 2026","Fri Sep 04 02:30:25 UTC 2026","261","1.1 Team Hummingbird - BFF | WLW app","Endpoint tests","Login","user Info","","user Info",""
"failed","Fri Sep 04 02:28:41 UTC 2026","Fri Sep 04 02:28:41 UTC 2026","0","3 Team Techno - UCL","Technical Tests","TopRanking","GET /unified_commercial_logic/internal_api/api/top_ranking_v1/{id} - Retrieve TopRankingV1 By ID","","GET /unified_commercial_logic/internal_api/api/top_ranking_v1/{id} - Retrieve TopRankingV1 By ID",""
"failed","Fri Sep 04 02:28:38 UTC 2026","Fri Sep 04 02:28:38 UTC 2026","0","3 Team Techno - UCL","Functional Tests","Endpoint Tests","TopRanking","","get TR with the given existing id",""
"skipped","Fri Sep 04 02:29:17 UTC 2026","Fri Sep 04 02:29:17 UTC 2026","0","7. Team Pegasus | Pegasus Staging","Endpoints Tests","Supplier Registration","EP","","business_sectors - Get business sectors",""
"passed","Fri Sep 04 02:30:53 UTC 2026","Fri Sep 04 02:30:53 UTC 2026","30","1.1 Team Hummingbird - BFF | WLW app","Technical Tests","purchaser-support-controller","GET /support-master-data","","GET /support-master-data",""
"passed","Fri Sep 04 02:30:27 UTC 2026","Fri Sep 04 02:30:27 UTC 2026","48","1.1 Team Hummingbird - BFF | WLW app","Endpoint tests","Company","Product ID","","Product ID",""
"skipped","Fri Sep 04 02:29:17 UTC 2026","Fri Sep 04 02:29:17 UTC 2026","0","7. Team Pegasus | Pegasus Staging","Endpoints Tests","Shop Import & Onboarding Backend","/import/status","","/import/status",""
"passed","Fri Sep 04 02:30:29 UTC 2026","Fri Sep 04 02:30:29 UTC 2026","17","1.1 Team Hummingbird - BFF | WLW app","Endpoint tests","Homepage, products","categories/homepage","","categories/homepage",""
"failed","Fri Sep 04 02:28:48 UTC 2026","Fri Sep 04 02:28:48 UTC 2026","0","3 Team Techno - UCL","Technical Tests","Membership","GET /unified_commercial_logic/internal_api/api/membership/ - Retrieve Membership List","","GET /unified_commercial_logic/internal_api/api/membership/ - Retrieve Membership List",""
"passed","Fri Sep 04 02:30:52 UTC 2026","Fri Sep 04 02:30:52 UTC 2026","27","1.1 Team Hummingbird - BFF | WLW app","Technical Tests","product-controller","GET /public_api/products/{productId} [NEG] Expired Token","","GET /public_api/products/{productId} [NEG] Expired Token",""
"skipped","Fri Sep 04 02:29:17 UTC 2026","Fri Sep 04 02:29:17 UTC 2026","0","7. Team Pegasus | Pegasus Staging","Business Scenarios Tests","Business Insights","Dashboard smoke flow","","Activity by uuid",""
"passed","Fri Sep 04 02:30:48 UTC 2026","Fri Sep 04 02:30:48 UTC 2026","29","1.1 Team Hummingbird - BFF | WLW app","Technical Tests","login-controller","POST /public_api/auth/session/extend [NEG] Expired Token","","POST /public_api/auth/session/extend [NEG] Expired Token",""
"failed","Fri Sep 04 02:28:47 UTC 2026","Fri Sep 04 02:28:47 UTC 2026","0","3 Team Techno - UCL","Technical Tests","Membership","GET /unified_commercial_logic/internal_api/api/membership/ - Retrieve Membership List","","GET /unified_commercial_logic/internal_api/api/membership/ - Retrieve Membership List",""
"failed","Fri Sep 04 02:30:59 UTC 2026","Fri Sep 04 02:30:59 UTC 2026","12","1.1 Team Hummingbird - BFF | WLW app","Technical Tests","search-controller","GET /public_api/search/ai/termRecommend","","GET /public_api/search/ai/termRecommend",""
"passed","Fri Sep 04 02:30:50 UTC 2026","Fri Sep 04 02:30:50 UTC 2026","21","1.1 Team Hummingbird - BFF | WLW app","Technical Tests","login-controller","POST /public_api/auth/code/verify [NEG] Missing Auth/API-Key","","POST /public_api/auth/code/verify [NEG] Missing Auth/API-Key",""
"passed","Fri Sep 04 02:30:56 UTC 2026","Fri Sep 04 02:30:56 UTC 2026","29","1.1 Team Hummingbird - BFF | WLW app","Technical Tests","rfq-controller","POST /public_api/connect/purchaser/tenders [NEG] Expired Token","","POST /public_api/connect/purchaser/tenders [NEG] Expired Token",""
"failed","Fri Sep 04 02:29:17 UTC 2026","Fri Sep 04 02:29:17 UTC 2026","71","4. Team CRM |CRM Staging","Business Scenarios Tests","Contacts","Create Contact","","Create Contact",""
"passed","Fri Sep 04 02:30:38 UTC 2026","Fri Sep 04 02:30:38 UTC 2026","30","1.1 Team Hummingbird - BFF | WLW app","Technical Tests","conversation-controller","PUT /public_api/conversation/userConversations/{conversationId}/decline","","PUT /public_api/conversation/userConversations/{conversationId}/decline",""
"failed","Fri Sep 04 02:29:42 UTC 2026","Fri Sep 04 02:29:42 UTC 2026","540","1 Team Hummingbird - BFF | EP app","Endpoint tests","Conversations","user conversations to decline request","","user conversations to decline request",""
"passed","Fri Sep 04 02:30:39 UTC 2026","Fri Sep 04 02:30:39 UTC 2026","16","1.1 Team Hummingbird - BFF | WLW app","Technical Tests","conversation-controller","PUT /public_api/conversation/userConversations/{conversationId}/decline [NEG] Missing Auth/API-Key","","PUT /public_api/conversation/userConversations/{conversationId}/decline [NEG] Missing Auth/API-Key",""
"passed","Fri Sep 04 02:30:47 UTC 2026","Fri Sep 04 02:30:47 UTC 2026","102","1.1 Team Hummingbird - BFF | WLW app","Technical Tests","inside-business-controller","GET /public_api/inside_business [NEG] Missing Auth/API-Key","","GET /public_api/inside_business [NEG] Missing Auth/API-Key",""
"passed","Fri Sep 04 02:30:45 UTC 2026","Fri Sep 04 02:30:45 UTC 2026","26","1.1 Team Hummingbird - BFF | WLW app","Technical Tests","euro-pages-controller","PUT /public_api/euro-pages/auth/delete [NEG] Expired Token","","PUT /public_api/euro-pages/auth/delete [NEG] Expired Token",""
"skipped","Fri Sep 04 02:29:17 UTC 2026","Fri Sep 04 02:29:17 UTC 2026","0","7. Team Pegasus | Pegasus Staging","Endpoints Tests","Supplier Registration","EP","","keywords - Search for keywords",""
"failed","Fri Sep 04 02:29:43 UTC 2026","Fri Sep 04 02:29:43 UTC 2026","90","1 Team Hummingbird - BFF | EP app","Endpoint tests","Conversations","decline QDR","","decline QDR",""
"failed","Fri Sep 04 02:28:40 UTC 2026","Fri Sep 04 02:28:40 UTC 2026","0","3 Team Techno - UCL","Technical Tests","WebsiteLead","GET /unified_commercial_logic/internal_api/api/website_lead/{id} - Retrieve WebsiteLead By ID","","GET /unified_commercial_logic/internal_api/api/website_lead/{id} - Retrieve WebsiteLead By ID",""
"failed","Fri Sep 04 02:29:20 UTC 2026","Fri Sep 04 02:29:20 UTC 2026","46","4. Team CRM |CRM Staging","Business Scenarios Tests","WLW Price Compaigns","WLW_Price Compaigns","","WLW_Price Compaigns",""
"passed","Fri Sep 04 02:30:32 UTC 2026","Fri Sep 04 02:30:32 UTC 2026","93","1.1 Team Hummingbird - BFF | WLW app","Endpoint tests","(root)","Log out","","Log out",""
"failed","Fri Sep 04 02:29:22 UTC 2026","Fri Sep 04 02:29:22 UTC 2026","42","4. Team CRM |CRM Staging","Endpoints Tests","(root)","resolve individual id","","resolve individual id",""
"failed","Fri Sep 04 02:38:49 UTC 2026","Fri Sep 04 02:38:50 UTC 2026","776","Dolphin","Technical","","","productTextSearchNoResultTest","AI product text search recall: no-result query",""
"failed","Fri Sep 04 02:30:42 UTC 2026","Fri Sep 04 02:30:42 UTC 2026","9","1.1 Team Hummingbird - BFF | WLW app","Technical Tests","conversation-controller","GET /public_api/conversation/userConversations/{conversationId}","","GET /public_api/conversation/userConversations/{conversationId}",""
"passed","Fri Sep 04 02:29:38 UTC 2026","Fri Sep 04 02:29:38 UTC 2026","17","1 Team Hummingbird - BFF | EP app","Endpoint tests","Support","FAQ Alibaba","","FAQ Alibaba",""
"passed","Fri Sep 04 02:30:32 UTC 2026","Fri Sep 04 02:30:32 UTC 2026","18","1.1 Team Hummingbird - BFF | WLW app","Technical Tests","ab-test-record-controller","POST /public_api/abtest/record [NEG] Missing Auth/API-Key","","POST /public_api/abtest/record [NEG] Missing Auth/API-Key",""
"passed","Fri Sep 04 02:38:59 UTC 2026","Fri Sep 04 02:39:00 UTC 2026","271","Dolphin","Technical","","","instoreSearchTest","instore search -- cpp/pdp with sort and leaf filter",""
"broken","Fri Sep 04 02:36:43 UTC 2026","Fri Sep 04 02:37:03 UTC 2026","20012","Dolphin","Technical","","","recallWhitespaceQueryTest","AI Search recall: whitespace-only query → business failure",""
"failed","Fri Sep 04 02:30:35 UTC 2026","Fri Sep 04 02:30:35 UTC 2026","12","1.1 Team Hummingbird - BFF | WLW app","Technical Tests","categories-controller","PUT /preferred/categories [NEG] Forbidden Role Token","","PUT /preferred/categories [NEG] Forbidden Role Token",""
"failed","Fri Sep 04 02:29:20 UTC 2026","Fri Sep 04 02:29:20 UTC 2026","51","4. Team CRM |CRM Staging","Business Scenarios Tests","Lead","Create a  lead","","Create a  lead",""
"passed","Fri Sep 04 02:30:39 UTC 2026","Fri Sep 04 02:30:39 UTC 2026","37","1.1 Team Hummingbird - BFF | WLW app","Technical Tests","conversation-controller","PUT /public_api/conversation/userConversations/{conversationId}/decline [NEG] Expired Token","","PUT /public_api/conversation/userConversations/{conversationId}/decline [NEG] Expired Token",""
"passed","Fri Sep 04 02:31:00 UTC 2026","Fri Sep 04 02:31:00 UTC 2026","30","1.1 Team Hummingbird - BFF | WLW app","Technical Tests","search-controller","GET /public_api/search/ai/tabChange [SEC] Injection Probe","","GET /public_api/search/ai/tabChange [SEC] Injection Probe",""
"passed","Fri Sep 04 02:38:55 UTC 2026","Fri Sep 04 02:38:56 UTC 2026","691","Dolphin","Functional","","","productTextSearchSortTest","AI product text search recall: alternate sort",""
"passed","Fri Sep 04 02:31:05 UTC 2026","Fri Sep 04 02:31:05 UTC 2026","26","1.1 Team Hummingbird - BFF | WLW app","Technical Tests","user-controller","GET /public_api/user/userInfo","","GET /public_api/user/userInfo",""
"failed","Fri Sep 04 02:30:42 UTC 2026","Fri Sep 04 02:30:42 UTC 2026","19","1.1 Team Hummingbird - BFF | WLW app","Technical Tests","conversation-controller","GET /public_api/conversation/userConversations/{userId}/unreadCount [NEG] Missing Auth/API-Key","","GET /public_api/conversation/userConversations/{userId}/unreadCount [NEG] Missing Auth/API-Key",""
"broken","Fri Sep 04 02:38:23 UTC 2026","Fri Sep 04 02:38:43 UTC 2026","20017","Dolphin","Functional","","","productInferenceTest","AI product search inference stream API",""
"passed","Fri Sep 04 02:28:37 UTC 2026","Fri Sep 04 02:28:37 UTC 2026","36","2 Team Dragon - BFF | RFQ Backend","Technical Tests","(root)","GET /v1/user - User Info + Roles + Negative Auth","","GET /v1/user - User Info + Roles + Negative Auth",""
"passed","Fri Sep 04 02:38:59 UTC 2026","Fri Sep 04 02:38:59 UTC 2026","39","Dolphin","Functional","","","getCategoryListEpTest","v-recommend category list -- ep",""
"passed","Fri Sep 04 02:30:24 UTC 2026","Fri Sep 04 02:30:25 UTC 2026","560","1.1 Team Hummingbird - BFF | WLW app","Endpoint tests","Login","user Info","","user Info",""
"failed","Fri Sep 04 02:30:52 UTC 2026","Fri Sep 04 02:30:52 UTC 2026","17","1.1 Team Hummingbird - BFF | WLW app","Technical Tests","product-controller","GET /public_api/companies/{supplierPublicId}/products [NEG] Missing Auth/API-Key","","GET /public_api/companies/{supplierPublicId}/products [NEG] Missing Auth/API-Key",""
"failed","Fri Sep 04 02:30:55 UTC 2026","Fri Sep 04 02:30:55 UTC 2026","12","1.1 Team Hummingbird - BFF | WLW app","Technical Tests","push-notification-by-email-controller","GET /v1/pushNotification [NEG] Forbidden Role Token","","GET /v1/pushNotification [NEG] Forbidden Role Token",""
"passed","Fri Sep 04 02:29:39 UTC 2026","Fri Sep 04 02:29:39 UTC 2026","90","1 Team Hummingbird - BFF | EP app","Endpoint tests","Company","search company products","","search company products",""
"failed","Fri Sep 04 02:30:58 UTC 2026","Fri Sep 04 02:30:58 UTC 2026","10","1.1 Team Hummingbird - BFF | WLW app","Technical Tests","search-controller","GET /public_api/search","","GET /public_api/search",""
"passed","Fri Sep 04 02:38:54 UTC 2026","Fri Sep 04 02:38:55 UTC 2026","1196","Dolphin","Technical","","","productTextSearchSecondPageTest","AI product text search recall: pagination page 2",""
"passed","Fri Sep 04 02:38:53 UTC 2026","Fri Sep 04 02:38:54 UTC 2026","1136","Dolphin","Technical","","","productTextSearchPaidSupplierFilterTest","AI product text search recall: paid/verified supplier filter",""
"failed","Fri Sep 04 02:30:53 UTC 2026","Fri Sep 04 02:30:53 UTC 2026","11","1.1 Team Hummingbird - BFF | WLW app","Technical Tests","purchaser-support-controller","GET /support-faq [NEG] Expired Token","","GET /support-faq [NEG] Expired Token",""
"passed","Fri Sep 04 02:30:40 UTC 2026","Fri Sep 04 02:30:40 UTC 2026","30","1.1 Team Hummingbird - BFF | WLW app","Technical Tests","conversation-controller","POST /public_api/conversation/userConversations/{conversationId}/messages/{messageId}/translate","","POST /public_api/conversation/userConversations/{conversationId}/messages/{messageId}/translate",""
"passed","Fri Sep 04 02:30:28 UTC 2026","Fri Sep 04 02:30:28 UTC 2026","62","1.1 Team Hummingbird - BFF | WLW app","Endpoint tests","Search","search autoComplete FR","","search autoComplete FR",""
"passed","Fri Sep 04 02:38:59 UTC 2026","Fri Sep 04 02:38:59 UTC 2026","39","Dolphin","Technical","","","getCategoryListEpTest","v-recommend category list -- ep",""
"failed","Fri Sep 04 02:30:33 UTC 2026","Fri Sep 04 02:30:33 UTC 2026","11","1.1 Team Hummingbird - BFF | WLW app","Technical Tests","ai-company-search-controller","GET /public_api/search/ai/company/search","","GET /public_api/search/ai/company/search",""
"passed","Fri Sep 04 02:38:45 UTC 2026","Fri Sep 04 02:38:46 UTC 2026","1422","Dolphin","Technical","","","productTextSearchIllegalSortTest","AI product text search recall: illegal sort passthrough",""
"failed","Fri Sep 04 02:30:29 UTC 2026","Fri Sep 04 02:30:29 UTC 2026","132","1.1 Team Hummingbird - BFF | WLW app","Endpoint tests","Homepage, products","product recommendations FR","","product recommendations FR",""
"broken","Fri Sep 04 02:38:23 UTC 2026","Fri Sep 04 02:38:43 UTC 2026","20017","Dolphin","Technical","","","productInferenceTest","AI product search inference stream API",""
"passed","Fri Sep 04 02:29:38 UTC 2026","Fri Sep 04 02:29:38 UTC 2026","19","1 Team Hummingbird - BFF | EP app","Endpoint tests","Support","Supportmasterdata_EN","","Supportmasterdata_EN",""
"passed","Fri Sep 04 02:29:38 UTC 2026","Fri Sep 04 02:29:38 UTC 2026","18","1 Team Hummingbird - BFF | EP app","Endpoint tests","Mobile_Feedback","Feedback Subject_DE","","Feedback Subject_DE",""
"failed","Fri Sep 04 02:29:43 UTC 2026","Fri Sep 04 02:29:43 UTC 2026","36","1 Team Hummingbird - BFF | EP app","Endpoint tests","Conversations","mark as read","","mark as read",""
"failed","Fri Sep 04 02:30:36 UTC 2026","Fri Sep 04 02:30:36 UTC 2026","15","1.1 Team Hummingbird - BFF | WLW app","Technical Tests","company-controller","GET /public_api/suppliers/{companyID}/listings [NEG] Forbidden Role Token","","GET /public_api/suppliers/{companyID}/listings [NEG] Forbidden Role Token",""
"passed","Fri Sep 04 02:30:45 UTC 2026","Fri Sep 04 02:30:45 UTC 2026","28","1.1 Team Hummingbird - BFF | WLW app","Technical Tests","euro-pages-controller","DELETE /public_api/euro-pages/auth/delete [NEG] Expired Token","","DELETE /public_api/euro-pages/auth/delete [NEG] Expired Token",""
"failed","Fri Sep 04 02:28:46 UTC 2026","Fri Sep 04 02:28:46 UTC 2026","0","3 Team Techno - UCL","Technical Tests","Membership","GET /unified_commercial_logic/internal_api/api/membership/v2 - Retrieve Membership V2 List","","GET /unified_commercial_logic/internal_api/api/membership/v2 - Retrieve Membership V2 List",""
"passed","Fri Sep 04 02:29:21 UTC 2026","Fri Sep 04 02:29:21 UTC 2026","41","4. Team CRM |CRM Staging","Business Scenarios Tests","Platform Profile","Update Platform Profile","","Update Platform Profile",""
"passed","Fri Sep 04 02:30:26 UTC 2026","Fri Sep 04 02:30:26 UTC 2026","15","1.1 Team Hummingbird - BFF | WLW app","Endpoint tests","Support","Supportmasterdata_DE","","Supportmasterdata_DE",""
"passed","Fri Sep 04 02:29:25 UTC 2026","Fri Sep 04 02:29:25 UTC 2026","38","Bamboo","Functional","","","searchCategoryByNameTest","searchCategoryByName",""
"passed","Fri Sep 04 02:38:58 UTC 2026","Fri Sep 04 02:38:59 UTC 2026","100","Dolphin","Functional","","","cppProductRecommendTest","recommend products in CPP -- wlw",""
"skipped","Fri Sep 04 02:29:17 UTC 2026","Fri Sep 04 02:29:17 UTC 2026","0","7. Team Pegasus | Pegasus Staging","Endpoints Tests","Supplier Registration","Manual VAT check","","vat/check - Validate VAT number",""
"skipped","Fri Sep 04 02:29:17 UTC 2026","Fri Sep 04 02:29:17 UTC 2026","0","7. Team Pegasus | Pegasus Staging","Endpoints Tests","Business Insights","Product search","","Product search",""
"passed","Fri Sep 04 02:30:25 UTC 2026","Fri Sep 04 02:30:25 UTC 2026","166","1.1 Team Hummingbird - BFF | WLW app","Endpoint tests","User settings","user setting","","user setting",""
"failed","Fri Sep 04 02:30:36 UTC 2026","Fri Sep 04 02:30:36 UTC 2026","13","1.1 Team Hummingbird - BFF | WLW app","Technical Tests","company-controller","GET /public_api/company [NEG] Missing Auth/API-Key","","GET /public_api/company [NEG] Missing Auth/API-Key",""
"failed","Fri Sep 04 02:29:18 UTC 2026","Fri Sep 04 02:29:18 UTC 2026","104","4. Team CRM |CRM Staging","Business Scenarios Tests","Account","wlw salesorderitems link","","wlw salesorderitems link",""
"passed","Fri Sep 04 02:30:47 UTC 2026","Fri Sep 04 02:30:47 UTC 2026","19","1.1 Team Hummingbird - BFF | WLW app","Technical Tests","help-and-support-controller","POST /help [NEG] Missing Auth/API-Key","","POST /help [NEG] Missing Auth/API-Key",""
"failed","Fri Sep 04 02:29:18 UTC 2026","Fri Sep 04 02:29:18 UTC 2026","53","4. Team CRM |CRM Staging","Business Scenarios Tests","Quote","Check Quote","","Check Quote",""
"failed","Fri Sep 04 02:28:46 UTC 2026","Fri Sep 04 02:28:46 UTC 2026","0","3 Team Techno - UCL","Technical Tests","Organization","GET /unified_commercial_logic/internal_api/api/organization - Retrieve Organization List","","GET /unified_commercial_logic/internal_api/api/organization - Retrieve Organization List",""
"broken","Fri Sep 04 02:36:03 UTC 2026","Fri Sep 04 02:36:23 UTC 2026","20020","Dolphin","Functional","","","recallTest","AI Search recall (supplierTextSearch) API using params from inference",""
"passed","Fri Sep 04 02:30:49 UTC 2026","Fri Sep 04 02:30:49 UTC 2026","43","1.1 Team Hummingbird - BFF | WLW app","Technical Tests","login-controller","POST /public_api/auth/password/login [NEG] Forbidden Role Token","","POST /public_api/auth/password/login [NEG] Forbidden Role Token",""
"failed","Fri Sep 04 02:28:49 UTC 2026","Fri Sep 04 02:28:49 UTC 2026","0","3 Team Techno - UCL","Technical Tests","GoogleAd","GET /unified_commercial_logic/internal_api/api/google_ad - Retrieve GoogleAd List","","GET /unified_commercial_logic/internal_api/api/google_ad - Retrieve GoogleAd List",""
"broken","Fri Sep 04 02:29:20 UTC 2026","Fri Sep 04 02:29:40 UTC 2026","20707","Dolphin","Technical","","","inferenceEmptySearchTextTest","AI Search inference: empty searchText still streams",""
"skipped","Fri Sep 04 02:29:17 UTC 2026","Fri Sep 04 02:29:17 UTC 2026","0","7. Team Pegasus | Pegasus Staging","Spike | Profiles link user to company","(root)","04 OAuth — User Storage token","","04 OAuth — User Storage token",""
"passed","Fri Sep 04 02:38:59 UTC 2026","Fri Sep 04 02:38:59 UTC 2026","35","Dolphin","Technical","","","getCategoryListWlwTest","v-recommend category list -- wlw, full categories",""
"passed","Fri Sep 04 02:30:48 UTC 2026","Fri Sep 04 02:30:48 UTC 2026","22","1.1 Team Hummingbird - BFF | WLW app","Technical Tests","login-controller","POST /public_api/auth/sso/login [NEG] Missing Auth/API-Key","","POST /public_api/auth/sso/login [NEG] Missing Auth/API-Key",""
"passed","Fri Sep 04 02:30:49 UTC 2026","Fri Sep 04 02:30:49 UTC 2026","30","1.1 Team Hummingbird - BFF | WLW app","Technical Tests","login-controller","POST /public_api/auth/resetPassword [NEG] Forbidden Role Token","","POST /public_api/auth/resetPassword [NEG] Forbidden Role Token",""
"passed","Fri Sep 04 02:30:46 UTC 2026","Fri Sep 04 02:30:46 UTC 2026","28","1.1 Team Hummingbird - BFF | WLW app","Technical Tests","feedback-controller","POST /v1/feedback [NEG] Expired Token","","POST /v1/feedback [NEG] Expired Token",""
"passed","Fri Sep 04 02:31:03 UTC 2026","Fri Sep 04 02:31:03 UTC 2026","30","1.1 Team Hummingbird - BFF | WLW app","Technical Tests","supplier-visitors-controller","GET /public_api/suppliers/{supplier_id}/visits/{id}","","GET /public_api/suppliers/{supplier_id}/visits/{id}",""
"passed","Fri Sep 04 02:30:51 UTC 2026","Fri Sep 04 02:30:51 UTC 2026","30","1.1 Team Hummingbird - BFF | WLW app","Technical Tests","login-controller","POST /public_api/auth/changePassword [NEG] Expired Token","","POST /public_api/auth/changePassword [NEG] Expired Token",""
"passed","Fri Sep 04 02:29:42 UTC 2026","Fri Sep 04 02:29:42 UTC 2026","109","1 Team Hummingbird - BFF | EP app","Endpoint tests","Conversations","conversation/messages","","conversation/messages",""
"passed","Fri Sep 04 02:30:48 UTC 2026","Fri Sep 04 02:30:48 UTC 2026","38","1.1 Team Hummingbird - BFF | WLW app","Technical Tests","login-controller","POST /public_api/auth/sso/login [NEG] Expired Token","","POST /public_api/auth/sso/login [NEG] Expired Token",""
"passed","Fri Sep 04 02:30:32 UTC 2026","Fri Sep 04 02:30:32 UTC 2026","181","1.1 Team Hummingbird - BFF | WLW app","Technical Tests","ab-test-record-controller","POST /public_api/abtest/record","","POST /public_api/abtest/record",""
"passed","Fri Sep 04 02:28:38 UTC 2026","Fri Sep 04 02:28:38 UTC 2026","36","2 Team Dragon - BFF | RFQ Backend","Technical Tests","(root)","GET /v1/user - User Info + Roles + Negative Auth","","GET /v1/user - User Info + Roles + Negative Auth",""
"skipped","Fri Sep 04 02:29:17 UTC 2026","Fri Sep 04 02:29:17 UTC 2026","0","7. Team Pegasus | Pegasus Staging","Business Scenarios Tests","Visitors","Statistics visitor drill-down","","Visitor details",""
"passed","Fri Sep 04 02:38:54 UTC 2026","Fri Sep 04 02:38:55 UTC 2026","1196","Dolphin","Functional","","","productTextSearchSecondPageTest","AI product text search recall: pagination page 2",""
"failed","Fri Sep 04 02:28:43 UTC 2026","Fri Sep 04 02:28:43 UTC 2026","0","3 Team Techno - UCL","Technical Tests","Retargeting","GET /unified_commercial_logic/internal_api/api/retargeting/{id} - Retrieve Retargeting By ID","","GET /unified_commercial_logic/internal_api/api/retargeting/{id} - Retrieve Retargeting By ID",""
"broken","Fri Sep 04 02:30:01 UTC 2026","Fri Sep 04 02:30:21 UTC 2026","20020","Dolphin","Functional","","","inferenceTest","AI Search inference API (SSE stream)",""
"failed","Fri Sep 04 02:30:59 UTC 2026","Fri Sep 04 02:30:59 UTC 2026","10","1.1 Team Hummingbird - BFF | WLW app","Technical Tests","search-controller","GET /public_api/search/autoComplete [NEG] Expired Token","","GET /public_api/search/autoComplete [NEG] Expired Token",""
"failed","Fri Sep 04 02:30:36 UTC 2026","Fri Sep 04 02:30:36 UTC 2026","16","1.1 Team Hummingbird - BFF | WLW app","Technical Tests","company-controller","GET /public_api/suppliers/{companyID}/listings","","GET /public_api/suppliers/{companyID}/listings",""
"failed","Fri Sep 04 02:30:30 UTC 2026","Fri Sep 04 02:30:30 UTC 2026","280","1.1 Team Hummingbird - BFF | WLW app","Endpoint tests","Contact request","QDR request","","QDR request",""
"failed","Fri Sep 04 02:28:41 UTC 2026","Fri Sep 04 02:28:41 UTC 2026","0","3 Team Techno - UCL","Technical Tests","TopRanking","GET /unified_commercial_logic/internal_api/api/top_ranking_v1 - Retrieve TopRankingV1 List","","GET /unified_commercial_logic/internal_api/api/top_ranking_v1 - Retrieve TopRankingV1 List",""
"passed","Fri Sep 04 02:38:52 UTC 2026","Fri Sep 04 02:38:53 UTC 2026","669","Dolphin","Technical","","","productTextSearchPageZeroTest","AI product text search recall: page=0 normalized",""
"failed","Fri Sep 04 02:28:47 UTC 2026","Fri Sep 04 02:28:47 UTC 2026","0","3 Team Techno - UCL","Technical Tests","Membership","GET /unified_commercial_logic/internal_api/api/membership/v2 - Retrieve Membership V2 List","","GET /unified_commercial_logic/internal_api/api/membership/v2 - Retrieve Membership V2 List",""
"passed","Fri Sep 04 02:29:38 UTC 2026","Fri Sep 04 02:29:38 UTC 2026","23","1 Team Hummingbird - BFF | EP app","Endpoint tests","Support","Supportmasterdata_DE","","Supportmasterdata_DE",""
"passed","Fri Sep 04 02:29:38 UTC 2026","Fri Sep 04 02:29:39 UTC 2026","532","1 Team Hummingbird - BFF | EP app","Endpoint tests","Mobile_Feedback","post feedback","","post feedback",""
"failed","Fri Sep 04 02:28:38 UTC 2026","Fri Sep 04 02:28:38 UTC 2026","0","3 Team Techno - UCL","Functional Tests","Endpoint Tests","WebsiteLead","","get all active on ep for given existing uuid",""
"failed","Fri Sep 04 02:30:39 UTC 2026","Fri Sep 04 02:30:39 UTC 2026","13","1.1 Team Hummingbird - BFF | WLW app","Technical Tests","conversation-controller","GET /public_api/conversation/userConversations/{conversationId}/messages [NEG] Missing Auth/API-Key","","GET /public_api/conversation/userConversations/{conversationId}/messages [NEG] Missing Auth/API-Key",""
"passed","Fri Sep 04 02:29:18 UTC 2026","Fri Sep 04 02:29:18 UTC 2026","62","4. Team CRM |CRM Staging","Business Scenarios Tests","Quote","Smoke Test Create new quote","","Smoke Test Create new quote",""
"failed","Fri Sep 04 02:30:33 UTC 2026","Fri Sep 04 02:30:33 UTC 2026","14","1.1 Team Hummingbird - BFF | WLW app","Technical Tests","ai-company-search-controller","GET /public_api/search/ai/company/search [NEG] Expired Token","","GET /public_api/search/ai/company/search [NEG] Expired Token",""
"skipped","Fri Sep 04 02:29:17 UTC 2026","Fri Sep 04 02:29:17 UTC 2026","0","7. Team Pegasus | Pegasus Staging","Endpoints Tests","Visitors","Java (statistics-app)","","Visitors list",""
"skipped","Fri Sep 04 02:29:17 UTC 2026","Fri Sep 04 02:29:17 UTC 2026","0","7. Team Pegasus | Pegasus Staging","Endpoints Tests","Visitors","Java (statistics-app)","","Filter types",""
"passed","Fri Sep 04 02:29:37 UTC 2026","Fri Sep 04 02:29:37 UTC 2026","149","1 Team Hummingbird - BFF | EP app","Endpoint tests","User settings","user setting","","user setting",""
"passed","Fri Sep 04 02:30:30 UTC 2026","Fri Sep 04 02:30:31 UTC 2026","421","1.1 Team Hummingbird - BFF | WLW app","Endpoint tests","Conversations","new message","","new message",""
"failed","Fri Sep 04 02:28:41 UTC 2026","Fri Sep 04 02:28:41 UTC 2026","0","3 Team Techno - UCL","Technical Tests","WebsiteLead","GET /unified_commercial_logic/internal_api/api/website_lead - Retrieve WebsiteLead List","","GET /unified_commercial_logic/internal_api/api/website_lead - Retrieve WebsiteLead List",""
"passed","Fri Sep 04 02:38:43 UTC 2026","Fri Sep 04 02:38:44 UTC 2026","218","Dolphin","Technical","","","productTextSearchBlankQueryTest","AI product text search recall: blank query → empty success",""
"passed","Fri Sep 04 02:29:40 UTC 2026","Fri Sep 04 02:29:41 UTC 2026","444","1 Team Hummingbird - BFF | EP app","Endpoint tests","Search","search companies FR","","search companies FR",""
"passed","Fri Sep 04 02:30:25 UTC 2026","Fri Sep 04 02:30:25 UTC 2026","71","1.1 Team Hummingbird - BFF | WLW app","Endpoint tests","User settings","user setting","","user setting",""
"failed","Fri Sep 04 02:30:39 UTC 2026","Fri Sep 04 02:30:39 UTC 2026","14","1.1 Team Hummingbird - BFF | WLW app","Technical Tests","conversation-controller","GET /public_api/conversation/userConversations/{conversationId}/messages [NEG] Forbidden Role Token","","GET /public_api/conversation/userConversations/{conversationId}/messages [NEG] Forbidden Role Token",""
"passed","Fri Sep 04 02:30:38 UTC 2026","Fri Sep 04 02:30:38 UTC 2026","28","1.1 Team Hummingbird - BFF | WLW app","Technical Tests","conversation-controller","PUT /public_api/conversation/userConversations/{conversationId}/messages/markAsRead [SEC] Injection Probe","","PUT /public_api/conversation/userConversations/{conversationId}/messages/markAsRead [SEC] Injection Probe",""
"failed","Fri Sep 04 02:29:37 UTC 2026","Fri Sep 04 02:29:37 UTC 2026","58","1 Team Hummingbird - BFF | EP app","Endpoint tests","Login","extend session","","extend session",""
"passed","Fri Sep 04 02:29:41 UTC 2026","Fri Sep 04 02:29:42 UTC 2026","856","1 Team Hummingbird - BFF | EP app","Endpoint tests","RFQ","post RFQ","","post RFQ",""
"failed","Fri Sep 04 02:29:22 UTC 2026","Fri Sep 04 02:29:22 UTC 2026","33","4. Team CRM |CRM Staging","Endpoints Tests","(root)","Create Note with sf id","","Create Note with sf id",""
"passed","Fri Sep 04 02:29:39 UTC 2026","Fri Sep 04 02:29:39 UTC 2026","153","1 Team Hummingbird - BFF | EP app","Endpoint tests","Company","Company ID FR","","Company ID FR",""
"passed","Fri Sep 04 02:31:02 UTC 2026","Fri Sep 04 02:31:02 UTC 2026","30","1.1 Team Hummingbird - BFF | WLW app","Technical Tests","search-term-controller","PUT /public_api/search/notification-opened [NEG] Expired Token","","PUT /public_api/search/notification-opened [NEG] Expired Token",""
"passed","Fri Sep 04 02:29:17 UTC 2026","Fri Sep 04 02:29:17 UTC 2026","134","4. Team CRM |CRM Staging","Business Scenarios Tests","Tasks","Smoke test Create task","","Smoke test Create task",""
"passed","Fri Sep 04 02:30:44 UTC 2026","Fri Sep 04 02:30:44 UTC 2026","29","1.1 Team Hummingbird - BFF | WLW app","Technical Tests","currency-exchange-controller","GET /exchange/fetch-rates","","GET /exchange/fetch-rates",""
"failed","Fri Sep 04 02:30:25 UTC 2026","Fri Sep 04 02:30:25 UTC 2026","55","1.1 Team Hummingbird - BFF | WLW app","Endpoint tests","Login","extend session","","extend session",""
"passed","Fri Sep 04 02:29:37 UTC 2026","Fri Sep 04 02:29:37 UTC 2026","126","1 Team Hummingbird - BFF | EP app","Endpoint tests","User settings","user setting","","user setting",""
"passed","Fri Sep 04 02:30:45 UTC 2026","Fri Sep 04 02:30:45 UTC 2026","28","1.1 Team Hummingbird - BFF | WLW app","Technical Tests","dynamic-links-controller","POST /public_api/branchio/dynamiclink [NEG] Forbidden Role Token","","POST /public_api/branchio/dynamiclink [NEG] Forbidden Role Token",""
"passed","Fri Sep 04 02:38:59 UTC 2026","Fri Sep 04 02:38:59 UTC 2026","13","Dolphin","Functional","","","getLandingPageProductListTest","get Landing page Product List for seo",""
"failed","Fri Sep 04 02:29:22 UTC 2026","Fri Sep 04 02:29:22 UTC 2026","41","4. Team CRM |CRM Staging","Endpoints Tests","(root)","get connect receipient","","get connect receipient",""
"failed","Fri Sep 04 02:30:26 UTC 2026","Fri Sep 04 02:30:26 UTC 2026","17","1.1 Team Hummingbird - BFF | WLW app","Endpoint tests","Support","currency daily rates","","currency daily rates",""
"failed","Fri Sep 04 02:30:59 UTC 2026","Fri Sep 04 02:30:59 UTC 2026","10","1.1 Team Hummingbird - BFF | WLW app","Technical Tests","search-controller","GET /public_api/search/products [NEG] Expired Token","","GET /public_api/search/products [NEG] Expired Token",""
"passed","Fri Sep 04 02:30:25 UTC 2026","Fri Sep 04 02:30:25 UTC 2026","16","1.1 Team Hummingbird - BFF | WLW app","Endpoint tests","Support","Support FAQ_EN","","Support FAQ_EN",""
"passed","Fri Sep 04 02:30:49 UTC 2026","Fri Sep 04 02:30:49 UTC 2026","25","1.1 Team Hummingbird - BFF | WLW app","Technical Tests","login-controller","POST /public_api/auth/password/login","","POST /public_api/auth/password/login",""
"passed","Fri Sep 04 02:38:58 UTC 2026","Fri Sep 04 02:38:58 UTC 2026","19","Dolphin","Technical","","","productTextSearchWhitespaceQueryTest","AI product text search recall: whitespace-only query → empty success",""
"passed","Fri Sep 04 02:38:59 UTC 2026","Fri Sep 04 02:39:00 UTC 2026","271","Dolphin","Functional","","","instoreSearchTest","instore search -- cpp/pdp with sort and leaf filter",""
"broken","Fri Sep 04 02:36:03 UTC 2026","Fri Sep 04 02:36:23 UTC 2026","20020","Dolphin","Technical","","","recallTest","AI Search recall (supplierTextSearch) API using params from inference",""
"failed","Fri Sep 04 02:28:44 UTC 2026","Fri Sep 04 02:28:44 UTC 2026","0","3 Team Techno - UCL","Technical Tests","Retargeting","GET /unified_commercial_logic/internal_api/api/retargeting/ - Retrieve Retargeting List","","GET /unified_commercial_logic/internal_api/api/retargeting/ - Retrieve Retargeting List",""
"passed","Fri Sep 04 02:30:25 UTC 2026","Fri Sep 04 02:30:25 UTC 2026","16","1.1 Team Hummingbird - BFF | WLW app","Endpoint tests","Support","Support FAQ_DE","","Support FAQ_DE",""
"passed","Fri Sep 04 02:31:00 UTC 2026","Fri Sep 04 02:31:00 UTC 2026","31","1.1 Team Hummingbird - BFF | WLW app","Technical Tests","search-controller","GET /public_api/search/ai/tabChange","","GET /public_api/search/ai/tabChange",""
"passed","Fri Sep 04 02:30:51 UTC 2026","Fri Sep 04 02:30:51 UTC 2026","33","1.1 Team Hummingbird - BFF | WLW app","Technical Tests","login-controller","DELETE /public_api/auth/sso/logout","","DELETE /public_api/auth/sso/logout",""
"passed","Fri Sep 04 02:30:48 UTC 2026","Fri Sep 04 02:30:48 UTC 2026","73","1.1 Team Hummingbird - BFF | WLW app","Technical Tests","login-controller","POST /public_api/auth/session/extend [NEG] Missing Auth/API-Key","","POST /public_api/auth/session/extend [NEG] Missing Auth/API-Key",""
"passed","Fri Sep 04 02:30:54 UTC 2026","Fri Sep 04 02:30:54 UTC 2026","29","1.1 Team Hummingbird - BFF | WLW app","Technical Tests","purchaser-user-setting-controller","PUT /userSetting/{id} [NEG] Expired Token","","PUT /userSetting/{id} [NEG] Expired Token",""
"passed","Fri Sep 04 02:30:41 UTC 2026","Fri Sep 04 02:30:41 UTC 2026","22","1.1 Team Hummingbird - BFF | WLW app","Technical Tests","conversation-controller","POST /public_api/conversation/userConversations/{conversationId}/messages/file [NEG] Missing Auth/API-Key","","POST /public_api/conversation/userConversations/{conversationId}/messages/file [NEG] Missing Auth/API-Key",""
"skipped","Fri Sep 04 02:29:17 UTC 2026","Fri Sep 04 02:29:17 UTC 2026","0","7. Team Pegasus | Pegasus Staging","Endpoints Tests","Visitors","Elixir (supplier-app)","","Countries by uuid",""
"passed","Fri Sep 04 02:39:00 UTC 2026","Fri Sep 04 02:39:00 UTC 2026","89","Dolphin","Functional","","","sameStoreProductRecommendTest","product same store recommend -- wlw",""
"passed","Fri Sep 04 02:30:30 UTC 2026","Fri Sep 04 02:30:30 UTC 2026","133","1.1 Team Hummingbird - BFF | WLW app","Endpoint tests","Conversations","conversation id","","conversation id",""
"failed","Fri Sep 04 02:28:47 UTC 2026","Fri Sep 04 02:28:47 UTC 2026","0","3 Team Techno - UCL","Technical Tests","Membership","GET /unified_commercial_logic/internal_api/api/membership/platform-profile-status/{sfuuid} - getStatus By SFUUID","","GET /unified_commercial_logic/internal_api/api/membership/platform-profile-status/{sfuuid} - getStatus By SFUUID",""
"failed","Fri Sep 04 02:30:36 UTC 2026","Fri Sep 04 02:30:36 UTC 2026","13","1.1 Team Hummingbird - BFF | WLW app","Technical Tests","company-controller","GET /public_api/company [NEG] Expired Token","","GET /public_api/company [NEG] Expired Token",""
"passed","Fri Sep 04 02:30:39 UTC 2026","Fri Sep 04 02:30:39 UTC 2026","34","1.1 Team Hummingbird - BFF | WLW app","Technical Tests","conversation-controller","PUT /public_api/conversation/userConversations/{conversationId}/decline [NEG] Forbidden Role Token","","PUT /public_api/conversation/userConversations/{conversationId}/decline [NEG] Forbidden Role Token",""
"passed","Fri Sep 04 02:30:30 UTC 2026","Fri Sep 04 02:30:30 UTC 2026","531","1.1 Team Hummingbird - BFF | WLW app","Endpoint tests","Conversations","user conversations","","user conversations",""
"failed","Fri Sep 04 02:31:00 UTC 2026","Fri Sep 04 02:31:00 UTC 2026","13","1.1 Team Hummingbird - BFF | WLW app","Technical Tests","search-controller","GET /public_api/search/ai/termRecommend [NEG] Expired Token","","GET /public_api/search/ai/termRecommend [NEG] Expired Token",""
"passed","Fri Sep 04 02:28:37 UTC 2026","Fri Sep 04 02:28:37 UTC 2026","113","2 Team Dragon - BFF | RFQ Backend","Technical Tests","(root)","GET /v1/rfqs (list) - Compliance + Schema + Perf","","GET /v1/rfqs (list) - Compliance + Schema + Perf",""
"failed","Fri Sep 04 02:30:42 UTC 2026","Fri Sep 04 02:30:42 UTC 2026","12","1.1 Team Hummingbird - BFF | WLW app","Technical Tests","conversation-controller","GET /public_api/conversation/userConversations/{userId}/unreadCount/","","GET /public_api/conversation/userConversations/{userId}/unreadCount/",""
"passed","Fri Sep 04 02:30:32 UTC 2026","Fri Sep 04 02:30:32 UTC 2026","32","1.1 Team Hummingbird - BFF | WLW app","Technical Tests","ab-test-record-controller","POST /public_api/abtest/record [NEG] Forbidden Role Token","","POST /public_api/abtest/record [NEG] Forbidden Role Token",""
"failed","Fri Sep 04 02:30:59 UTC 2026","Fri Sep 04 02:30:59 UTC 2026","13","1.1 Team Hummingbird - BFF | WLW app","Technical Tests","search-controller","GET /public_api/search/autoComplete [NEG] Forbidden Role Token","","GET /public_api/search/autoComplete [NEG] Forbidden Role Token",""
"skipped","Fri Sep 04 02:30:24 UTC 2026","Fri Sep 04 02:30:24 UTC 2026","0","1.1 Team Hummingbird - BFF | WLW app","Business Scenario Tests","(empty)","(empty)","","Business Scenario Tests - empty",""
"skipped","Fri Sep 04 02:29:17 UTC 2026","Fri Sep 04 02:29:17 UTC 2026","0","7. Team Pegasus | Pegasus Staging","Spike | Profiles link user to company","(root)","05 GET — Profile by email","","05 GET — Profile by email",""
"failed","Fri Sep 04 02:28:44 UTC 2026","Fri Sep 04 02:28:44 UTC 2026","0","3 Team Techno - UCL","Technical Tests","Retargeting","GET /unified_commercial_logic/internal_api/api/retargeting - Retrieve Retargeting List","","GET /unified_commercial_logic/internal_api/api/retargeting - Retrieve Retargeting List",""
"broken","Fri Sep 04 02:31:41 UTC 2026","Fri Sep 04 02:32:01 UTC 2026","20016","Dolphin","Technical","","","recallBlankQueryTest","AI Search recall: blank query and imageUrl → business failure",""
"passed","Fri Sep 04 02:31:04 UTC 2026","Fri Sep 04 02:31:04 UTC 2026","26","1.1 Team Hummingbird - BFF | WLW app","Technical Tests","trending-products-controller","POST /public_api/trending/import [NEG] Forbidden Role Token","","POST /public_api/trending/import [NEG] Forbidden Role Token",""
"passed","Fri Sep 04 02:38:59 UTC 2026","Fri Sep 04 02:38:59 UTC 2026","13","Dolphin","Technical","","","getLandingPageProductListTest","get Landing page Product List for seo",""
"skipped","Fri Sep 04 02:29:17 UTC 2026","Fri Sep 04 02:29:17 UTC 2026","0","7. Team Pegasus | Pegasus Staging","Endpoints Tests","Business Insights","Graph","","Graph",""
"passed","Fri Sep 04 02:29:17 UTC 2026","Fri Sep 04 02:29:17 UTC 2026","79","4. Team CRM |CRM Staging","Business Scenarios Tests","Contacts","Edit Contact","","Edit Contact",""
"failed","Fri Sep 04 02:30:41 UTC 2026","Fri Sep 04 02:30:41 UTC 2026","15","1.1 Team Hummingbird - BFF | WLW app","Technical Tests","conversation-controller","GET /public_api/conversation/userConversations [NEG] Missing Auth/API-Key","","GET /public_api/conversation/userConversations [NEG] Missing Auth/API-Key",""
"broken","Fri Sep 04 02:38:03 UTC 2026","Fri Sep 04 02:38:23 UTC 2026","20784","Dolphin","Technical","","","productInferenceShortQueryTest","AI product search inference: minimal searchText boundary",""
"passed","Fri Sep 04 02:29:20 UTC 2026","Fri Sep 04 02:29:20 UTC 2026","41","4. Team CRM |CRM Staging","Business Scenarios Tests","Lead","Smoke test for Conversion","","Smoke test for Conversion",""
"passed","Fri Sep 04 02:30:46 UTC 2026","Fri Sep 04 02:30:46 UTC 2026","32","1.1 Team Hummingbird - BFF | WLW app","Technical Tests","feedback-controller","POST /feedback [NEG] Forbidden Role Token","","POST /feedback [NEG] Forbidden Role Token",""
"passed","Fri Sep 04 02:31:03 UTC 2026","Fri Sep 04 02:31:03 UTC 2026","16","1.1 Team Hummingbird - BFF | WLW app","Technical Tests","supplier-visitors-controller","GET /public_api/suppliers/{supplier_id}/visits/{id} [NEG] Missing Auth/API-Key","","GET /public_api/suppliers/{supplier_id}/visits/{id} [NEG] Missing Auth/API-Key",""
"failed","Fri Sep 04 02:28:40 UTC 2026","Fri Sep 04 02:28:40 UTC 2026","0","3 Team Techno - UCL","Functional Tests","Endpoint Tests","Retargeting","","get active retargeting for the given uuid",""
"failed","Fri Sep 04 02:28:42 UTC 2026","Fri Sep 04 02:28:42 UTC 2026","0","3 Team Techno - UCL","Technical Tests","SponsoredBrand","GET /unified_commercial_logic/internal_api/api/sponsored_brand_v1/{id} - Retrieve SponsoredBrandV1 By ID","","GET /unified_commercial_logic/internal_api/api/sponsored_brand_v1/{id} - Retrieve SponsoredBrandV1 By ID",""
"passed","Fri Sep 04 02:30:52 UTC 2026","Fri Sep 04 02:30:52 UTC 2026","28","1.1 Team Hummingbird - BFF | WLW app","Technical Tests","product-controller","GET /public_api/products/{productId} [NEG] Forbidden Role Token","","GET /public_api/products/{productId} [NEG] Forbidden Role Token",""
"passed","Fri Sep 04 02:31:04 UTC 2026","Fri Sep 04 02:31:04 UTC 2026","13","1.1 Team Hummingbird - BFF | WLW app","Technical Tests","trending-products-controller","POST /public_api/trending/import [NEG] Missing Auth/API-Key","","POST /public_api/trending/import [NEG] Missing Auth/API-Key",""
"passed","Fri Sep 04 02:29:21 UTC 2026","Fri Sep 04 02:29:21 UTC 2026","48","4. Team CRM |CRM Staging","Endpoints Tests","(root)","duplicate records","","duplicate records",""
"failed","Fri Sep 04 02:28:46 UTC 2026","Fri Sep 04 02:28:46 UTC 2026","0","3 Team Techno - UCL","Technical Tests","Membership","GET /unified_commercial_logic/internal_api/api/membership/{id} - Retrieve Membership fields By ID","","GET /unified_commercial_logic/internal_api/api/membership/{id} - Retrieve Membership fields By ID",""
"passed","Fri Sep 04 02:38:56 UTC 2026","Fri Sep 04 02:38:57 UTC 2026","1040","Dolphin","Technical","","","productTextSearchSpecialCharTest","AI product text search recall: special-character query",""
"failed","Fri Sep 04 02:29:25 UTC 2026","Fri Sep 04 02:29:25 UTC 2026","14","Bamboo","Functional","","","listSubCategoriesTest","list sub Categories",""
"passed","Fri Sep 04 02:38:59 UTC 2026","Fri Sep 04 02:38:59 UTC 2026","75","Dolphin","Technical","","","homepageProductRecommendTest","homepage product recommend -- wlw",""
"failed","Fri Sep 04 02:28:39 UTC 2026","Fri Sep 04 02:28:39 UTC 2026","0","3 Team Techno - UCL","Functional Tests","Endpoint Tests","SponsoredBrand","","get SPB by id",""
"passed","Fri Sep 04 02:30:31 UTC 2026","Fri Sep 04 02:30:31 UTC 2026","129","1.1 Team Hummingbird - BFF | WLW app","Endpoint tests","Conversations","translate message","","translate message",""
"skipped","Fri Sep 04 02:29:17 UTC 2026","Fri Sep 04 02:29:17 UTC 2026","0","7. Team Pegasus | Pegasus Staging","Business Scenarios Tests","Visitors","Statistics visitor drill-down","","CSV status",""
"passed","Fri Sep 04 02:31:00 UTC 2026","Fri Sep 04 02:31:00 UTC 2026","16","1.1 Team Hummingbird - BFF | WLW app","Technical Tests","search-controller","GET /public_api/search/ai/tabChange [NEG] Missing Auth/API-Key","","GET /public_api/search/ai/tabChange [NEG] Missing Auth/API-Key",""
"passed","Fri Sep 04 02:30:48 UTC 2026","Fri Sep 04 02:30:48 UTC 2026","31","1.1 Team Hummingbird - BFF | WLW app","Technical Tests","login-controller","POST /public_api/auth/resetPassword","","POST /public_api/auth/resetPassword",""
"passed","Fri Sep 04 02:30:50 UTC 2026","Fri Sep 04 02:30:50 UTC 2026","29","1.1 Team Hummingbird - BFF | WLW app","Technical Tests","login-controller","POST /public_api/auth/changePassword","","POST /public_api/auth/changePassword",""
"passed","Fri Sep 04 02:30:39 UTC 2026","Fri Sep 04 02:30:39 UTC 2026","26","1.1 Team Hummingbird - BFF | WLW app","Technical Tests","conversation-controller","POST /public_api/conversation/userConversations/{conversationId}/messages","","POST /public_api/conversation/userConversations/{conversationId}/messages",""
"passed","Fri Sep 04 02:30:53 UTC 2026","Fri Sep 04 02:30:53 UTC 2026","31","1.1 Team Hummingbird - BFF | WLW app","Technical Tests","purchaser-user-setting-controller","PUT /userSetting/{id}","","PUT /userSetting/{id}",""
"passed","Fri Sep 04 02:38:58 UTC 2026","Fri Sep 04 02:38:58 UTC 2026","155","Dolphin","Technical","","","EPHomepageProductRecommendTest","homepage product recommend -- ep",""
"failed","Fri Sep 04 02:30:35 UTC 2026","Fri Sep 04 02:30:35 UTC 2026","12","1.1 Team Hummingbird - BFF | WLW app","Technical Tests","categories-controller","GET /preferred/categories [NEG] Forbidden Role Token","","GET /preferred/categories [NEG] Forbidden Role Token",""
"failed","Fri Sep 04 02:30:36 UTC 2026","Fri Sep 04 02:30:36 UTC 2026","11","1.1 Team Hummingbird - BFF | WLW app","Technical Tests","company-controller","GET /public_api/company","","GET /public_api/company",""
"passed","Fri Sep 04 02:29:40 UTC 2026","Fri Sep 04 02:29:40 UTC 2026","97","1 Team Hummingbird - BFF | EP app","Endpoint tests","Search","search autoComplete EN","","search autoComplete EN",""
"passed","Fri Sep 04 02:28:49 UTC 2026","Fri Sep 04 02:28:49 UTC 2026","287","Arise","Functional","","","skwd","skwd",""
"failed","Fri Sep 04 02:30:37 UTC 2026","Fri Sep 04 02:30:37 UTC 2026","12","1.1 Team Hummingbird - BFF | WLW app","Technical Tests","company-controller","GET /public_api/company [SEC] Injection Probe","","GET /public_api/company [SEC] Injection Probe",""
"passed","Fri Sep 04 02:39:00 UTC 2026","Fri Sep 04 02:39:00 UTC 2026","77","Dolphin","Technical","","","zeroResultProductRecommendTest","Recommend products in 0 result search list page v1 -- wlw",""
"failed","Fri Sep 04 02:30:34 UTC 2026","Fri Sep 04 02:30:34 UTC 2026","16","1.1 Team Hummingbird - BFF | WLW app","Technical Tests","ai-company-search-controller","GET /public_api/search/ai/company/stream/mock [NEG] Missing Auth/API-Key","","GET /public_api/search/ai/company/stream/mock [NEG] Missing Auth/API-Key",""
"failed","Fri Sep 04 02:28:39 UTC 2026","Fri Sep 04 02:28:39 UTC 2026","0","3 Team Techno - UCL","Functional Tests","Endpoint Tests","TopRanking","","get all active on wlw for the given uuid",""
"passed","Fri Sep 04 02:30:25 UTC 2026","Fri Sep 04 02:30:25 UTC 2026","13","1.1 Team Hummingbird - BFF | WLW app","Endpoint tests","Support","Support FAQ_FR","","Support FAQ_FR",""
"broken","Fri Sep 04 02:30:41 UTC 2026","Fri Sep 04 02:31:01 UTC 2026","20012","Dolphin","Technical","","","pvMatchMissingQpInfoTest","AI Search PV match: missing qpInfo → business failure",""
"passed","Fri Sep 04 02:31:01 UTC 2026","Fri Sep 04 02:31:01 UTC 2026","27","1.1 Team Hummingbird - BFF | WLW app","Technical Tests","search-controller","GET /public_api/categories/recommendations [SEC] Injection Probe","","GET /public_api/categories/recommendations [SEC] Injection Probe",""
"skipped","Fri Sep 04 02:29:17 UTC 2026","Fri Sep 04 02:29:17 UTC 2026","0","7. Team Pegasus | Pegasus Staging","Endpoints Tests","Membership Management (PGS-861)","POST /companies — create with UTM (PGS-861)","","POST /companies — create with UTM (PGS-861)",""
"passed","Fri Sep 04 02:30:24 UTC 2026","Fri Sep 04 02:30:25 UTC 2026","121","1.1 Team Hummingbird - BFF | WLW app","Endpoint tests","Login","forgot password","","forgot password",""
"passed","Fri Sep 04 02:30:26 UTC 2026","Fri Sep 04 02:30:26 UTC 2026","17","1.1 Team Hummingbird - BFF | WLW app","Endpoint tests","Mobile_Feedback","Feedback Subject_EN","","Feedback Subject_EN",""
"failed","Fri Sep 04 02:30:44 UTC 2026","Fri Sep 04 02:30:44 UTC 2026","13","1.1 Team Hummingbird - BFF | WLW app","Technical Tests","conversation-controller","GET /public_api/conversation/userConversations/{conversationId}/file/ [SEC] Injection Probe","","GET /public_api/conversation/userConversations/{conversationId}/file/ [SEC] Injection Probe",""
"passed","Fri Sep 04 02:30:44 UTC 2026","Fri Sep 04 02:30:44 UTC 2026","19","1.1 Team Hummingbird - BFF | WLW app","Technical Tests","dynamic-links-controller","POST /public_api/branchio/dynamiclink [NEG] Missing Auth/API-Key","","POST /public_api/branchio/dynamiclink [NEG] Missing Auth/API-Key",""
"failed","Fri Sep 04 02:30:51 UTC 2026","Fri Sep 04 02:30:51 UTC 2026","11","1.1 Team Hummingbird - BFF | WLW app","Technical Tests","product-controller","GET /public_api/products [NEG] Expired Token","","GET /public_api/products [NEG] Expired Token",""
"failed","Fri Sep 04 02:30:58 UTC 2026","Fri Sep 04 02:30:58 UTC 2026","11","1.1 Team Hummingbird - BFF | WLW app","Technical Tests","search-controller","GET /public_api/search [NEG] Forbidden Role Token","","GET /public_api/search [NEG] Forbidden Role Token",""
"passed","Fri Sep 04 02:29:41 UTC 2026","Fri Sep 04 02:29:41 UTC 2026","46","1 Team Hummingbird - BFF | EP app","Endpoint tests","Homepage, products","preferred categories","","preferred categories",""
"skipped","Fri Sep 04 02:29:17 UTC 2026","Fri Sep 04 02:29:17 UTC 2026","0","7. Team Pegasus | Pegasus Staging","Spike | Profiles link user to company","(root)","08 MANUAL — supplier_api GET (needs browser session)","","08 MANUAL — supplier_api GET (needs browser session)",""
"failed","Fri Sep 04 02:28:44 UTC 2026","Fri Sep 04 02:28:44 UTC 2026","0","3 Team Techno - UCL","Technical Tests","Retargeting","GET /unified_commercial_logic/internal_api/api/retargeting/ - Retrieve Retargeting List","","GET /unified_commercial_logic/internal_api/api/retargeting/ - Retrieve Retargeting List",""
"failed","Fri Sep 04 02:30:59 UTC 2026","Fri Sep 04 02:30:59 UTC 2026","10","1.1 Team Hummingbird - BFF | WLW app","Technical Tests","search-controller","GET /public_api/search/autoComplete","","GET /public_api/search/autoComplete",""
"passed","Fri Sep 04 02:28:48 UTC 2026","Fri Sep 04 02:28:49 UTC 2026","943","Arise","Technical","","","psearchProxySearch","psearchProxySearch",""
"failed","Fri Sep 04 02:30:56 UTC 2026","Fri Sep 04 02:30:56 UTC 2026","13","1.1 Team Hummingbird - BFF | WLW app","Technical Tests","push-notification-by-email-controller","GET /v1/pushNotification [SEC] Injection Probe","","GET /v1/pushNotification [SEC] Injection Probe",""
"failed","Fri Sep 04 02:28:37 UTC 2026","Fri Sep 04 02:28:37 UTC 2026","0","3 Team Techno - UCL","Functional Tests","Endpoint Tests","membership","","get all active membership for uuid platform specific",""
"passed","Fri Sep 04 02:38:48 UTC 2026","Fri Sep 04 02:38:49 UTC 2026","1217","Dolphin","Technical","","","productTextSearchMalformedRawQueryStructTest","AI product text search recall: malformed rawQueryStruct still success",""
"passed","Fri Sep 04 02:30:29 UTC 2026","Fri Sep 04 02:30:29 UTC 2026","26","1.1 Team Hummingbird - BFF | WLW app","Endpoint tests","Homepage, products","preferred categories","","preferred categories",""
"passed","Fri Sep 04 02:30:38 UTC 2026","Fri Sep 04 02:30:38 UTC 2026","28","1.1 Team Hummingbird - BFF | WLW app","Technical Tests","conversation-controller","PUT /public_api/conversation/userConversations/{conversationId}/tag","","PUT /public_api/conversation/userConversations/{conversationId}/tag",""
"skipped","Fri Sep 04 02:29:17 UTC 2026","Fri Sep 04 02:29:17 UTC 2026","0","7. Team Pegasus | Pegasus Staging","Spike | Profiles link user to company","(root)","07 GET — Verify profile after PATCH","","07 GET — Verify profile after PATCH",""
"skipped","Fri Sep 04 02:29:17 UTC 2026","Fri Sep 04 02:29:17 UTC 2026","0","7. Team Pegasus | Pegasus Staging","Endpoints Tests","Supplier Registration","One Platform — User Profile API","","Get Profile by ID",""
"passed","Fri Sep 04 02:29:18 UTC 2026","Fri Sep 04 02:29:18 UTC 2026","73","4. Team CRM |CRM Staging","Business Scenarios Tests","Account","Smoke Test Create Account with All Fields","","Smoke Test Create Account with All Fields",""
"passed","Fri Sep 04 02:30:55 UTC 2026","Fri Sep 04 02:30:55 UTC 2026","30","1.1 Team Hummingbird - BFF | WLW app","Technical Tests","purchaser-user-setting-controller","POST /userSetting","","POST /userSetting",""
"passed","Fri Sep 04 02:29:19 UTC 2026","Fri Sep 04 02:29:19 UTC 2026","70","4. Team CRM |CRM Staging","Business Scenarios Tests","Create and edit a contact","Create contact","","Create contact",""
"failed","Fri Sep 04 02:30:33 UTC 2026","Fri Sep 04 02:30:33 UTC 2026","13","1.1 Team Hummingbird - BFF | WLW app","Technical Tests","ai-company-search-controller","GET /public_api/search/ai/company/search [NEG] Forbidden Role Token","","GET /public_api/search/ai/company/search [NEG] Forbidden Role Token",""
"passed","Fri Sep 04 02:30:27 UTC 2026","Fri Sep 04 02:30:27 UTC 2026","45","1.1 Team Hummingbird - BFF | WLW app","Endpoint tests","Company","Suppliers listings","","Suppliers listings",""
"passed","Fri Sep 04 02:30:38 UTC 2026","Fri Sep 04 02:30:38 UTC 2026","18","1.1 Team Hummingbird - BFF | WLW app","Technical Tests","conversation-controller","PUT /public_api/conversation/userConversations/{conversationId}/tag [NEG] Missing Auth/API-Key","","PUT /public_api/conversation/userConversations/{conversationId}/tag [NEG] Missing Auth/API-Key",""
"failed","Fri Sep 04 02:29:21 UTC 2026","Fri Sep 04 02:29:21 UTC 2026","42","4. Team CRM |CRM Staging","Business Scenarios Tests","Products","Update Product","","Update Product",""
"failed","Fri Sep 04 02:28:44 UTC 2026","Fri Sep 04 02:28:44 UTC 2026","0","3 Team Techno - UCL","Technical Tests","Retargeting","GET /unified_commercial_logic/internal_api/api/retargeting/{id} - Retrieve Retargeting By ID","","GET /unified_commercial_logic/internal_api/api/retargeting/{id} - Retrieve Retargeting By ID",""
"broken","Fri Sep 04 02:30:21 UTC 2026","Fri Sep 04 02:30:41 UTC 2026","20031","Dolphin","Technical","","","pvMatchEmptyCompanyListTest","AI Search PV match: empty companyList → business failure",""
"passed","Fri Sep 04 02:29:21 UTC 2026","Fri Sep 04 02:29:21 UTC 2026","46","4. Team CRM |CRM Staging","Business Scenarios Tests","Calls","Smoke test for call","","Smoke test for call",""
"passed","Fri Sep 04 02:30:57 UTC 2026","Fri Sep 04 02:30:57 UTC 2026","32","1.1 Team Hummingbird - BFF | WLW app","Technical Tests","rfq-controller","POST /public_api/connect/purchaser/tenders/ [NEG] Expired Token","","POST /public_api/connect/purchaser/tenders/ [NEG] Expired Token",""
"failed","Fri Sep 04 02:28:39 UTC 2026","Fri Sep 04 02:28:39 UTC 2026","0","3 Team Techno - UCL","Functional Tests","Endpoint Tests","Organization","","get organization for the given supplier_facts_uuid",""
"passed","Fri Sep 04 02:30:46 UTC 2026","Fri Sep 04 02:30:46 UTC 2026","18","1.1 Team Hummingbird - BFF | WLW app","Technical Tests","feedback-controller","POST /feedback [NEG] Missing Auth/API-Key","","POST /feedback [NEG] Missing Auth/API-Key",""
"failed","Fri Sep 04 02:30:51 UTC 2026","Fri Sep 04 02:30:51 UTC 2026","10","1.1 Team Hummingbird - BFF | WLW app","Technical Tests","product-controller","GET /public_api/products [NEG] Missing Auth/API-Key","","GET /public_api/products [NEG] Missing Auth/API-Key",""
"failed","Fri Sep 04 02:31:01 UTC 2026","Fri Sep 04 02:31:01 UTC 2026","11","1.1 Team Hummingbird - BFF | WLW app","Technical Tests","search-controller","GET /public_api/products/recommendations [NEG] Forbidden Role Token","","GET /public_api/products/recommendations [NEG] Forbidden Role Token",""
"failed","Fri Sep 04 02:30:44 UTC 2026","Fri Sep 04 02:30:44 UTC 2026","10","1.1 Team Hummingbird - BFF | WLW app","Technical Tests","conversation-controller","GET /public_api/conversation/userConversations/{conversationId}/file/ [NEG] Forbidden Role Token","","GET /public_api/conversation/userConversations/{conversationId}/file/ [NEG] Forbidden Role Token",""
"failed","Fri Sep 04 02:28:40 UTC 2026","Fri Sep 04 02:28:40 UTC 2026","0","3 Team Techno - UCL","Technical Tests","WebsiteLead","GET /unified_commercial_logic/internal_api/api/website_lead/ - Retrieve WebsiteLead List","","GET /unified_commercial_logic/internal_api/api/website_lead/ - Retrieve WebsiteLead List",""
"broken","Fri Sep 04 02:30:01 UTC 2026","Fri Sep 04 02:30:21 UTC 2026","20020","Dolphin","Technical","","","inferenceTest","AI Search inference API (SSE stream)",""
"failed","Fri Sep 04 02:29:43 UTC 2026","Fri Sep 04 02:29:48 UTC 2026","5204","1 Team Hummingbird - BFF | EP app","Endpoint tests","Visitor profiler","Visitor ID","","Visitor ID",""
"skipped","Fri Sep 04 02:29:17 UTC 2026","Fri Sep 04 02:29:17 UTC 2026","0","7. Team Pegasus | Pegasus Staging","Business Scenarios Tests","Visitors","Statistics visitor drill-down","","Countries",""
"failed","Fri Sep 04 02:29:22 UTC 2026","Fri Sep 04 02:29:22 UTC 2026","32","4. Team CRM |CRM Staging","Endpoints Tests","(root)","sync event to trigger the RFC lead process","","sync event to trigger the RFC lead process",""
"passed","Fri Sep 04 02:30:34 UTC 2026","Fri Sep 04 02:30:34 UTC 2026","35","1.1 Team Hummingbird - BFF | WLW app","Technical Tests","ai-company-search-controller","POST /public_api/search/ai/company/search [NEG] Expired Token","","POST /public_api/search/ai/company/search [NEG] Expired Token",""
"failed","Fri Sep 04 02:30:43 UTC 2026","Fri Sep 04 02:30:43 UTC 2026","10","1.1 Team Hummingbird - BFF | WLW app","Technical Tests","conversation-controller","GET /public_api/conversation/userConversations/{conversationId}/file","","GET /public_api/conversation/userConversations/{conversationId}/file",""
"passed","Fri Sep 04 02:38:53 UTC 2026","Fri Sep 04 02:38:54 UTC 2026","1136","Dolphin","Functional","","","productTextSearchPaidSupplierFilterTest","AI product text search recall: paid/verified supplier filter",""
"passed","Fri Sep 04 02:38:58 UTC 2026","Fri Sep 04 02:38:58 UTC 2026","86","Dolphin","Functional","","","EPOtherStoreProductRecommendTest","product other store recommend",""
"failed","Fri Sep 04 02:28:46 UTC 2026","Fri Sep 04 02:28:46 UTC 2026","0","3 Team Techno - UCL","Technical Tests","Membership","GET /unified_commercial_logic/internal_api/api/membership/v2 - Retrieve Membership V2 List","","GET /unified_commercial_logic/internal_api/api/membership/v2 - Retrieve Membership V2 List",""
"passed","Fri Sep 04 02:28:38 UTC 2026","Fri Sep 04 02:28:38 UTC 2026","189","2 Team Dragon - BFF | RFQ Backend","Technical Tests","(root)","GET /v1/categories - CPV list (schema + contract)","","GET /v1/categories - CPV list (schema + contract)",""
"passed","Fri Sep 04 02:30:32 UTC 2026","Fri Sep 04 02:30:32 UTC 2026","30","1.1 Team Hummingbird - BFF | WLW app","Technical Tests","ai-company-search-controller","POST /public_api/search/ai/supplier/recall","","POST /public_api/search/ai/supplier/recall",""
"passed","Fri Sep 04 02:30:50 UTC 2026","Fri Sep 04 02:30:50 UTC 2026","33","1.1 Team Hummingbird - BFF | WLW app","Technical Tests","login-controller","POST /public_api/auth/code/resend","","POST /public_api/auth/code/resend",""
"failed","Fri Sep 04 02:28:39 UTC 2026","Fri Sep 04 02:28:39 UTC 2026","0","3 Team Techno - UCL","Functional Tests","Endpoint Tests","TopRanking","","get all active on wlw for the given uuid",""
"passed","Fri Sep 04 02:28:37 UTC 2026","Fri Sep 04 02:28:37 UTC 2026","33","2 Team Dragon - BFF | RFQ Backend","Functional Tests","(root)","GET /v1/categories - Success","","GET /v1/categories - Success",""
"passed","Fri Sep 04 02:29:36 UTC 2026","Fri Sep 04 02:29:37 UTC 2026","757","1 Team Hummingbird - BFF | EP app","Endpoint tests","Login","user Info","","user Info",""
"broken","Fri Sep 04 02:35:02 UTC 2026","Fri Sep 04 02:35:22 UTC 2026","20016","Dolphin","Technical","","","recallSecondPageTest","AI Search recall: pagination page 2",""
"failed","Fri Sep 04 02:28:42 UTC 2026","Fri Sep 04 02:28:42 UTC 2026","0","3 Team Techno - UCL","Technical Tests","TopRanking","GET /unified_commercial_logic/internal_api/api/top_ranking_v1/ - Retrieve TopRankingV1 List","","GET /unified_commercial_logic/internal_api/api/top_ranking_v1/ - Retrieve TopRankingV1 List",""
"passed","Fri Sep 04 02:39:00 UTC 2026","Fri Sep 04 02:39:00 UTC 2026","89","Dolphin","Technical","","","sameStoreProductRecommendTest","product same store recommend -- wlw",""
"passed","Fri Sep 04 02:30:41 UTC 2026","Fri Sep 04 02:30:41 UTC 2026","27","1.1 Team Hummingbird - BFF | WLW app","Technical Tests","conversation-controller","POST /public_api/conversation/userConversations/{conversationId}/messages/file","","POST /public_api/conversation/userConversations/{conversationId}/messages/file",""
"passed","Fri Sep 04 02:38:58 UTC 2026","Fri Sep 04 02:38:58 UTC 2026","84","Dolphin","Technical","","","EPPCppProductRecommendTest","recommend products in CPP -- ep",""
"passed","Fri Sep 04 02:30:52 UTC 2026","Fri Sep 04 02:30:52 UTC 2026","28","1.1 Team Hummingbird - BFF | WLW app","Technical Tests","product-controller","GET /public_api/products/{productId}","","GET /public_api/products/{productId}",""
"skipped","Fri Sep 04 02:29:17 UTC 2026","Fri Sep 04 02:29:17 UTC 2026","0","7. Team Pegasus | Pegasus Staging","Spike | Profiles link user to company","(root)","01 OAuth — Supplier Facts token","","01 OAuth — Supplier Facts token",""
"failed","Fri Sep 04 02:30:34 UTC 2026","Fri Sep 04 02:30:34 UTC 2026","11","1.1 Team Hummingbird - BFF | WLW app","Technical Tests","categories-controller","GET /preferred/categories [NEG] Missing Auth/API-Key","","GET /preferred/categories [NEG] Missing Auth/API-Key",""
"passed","Fri Sep 04 02:30:46 UTC 2026","Fri Sep 04 02:30:46 UTC 2026","34","1.1 Team Hummingbird - BFF | WLW app","Technical Tests","feedback-controller","GET /feedback/subject","","GET /feedback/subject",""
"failed","Fri Sep 04 02:30:43 UTC 2026","Fri Sep 04 02:30:43 UTC 2026","12","1.1 Team Hummingbird - BFF | WLW app","Technical Tests","conversation-controller","GET /public_api/conversation/userConversations/{conversationId}/file [SEC] Injection Probe","","GET /public_api/conversation/userConversations/{conversationId}/file [SEC] Injection Probe",""
"passed","Fri Sep 04 02:29:37 UTC 2026","Fri Sep 04 02:29:37 UTC 2026","16","1 Team Hummingbird - BFF | EP app","Endpoint tests","Support","Support FAQ_EN","","Support FAQ_EN",""
"passed","Fri Sep 04 02:29:41 UTC 2026","Fri Sep 04 02:29:41 UTC 2026","130","1 Team Hummingbird - BFF | EP app","Endpoint tests","Homepage, products","product recommendations EN","","product recommendations EN",""
"skipped","Fri Sep 04 02:29:17 UTC 2026","Fri Sep 04 02:29:17 UTC 2026","0","7. Team Pegasus | Pegasus Staging","Endpoints Tests","Shop Import & Onboarding Backend","/offers/searchCategories","","/offers/searchCategories",""
"passed","Fri Sep 04 02:30:28 UTC 2026","Fri Sep 04 02:30:29 UTC 2026","802","1.1 Team Hummingbird - BFF | WLW app","Endpoint tests","Search","Product Search EN","","Product Search EN",""
"failed","Fri Sep 04 02:28:44 UTC 2026","Fri Sep 04 02:28:44 UTC 2026","0","3 Team Techno - UCL","Technical Tests","Retargeting","GET /unified_commercial_logic/internal_api/api/retargeting/{id} - Retrieve Retargeting By ID","","GET /unified_commercial_logic/internal_api/api/retargeting/{id} - Retrieve Retargeting By ID",""
"skipped","Fri Sep 04 02:29:17 UTC 2026","Fri Sep 04 02:29:17 UTC 2026","0","7. Team Pegasus | Pegasus Staging","Endpoints Tests","Business Insights","User Activity","","User Activity",""
"failed","Fri Sep 04 02:29:37 UTC 2026","Fri Sep 04 02:29:37 UTC 2026","631","1 Team Hummingbird - BFF | EP app","Endpoint tests","Login","registration","","registration",""
"passed","Fri Sep 04 02:30:27 UTC 2026","Fri Sep 04 02:30:27 UTC 2026","51","1.1 Team Hummingbird - BFF | WLW app","Endpoint tests","Company","Companies / products FR","","Companies / products FR",""
