"Status","Start Time","Stop Time","Duration in ms","Parent Suite","Suite","Sub Suite","Test Class","Test Method","Name","Description"
"passed","Mon Aug 03 09:02:09 UTC 2026","Mon Aug 03 09:02:09 UTC 2026","60","4. Team CRM |CRM Staging","Endpoints Tests","(root)","get company data via SF id","","get company data via SF id",""
"passed","Mon Aug 03 09:10:53 UTC 2026","Mon Aug 03 09:10:54 UTC 2026","159","Dolphin","Technical","","","EPHomepageProductRecommendTest","homepage product recommend -- ep",""
"passed","Mon Aug 03 09:01:44 UTC 2026","Mon Aug 03 09:01:44 UTC 2026","511","1 Team Hummingbird - BFF | EP app","Endpoint tests","Login","native email login purchaser","","native email login purchaser",""
"passed","Mon Aug 03 09:02:08 UTC 2026","Mon Aug 03 09:02:09 UTC 2026","860","4. Team CRM |CRM Staging","Endpoints Tests","(root)","Create platform profile","","Create platform profile",""
"passed","Mon Aug 03 09:02:39 UTC 2026","Mon Aug 03 09:02:39 UTC 2026","28","1.1 Team Hummingbird - BFF | WLW app","Endpoint tests","Homepage, products","preferred categories","","preferred categories",""
"passed","Mon Aug 03 09:02:50 UTC 2026","Mon Aug 03 09:02:50 UTC 2026","35","1.1 Team Hummingbird - BFF | WLW app","Technical Tests","conversation-controller","POST /public_api/conversation/userConversations/{conversationId}/messages/file [NEG] Expired Token","","POST /public_api/conversation/userConversations/{conversationId}/messages/file [NEG] Expired Token",""
"passed","Mon Aug 03 09:02:52 UTC 2026","Mon Aug 03 09:02:52 UTC 2026","38","1.1 Team Hummingbird - BFF | WLW app","Technical Tests","conversation-controller","GET /public_api/conversation/userConversations/{userId}/unreadCount/ [SEC] Injection Probe","","GET /public_api/conversation/userConversations/{userId}/unreadCount/ [SEC] Injection Probe",""
"passed","Mon Aug 03 09:02:07 UTC 2026","Mon Aug 03 09:02:07 UTC 2026","503","4. Team CRM |CRM Staging","Endpoints Tests","(root)","sync event to trigger the RFC lead process","","sync event to trigger the RFC lead process",""
"passed","Mon Aug 03 09:03:06 UTC 2026","Mon Aug 03 09:03:06 UTC 2026","39","1.1 Team Hummingbird - BFF | WLW app","Technical Tests","rfq-controller","POST /public_api/connect/purchaser/tenders [NEG] Expired Token","","POST /public_api/connect/purchaser/tenders [NEG] Expired Token",""
"passed","Mon Aug 03 09:03:13 UTC 2026","Mon Aug 03 09:03:13 UTC 2026","33","1.1 Team Hummingbird - BFF | WLW app","Technical Tests","trending-products-controller","POST /public_api/trending/import","","POST /public_api/trending/import",""
"passed","Mon Aug 03 09:02:49 UTC 2026","Mon Aug 03 09:02:49 UTC 2026","33","1.1 Team Hummingbird - BFF | WLW app","Technical Tests","conversation-controller","POST /public_api/conversation/userConversations/{conversationId}/messages","","POST /public_api/conversation/userConversations/{conversationId}/messages",""
"passed","Mon Aug 03 09:01:48 UTC 2026","Mon Aug 03 09:01:49 UTC 2026","642","1 Team Hummingbird - BFF | EP app","Endpoint tests","Search","Product Search FR","","Product Search FR",""
"passed","Mon Aug 03 09:03:06 UTC 2026","Mon Aug 03 09:03:06 UTC 2026","38","1.1 Team Hummingbird - BFF | WLW app","Technical Tests","rfq-controller","POST /public_api/connect/purchaser/tenders [NEG] Forbidden Role Token","","POST /public_api/connect/purchaser/tenders [NEG] Forbidden Role Token",""
"passed","Mon Aug 03 09:03:14 UTC 2026","Mon Aug 03 09:03:14 UTC 2026","42","1.1 Team Hummingbird - BFF | WLW app","Technical Tests","trending-products-controller","GET /public_api/trending/notifications [NEG] Expired Token","","GET /public_api/trending/notifications [NEG] Expired Token",""
"passed","Mon Aug 03 09:03:02 UTC 2026","Mon Aug 03 09:03:02 UTC 2026","31","1.1 Team Hummingbird - BFF | WLW app","Technical Tests","purchaser-support-controller","GET /support-master-data [NEG] Expired Token","","GET /support-master-data [NEG] Expired Token",""
"passed","Mon Aug 03 09:02:35 UTC 2026","Mon Aug 03 09:02:35 UTC 2026","20","1.1 Team Hummingbird - BFF | WLW app","Endpoint tests","Support","Supportmasterdata_DE","","Supportmasterdata_DE",""
"passed","Mon Aug 03 09:02:40 UTC 2026","Mon Aug 03 09:02:42 UTC 2026","1207","1.1 Team Hummingbird - BFF | WLW app","Endpoint tests","Conversations","decline QDR","","decline QDR",""
"passed","Mon Aug 03 09:01:21 UTC 2026","Mon Aug 03 09:01:21 UTC 2026","39","Bamboo","Technical","","","listTopCategoriesTest","list top Categories",""
"passed","Mon Aug 03 09:03:10 UTC 2026","Mon Aug 03 09:03:10 UTC 2026","34","1.1 Team Hummingbird - BFF | WLW app","Technical Tests","search-controller","GET /public_api/search/ai/tabChange [NEG] Forbidden Role Token","","GET /public_api/search/ai/tabChange [NEG] Forbidden Role Token",""
"passed","Mon Aug 03 09:02:05 UTC 2026","Mon Aug 03 09:02:06 UTC 2026","524","4. Team CRM |CRM Staging","Business Scenarios Tests","Meetings","Smoke Test for Meeting","","Smoke Test for Meeting",""
"passed","Mon Aug 03 09:02:01 UTC 2026","Mon Aug 03 09:02:02 UTC 2026","465","4. Team CRM |CRM Staging","Business Scenarios Tests","Create and edit a contact","Edit contact","","Edit contact",""
"passed","Mon Aug 03 09:03:06 UTC 2026","Mon Aug 03 09:03:06 UTC 2026","24","1.1 Team Hummingbird - BFF | WLW app","Technical Tests","rfq-controller","POST /public_api/connect/purchaser/tenders [NEG] Missing Auth/API-Key","","POST /public_api/connect/purchaser/tenders [NEG] Missing Auth/API-Key",""
"broken","Mon Aug 03 09:10:22 UTC 2026","Mon Aug 03 09:10:42 UTC 2026","20023","Dolphin","Functional","","","productInferenceTest","AI product search inference stream API",""
"passed","Mon Aug 03 09:03:12 UTC 2026","Mon Aug 03 09:03:12 UTC 2026","37","1.1 Team Hummingbird - BFF | WLW app","Technical Tests","search-term-controller","POST /public_api/search/track [SEC] Injection Probe","","POST /public_api/search/track [SEC] Injection Probe",""
"failed","Mon Aug 03 09:01:50 UTC 2026","Mon Aug 03 09:01:50 UTC 2026","43","1 Team Hummingbird - BFF | EP app","Endpoint tests","Conversations","mark as read","","mark as read",""
"skipped","Mon Aug 03 09:00:15 UTC 2026","Mon Aug 03 09:00:15 UTC 2026","0","7. Team Pegasus | Pegasus Staging","Endpoints Tests","User & Company Context","User Profile Storage by uuid","","User Profile Storage by uuid",""
"skipped","Mon Aug 03 09:07:32 UTC 2026","Mon Aug 03 09:07:32 UTC 2026","0","3 Team Techno - UCL","Functional Tests","Endpoint Tests","TopRanking","","get TR with the given existing id",""
"failed","Mon Aug 03 09:03:07 UTC 2026","Mon Aug 03 09:03:07 UTC 2026","16","1.1 Team Hummingbird - BFF | WLW app","Technical Tests","search-controller","GET /public_api/search","","GET /public_api/search",""
"passed","Mon Aug 03 09:01:47 UTC 2026","Mon Aug 03 09:01:47 UTC 2026","219","1 Team Hummingbird - BFF | EP app","Endpoint tests","Search","search autoComplete DE","","search autoComplete DE",""
"skipped","Mon Aug 03 09:01:56 UTC 2026","Mon Aug 03 09:01:56 UTC 2026","0","4. Team CRM |CRM Staging","Endpoints Tests","Activities","(empty)","","Endpoints Tests / Activities - empty",""
"skipped","Mon Aug 03 09:07:32 UTC 2026","Mon Aug 03 09:07:32 UTC 2026","0","3 Team Techno - UCL","Functional Tests","Endpoint Tests","membership","","get all active membership for uuid not platform specific",""
"skipped","Mon Aug 03 09:07:32 UTC 2026","Mon Aug 03 09:07:32 UTC 2026","0","3 Team Techno - UCL","Functional Tests","Endpoint Tests","Retargeting","","get active retargeting for the given uuid",""
"passed","Mon Aug 03 09:03:12 UTC 2026","Mon Aug 03 09:03:12 UTC 2026","23","1.1 Team Hummingbird - BFF | WLW app","Technical Tests","supplier-visitors-controller","GET /public_api/suppliers/{supplier_id}/visits/{id} [NEG] Missing Auth/API-Key","","GET /public_api/suppliers/{supplier_id}/visits/{id} [NEG] Missing Auth/API-Key",""
"failed","Mon Aug 03 09:03:10 UTC 2026","Mon Aug 03 09:03:10 UTC 2026","11","1.1 Team Hummingbird - BFF | WLW app","Technical Tests","search-controller","GET /public_api/categories/recommendations","","GET /public_api/categories/recommendations",""
"passed","Mon Aug 03 09:02:00 UTC 2026","Mon Aug 03 09:02:03 UTC 2026","3038","4. Team CRM |CRM Staging","Business Scenarios Tests","Account","Contact for Account","","Contact for Account",""
"passed","Mon Aug 03 09:03:02 UTC 2026","Mon Aug 03 09:03:02 UTC 2026","20","1.1 Team Hummingbird - BFF | WLW app","Technical Tests","purchaser-support-controller","GET /support-master-data [NEG] Missing Auth/API-Key","","GET /support-master-data [NEG] Missing Auth/API-Key",""
"passed","Mon Aug 03 09:02:01 UTC 2026","Mon Aug 03 09:02:01 UTC 2026","161","4. Team CRM |CRM Staging","Business Scenarios Tests","Feedback","Trigger Feedback","","Trigger Feedback",""
"passed","Mon Aug 03 09:02:56 UTC 2026","Mon Aug 03 09:02:56 UTC 2026","23","1.1 Team Hummingbird - BFF | WLW app","Technical Tests","help-and-support-controller","POST /help [NEG] Missing Auth/API-Key","","POST /help [NEG] Missing Auth/API-Key",""
"passed","Mon Aug 03 09:02:45 UTC 2026","Mon Aug 03 09:02:45 UTC 2026","37","1.1 Team Hummingbird - BFF | WLW app","Technical Tests","categories-controller","GET /public_api/categories/homepage","","GET /public_api/categories/homepage",""
"failed","Mon Aug 03 09:03:14 UTC 2026","Mon Aug 03 09:03:14 UTC 2026","11","1.1 Team Hummingbird - BFF | WLW app","Technical Tests","trending-products-controller","GET /public_api/trending/products","","GET /public_api/trending/products",""
"passed","Mon Aug 03 09:02:48 UTC 2026","Mon Aug 03 09:02:48 UTC 2026","34","1.1 Team Hummingbird - BFF | WLW app","Technical Tests","conversation-controller","PUT /public_api/conversation/userConversations/{conversationId}/decline","","PUT /public_api/conversation/userConversations/{conversationId}/decline",""
"passed","Mon Aug 03 09:02:41 UTC 2026","Mon Aug 03 09:02:43 UTC 2026","2385","1.1 Team Hummingbird - BFF | WLW app","Endpoint tests","Visitor profiler","Visits","","Visits",""
"passed","Mon Aug 03 09:10:54 UTC 2026","Mon Aug 03 09:10:54 UTC 2026","102","Dolphin","Technical","","","EPPCppProductRecommendTest","recommend products in CPP -- ep",""
"passed","Mon Aug 03 09:01:58 UTC 2026","Mon Aug 03 09:01:58 UTC 2026","232","4. Team CRM |CRM Staging","Business Scenarios Tests","Quote","Check Quote","","Check Quote",""
"passed","Mon Aug 03 09:00:17 UTC 2026","Mon Aug 03 09:00:17 UTC 2026","113","2 Team Dragon - BFF | RFQ Backend","Functional Tests","(root)","GET /v1/rfqs - Success","","GET /v1/rfqs - Success",""
"skipped","Mon Aug 03 09:00:15 UTC 2026","Mon Aug 03 09:00:15 UTC 2026","0","7. Team Pegasus | Pegasus Staging","Endpoints Tests","Supplier Facts (CPP)","Supplier Facts","","Supplier Facts",""
"failed","Mon Aug 03 09:03:08 UTC 2026","Mon Aug 03 09:03:08 UTC 2026","14","1.1 Team Hummingbird - BFF | WLW app","Technical Tests","search-controller","GET /public_api/search [NEG] Forbidden Role Token","","GET /public_api/search [NEG] Forbidden Role Token",""
"passed","Mon Aug 03 09:02:35 UTC 2026","Mon Aug 03 09:02:35 UTC 2026","18","1.1 Team Hummingbird - BFF | WLW app","Endpoint tests","Support","Support FAQ_EN","","Support FAQ_EN",""
"passed","Mon Aug 03 09:10:54 UTC 2026","Mon Aug 03 09:10:54 UTC 2026","110","Dolphin","Functional","","","cppProductRecommendTest","recommend products in CPP -- wlw",""
"failed","Mon Aug 03 09:03:01 UTC 2026","Mon Aug 03 09:03:01 UTC 2026","14","1.1 Team Hummingbird - BFF | WLW app","Technical Tests","product-controller","GET /public_api/products [NEG] Expired Token","","GET /public_api/products [NEG] Expired Token",""
"passed","Mon Aug 03 09:02:05 UTC 2026","Mon Aug 03 09:02:06 UTC 2026","477","4. Team CRM |CRM Staging","Business Scenarios Tests","Cases","Smoke Test for Case Creation","","Smoke Test for Case Creation",""
"passed","Mon Aug 03 09:02:57 UTC 2026","Mon Aug 03 09:02:57 UTC 2026","18","1.1 Team Hummingbird - BFF | WLW app","Technical Tests","login-controller","POST /public_api/auth/sso/login [NEG] Missing Auth/API-Key","","POST /public_api/auth/sso/login [NEG] Missing Auth/API-Key",""
"passed","Mon Aug 03 09:01:44 UTC 2026","Mon Aug 03 09:01:44 UTC 2026","21","1 Team Hummingbird - BFF | EP app","Endpoint tests","User settings","push-notification-by-email-controller","","push-notification-by-email-controller",""
"passed","Mon Aug 03 09:01:58 UTC 2026","Mon Aug 03 09:01:58 UTC 2026","304","4. Team CRM |CRM Staging","Business Scenarios Tests","Contacts","Edit Contact","","Edit Contact",""
"failed","Mon Aug 03 09:02:38 UTC 2026","Mon Aug 03 09:02:38 UTC 2026","155","1.1 Team Hummingbird - BFF | WLW app","Endpoint tests","Homepage, products","trending products","","trending products",""
"passed","Mon Aug 03 09:01:50 UTC 2026","Mon Aug 03 09:01:51 UTC 2026","694","1 Team Hummingbird - BFF | EP app","Endpoint tests","Conversations","decline QDR","","decline QDR",""
"failed","Mon Aug 03 09:02:48 UTC 2026","Mon Aug 03 09:02:48 UTC 2026","13","1.1 Team Hummingbird - BFF | WLW app","Technical Tests","conversation-controller","GET /public_api/conversation/userConversations/{conversationId}/messages","","GET /public_api/conversation/userConversations/{conversationId}/messages",""
"failed","Mon Aug 03 09:03:10 UTC 2026","Mon Aug 03 09:03:10 UTC 2026","14","1.1 Team Hummingbird - BFF | WLW app","Technical Tests","search-controller","GET /public_api/products/recommendations [NEG] Forbidden Role Token","","GET /public_api/products/recommendations [NEG] Forbidden Role Token",""
"passed","Mon Aug 03 09:02:00 UTC 2026","Mon Aug 03 09:02:03 UTC 2026","3038","4. Team CRM |CRM Staging","Business Scenarios Tests","Account","Contact for Account","","Contact for Account",""
"failed","Mon Aug 03 09:03:02 UTC 2026","Mon Aug 03 09:03:02 UTC 2026","10","1.1 Team Hummingbird - BFF | WLW app","Technical Tests","product-controller","GET /public_api/companies/{supplierPublicId}/products [NEG] Expired Token","","GET /public_api/companies/{supplierPublicId}/products [NEG] Expired Token",""
"passed","Mon Aug 03 09:02:36 UTC 2026","Mon Aug 03 09:02:36 UTC 2026","16","1.1 Team Hummingbird - BFF | WLW app","Endpoint tests","Mobile_Feedback","Feedback Subject_EN","","Feedback Subject_EN",""
"skipped","Mon Aug 03 09:00:15 UTC 2026","Mon Aug 03 09:00:15 UTC 2026","0","7. Team Pegasus | Pegasus Staging","Spike | Profiles link user to company","(root)","09 MANUAL — my-account supplier page (browser)","","09 MANUAL — my-account supplier page (browser)",""
"passed","Mon Aug 03 09:02:00 UTC 2026","Mon Aug 03 09:02:04 UTC 2026","4182","4. Team CRM |CRM Staging","Business Scenarios Tests","Account","Trigger SAP Customer number","","Trigger SAP Customer number",""
"passed","Mon Aug 03 09:03:12 UTC 2026","Mon Aug 03 09:03:12 UTC 2026","34","1.1 Team Hummingbird - BFF | WLW app","Technical Tests","supplier-visitors-controller","GET /public_api/suppliers/{supplier_id}/visits/{id} [NEG] Expired Token","","GET /public_api/suppliers/{supplier_id}/visits/{id} [NEG] Expired Token",""
"failed","Mon Aug 03 09:02:39 UTC 2026","Mon Aug 03 09:02:39 UTC 2026","225","1.1 Team Hummingbird - BFF | WLW app","Endpoint tests","Contact request","Other request","","Other request",""
"passed","Mon Aug 03 09:02:06 UTC 2026","Mon Aug 03 09:02:06 UTC 2026","55","4. Team CRM |CRM Staging","Endpoints Tests","(root)","update SF","","update SF",""
"passed","Mon Aug 03 09:02:41 UTC 2026","Mon Aug 03 09:02:41 UTC 2026","19","1.1 Team Hummingbird - BFF | WLW app","Technical Tests","ab-test-record-controller","POST /public_api/abtest/record [NEG] Missing Auth/API-Key","","POST /public_api/abtest/record [NEG] Missing Auth/API-Key",""
"passed","Mon Aug 03 09:03:11 UTC 2026","Mon Aug 03 09:03:11 UTC 2026","37","1.1 Team Hummingbird - BFF | WLW app","Technical Tests","search-term-controller","PUT /public_api/search/notification-opened [NEG] Forbidden Role Token","","PUT /public_api/search/notification-opened [NEG] Forbidden Role Token",""
"skipped","Mon Aug 03 09:07:32 UTC 2026","Mon Aug 03 09:07:32 UTC 2026","0","3 Team Techno - UCL","Technical Tests","Organization","GET /unified_commercial_logic/internal_api/api/organization - Retrieve Organization List","","GET /unified_commercial_logic/internal_api/api/organization - Retrieve Organization List",""
"failed","Mon Aug 03 09:03:05 UTC 2026","Mon Aug 03 09:03:05 UTC 2026","13","1.1 Team Hummingbird - BFF | WLW app","Technical Tests","push-notification-by-email-controller","GET /v1/pushNotification [SEC] Injection Probe","","GET /v1/pushNotification [SEC] Injection Probe",""
"failed","Mon Aug 03 09:02:50 UTC 2026","Mon Aug 03 09:02:50 UTC 2026","12","1.1 Team Hummingbird - BFF | WLW app","Technical Tests","conversation-controller","GET /public_api/conversation/userConversations","","GET /public_api/conversation/userConversations",""
"failed","Mon Aug 03 09:02:40 UTC 2026","Mon Aug 03 09:02:40 UTC 2026","21","1.1 Team Hummingbird - BFF | WLW app","Endpoint tests","Conversations","dynamic link conversation","","dynamic link conversation",""
"passed","Mon Aug 03 09:02:37 UTC 2026","Mon Aug 03 09:02:37 UTC 2026","100","1.1 Team Hummingbird - BFF | WLW app","Endpoint tests","Search","search autoComplete FR","","search autoComplete FR",""
"passed","Mon Aug 03 09:02:07 UTC 2026","Mon Aug 03 09:02:08 UTC 2026","630","4. Team CRM |CRM Staging","Endpoints Tests","(root)","Create Note with sf id Copy","","Create Note with sf id Copy",""
"passed","Mon Aug 03 09:03:00 UTC 2026","Mon Aug 03 09:03:00 UTC 2026","34","1.1 Team Hummingbird - BFF | WLW app","Technical Tests","login-controller","DELETE /public_api/auth/sso/logout [NEG] Expired Token","","DELETE /public_api/auth/sso/logout [NEG] Expired Token",""
"failed","Mon Aug 03 09:02:36 UTC 2026","Mon Aug 03 09:02:37 UTC 2026","65","1.1 Team Hummingbird - BFF | WLW app","Endpoint tests","Company","Companies / products EN","","Companies / products EN",""
"passed","Mon Aug 03 09:02:49 UTC 2026","Mon Aug 03 09:02:49 UTC 2026","35","1.1 Team Hummingbird - BFF | WLW app","Technical Tests","conversation-controller","POST /public_api/conversation/userConversations/{conversationId}/messages [NEG] Forbidden Role Token","","POST /public_api/conversation/userConversations/{conversationId}/messages [NEG] Forbidden Role Token",""
"passed","Mon Aug 03 09:01:51 UTC 2026","Mon Aug 03 09:01:51 UTC 2026","76","1 Team Hummingbird - BFF | EP app","Endpoint tests","(root)","Log out","","Log out",""
"failed","Mon Aug 03 09:02:53 UTC 2026","Mon Aug 03 09:02:53 UTC 2026","13","1.1 Team Hummingbird - BFF | WLW app","Technical Tests","conversation-controller","GET /public_api/conversation/userConversations/{conversationId}/file/","","GET /public_api/conversation/userConversations/{conversationId}/file/",""
"broken","Mon Aug 03 09:09:22 UTC 2026","Mon Aug 03 09:09:42 UTC 2026","20022","Dolphin","Technical","","","termRecommendNoMockTest","AI Search term recommend API without mock",""
"broken","Mon Aug 03 09:04:00 UTC 2026","Mon Aug 03 09:04:20 UTC 2026","20016","Dolphin","Technical","","","recallCountryFilterTest","AI Search recall: country filter DE",""
"passed","Mon Aug 03 09:02:46 UTC 2026","Mon Aug 03 09:02:47 UTC 2026","38","1.1 Team Hummingbird - BFF | WLW app","Technical Tests","company-controller","GET /public_api/company/{id} [NEG] Expired Token","","GET /public_api/company/{id} [NEG] Expired Token",""
"passed","Mon Aug 03 09:02:37 UTC 2026","Mon Aug 03 09:02:37 UTC 2026","51","1.1 Team Hummingbird - BFF | WLW app","Endpoint tests","Company","Companies / products FR","","Companies / products FR",""
"passed","Mon Aug 03 09:02:41 UTC 2026","Mon Aug 03 09:02:42 UTC 2026","37","1.1 Team Hummingbird - BFF | WLW app","Technical Tests","ab-test-record-controller","POST /public_api/abtest/record [NEG] Expired Token","","POST /public_api/abtest/record [NEG] Expired Token",""
"broken","Mon Aug 03 09:07:01 UTC 2026","Mon Aug 03 09:07:21 UTC 2026","20022","Dolphin","Functional","","","recallSecondPageTest","AI Search recall: pagination page 2",""
"passed","Mon Aug 03 09:03:15 UTC 2026","Mon Aug 03 09:03:15 UTC 2026","30","1.1 Team Hummingbird - BFF | WLW app","Technical Tests","user-controller","GET /public_api/user/userInfo [NEG] Expired Token","","GET /public_api/user/userInfo [NEG] Expired Token",""
"passed","Mon Aug 03 09:00:25 UTC 2026","Mon Aug 03 09:00:26 UTC 2026","593","Arise","Functional","","","getAllElementsByUrlTest","getAllElementsByUrlTest",""
"failed","Mon Aug 03 09:02:52 UTC 2026","Mon Aug 03 09:02:52 UTC 2026","12","1.1 Team Hummingbird - BFF | WLW app","Technical Tests","conversation-controller","GET /public_api/conversation/userConversations/{conversationId}/file","","GET /public_api/conversation/userConversations/{conversationId}/file",""
"passed","Mon Aug 03 09:02:04 UTC 2026","Mon Aug 03 09:02:04 UTC 2026","234","4. Team CRM |CRM Staging","Business Scenarios Tests","Platform Profile","Update Platform Profile","","Update Platform Profile",""
"broken","Mon Aug 03 09:10:02 UTC 2026","Mon Aug 03 09:10:22 UTC 2026","20024","Dolphin","Technical","","","productInferenceShortQueryTest","AI product search inference: minimal searchText boundary",""
"passed","Mon Aug 03 09:03:06 UTC 2026","Mon Aug 03 09:03:06 UTC 2026","31","1.1 Team Hummingbird - BFF | WLW app","Technical Tests","rfq-controller","POST /public_api/connect/purchaser/tenders/","","POST /public_api/connect/purchaser/tenders/",""
"failed","Mon Aug 03 09:01:49 UTC 2026","Mon Aug 03 09:01:50 UTC 2026","304","1 Team Hummingbird - BFF | EP app","Endpoint tests","Conversations","user conversations to decline request","","user conversations to decline request",""
"passed","Mon Aug 03 09:10:53 UTC 2026","Mon Aug 03 09:10:54 UTC 2026","159","Dolphin","Functional","","","EPHomepageProductRecommendTest","homepage product recommend -- ep",""
"passed","Mon Aug 03 09:02:05 UTC 2026","Mon Aug 03 09:02:06 UTC 2026","524","4. Team CRM |CRM Staging","Business Scenarios Tests","Meetings","Smoke Test for Meeting","","Smoke Test for Meeting",""
"passed","Mon Aug 03 09:10:54 UTC 2026","Mon Aug 03 09:10:54 UTC 2026","94","Dolphin","Functional","","","EPOtherStoreProductRecommendTest","product other store recommend",""
"passed","Mon Aug 03 09:00:26 UTC 2026","Mon Aug 03 09:00:26 UTC 2026","26","Arise","Functional","","","pageElementsGet","pageElementsGet",""
"failed","Mon Aug 03 09:00:18 UTC 2026","Mon Aug 03 09:00:18 UTC 2026","68","2 Team Dragon - BFF | RFQ Backend","Technical Tests","(root)","GET /v1/rfqs/attachments/{attachmentId} - Download + Cache + Perf","","GET /v1/rfqs/attachments/{attachmentId} - Download + Cache + Perf",""
"passed","Mon Aug 03 09:01:44 UTC 2026","Mon Aug 03 09:01:44 UTC 2026","149","1 Team Hummingbird - BFF | EP app","Endpoint tests","Login","forgot password","","forgot password",""
"broken","Mon Aug 03 09:03:20 UTC 2026","Mon Aug 03 09:03:40 UTC 2026","20644","Dolphin","Functional","","","recallAlternateSortTest","AI Search recall: alternate sort (order_num_desc)",""
"passed","Mon Aug 03 09:02:50 UTC 2026","Mon Aug 03 09:02:50 UTC 2026","35","1.1 Team Hummingbird - BFF | WLW app","Technical Tests","conversation-controller","POST /public_api/conversation/userConversations/{conversationId}/messages/file","","POST /public_api/conversation/userConversations/{conversationId}/messages/file",""
"passed","Mon Aug 03 09:02:04 UTC 2026","Mon Aug 03 09:02:06 UTC 2026","2568","4. Team CRM |CRM Staging","Business Scenarios Tests","Contacts","Create Contact","","Create Contact",""
"passed","Mon Aug 03 09:02:34 UTC 2026","Mon Aug 03 09:02:34 UTC 2026","19","1.1 Team Hummingbird - BFF | WLW app","Endpoint tests","User settings","push-notification-by-email-controller","","push-notification-by-email-controller",""
"passed","Mon Aug 03 09:02:05 UTC 2026","Mon Aug 03 09:02:06 UTC 2026","1151","4. Team CRM |CRM Staging","Business Scenarios Tests","Platform Profile","Smoke Test Create Platform Profile","","Smoke Test Create Platform Profile",""
"passed","Mon Aug 03 09:03:11 UTC 2026","Mon Aug 03 09:03:11 UTC 2026","37","1.1 Team Hummingbird - BFF | WLW app","Technical Tests","search-term-controller","PUT /public_api/search/notification-opened [NEG] Expired Token","","PUT /public_api/search/notification-opened [NEG] Expired Token",""
"skipped","Mon Aug 03 09:07:32 UTC 2026","Mon Aug 03 09:07:32 UTC 2026","0","3 Team Techno - UCL","Technical Tests","GoogleAd","GET /unified_commercial_logic/internal_api/api/google_ad - Retrieve GoogleAd List","","GET /unified_commercial_logic/internal_api/api/google_ad - Retrieve GoogleAd List",""
"failed","Mon Aug 03 09:02:39 UTC 2026","Mon Aug 03 09:02:40 UTC 2026","345","1.1 Team Hummingbird - BFF | WLW app","Endpoint tests","Conversations","user conversations to decline request","","user conversations to decline request",""
"failed","Mon Aug 03 09:02:39 UTC 2026","Mon Aug 03 09:02:39 UTC 2026","245","1.1 Team Hummingbird - BFF | WLW app","Endpoint tests","Contact request","QDR request","","QDR request",""
"passed","Mon Aug 03 09:01:49 UTC 2026","Mon Aug 03 09:01:49 UTC 2026","77","1 Team Hummingbird - BFF | EP app","Endpoint tests","Homepage, products","preferred categories","","preferred categories",""
"skipped","Mon Aug 03 09:00:15 UTC 2026","Mon Aug 03 09:00:15 UTC 2026","0","7. Team Pegasus | Pegasus Staging","Endpoints Tests","User & Company Context","Get company data crm","","Get company data crm",""
"failed","Mon Aug 03 09:01:49 UTC 2026","Mon Aug 03 09:01:49 UTC 2026","227","1 Team Hummingbird - BFF | EP app","Endpoint tests","Contact request","Other request","","Other request",""
"failed","Mon Aug 03 09:02:52 UTC 2026","Mon Aug 03 09:02:52 UTC 2026","16","1.1 Team Hummingbird - BFF | WLW app","Technical Tests","conversation-controller","GET /public_api/conversation/userConversations/{conversationId} [NEG] Missing Auth/API-Key","","GET /public_api/conversation/userConversations/{conversationId} [NEG] Missing Auth/API-Key",""
"passed","Mon Aug 03 09:03:09 UTC 2026","Mon Aug 03 09:03:09 UTC 2026","17","1.1 Team Hummingbird - BFF | WLW app","Technical Tests","search-controller","GET /public_api/search/ai/tabChange [NEG] Missing Auth/API-Key","","GET /public_api/search/ai/tabChange [NEG] Missing Auth/API-Key",""
"failed","Mon Aug 03 09:03:11 UTC 2026","Mon Aug 03 09:03:11 UTC 2026","13","1.1 Team Hummingbird - BFF | WLW app","Technical Tests","search-term-controller","POST /public_api/search/track [NEG] Expired Token","","POST /public_api/search/track [NEG] Expired Token",""
"failed","Mon Aug 03 09:02:53 UTC 2026","Mon Aug 03 09:02:53 UTC 2026","13","1.1 Team Hummingbird - BFF | WLW app","Technical Tests","conversation-controller","GET /public_api/conversation/userConversations/{conversationId}/file [NEG] Missing Auth/API-Key","","GET /public_api/conversation/userConversations/{conversationId}/file [NEG] Missing Auth/API-Key",""
"passed","Mon Aug 03 09:01:57 UTC 2026","Mon Aug 03 09:02:02 UTC 2026","4384","4. Team CRM |CRM Staging","Business Scenarios Tests","Contacts","Create Contact","","Create Contact",""
"broken","Mon Aug 03 09:06:41 UTC 2026","Mon Aug 03 09:07:01 UTC 2026","20014","Dolphin","Technical","","","recallPaidSupplierFilterTest","AI Search recall: paid supplier filter (verified=true)",""
"passed","Mon Aug 03 09:03:00 UTC 2026","Mon Aug 03 09:03:00 UTC 2026","35","1.1 Team Hummingbird - BFF | WLW app","Technical Tests","login-controller","POST /public_api/auth/changePassword [NEG] Expired Token","","POST /public_api/auth/changePassword [NEG] Expired Token",""
"passed","Mon Aug 03 09:02:01 UTC 2026","Mon Aug 03 09:02:06 UTC 2026","4989","4. Team CRM |CRM Staging","Business Scenarios Tests","Disable Hubspot","Change Hubspot to false","","Change Hubspot to false",""
"passed","Mon Aug 03 09:01:45 UTC 2026","Mon Aug 03 09:01:46 UTC 2026","72","1 Team Hummingbird - BFF | EP app","Endpoint tests","Support","notifications list","","notifications list",""
"passed","Mon Aug 03 09:02:42 UTC 2026","Mon Aug 03 09:02:42 UTC 2026","28","1.1 Team Hummingbird - BFF | WLW app","Technical Tests","ai-company-search-controller","POST /public_api/search/ai/supplier/recall [NEG] Missing Auth/API-Key","","POST /public_api/search/ai/supplier/recall [NEG] Missing Auth/API-Key",""
"passed","Mon Aug 03 09:02:54 UTC 2026","Mon Aug 03 09:02:54 UTC 2026","48","1.1 Team Hummingbird - BFF | WLW app","Technical Tests","currency-exchange-controller","GET /exchange/fetch-rates [NEG] Missing Auth/API-Key","","GET /exchange/fetch-rates [NEG] Missing Auth/API-Key",""
"passed","Mon Aug 03 09:10:54 UTC 2026","Mon Aug 03 09:10:54 UTC 2026","41","Dolphin","Functional","","","getCategoryListWlwTest","v-recommend category list -- wlw, full categories",""
"failed","Mon Aug 03 09:03:12 UTC 2026","Mon Aug 03 09:03:12 UTC 2026","11","1.1 Team Hummingbird - BFF | WLW app","Technical Tests","search-term-controller","POST /public_api/search/track [NEG] Forbidden Role Token","","POST /public_api/search/track [NEG] Forbidden Role Token",""
"passed","Mon Aug 03 09:02:59 UTC 2026","Mon Aug 03 09:02:59 UTC 2026","34","1.1 Team Hummingbird - BFF | WLW app","Technical Tests","login-controller","POST /public_api/auth/password/login","","POST /public_api/auth/password/login",""
"failed","Mon Aug 03 09:02:45 UTC 2026","Mon Aug 03 09:02:45 UTC 2026","16","1.1 Team Hummingbird - BFF | WLW app","Technical Tests","company-controller","GET /public_api/suppliers/{companyID}/listings [NEG] Expired Token","","GET /public_api/suppliers/{companyID}/listings [NEG] Expired Token",""
"skipped","Mon Aug 03 09:07:32 UTC 2026","Mon Aug 03 09:07:32 UTC 2026","0","3 Team Techno - UCL","Functional Tests","Endpoint Tests","membership","","get all membership for non-existing uuid",""
"broken","Mon Aug 03 09:07:01 UTC 2026","Mon Aug 03 09:07:21 UTC 2026","20022","Dolphin","Technical","","","recallSecondPageTest","AI Search recall: pagination page 2",""
"passed","Mon Aug 03 09:02:07 UTC 2026","Mon Aug 03 09:02:08 UTC 2026","658","4. Team CRM |CRM Staging","Endpoints Tests","(root)","Create Note with sf id","","Create Note with sf id",""
"passed","Mon Aug 03 09:02:02 UTC 2026","Mon Aug 03 09:02:04 UTC 2026","1538","4. Team CRM |CRM Staging","Business Scenarios Tests","Lead","Create a  lead","","Create a  lead",""
"failed","Mon Aug 03 09:02:49 UTC 2026","Mon Aug 03 09:02:49 UTC 2026","13","1.1 Team Hummingbird - BFF | WLW app","Technical Tests","conversation-controller","GET /public_api/conversation/userConversations/{conversationId}/messages [NEG] Expired Token","","GET /public_api/conversation/userConversations/{conversationId}/messages [NEG] Expired Token",""
"passed","Mon Aug 03 09:03:15 UTC 2026","Mon Aug 03 09:03:15 UTC 2026","32","1.1 Team Hummingbird - BFF | WLW app","Technical Tests","user-controller","PUT /public_api/user/userInfo","","PUT /public_api/user/userInfo",""
"passed","Mon Aug 03 09:03:06 UTC 2026","Mon Aug 03 09:03:06 UTC 2026","35","1.1 Team Hummingbird - BFF | WLW app","Technical Tests","rfq-controller","POST /public_api/connect/purchaser/tenders/ [NEG] Forbidden Role Token","","POST /public_api/connect/purchaser/tenders/ [NEG] Forbidden Role Token",""
"skipped","Mon Aug 03 09:00:15 UTC 2026","Mon Aug 03 09:00:15 UTC 2026","0","7. Team Pegasus | Pegasus Staging","Endpoints Tests","Business Insights","Subscription","","Subscription",""
"passed","Mon Aug 03 09:01:45 UTC 2026","Mon Aug 03 09:01:45 UTC 2026","20","1 Team Hummingbird - BFF | EP app","Endpoint tests","Support","Supportmasterdata_DE","","Supportmasterdata_DE",""
"passed","Mon Aug 03 09:01:51 UTC 2026","Mon Aug 03 09:01:52 UTC 2026","1284","1 Team Hummingbird - BFF | EP app","Endpoint tests","Visitor profiler","Visits","","Visits",""
"passed","Mon Aug 03 09:02:48 UTC 2026","Mon Aug 03 09:02:48 UTC 2026","35","1.1 Team Hummingbird - BFF | WLW app","Technical Tests","conversation-controller","PUT /public_api/conversation/userConversations/{conversationId}/decline [NEG] Expired Token","","PUT /public_api/conversation/userConversations/{conversationId}/decline [NEG] Expired Token",""
"passed","Mon Aug 03 09:10:54 UTC 2026","Mon Aug 03 09:10:54 UTC 2026","48","Dolphin","Technical","","","getCategoryListWlwWithPreferredSuperCategoryIdsTest","v-recommend category list -- wlw, with preferredSuperCategoryIds",""
"failed","Mon Aug 03 09:03:09 UTC 2026","Mon Aug 03 09:03:09 UTC 2026","14","1.1 Team Hummingbird - BFF | WLW app","Technical Tests","search-controller","GET /public_api/search/autoComplete [SEC] Injection Probe","","GET /public_api/search/autoComplete [SEC] Injection Probe",""
"skipped","Mon Aug 03 09:07:32 UTC 2026","Mon Aug 03 09:07:32 UTC 2026","0","3 Team Techno - UCL","Technical Tests","Membership","GET /unified_commercial_logic/internal_api/api/membership/v2 - Retrieve Membership V2 List","","GET /unified_commercial_logic/internal_api/api/membership/v2 - Retrieve Membership V2 List",""
"passed","Mon Aug 03 09:02:54 UTC 2026","Mon Aug 03 09:02:54 UTC 2026","34","1.1 Team Hummingbird - BFF | WLW app","Technical Tests","currency-exchange-controller","GET /exchange/fetch-rates [NEG] Forbidden Role Token","","GET /exchange/fetch-rates [NEG] Forbidden Role Token",""
"passed","Mon Aug 03 09:03:07 UTC 2026","Mon Aug 03 09:03:07 UTC 2026","37","1.1 Team Hummingbird - BFF | WLW app","Technical Tests","rfq-marketing-controller","POST /public_api/rfq-marketing/trigger [NEG] Forbidden Role Token","","POST /public_api/rfq-marketing/trigger [NEG] Forbidden Role Token",""
"skipped","Mon Aug 03 09:01:56 UTC 2026","Mon Aug 03 09:01:56 UTC 2026","0","4. Team CRM |CRM Staging","Endpoints Tests","Users","Quotes","","Endpoints Tests / Users / Quotes - empty",""
"failed","Mon Aug 03 09:03:09 UTC 2026","Mon Aug 03 09:03:09 UTC 2026","12","1.1 Team Hummingbird - BFF | WLW app","Technical Tests","search-controller","GET /public_api/search/autoComplete [NEG] Forbidden Role Token","","GET /public_api/search/autoComplete [NEG] Forbidden Role Token",""
"passed","Mon Aug 03 09:02:08 UTC 2026","Mon Aug 03 09:02:09 UTC 2026","269","4. Team CRM |CRM Staging","Endpoints Tests","(root)","trigger a Buyer lead","","trigger a Buyer lead",""
"passed","Mon Aug 03 09:02:53 UTC 2026","Mon Aug 03 09:02:53 UTC 2026","34","1.1 Team Hummingbird - BFF | WLW app","Technical Tests","currency-exchange-controller","GET /exchange/fetch-rates","","GET /exchange/fetch-rates",""
"skipped","Mon Aug 03 09:00:15 UTC 2026","Mon Aug 03 09:00:15 UTC 2026","0","7. Team Pegasus | Pegasus Staging","Endpoints Tests","Business Insights","PGS-890 Admin company refresh","","PGS-890 Admin company refresh",""
"passed","Mon Aug 03 09:01:58 UTC 2026","Mon Aug 03 09:02:00 UTC 2026","2559","4. Team CRM |CRM Staging","Business Scenarios Tests","Quote","Smoke Test Create new quote","","Smoke Test Create new quote",""
"passed","Mon Aug 03 09:00:17 UTC 2026","Mon Aug 03 09:00:17 UTC 2026","59","2 Team Dragon - BFF | RFQ Backend","Functional Tests","(root)","GET /v1/user - Success","","GET /v1/user - Success",""
"skipped","Mon Aug 03 09:07:32 UTC 2026","Mon Aug 03 09:07:32 UTC 2026","0","3 Team Techno - UCL","Technical Tests","GoogleAd","GET /unified_commercial_logic/internal_api/api/google_ad/ - Retrieve GoogleAd List","","GET /unified_commercial_logic/internal_api/api/google_ad/ - Retrieve GoogleAd List",""
"skipped","Mon Aug 03 09:07:32 UTC 2026","Mon Aug 03 09:07:32 UTC 2026","0","3 Team Techno - UCL","Technical Tests","GoogleAd","GET /unified_commercial_logic/internal_api/api/google_ad/{id} - Retrieve GoogleAd By ID","","GET /unified_commercial_logic/internal_api/api/google_ad/{id} - Retrieve GoogleAd By ID",""
"passed","Mon Aug 03 09:02:47 UTC 2026","Mon Aug 03 09:02:47 UTC 2026","38","1.1 Team Hummingbird - BFF | WLW app","Technical Tests","contact-form-controller","POST /public_api/contact-form/messages","","POST /public_api/contact-form/messages",""
"passed","Mon Aug 03 09:02:01 UTC 2026","Mon Aug 03 09:02:03 UTC 2026","2459","4. Team CRM |CRM Staging","Business Scenarios Tests","Create and edit a contact","Create contact","","Create contact",""
"failed","Mon Aug 03 09:01:45 UTC 2026","Mon Aug 03 09:01:45 UTC 2026","23","1 Team Hummingbird - BFF | EP app","Endpoint tests","Support","currency daily rates","","currency daily rates",""
"passed","Mon Aug 03 09:02:54 UTC 2026","Mon Aug 03 09:02:54 UTC 2026","38","1.1 Team Hummingbird - BFF | WLW app","Technical Tests","dynamic-links-controller","POST /public_api/branchio/dynamiclink [NEG] Expired Token","","POST /public_api/branchio/dynamiclink [NEG] Expired Token",""
"failed","Mon Aug 03 09:03:08 UTC 2026","Mon Aug 03 09:03:08 UTC 2026","17","1.1 Team Hummingbird - BFF | WLW app","Technical Tests","search-controller","GET /public_api/search/products","","GET /public_api/search/products",""
"failed","Mon Aug 03 09:02:53 UTC 2026","Mon Aug 03 09:02:53 UTC 2026","11","1.1 Team Hummingbird - BFF | WLW app","Technical Tests","conversation-controller","GET /public_api/conversation/userConversations/{conversationId}/file/ [NEG] Missing Auth/API-Key","","GET /public_api/conversation/userConversations/{conversationId}/file/ [NEG] Missing Auth/API-Key",""
"failed","Mon Aug 03 09:02:53 UTC 2026","Mon Aug 03 09:02:53 UTC 2026","14","1.1 Team Hummingbird - BFF | WLW app","Technical Tests","conversation-controller","GET /public_api/conversation/userConversations/{conversationId}/file [NEG] Forbidden Role Token","","GET /public_api/conversation/userConversations/{conversationId}/file [NEG] Forbidden Role Token",""
"passed","Mon Aug 03 09:02:06 UTC 2026","Mon Aug 03 09:02:06 UTC 2026","82","4. Team CRM |CRM Staging","Endpoints Tests","(root)","duplicate records","","duplicate records",""
"passed","Mon Aug 03 09:02:49 UTC 2026","Mon Aug 03 09:02:49 UTC 2026","19","1.1 Team Hummingbird - BFF | WLW app","Technical Tests","conversation-controller","POST /public_api/conversation/userConversations/{conversationId}/messages [NEG] Missing Auth/API-Key","","POST /public_api/conversation/userConversations/{conversationId}/messages [NEG] Missing Auth/API-Key",""
"failed","Mon Aug 03 09:02:52 UTC 2026","Mon Aug 03 09:02:52 UTC 2026","13","1.1 Team Hummingbird - BFF | WLW app","Technical Tests","conversation-controller","GET /public_api/conversation/userConversations/{userId}/unreadCount/ [NEG] Expired Token","","GET /public_api/conversation/userConversations/{userId}/unreadCount/ [NEG] Expired Token",""
"passed","Mon Aug 03 09:01:50 UTC 2026","Mon Aug 03 09:01:50 UTC 2026","105","1 Team Hummingbird - BFF | EP app","Endpoint tests","Conversations","unread count","","unread count",""
"passed","Mon Aug 03 09:02:59 UTC 2026","Mon Aug 03 09:02:59 UTC 2026","33","1.1 Team Hummingbird - BFF | WLW app","Technical Tests","login-controller","POST /public_api/auth/registration [NEG] Forbidden Role Token","","POST /public_api/auth/registration [NEG] Forbidden Role Token",""
"failed","Mon Aug 03 09:03:14 UTC 2026","Mon Aug 03 09:03:14 UTC 2026","13","1.1 Team Hummingbird - BFF | WLW app","Technical Tests","trending-products-controller","GET /public_api/trending/products [NEG] Forbidden Role Token","","GET /public_api/trending/products [NEG] Forbidden Role Token",""
"failed","Mon Aug 03 09:01:59 UTC 2026","Mon Aug 03 09:01:59 UTC 2026","474","4. Team CRM |CRM Staging","Business Scenarios Tests","Account","Verify HubSpot Sync","","Verify HubSpot Sync",""
"failed","Mon Aug 03 09:02:38 UTC 2026","Mon Aug 03 09:02:38 UTC 2026","77","1.1 Team Hummingbird - BFF | WLW app","Endpoint tests","RFQ","post RFQ","","post RFQ",""
"passed","Mon Aug 03 09:02:47 UTC 2026","Mon Aug 03 09:02:47 UTC 2026","34","1.1 Team Hummingbird - BFF | WLW app","Technical Tests","conversation-controller","PUT /public_api/conversation/userConversations/{conversationId}/tag [NEG] Forbidden Role Token","","PUT /public_api/conversation/userConversations/{conversationId}/tag [NEG] Forbidden Role Token",""
"broken","Mon Aug 03 09:08:42 UTC 2026","Mon Aug 03 09:09:02 UTC 2026","20016","Dolphin","Technical","","","recallWhitespaceQueryTest","AI Search recall: whitespace-only query → business failure",""
"passed","Mon Aug 03 09:02:46 UTC 2026","Mon Aug 03 09:02:46 UTC 2026","38","1.1 Team Hummingbird - BFF | WLW app","Technical Tests","company-controller","GET /public_api/company/{id}","","GET /public_api/company/{id}",""
"passed","Mon Aug 03 09:02:59 UTC 2026","Mon Aug 03 09:02:59 UTC 2026","33","1.1 Team Hummingbird - BFF | WLW app","Technical Tests","login-controller","POST /public_api/auth/password/login [NEG] Forbidden Role Token","","POST /public_api/auth/password/login [NEG] Forbidden Role Token",""
"passed","Mon Aug 03 09:02:36 UTC 2026","Mon Aug 03 09:02:36 UTC 2026","26","1.1 Team Hummingbird - BFF | WLW app","Endpoint tests","Mobile_Feedback","Feedback Subject_DE","","Feedback Subject_DE",""
"skipped","Mon Aug 03 09:07:32 UTC 2026","Mon Aug 03 09:07:32 UTC 2026","0","3 Team Techno - UCL","Technical Tests","TopRanking","GET /unified_commercial_logic/internal_api/api/top_ranking_v1/ - Retrieve TopRankingV1 List","","GET /unified_commercial_logic/internal_api/api/top_ranking_v1/ - Retrieve TopRankingV1 List",""
"passed","Mon Aug 03 09:10:54 UTC 2026","Mon Aug 03 09:10:54 UTC 2026","78","Dolphin","Technical","","","EPZeroResultProductRecommendTest","Recommend products in 0 result search list page v1 -- ep",""
"skipped","Mon Aug 03 09:00:15 UTC 2026","Mon Aug 03 09:00:15 UTC 2026","0","7. Team Pegasus | Pegasus Staging","Spike | Profiles link user to company","(root)","10 MANUAL — company-editor basic-info (browser)","","10 MANUAL — company-editor basic-info (browser)",""
"passed","Mon Aug 03 09:02:46 UTC 2026","Mon Aug 03 09:02:46 UTC 2026","19","1.1 Team Hummingbird - BFF | WLW app","Technical Tests","company-controller","GET /public_api/company/{id} [NEG] Missing Auth/API-Key","","GET /public_api/company/{id} [NEG] Missing Auth/API-Key",""
"passed","Mon Aug 03 09:10:55 UTC 2026","Mon Aug 03 09:10:55 UTC 2026","90","Dolphin","Technical","","","otherStoreProductRecommendTest","similar products recommend -- wlw pdp",""
"passed","Mon Aug 03 09:02:06 UTC 2026","Mon Aug 03 09:02:06 UTC 2026","71","4. Team CRM |CRM Staging","Endpoints Tests","(root)","get responsible user","","get responsible user",""
"passed","Mon Aug 03 09:10:54 UTC 2026","Mon Aug 03 09:10:54 UTC 2026","94","Dolphin","Technical","","","EPOtherStoreProductRecommendTest","product other store recommend",""
"failed","Mon Aug 03 09:02:48 UTC 2026","Mon Aug 03 09:02:48 UTC 2026","13","1.1 Team Hummingbird - BFF | WLW app","Technical Tests","conversation-controller","PUT /public_api/conversation/userConversations/{conversationId}/messages/markAsRead [NEG] Forbidden Role Token","","PUT /public_api/conversation/userConversations/{conversationId}/messages/markAsRead [NEG] Forbidden Role Token",""
"passed","Mon Aug 03 09:03:02 UTC 2026","Mon Aug 03 09:03:02 UTC 2026","32","1.1 Team Hummingbird - BFF | WLW app","Technical Tests","purchaser-support-controller","GET /support-master-data [NEG] Forbidden Role Token","","GET /support-master-data [NEG] Forbidden Role Token",""
"passed","Mon Aug 03 09:02:55 UTC 2026","Mon Aug 03 09:02:55 UTC 2026","42","1.1 Team Hummingbird - BFF | WLW app","Technical Tests","euro-pages-controller","DELETE /public_api/euro-pages/auth/delete [NEG] Missing Auth/API-Key","","DELETE /public_api/euro-pages/auth/delete [NEG] Missing Auth/API-Key",""
"passed","Mon Aug 03 09:02:57 UTC 2026","Mon Aug 03 09:02:57 UTC 2026","35","1.1 Team Hummingbird - BFF | WLW app","Technical Tests","inside-business-controller","GET /public_api/inside_business [NEG] Expired Token","","GET /public_api/inside_business [NEG] Expired Token",""
"passed","Mon Aug 03 09:02:57 UTC 2026","Mon Aug 03 09:02:57 UTC 2026","34","1.1 Team Hummingbird - BFF | WLW app","Technical Tests","login-controller","POST /public_api/auth/sso/login [NEG] Expired Token","","POST /public_api/auth/sso/login [NEG] Expired Token",""
"failed","Mon Aug 03 09:02:05 UTC 2026","Mon Aug 03 09:02:06 UTC 2026","432","4. Team CRM |CRM Staging","Endpoints Tests","Accounts","Get Account Information","","Get Account Information",""
"broken","Mon Aug 03 09:07:21 UTC 2026","Mon Aug 03 09:07:41 UTC 2026","20027","Dolphin","Technical","","","recallSingleFilterTest","AI Search recall: single filter (verified=true)",""
"skipped","Mon Aug 03 09:07:32 UTC 2026","Mon Aug 03 09:07:32 UTC 2026","0","3 Team Techno - UCL","Technical Tests","Retargeting","GET /unified_commercial_logic/internal_api/api/retargeting - Retrieve Retargeting List","","GET /unified_commercial_logic/internal_api/api/retargeting - Retrieve Retargeting List",""
"passed","Mon Aug 03 09:10:55 UTC 2026","Mon Aug 03 09:10:55 UTC 2026","85","Dolphin","Functional","","","homepageProductRecommendTest","homepage product recommend -- wlw",""
"passed","Mon Aug 03 09:03:10 UTC 2026","Mon Aug 03 09:03:10 UTC 2026","40","1.1 Team Hummingbird - BFF | WLW app","Technical Tests","search-controller","GET /public_api/products/recommendations [SEC] Injection Probe","","GET /public_api/products/recommendations [SEC] Injection Probe",""
"failed","Mon Aug 03 09:01:59 UTC 2026","Mon Aug 03 09:02:00 UTC 2026","983","4. Team CRM |CRM Staging","Business Scenarios Tests","Account","Smoke Test Basic Account Creation","","Smoke Test Basic Account Creation",""
"passed","Mon Aug 03 09:02:42 UTC 2026","Mon Aug 03 09:02:42 UTC 2026","34","1.1 Team Hummingbird - BFF | WLW app","Technical Tests","ai-company-search-controller","POST /public_api/search/ai/supplier/recall","","POST /public_api/search/ai/supplier/recall",""
"passed","Mon Aug 03 09:03:02 UTC 2026","Mon Aug 03 09:03:02 UTC 2026","35","1.1 Team Hummingbird - BFF | WLW app","Technical Tests","purchaser-support-controller","GET /support-master-data","","GET /support-master-data",""
"skipped","Mon Aug 03 09:00:15 UTC 2026","Mon Aug 03 09:00:15 UTC 2026","0","7. Team Pegasus | Pegasus Staging","Endpoints Tests","Supplier Registration","EP","","request_for_quotations - Endpoints related to the creation of request for quotations",""
"failed","Mon Aug 03 09:02:34 UTC 2026","Mon Aug 03 09:02:35 UTC 2026","89","1.1 Team Hummingbird - BFF | WLW app","Endpoint tests","User settings","user setting","","user setting",""
"failed","Mon Aug 03 09:02:44 UTC 2026","Mon Aug 03 09:02:44 UTC 2026","16","1.1 Team Hummingbird - BFF | WLW app","Technical Tests","categories-controller","GET /preferred/categories [NEG] Expired Token","","GET /preferred/categories [NEG] Expired Token",""
"failed","Mon Aug 03 09:03:12 UTC 2026","Mon Aug 03 09:03:12 UTC 2026","14","1.1 Team Hummingbird - BFF | WLW app","Technical Tests","supplier-visitors-controller","GET /public_api/suppliers/{supplier_id}/visits","","GET /public_api/suppliers/{supplier_id}/visits",""
"passed","Mon Aug 03 09:02:56 UTC 2026","Mon Aug 03 09:02:56 UTC 2026","32","1.1 Team Hummingbird - BFF | WLW app","Technical Tests","help-and-support-controller","POST /help","","POST /help",""
"passed","Mon Aug 03 09:01:56 UTC 2026","Mon Aug 03 09:01:57 UTC 2026","757","4. Team CRM |CRM Staging","Business Scenarios Tests","Tasks","Smoke test Create task","","Smoke test Create task",""
"passed","Mon Aug 03 09:01:45 UTC 2026","Mon Aug 03 09:01:45 UTC 2026","20","1 Team Hummingbird - BFF | EP app","Endpoint tests","Support","Support FAQ_DE","","Support FAQ_DE",""
"broken","Mon Aug 03 09:05:20 UTC 2026","Mon Aug 03 09:05:41 UTC 2026","20486","Dolphin","Technical","","","recallNoResultQueryTest","AI Search recall: no-result query (empty offers or zero total)",""
"skipped","Mon Aug 03 09:00:15 UTC 2026","Mon Aug 03 09:00:15 UTC 2026","0","7. Team Pegasus | Pegasus Staging","Spike | Profiles link user to company","(root)","03 GET — Verify company (Supplier Facts)","","03 GET — Verify company (Supplier Facts)",""
"passed","Mon Aug 03 09:02:34 UTC 2026","Mon Aug 03 09:02:35 UTC 2026","554","1.1 Team Hummingbird - BFF | WLW app","Endpoint tests","Login","registration","","registration",""
"passed","Mon Aug 03 09:01:57 UTC 2026","Mon Aug 03 09:01:58 UTC 2026","98","4. Team CRM |CRM Staging","Business Scenarios Tests","Contacts","Check Contact","","Check Contact",""
"skipped","Mon Aug 03 09:00:15 UTC 2026","Mon Aug 03 09:00:15 UTC 2026","0","7. Team Pegasus | Pegasus Staging","Endpoints Tests","Business Insights","Visitor","","Visitor",""
"skipped","Mon Aug 03 09:00:15 UTC 2026","Mon Aug 03 09:00:15 UTC 2026","0","7. Team Pegasus | Pegasus Staging","Endpoints Tests","Visitors","Java (statistics-app)","","Filter types",""
"failed","Mon Aug 03 09:03:02 UTC 2026","Mon Aug 03 09:03:02 UTC 2026","13","1.1 Team Hummingbird - BFF | WLW app","Technical Tests","product-controller","GET /public_api/companies/{supplierPublicId}/products [NEG] Missing Auth/API-Key","","GET /public_api/companies/{supplierPublicId}/products [NEG] Missing Auth/API-Key",""
"passed","Mon Aug 03 09:02:42 UTC 2026","Mon Aug 03 09:02:42 UTC 2026","34","1.1 Team Hummingbird - BFF | WLW app","Technical Tests","ai-company-search-controller","POST /public_api/search/ai/supplier/pv-match [NEG] Missing Auth/API-Key","","POST /public_api/search/ai/supplier/pv-match [NEG] Missing Auth/API-Key",""
"failed","Mon Aug 03 09:02:53 UTC 2026","Mon Aug 03 09:02:53 UTC 2026","15","1.1 Team Hummingbird - BFF | WLW app","Technical Tests","conversation-controller","GET /public_api/conversation/userConversations/{conversationId}/file/ [NEG] Forbidden Role Token","","GET /public_api/conversation/userConversations/{conversationId}/file/ [NEG] Forbidden Role Token",""
"passed","Mon Aug 03 09:03:04 UTC 2026","Mon Aug 03 09:03:04 UTC 2026","35","1.1 Team Hummingbird - BFF | WLW app","Technical Tests","purchaser-user-setting-controller","POST /userSetting/ [NEG] Forbidden Role Token","","POST /userSetting/ [NEG] Forbidden Role Token",""
"passed","Mon Aug 03 09:01:59 UTC 2026","Mon Aug 03 09:01:59 UTC 2026","308","4. Team CRM |CRM Staging","Business Scenarios Tests","Account","Update Account","","Update Account",""
"passed","Mon Aug 03 09:10:55 UTC 2026","Mon Aug 03 09:10:55 UTC 2026","79","Dolphin","Technical","","","zeroResultProductRecommendTest","Recommend products in 0 result search list page v1 -- wlw",""
"passed","Mon Aug 03 09:00:18 UTC 2026","Mon Aug 03 09:00:18 UTC 2026","7","2 Team Dragon - BFF | RFQ Backend","Technical Tests","(root)","GET /v1/user - User Info + Roles + Negative Auth","","GET /v1/user - User Info + Roles + Negative Auth",""
"skipped","Mon Aug 03 09:00:15 UTC 2026","Mon Aug 03 09:00:15 UTC 2026","0","7. Team Pegasus | Pegasus Staging","Business Scenarios Tests","Business Insights","Dashboard smoke flow","","Admin BI",""
"passed","Mon Aug 03 09:10:55 UTC 2026","Mon Aug 03 09:10:55 UTC 2026","85","Dolphin","Technical","","","homepageProductRecommendTest","homepage product recommend -- wlw",""
"failed","Mon Aug 03 09:02:44 UTC 2026","Mon Aug 03 09:02:44 UTC 2026","12","1.1 Team Hummingbird - BFF | WLW app","Technical Tests","ai-company-search-controller","GET /public_api/search/ai/company/stream/mock [SEC] Injection Probe","","GET /public_api/search/ai/company/stream/mock [SEC] Injection Probe",""
"failed","Mon Aug 03 09:02:45 UTC 2026","Mon Aug 03 09:02:45 UTC 2026","15","1.1 Team Hummingbird - BFF | WLW app","Technical Tests","company-controller","GET /public_api/suppliers/{companyID}/listings [NEG] Missing Auth/API-Key","","GET /public_api/suppliers/{companyID}/listings [NEG] Missing Auth/API-Key",""
"failed","Mon Aug 03 09:01:49 UTC 2026","Mon Aug 03 09:01:49 UTC 2026","229","1 Team Hummingbird - BFF | EP app","Endpoint tests","Contact request","QDR request","","QDR request",""
"passed","Mon Aug 03 09:00:17 UTC 2026","Mon Aug 03 09:00:17 UTC 2026","6","2 Team Dragon - BFF | RFQ Backend","Functional Tests","(root)","Assertions Summary (Doc)","","Assertions Summary (Doc)",""
"skipped","Mon Aug 03 09:00:15 UTC 2026","Mon Aug 03 09:00:15 UTC 2026","0","7. Team Pegasus | Pegasus Staging","Endpoints Tests","Shop Import & Onboarding Backend","/offers/categoryProperties","","/offers/categoryProperties",""
"failed","Mon Aug 03 09:02:52 UTC 2026","Mon Aug 03 09:02:52 UTC 2026","13","1.1 Team Hummingbird - BFF | WLW app","Technical Tests","conversation-controller","GET /public_api/conversation/userConversations/{conversationId} [NEG] Expired Token","","GET /public_api/conversation/userConversations/{conversationId} [NEG] Expired Token",""
"passed","Mon Aug 03 09:01:21 UTC 2026","Mon Aug 03 09:01:21 UTC 2026","34","Bamboo","Functional","","","searchCategoryByNameTest","searchCategoryByName",""
"failed","Mon Aug 03 09:03:04 UTC 2026","Mon Aug 03 09:03:04 UTC 2026","13","1.1 Team Hummingbird - BFF | WLW app","Technical Tests","purchaser-user-setting-controller","GET /userSetting [NEG] Missing Auth/API-Key","","GET /userSetting [NEG] Missing Auth/API-Key",""
"skipped","Mon Aug 03 09:00:15 UTC 2026","Mon Aug 03 09:00:15 UTC 2026","0","7. Team Pegasus | Pegasus Staging","Spike | Profiles link user to company","(root)","05 GET — Profile by email","","05 GET — Profile by email",""
"passed","Mon Aug 03 09:02:43 UTC 2026","Mon Aug 03 09:02:43 UTC 2026","34","1.1 Team Hummingbird - BFF | WLW app","Technical Tests","ai-company-search-controller","POST /public_api/search/ai/company/search [NEG] Expired Token","","POST /public_api/search/ai/company/search [NEG] Expired Token",""
"passed","Mon Aug 03 09:01:46 UTC 2026","Mon Aug 03 09:01:46 UTC 2026","22","1 Team Hummingbird - BFF | EP app","Endpoint tests","Mobile_Feedback","Feedback Subject_EN","","Feedback Subject_EN",""
"passed","Mon Aug 03 09:03:01 UTC 2026","Mon Aug 03 09:03:01 UTC 2026","32","1.1 Team Hummingbird - BFF | WLW app","Technical Tests","product-controller","GET /public_api/products/{productId} [NEG] Expired Token","","GET /public_api/products/{productId} [NEG] Expired Token",""
"passed","Mon Aug 03 09:02:07 UTC 2026","Mon Aug 03 09:02:07 UTC 2026","503","4. Team CRM |CRM Staging","Endpoints Tests","(root)","sync event to trigger the RFC lead process","","sync event to trigger the RFC lead process",""
"passed","Mon Aug 03 09:02:56 UTC 2026","Mon Aug 03 09:02:56 UTC 2026","34","1.1 Team Hummingbird - BFF | WLW app","Technical Tests","feedback-controller","POST /feedback [NEG] Forbidden Role Token","","POST /feedback [NEG] Forbidden Role Token",""
"passed","Mon Aug 03 09:03:00 UTC 2026","Mon Aug 03 09:03:00 UTC 2026","33","1.1 Team Hummingbird - BFF | WLW app","Technical Tests","login-controller","POST /public_api/auth/changePassword [NEG] Forbidden Role Token","","POST /public_api/auth/changePassword [NEG] Forbidden Role Token",""
"passed","Mon Aug 03 09:02:41 UTC 2026","Mon Aug 03 09:02:41 UTC 2026","71","1.1 Team Hummingbird - BFF | WLW app","Technical Tests","ab-test-record-controller","POST /public_api/abtest/record","","POST /public_api/abtest/record",""
"skipped","Mon Aug 03 09:00:15 UTC 2026","Mon Aug 03 09:00:15 UTC 2026","0","7. Team Pegasus | Pegasus Staging","Endpoints Tests","Supplier Registration","WLW","","categories - Endpoints for retrieving categories",""
"passed","Mon Aug 03 09:02:36 UTC 2026","Mon Aug 03 09:02:36 UTC 2026","236","1.1 Team Hummingbird - BFF | WLW app","Endpoint tests","Mobile_Feedback","post feedback","","post feedback",""
"passed","Mon Aug 03 09:10:44 UTC 2026","Mon Aug 03 09:10:46 UTC 2026","1422","Dolphin","Technical","","","productTextSearchMalformedRawQueryStructTest","AI product text search recall: malformed rawQueryStruct still success",""
"failed","Mon Aug 03 09:03:03 UTC 2026","Mon Aug 03 09:03:03 UTC 2026","19","1.1 Team Hummingbird - BFF | WLW app","Technical Tests","purchaser-support-controller","GET /support-faq [NEG] Missing Auth/API-Key","","GET /support-faq [NEG] Missing Auth/API-Key",""
"skipped","Mon Aug 03 09:00:15 UTC 2026","Mon Aug 03 09:00:15 UTC 2026","0","7. Team Pegasus | Pegasus Staging","Endpoints Tests","Supplier Registration","EP","","keywords - Search for keywords",""
"passed","Mon Aug 03 09:02:35 UTC 2026","Mon Aug 03 09:02:35 UTC 2026","107","1.1 Team Hummingbird - BFF | WLW app","Endpoint tests","User settings","user setting","","user setting",""
"broken","Mon Aug 03 09:02:00 UTC 2026","Mon Aug 03 09:02:20 UTC 2026","20011","Dolphin","Technical","","","inferenceTest","AI Search inference API (SSE stream)",""
"broken","Mon Aug 03 09:06:41 UTC 2026","Mon Aug 03 09:07:01 UTC 2026","20014","Dolphin","Functional","","","recallPaidSupplierFilterTest","AI Search recall: paid supplier filter (verified=true)",""
"passed","Mon Aug 03 09:02:04 UTC 2026","Mon Aug 03 09:02:04 UTC 2026","62","4. Team CRM |CRM Staging","Business Scenarios Tests","WLW Price Compaigns","WLW_Price Compaigns","","WLW_Price Compaigns",""
"failed","Mon Aug 03 09:01:50 UTC 2026","Mon Aug 03 09:01:50 UTC 2026","66","1 Team Hummingbird - BFF | EP app","Endpoint tests","Conversations","File","","File",""
"passed","Mon Aug 03 09:02:48 UTC 2026","Mon Aug 03 09:02:48 UTC 2026","40","1.1 Team Hummingbird - BFF | WLW app","Technical Tests","conversation-controller","PUT /public_api/conversation/userConversations/{conversationId}/decline [NEG] Forbidden Role Token","","PUT /public_api/conversation/userConversations/{conversationId}/decline [NEG] Forbidden Role Token",""
"passed","Mon Aug 03 09:01:47 UTC 2026","Mon Aug 03 09:01:47 UTC 2026","88","1 Team Hummingbird - BFF | EP app","Endpoint tests","Company","Product ID","","Product ID",""
"passed","Mon Aug 03 09:03:07 UTC 2026","Mon Aug 03 09:03:07 UTC 2026","21","1.1 Team Hummingbird - BFF | WLW app","Technical Tests","rfq-marketing-controller","POST /public_api/rfq-marketing/trigger [NEG] Missing Auth/API-Key","","POST /public_api/rfq-marketing/trigger [NEG] Missing Auth/API-Key",""
"failed","Mon Aug 03 09:03:02 UTC 2026","Mon Aug 03 09:03:02 UTC 2026","11","1.1 Team Hummingbird - BFF | WLW app","Technical Tests","product-controller","GET /public_api/companies/{supplierPublicId}/products [SEC] Injection Probe","","GET /public_api/companies/{supplierPublicId}/products [SEC] Injection Probe",""
"failed","Mon Aug 03 09:02:46 UTC 2026","Mon Aug 03 09:02:46 UTC 2026","17","1.1 Team Hummingbird - BFF | WLW app","Technical Tests","company-controller","GET /public_api/company [NEG] Forbidden Role Token","","GET /public_api/company [NEG] Forbidden Role Token",""
"passed","Mon Aug 03 09:01:57 UTC 2026","Mon Aug 03 09:01:57 UTC 2026","98","4. Team CRM |CRM Staging","Business Scenarios Tests","Contacts","Check Contact","","Check Contact",""
"passed","Mon Aug 03 09:01:46 UTC 2026","Mon Aug 03 09:01:46 UTC 2026","445","1 Team Hummingbird - BFF | EP app","Endpoint tests","Mobile_Feedback","post feedback","","post feedback",""
"passed","Mon Aug 03 09:02:00 UTC 2026","Mon Aug 03 09:02:00 UTC 2026","170","4. Team CRM |CRM Staging","Business Scenarios Tests","Account","Smoke test : Account + Contact + SAP","","Smoke test : Account + Contact + SAP",""
"skipped","Mon Aug 03 09:00:15 UTC 2026","Mon Aug 03 09:00:15 UTC 2026","0","7. Team Pegasus | Pegasus Staging","Business Scenarios Tests","Visitors","Statistics visitor drill-down","","CSV status",""
"failed","Mon Aug 03 09:03:05 UTC 2026","Mon Aug 03 09:03:05 UTC 2026","12","1.1 Team Hummingbird - BFF | WLW app","Technical Tests","push-notification-by-email-controller","PUT /v1/pushNotification [NEG] Missing Auth/API-Key","","PUT /v1/pushNotification [NEG] Missing Auth/API-Key",""
"passed","Mon Aug 03 09:02:56 UTC 2026","Mon Aug 03 09:02:56 UTC 2026","38","1.1 Team Hummingbird - BFF | WLW app","Technical Tests","feedback-controller","GET /feedback/subject [NEG] Expired Token","","GET /feedback/subject [NEG] Expired Token",""
"passed","Mon Aug 03 09:10:47 UTC 2026","Mon Aug 03 09:10:48 UTC 2026","1080","Dolphin","Technical","","","productTextSearchPageSizeZeroTest","AI product text search recall: pageSize=0 normalized to default",""
"passed","Mon Aug 03 09:01:49 UTC 2026","Mon Aug 03 09:01:50 UTC 2026","317","1 Team Hummingbird - BFF | EP app","Endpoint tests","Conversations","user conversations","","user conversations",""
"passed","Mon Aug 03 09:02:02 UTC 2026","Mon Aug 03 09:02:02 UTC 2026","218","4. Team CRM |CRM Staging","Business Scenarios Tests","Lead","Lead-duplicateCheck - with dulicates","","Lead-duplicateCheck - with dulicates",""
"passed","Mon Aug 03 09:02:40 UTC 2026","Mon Aug 03 09:02:41 UTC 2026","1052","1.1 Team Hummingbird - BFF | WLW app","Endpoint tests","Conversations","new message","","new message",""
"passed","Mon Aug 03 09:02:50 UTC 2026","Mon Aug 03 09:02:50 UTC 2026","35","1.1 Team Hummingbird - BFF | WLW app","Technical Tests","conversation-controller","POST /public_api/conversation/userConversations/{conversationId}/messages/{messageId}/translate [NEG] Forbidden Role Token","","POST /public_api/conversation/userConversations/{conversationId}/messages/{messageId}/translate [NEG] Forbidden Role Token",""
"skipped","Mon Aug 03 09:07:32 UTC 2026","Mon Aug 03 09:07:32 UTC 2026","0","3 Team Techno - UCL","Functional Tests","Endpoint Tests","WebsiteLead","","get all active on ep for given existing uuid",""
"skipped","Mon Aug 03 09:07:32 UTC 2026","Mon Aug 03 09:07:32 UTC 2026","0","3 Team Techno - UCL","Functional Tests","Endpoint Tests","TopRanking","","get all active on wlw for the given uuid",""
"skipped","Mon Aug 03 09:00:15 UTC 2026","Mon Aug 03 09:00:15 UTC 2026","0","7. Team Pegasus | Pegasus Staging","Endpoints Tests","Shop Import & Onboarding Backend","/offers/searchCategories","","/offers/searchCategories",""
"skipped","Mon Aug 03 09:00:15 UTC 2026","Mon Aug 03 09:00:15 UTC 2026","0","7. Team Pegasus | Pegasus Staging","Endpoints Tests","Visitors","Java (statistics-app)","","Visitors list",""
"failed","Mon Aug 03 09:03:02 UTC 2026","Mon Aug 03 09:03:02 UTC 2026","13","1.1 Team Hummingbird - BFF | WLW app","Technical Tests","product-controller","GET /public_api/companies/{supplierPublicId}/products [NEG] Forbidden Role Token","","GET /public_api/companies/{supplierPublicId}/products [NEG] Forbidden Role Token",""
"passed","Mon Aug 03 09:10:51 UTC 2026","Mon Aug 03 09:10:52 UTC 2026","562","Dolphin","Technical","","","productTextSearchSpecialCharTest","AI product text search recall: special-character query",""
"failed","Mon Aug 03 09:02:51 UTC 2026","Mon Aug 03 09:02:51 UTC 2026","14","1.1 Team Hummingbird - BFF | WLW app","Technical Tests","conversation-controller","GET /public_api/conversation/userConversations/{userId}/unreadCount [NEG] Forbidden Role Token","","GET /public_api/conversation/userConversations/{userId}/unreadCount [NEG] Forbidden Role Token",""
"failed","Mon Aug 03 09:03:08 UTC 2026","Mon Aug 03 09:03:08 UTC 2026","13","1.1 Team Hummingbird - BFF | WLW app","Technical Tests","search-controller","GET /public_api/search/products [NEG] Missing Auth/API-Key","","GET /public_api/search/products [NEG] Missing Auth/API-Key",""
"failed","Mon Aug 03 09:02:43 UTC 2026","Mon Aug 03 09:02:43 UTC 2026","13","1.1 Team Hummingbird - BFF | WLW app","Technical Tests","ai-company-search-controller","GET /public_api/search/ai/company/stream/mock [NEG] Missing Auth/API-Key","","GET /public_api/search/ai/company/stream/mock [NEG] Missing Auth/API-Key",""
"skipped","Mon Aug 03 09:07:32 UTC 2026","Mon Aug 03 09:07:32 UTC 2026","0","3 Team Techno - UCL","Technical Tests","Retargeting","GET /unified_commercial_logic/internal_api/api/retargeting/ - Retrieve Retargeting List","","GET /unified_commercial_logic/internal_api/api/retargeting/ - Retrieve Retargeting List",""
"failed","Mon Aug 03 09:03:03 UTC 2026","Mon Aug 03 09:03:03 UTC 2026","14","1.1 Team Hummingbird - BFF | WLW app","Technical Tests","purchaser-support-controller","GET /support-faq [NEG] Forbidden Role Token","","GET /support-faq [NEG] Forbidden Role Token",""
"failed","Mon Aug 03 09:03:11 UTC 2026","Mon Aug 03 09:03:11 UTC 2026","17","1.1 Team Hummingbird - BFF | WLW app","Technical Tests","search-term-controller","POST /public_api/search/track [NEG] Missing Auth/API-Key","","POST /public_api/search/track [NEG] Missing Auth/API-Key",""
"failed","Mon Aug 03 09:02:51 UTC 2026","Mon Aug 03 09:02:51 UTC 2026","12","1.1 Team Hummingbird - BFF | WLW app","Technical Tests","conversation-controller","GET /public_api/conversation/userConversations/{userId}/unreadCount/","","GET /public_api/conversation/userConversations/{userId}/unreadCount/",""
"passed","Mon Aug 03 09:01:57 UTC 2026","Mon Aug 03 09:01:57 UTC 2026","103","4. Team CRM |CRM Staging","Business Scenarios Tests","Tasks","Verify Change","","Verify Change",""
"failed","Mon Aug 03 09:02:48 UTC 2026","Mon Aug 03 09:02:48 UTC 2026","15","1.1 Team Hummingbird - BFF | WLW app","Technical Tests","conversation-controller","GET /public_api/conversation/userConversations/{conversationId}/messages [NEG] Missing Auth/API-Key","","GET /public_api/conversation/userConversations/{conversationId}/messages [NEG] Missing Auth/API-Key",""
"passed","Mon Aug 03 09:02:35 UTC 2026","Mon Aug 03 09:02:35 UTC 2026","17","1.1 Team Hummingbird - BFF | WLW app","Endpoint tests","Support","Support FAQ_FR","","Support FAQ_FR",""
"passed","Mon Aug 03 09:02:08 UTC 2026","Mon Aug 03 09:02:08 UTC 2026","630","4. Team CRM |CRM Staging","Endpoints Tests","(root)","Create Note with sf id Copy","","Create Note with sf id Copy",""
"passed","Mon Aug 03 09:01:50 UTC 2026","Mon Aug 03 09:01:50 UTC 2026","135","1 Team Hummingbird - BFF | EP app","Endpoint tests","Conversations","translate message","","translate message",""
"passed","Mon Aug 03 09:02:38 UTC 2026","Mon Aug 03 09:02:38 UTC 2026","500","1.1 Team Hummingbird - BFF | WLW app","Endpoint tests","Search","Product Search EN","","Product Search EN",""
"passed","Mon Aug 03 09:03:14 UTC 2026","Mon Aug 03 09:03:15 UTC 2026","57","1.1 Team Hummingbird - BFF | WLW app","Technical Tests","trending-products-controller","GET /public_api/trending/notifications [NEG] Forbidden Role Token","","GET /public_api/trending/notifications [NEG] Forbidden Role Token",""
"skipped","Mon Aug 03 09:00:15 UTC 2026","Mon Aug 03 09:00:15 UTC 2026","0","7. Team Pegasus | Pegasus Staging","Spike | Profiles link user to company","(root)","06 PATCH — Link company to profile","","06 PATCH — Link company to profile",""
"failed","Mon Aug 03 09:02:35 UTC 2026","Mon Aug 03 09:02:35 UTC 2026","19","1.1 Team Hummingbird - BFF | WLW app","Endpoint tests","Support","currency daily rates","","currency daily rates",""
"failed","Mon Aug 03 09:02:46 UTC 2026","Mon Aug 03 09:02:46 UTC 2026","14","1.1 Team Hummingbird - BFF | WLW app","Technical Tests","company-controller","GET /public_api/suppliers/{companyID}/listings [NEG] Forbidden Role Token","","GET /public_api/suppliers/{companyID}/listings [NEG] Forbidden Role Token",""
"passed","Mon Aug 03 09:01:58 UTC 2026","Mon Aug 03 09:02:10 UTC 2026","11145","4. Team CRM |CRM Staging","Business Scenarios Tests","Account","wlw salesorderitems link","","wlw salesorderitems link",""
"passed","Mon Aug 03 09:00:17 UTC 2026","Mon Aug 03 09:00:17 UTC 2026","6","2 Team Dragon - BFF | RFQ Backend","Technical Tests","(root)","GET /v1/rfqs/{rfqId} - Details (Schema + Auth Orchestration)","","GET /v1/rfqs/{rfqId} - Details (Schema + Auth Orchestration)",""
"failed","Mon Aug 03 09:03:07 UTC 2026","Mon Aug 03 09:03:07 UTC 2026","13","1.1 Team Hummingbird - BFF | WLW app","Technical Tests","search-controller","GET /public_api/suppliers/recommendations [NEG] Missing Auth/API-Key","","GET /public_api/suppliers/recommendations [NEG] Missing Auth/API-Key",""
"passed","Mon Aug 03 09:02:47 UTC 2026","Mon Aug 03 09:02:47 UTC 2026","43","1.1 Team Hummingbird - BFF | WLW app","Technical Tests","company-controller","GET /public_api/company/{id} [NEG] Forbidden Role Token","","GET /public_api/company/{id} [NEG] Forbidden Role Token",""
"broken","Mon Aug 03 09:09:22 UTC 2026","Mon Aug 03 09:09:42 UTC 2026","20022","Dolphin","Functional","","","termRecommendNoMockTest","AI Search term recommend API without mock",""
"passed","Mon Aug 03 09:02:57 UTC 2026","Mon Aug 03 09:02:57 UTC 2026","33","1.1 Team Hummingbird - BFF | WLW app","Technical Tests","inside-business-controller","GET /public_api/inside_business","","GET /public_api/inside_business",""
"passed","Mon Aug 03 09:01:57 UTC 2026","Mon Aug 03 09:01:57 UTC 2026","309","4. Team CRM |CRM Staging","Business Scenarios Tests","Tasks","Change  Assigned To","","Change  Assigned To",""
"passed","Mon Aug 03 09:03:00 UTC 2026","Mon Aug 03 09:03:00 UTC 2026","36","1.1 Team Hummingbird - BFF | WLW app","Technical Tests","login-controller","POST /public_api/auth/code/resend [NEG] Expired Token","","POST /public_api/auth/code/resend [NEG] Expired Token",""
"passed","Mon Aug 03 09:10:54 UTC 2026","Mon Aug 03 09:10:54 UTC 2026","102","Dolphin","Functional","","","EPPCppProductRecommendTest","recommend products in CPP -- ep",""
"passed","Mon Aug 03 09:02:59 UTC 2026","Mon Aug 03 09:02:59 UTC 2026","18","1.1 Team Hummingbird - BFF | WLW app","Technical Tests","login-controller","POST /public_api/auth/password/login [NEG] Missing Auth/API-Key","","POST /public_api/auth/password/login [NEG] Missing Auth/API-Key",""
"failed","Mon Aug 03 09:01:44 UTC 2026","Mon Aug 03 09:01:44 UTC 2026","38","1 Team Hummingbird - BFF | EP app","Endpoint tests","Login","user Info","","user Info",""
"passed","Mon Aug 03 09:03:04 UTC 2026","Mon Aug 03 09:03:04 UTC 2026","36","1.1 Team Hummingbird - BFF | WLW app","Technical Tests","purchaser-user-setting-controller","GET /userSetting [SEC] Injection Probe","","GET /userSetting [SEC] Injection Probe",""
"failed","Mon Aug 03 09:03:13 UTC 2026","Mon Aug 03 09:03:13 UTC 2026","15","1.1 Team Hummingbird - BFF | WLW app","Technical Tests","supplier-visitors-controller","GET /public_api/suppliers/{supplier_id}/visits/csv [SEC] Injection Probe","","GET /public_api/suppliers/{supplier_id}/visits/csv [SEC] Injection Probe",""
"passed","Mon Aug 03 09:03:03 UTC 2026","Mon Aug 03 09:03:03 UTC 2026","49","1.1 Team Hummingbird - BFF | WLW app","Technical Tests","purchaser-user-setting-controller","PUT /userSetting/{id} [NEG] Expired Token","","PUT /userSetting/{id} [NEG] Expired Token",""
"failed","Mon Aug 03 09:02:53 UTC 2026","Mon Aug 03 09:02:53 UTC 2026","14","1.1 Team Hummingbird - BFF | WLW app","Technical Tests","conversation-controller","GET /public_api/conversation/userConversations/{conversationId}/file/ [SEC] Injection Probe","","GET /public_api/conversation/userConversations/{conversationId}/file/ [SEC] Injection Probe",""
"passed","Mon Aug 03 09:01:48 UTC 2026","Mon Aug 03 09:01:49 UTC 2026","966","1 Team Hummingbird - BFF | EP app","Endpoint tests","Search","Product Search DE","","Product Search DE",""
"failed","Mon Aug 03 09:01:49 UTC 2026","Mon Aug 03 09:01:49 UTC 2026","244","1 Team Hummingbird - BFF | EP app","Endpoint tests","Contact request","Product request","","Product request",""
"broken","Mon Aug 03 09:01:19 UTC 2026","Mon Aug 03 09:01:39 UTC 2026","20629","Dolphin","Technical","","","inferenceEmptySearchTextTest","AI Search inference: empty searchText still streams",""
"passed","Mon Aug 03 09:10:54 UTC 2026","Mon Aug 03 09:10:54 UTC 2026","88","Dolphin","Functional","","","EPSameStoreProductRecommendTest","product same store recommend -- ep",""
"broken","Mon Aug 03 09:08:22 UTC 2026","Mon Aug 03 09:08:42 UTC 2026","20008","Dolphin","Functional","","","recallTopRankingScenarioTest","AI Search recall: wlw-staging.de cnc top-ranking scenario",""
"skipped","Mon Aug 03 09:00:15 UTC 2026","Mon Aug 03 09:00:15 UTC 2026","0","7. Team Pegasus | Pegasus Staging","Technical Tests","(empty)","(empty)","","Technical Tests - empty",""
"passed","Mon Aug 03 09:02:55 UTC 2026","Mon Aug 03 09:02:55 UTC 2026","34","1.1 Team Hummingbird - BFF | WLW app","Technical Tests","feedback-controller","POST /v1/feedback [NEG] Forbidden Role Token","","POST /v1/feedback [NEG] Forbidden Role Token",""
"passed","Mon Aug 03 09:01:57 UTC 2026","Mon Aug 03 09:01:57 UTC 2026","309","4. Team CRM |CRM Staging","Business Scenarios Tests","Tasks","Change  Assigned To","","Change  Assigned To",""
"skipped","Mon Aug 03 09:00:15 UTC 2026","Mon Aug 03 09:00:15 UTC 2026","0","7. Team Pegasus | Pegasus Staging","Endpoints Tests","Membership Management (PGS-861)","GET — Verify UTM in supplier-facts","","GET — Verify UTM in supplier-facts",""
"passed","Mon Aug 03 09:03:06 UTC 2026","Mon Aug 03 09:03:06 UTC 2026","34","1.1 Team Hummingbird - BFF | WLW app","Technical Tests","rfq-marketing-controller","POST /public_api/rfq-marketing/trigger","","POST /public_api/rfq-marketing/trigger",""
"passed","Mon Aug 03 09:02:09 UTC 2026","Mon Aug 03 09:02:09 UTC 2026","60","4. Team CRM |CRM Staging","Endpoints Tests","(root)","get company data via SF id","","get company data via SF id",""
"passed","Mon Aug 03 09:02:55 UTC 2026","Mon Aug 03 09:02:55 UTC 2026","41","1.1 Team Hummingbird - BFF | WLW app","Technical Tests","euro-pages-controller","DELETE /public_api/euro-pages/auth/delete [NEG] Forbidden Role Token","","DELETE /public_api/euro-pages/auth/delete [NEG] Forbidden Role Token",""
"skipped","Mon Aug 03 09:00:15 UTC 2026","Mon Aug 03 09:00:15 UTC 2026","0","7. Team Pegasus | Pegasus Staging","Endpoints Tests","Supplier Registration","EP","","vat/check - Validate VAT number",""
"skipped","Mon Aug 03 09:07:32 UTC 2026","Mon Aug 03 09:07:32 UTC 2026","0","3 Team Techno - UCL","Technical Tests","TopRanking","GET /unified_commercial_logic/internal_api/api/top_ranking_v1 - Retrieve TopRankingV1 List","","GET /unified_commercial_logic/internal_api/api/top_ranking_v1 - Retrieve TopRankingV1 List",""
"passed","Mon Aug 03 09:01:45 UTC 2026","Mon Aug 03 09:01:45 UTC 2026","19","1 Team Hummingbird - BFF | EP app","Endpoint tests","Support","FAQ Alibaba","","FAQ Alibaba",""
"skipped","Mon Aug 03 09:00:15 UTC 2026","Mon Aug 03 09:00:15 UTC 2026","0","7. Team Pegasus | Pegasus Staging","Business Scenarios Tests","Visitors","Statistics visitor drill-down","","CSV creation",""
"skipped","Mon Aug 03 09:00:15 UTC 2026","Mon Aug 03 09:00:15 UTC 2026","0","7. Team Pegasus | Pegasus Staging","Endpoints Tests","Membership Management (PGS-861)","POST /companies — create with UTM (PGS-861)","","POST /companies — create with UTM (PGS-861)",""
"failed","Mon Aug 03 09:02:39 UTC 2026","Mon Aug 03 09:02:39 UTC 2026","237","1.1 Team Hummingbird - BFF | WLW app","Endpoint tests","Contact request","Callback request","","Callback request",""
"skipped","Mon Aug 03 09:00:15 UTC 2026","Mon Aug 03 09:00:15 UTC 2026","0","7. Team Pegasus | Pegasus Staging","Business Scenarios Tests","Business Insights","Dashboard smoke flow","","Scoring",""
"skipped","Mon Aug 03 09:07:32 UTC 2026","Mon Aug 03 09:07:32 UTC 2026","0","3 Team Techno - UCL","Functional Tests","Endpoint Tests","membership","","get all active membership for uuid platform specific",""
"passed","Mon Aug 03 09:03:00 UTC 2026","Mon Aug 03 09:03:00 UTC 2026","19","1.1 Team Hummingbird - BFF | WLW app","Technical Tests","login-controller","POST /public_api/auth/changePassword [NEG] Missing Auth/API-Key","","POST /public_api/auth/changePassword [NEG] Missing Auth/API-Key",""
"passed","Mon Aug 03 09:03:11 UTC 2026","Mon Aug 03 09:03:11 UTC 2026","38","1.1 Team Hummingbird - BFF | WLW app","Technical Tests","search-controller","GET /public_api/categories/recommendations [SEC] Injection Probe","","GET /public_api/categories/recommendations [SEC] Injection Probe",""
"passed","Mon Aug 03 09:10:55 UTC 2026","Mon Aug 03 09:10:55 UTC 2026","256","Dolphin","Functional","","","instoreSearchTest","instore search -- cpp/pdp with sort and leaf filter",""
"failed","Mon Aug 03 09:02:53 UTC 2026","Mon Aug 03 09:02:53 UTC 2026","13","1.1 Team Hummingbird - BFF | WLW app","Technical Tests","conversation-controller","GET /public_api/conversation/userConversations/{conversationId}/file [NEG] Expired Token","","GET /public_api/conversation/userConversations/{conversationId}/file [NEG] Expired Token",""
"passed","Mon Aug 03 09:02:01 UTC 2026","Mon Aug 03 09:02:03 UTC 2026","2459","4. Team CRM |CRM Staging","Business Scenarios Tests","Create and edit a contact","Create contact","","Create contact",""
"passed","Mon Aug 03 09:02:54 UTC 2026","Mon Aug 03 09:02:54 UTC 2026","40","1.1 Team Hummingbird - BFF | WLW app","Technical Tests","euro-pages-controller","PUT /public_api/euro-pages/auth/delete","","PUT /public_api/euro-pages/auth/delete",""
"skipped","Mon Aug 03 09:00:15 UTC 2026","Mon Aug 03 09:00:15 UTC 2026","0","7. Team Pegasus | Pegasus Staging","Endpoints Tests","User & Company Context","User Profile Storage by email","","User Profile Storage by email",""
"failed","Mon Aug 03 09:02:48 UTC 2026","Mon Aug 03 09:02:48 UTC 2026","12","1.1 Team Hummingbird - BFF | WLW app","Technical Tests","conversation-controller","PUT /public_api/conversation/userConversations/{conversationId}/messages/markAsRead [NEG] Missing Auth/API-Key","","PUT /public_api/conversation/userConversations/{conversationId}/messages/markAsRead [NEG] Missing Auth/API-Key",""
"skipped","Mon Aug 03 09:00:15 UTC 2026","Mon Aug 03 09:00:15 UTC 2026","0","7. Team Pegasus | Pegasus Staging","Endpoints Tests","Shop Import & Onboarding Backend","/offers/keywordSuggestion","","/offers/keywordSuggestion",""
"passed","Mon Aug 03 09:02:43 UTC 2026","Mon Aug 03 09:02:43 UTC 2026","35","1.1 Team Hummingbird - BFF | WLW app","Technical Tests","ai-company-search-controller","POST /public_api/search/ai/company/search [NEG] Forbidden Role Token","","POST /public_api/search/ai/company/search [NEG] Forbidden Role Token",""
"passed","Mon Aug 03 09:03:15 UTC 2026","Mon Aug 03 09:03:15 UTC 2026","18","1.1 Team Hummingbird - BFF | WLW app","Technical Tests","user-controller","PUT /public_api/user/userInfo [NEG] Missing Auth/API-Key","","PUT /public_api/user/userInfo [NEG] Missing Auth/API-Key",""
"passed","Mon Aug 03 09:03:10 UTC 2026","Mon Aug 03 09:03:10 UTC 2026","31","1.1 Team Hummingbird - BFF | WLW app","Technical Tests","search-controller","GET /public_api/search/ai/tabChange [NEG] Expired Token","","GET /public_api/search/ai/tabChange [NEG] Expired Token",""
"skipped","Mon Aug 03 09:07:32 UTC 2026","Mon Aug 03 09:07:32 UTC 2026","0","3 Team Techno - UCL","Functional Tests","Endpoint Tests","SponsoredBrand","","get SPB by id",""
"passed","Mon Aug 03 09:02:04 UTC 2026","Mon Aug 03 09:02:04 UTC 2026","0","4. Team CRM |CRM Staging","Business Scenarios Tests","Contacts","Smoke test for Create Contact & Verify HubSpot Sync","","Smoke test for Create Contact & Verify HubSpot Sync",""
"failed","Mon Aug 03 09:01:50 UTC 2026","Mon Aug 03 09:01:51 UTC 2026","112","1 Team Hummingbird - BFF | EP app","Endpoint tests","Conversations","Decline RFQ","","Decline RFQ",""
"skipped","Mon Aug 03 09:00:15 UTC 2026","Mon Aug 03 09:00:15 UTC 2026","0","7. Team Pegasus | Pegasus Staging","Endpoints Tests","Business Insights","Graph","","Graph",""
"passed","Mon Aug 03 09:02:47 UTC 2026","Mon Aug 03 09:02:47 UTC 2026","18","1.1 Team Hummingbird - BFF | WLW app","Technical Tests","contact-form-controller","POST /public_api/contact-form/messages [NEG] Missing Auth/API-Key","","POST /public_api/contact-form/messages [NEG] Missing Auth/API-Key",""
"failed","Mon Aug 03 09:02:40 UTC 2026","Mon Aug 03 09:02:40 UTC 2026","59","1.1 Team Hummingbird - BFF | WLW app","Endpoint tests","Conversations","File","","File",""
"passed","Mon Aug 03 09:03:08 UTC 2026","Mon Aug 03 09:03:08 UTC 2026","34","1.1 Team Hummingbird - BFF | WLW app","Technical Tests","search-controller","GET /public_api/search [SEC] Injection Probe","","GET /public_api/search [SEC] Injection Probe",""
"passed","Mon Aug 03 09:03:11 UTC 2026","Mon Aug 03 09:03:11 UTC 2026","34","1.1 Team Hummingbird - BFF | WLW app","Technical Tests","search-term-controller","PUT /public_api/search/notification-opened","","PUT /public_api/search/notification-opened",""
"skipped","Mon Aug 03 09:00:15 UTC 2026","Mon Aug 03 09:00:15 UTC 2026","0","7. Team Pegasus | Pegasus Staging","Business Scenarios Tests","Business Insights","Dashboard smoke flow","","Activity by uuid",""
"passed","Mon Aug 03 09:01:48 UTC 2026","Mon Aug 03 09:01:49 UTC 2026","201","1 Team Hummingbird - BFF | EP app","Endpoint tests","Homepage, products","product recommendations DE","","product recommendations DE",""
"passed","Mon Aug 03 09:03:04 UTC 2026","Mon Aug 03 09:03:04 UTC 2026","17","1.1 Team Hummingbird - BFF | WLW app","Technical Tests","purchaser-user-setting-controller","POST /userSetting [NEG] Missing Auth/API-Key","","POST /userSetting [NEG] Missing Auth/API-Key",""
"passed","Mon Aug 03 09:01:49 UTC 2026","Mon Aug 03 09:01:49 UTC 2026","35","1 Team Hummingbird - BFF | EP app","Endpoint tests","Homepage, products","preferred categories","","preferred categories",""
"failed","Mon Aug 03 09:02:37 UTC 2026","Mon Aug 03 09:02:37 UTC 2026","52","1.1 Team Hummingbird - BFF | WLW app","Endpoint tests","Company","Companies / products DE","","Companies / products DE",""
"failed","Mon Aug 03 09:02:51 UTC 2026","Mon Aug 03 09:02:51 UTC 2026","15","1.1 Team Hummingbird - BFF | WLW app","Technical Tests","conversation-controller","GET /public_api/conversation/userConversations/{userId}/unreadCount [NEG] Missing Auth/API-Key","","GET /public_api/conversation/userConversations/{userId}/unreadCount [NEG] Missing Auth/API-Key",""
"passed","Mon Aug 03 09:01:47 UTC 2026","Mon Aug 03 09:01:48 UTC 2026","539","1 Team Hummingbird - BFF | EP app","Endpoint tests","Search","search companies DE","","search companies DE",""
"passed","Mon Aug 03 09:02:06 UTC 2026","Mon Aug 03 09:02:06 UTC 2026","50","4. Team CRM |CRM Staging","Endpoints Tests","(root)","resolve individual id","","resolve individual id",""
"passed","Mon Aug 03 09:01:47 UTC 2026","Mon Aug 03 09:01:47 UTC 2026","193","1 Team Hummingbird - BFF | EP app","Endpoint tests","Company","branchIO dynamic link, share PDP","","branchIO dynamic link, share PDP",""
"passed","Mon Aug 03 09:02:02 UTC 2026","Mon Aug 03 09:02:02 UTC 2026","133","4. Team CRM |CRM Staging","Business Scenarios Tests","Lead","Lead-duplicateCheck - without dupicates","","Lead-duplicateCheck - without dupicates",""
"failed","Mon Aug 03 09:02:03 UTC 2026","Mon Aug 03 09:02:03 UTC 2026","152","4. Team CRM |CRM Staging","Business Scenarios Tests","Lead","Get a Lead","","Get a Lead",""
"skipped","Mon Aug 03 09:00:15 UTC 2026","Mon Aug 03 09:00:15 UTC 2026","0","7. Team Pegasus | Pegasus Staging","Business Scenarios Tests","Business Insights","Dashboard smoke flow","","Health status",""
"passed","Mon Aug 03 09:00:18 UTC 2026","Mon Aug 03 09:00:18 UTC 2026","6","2 Team Dragon - BFF | RFQ Backend","Technical Tests","(root)","GET /v1/rfqs/{rfqId} - Details (Schema + Auth Orchestration)","","GET /v1/rfqs/{rfqId} - Details (Schema + Auth Orchestration)",""
"passed","Mon Aug 03 09:02:45 UTC 2026","Mon Aug 03 09:02:45 UTC 2026","29","1.1 Team Hummingbird - BFF | WLW app","Technical Tests","categories-controller","GET /public_api/categories/homepage [NEG] Missing Auth/API-Key","","GET /public_api/categories/homepage [NEG] Missing Auth/API-Key",""
"failed","Mon Aug 03 09:02:43 UTC 2026","Mon Aug 03 09:02:43 UTC 2026","19","1.1 Team Hummingbird - BFF | WLW app","Technical Tests","ai-company-search-controller","GET /public_api/search/ai/company/stream/mock","","GET /public_api/search/ai/company/stream/mock",""
"failed","Mon Aug 03 09:02:51 UTC 2026","Mon Aug 03 09:02:51 UTC 2026","13","1.1 Team Hummingbird - BFF | WLW app","Technical Tests","conversation-controller","GET /public_api/conversation/userConversations/{userId}/unreadCount","","GET /public_api/conversation/userConversations/{userId}/unreadCount",""
"failed","Mon Aug 03 09:03:08 UTC 2026","Mon Aug 03 09:03:08 UTC 2026","14","1.1 Team Hummingbird - BFF | WLW app","Technical Tests","search-controller","GET /public_api/search/products [NEG] Expired Token","","GET /public_api/search/products [NEG] Expired Token",""
"passed","Mon Aug 03 09:02:01 UTC 2026","Mon Aug 03 09:02:01 UTC 2026","113","4. Team CRM |CRM Staging","Business Scenarios Tests","Create and edit a contact","Check Contact","","Check Contact",""
"broken","Mon Aug 03 09:03:40 UTC 2026","Mon Aug 03 09:04:00 UTC 2026","20014","Dolphin","Technical","","","recallBlankQueryTest","AI Search recall: blank query and imageUrl → business failure",""
"failed","Mon Aug 03 09:02:44 UTC 2026","Mon Aug 03 09:02:44 UTC 2026","12","1.1 Team Hummingbird - BFF | WLW app","Technical Tests","categories-controller","GET /preferred/categories [NEG] Missing Auth/API-Key","","GET /preferred/categories [NEG] Missing Auth/API-Key",""
"passed","Mon Aug 03 09:03:06 UTC 2026","Mon Aug 03 09:03:06 UTC 2026","21","1.1 Team Hummingbird - BFF | WLW app","Technical Tests","rfq-controller","POST /public_api/connect/purchaser/tenders/ [NEG] Missing Auth/API-Key","","POST /public_api/connect/purchaser/tenders/ [NEG] Missing Auth/API-Key",""
"failed","Mon Aug 03 09:02:44 UTC 2026","Mon Aug 03 09:02:44 UTC 2026","13","1.1 Team Hummingbird - BFF | WLW app","Technical Tests","categories-controller","GET /preferred/categories [NEG] Forbidden Role Token","","GET /preferred/categories [NEG] Forbidden Role Token",""
"passed","Mon Aug 03 09:10:54 UTC 2026","Mon Aug 03 09:10:55 UTC 2026","375","Dolphin","Functional","","","getproductRecommendByQueryOnCserpTest","getproductRecommendByQueryOnCserpTest",""
"broken","Mon Aug 03 09:01:20 UTC 2026","Mon Aug 03 09:01:20 UTC 2026","490","Bamboo","Functional","","","findCategoryByIdTest","findCategoryById",""
"passed","Mon Aug 03 09:10:42 UTC 2026","Mon Aug 03 09:10:42 UTC 2026","200","Dolphin","Technical","","","productTextSearchBlankQueryTest","AI product text search recall: blank query → empty success",""
"passed","Mon Aug 03 09:02:02 UTC 2026","Mon Aug 03 09:02:02 UTC 2026","208","4. Team CRM |CRM Staging","Business Scenarios Tests","Disable Hubspot","Check hubspot is false","","Check hubspot is false",""
"passed","Mon Aug 03 09:02:56 UTC 2026","Mon Aug 03 09:02:56 UTC 2026","22","1.1 Team Hummingbird - BFF | WLW app","Technical Tests","feedback-controller","GET /feedback/subject [NEG] Missing Auth/API-Key","","GET /feedback/subject [NEG] Missing Auth/API-Key",""
"failed","Mon Aug 03 09:02:44 UTC 2026","Mon Aug 03 09:02:44 UTC 2026","14","1.1 Team Hummingbird - BFF | WLW app","Technical Tests","categories-controller","GET /preferred/categories","","GET /preferred/categories",""
"passed","Mon Aug 03 09:02:58 UTC 2026","Mon Aug 03 09:02:58 UTC 2026","57","1.1 Team Hummingbird - BFF | WLW app","Technical Tests","login-controller","POST /public_api/auth/session/extend [NEG] Missing Auth/API-Key","","POST /public_api/auth/session/extend [NEG] Missing Auth/API-Key",""
"passed","Mon Aug 03 09:01:45 UTC 2026","Mon Aug 03 09:01:45 UTC 2026","21","1 Team Hummingbird - BFF | EP app","Endpoint tests","Support","Supportmasterdata_EN","","Supportmasterdata_EN",""
"failed","Mon Aug 03 09:00:17 UTC 2026","Mon Aug 03 09:00:17 UTC 2026","6","2 Team Dragon - BFF | RFQ Backend","Functional Tests","(root)","GET /v1/rfqs/attachments/{attachmentId} - Download","","GET /v1/rfqs/attachments/{attachmentId} - Download",""
"failed","Mon Aug 03 09:00:26 UTC 2026","Mon Aug 03 09:00:26 UTC 2026","31","Arise","Functional","","","skwdAll","skwdAll",""
"passed","Mon Aug 03 09:02:58 UTC 2026","Mon Aug 03 09:02:58 UTC 2026","31","1.1 Team Hummingbird - BFF | WLW app","Technical Tests","login-controller","POST /public_api/auth/resetPassword [NEG] Expired Token","","POST /public_api/auth/resetPassword [NEG] Expired Token",""
"skipped","Mon Aug 03 09:00:15 UTC 2026","Mon Aug 03 09:00:15 UTC 2026","0","7. Team Pegasus | Pegasus Staging","Spike | Profiles link user to company","(root)","01 OAuth — Supplier Facts token","","01 OAuth — Supplier Facts token",""
"skipped","Mon Aug 03 09:00:15 UTC 2026","Mon Aug 03 09:00:15 UTC 2026","0","7. Team Pegasus | Pegasus Staging","Business Scenarios Tests","Supplier Facts","API register, publish, and verify in UI","","5. UI login reminder",""
"passed","Mon Aug 03 09:01:47 UTC 2026","Mon Aug 03 09:01:47 UTC 2026","226","1 Team Hummingbird - BFF | EP app","Endpoint tests","Company","Companies / products FR","","Companies / products FR",""
"passed","Mon Aug 03 09:02:44 UTC 2026","Mon Aug 03 09:02:44 UTC 2026","37","1.1 Team Hummingbird - BFF | WLW app","Technical Tests","categories-controller","GET /preferred/categories [SEC] Injection Probe","","GET /preferred/categories [SEC] Injection Probe",""
"skipped","Mon Aug 03 09:07:32 UTC 2026","Mon Aug 03 09:07:32 UTC 2026","0","3 Team Techno - UCL","Technical Tests","Membership","GET /unified_commercial_logic/internal_api/api/membership/{id} - Retrieve Membership fields By ID","","GET /unified_commercial_logic/internal_api/api/membership/{id} - Retrieve Membership fields By ID",""
"passed","Mon Aug 03 09:02:54 UTC 2026","Mon Aug 03 09:02:55 UTC 2026","35","1.1 Team Hummingbird - BFF | WLW app","Technical Tests","euro-pages-controller","PUT /public_api/euro-pages/auth/delete [NEG] Expired Token","","PUT /public_api/euro-pages/auth/delete [NEG] Expired Token",""
"passed","Mon Aug 03 09:02:35 UTC 2026","Mon Aug 03 09:02:35 UTC 2026","17","1.1 Team Hummingbird - BFF | WLW app","Endpoint tests","Support","Supportmasterdata_EN","","Supportmasterdata_EN",""
"skipped","Mon Aug 03 09:00:15 UTC 2026","Mon Aug 03 09:00:15 UTC 2026","0","7. Team Pegasus | Pegasus Staging","Spike | Profiles link user to company","(root)","08 MANUAL — supplier_api GET (needs browser session)","","08 MANUAL — supplier_api GET (needs browser session)",""
"failed","Mon Aug 03 09:03:01 UTC 2026","Mon Aug 03 09:03:01 UTC 2026","13","1.1 Team Hummingbird - BFF | WLW app","Technical Tests","product-controller","GET /public_api/products [NEG] Missing Auth/API-Key","","GET /public_api/products [NEG] Missing Auth/API-Key",""
"passed","Mon Aug 03 09:02:04 UTC 2026","Mon Aug 03 09:02:04 UTC 2026","0","4. Team CRM |CRM Staging","Business Scenarios Tests","Contacts","Smoke test for Create Contact & Verify HubSpot Sync","","Smoke test for Create Contact & Verify HubSpot Sync",""
"skipped","Mon Aug 03 09:00:15 UTC 2026","Mon Aug 03 09:00:15 UTC 2026","0","7. Team Pegasus | Pegasus Staging","Endpoints Tests","Shop Import & Onboarding Backend","/offers/{offerId}","","/offers/{offerId}",""
"passed","Mon Aug 03 09:03:01 UTC 2026","Mon Aug 03 09:03:02 UTC 2026","36","1.1 Team Hummingbird - BFF | WLW app","Technical Tests","product-controller","GET /public_api/products/{productId} [NEG] Forbidden Role Token","","GET /public_api/products/{productId} [NEG] Forbidden Role Token",""
"passed","Mon Aug 03 09:03:14 UTC 2026","Mon Aug 03 09:03:14 UTC 2026","18","1.1 Team Hummingbird - BFF | WLW app","Technical Tests","trending-products-controller","GET /public_api/trending/notifications [NEG] Missing Auth/API-Key","","GET /public_api/trending/notifications [NEG] Missing Auth/API-Key",""
"passed","Mon Aug 03 09:02:06 UTC 2026","Mon Aug 03 09:02:06 UTC 2026","82","4. Team CRM |CRM Staging","Endpoints Tests","(root)","duplicate records","","duplicate records",""
"passed","Mon Aug 03 09:01:49 UTC 2026","Mon Aug 03 09:01:49 UTC 2026","29","1 Team Hummingbird - BFF | EP app","Endpoint tests","Homepage, products","categories/homepage","","categories/homepage",""
"passed","Mon Aug 03 09:02:08 UTC 2026","Mon Aug 03 09:02:08 UTC 2026","78","4. Team CRM |CRM Staging","Endpoints Tests","(root)","Update Website Leads Fields with sf_id","","Update Website Leads Fields with sf_id",""
"broken","Mon Aug 03 09:06:21 UTC 2026","Mon Aug 03 09:06:41 UTC 2026","20015","Dolphin","Technical","","","recallPageZeroNormalizedTest","AI Search recall: page=0 normalized, still success",""
"failed","Mon Aug 03 09:01:48 UTC 2026","Mon Aug 03 09:01:48 UTC 2026","102","1 Team Hummingbird - BFF | EP app","Endpoint tests","RFQ","post RFQ","","post RFQ",""
"passed","Mon Aug 03 09:10:55 UTC 2026","Mon Aug 03 09:10:55 UTC 2026","90","Dolphin","Functional","","","otherStoreProductRecommendTest","similar products recommend -- wlw pdp",""
"passed","Mon Aug 03 09:01:46 UTC 2026","Mon Aug 03 09:01:47 UTC 2026","171","1 Team Hummingbird - BFF | EP app","Endpoint tests","Company","Companies / products DE","","Companies / products DE",""
"passed","Mon Aug 03 09:10:54 UTC 2026","Mon Aug 03 09:10:54 UTC 2026","24","Dolphin","Functional","","","getLandingPageProductListTest","get Landing page Product List for seo",""
"failed","Mon Aug 03 09:03:10 UTC 2026","Mon Aug 03 09:03:10 UTC 2026","16","1.1 Team Hummingbird - BFF | WLW app","Technical Tests","search-controller","GET /public_api/products/recommendations [NEG] Expired Token","","GET /public_api/products/recommendations [NEG] Expired Token",""
"passed","Mon Aug 03 09:02:04 UTC 2026","Mon Aug 03 09:02:05 UTC 2026","234","4. Team CRM |CRM Staging","Business Scenarios Tests","Platform Profile","Update Platform Profile","","Update Platform Profile",""
"passed","Mon Aug 03 09:02:57 UTC 2026","Mon Aug 03 09:02:57 UTC 2026","15","1.1 Team Hummingbird - BFF | WLW app","Technical Tests","inside-business-controller","GET /public_api/inside_business [NEG] Missing Auth/API-Key","","GET /public_api/inside_business [NEG] Missing Auth/API-Key",""
"passed","Mon Aug 03 09:02:57 UTC 2026","Mon Aug 03 09:02:57 UTC 2026","34","1.1 Team Hummingbird - BFF | WLW app","Technical Tests","help-and-support-controller","POST /help [NEG] Forbidden Role Token","","POST /help [NEG] Forbidden Role Token",""
"passed","Mon Aug 03 09:02:04 UTC 2026","Mon Aug 03 09:02:04 UTC 2026","0","4. Team CRM |CRM Staging","Business Scenarios Tests","Contacts","Smoke test for Create Contact & Verify HubSpot Sync","","Smoke test for Create Contact & Verify HubSpot Sync",""
"passed","Mon Aug 03 09:01:59 UTC 2026","Mon Aug 03 09:01:59 UTC 2026","308","4. Team CRM |CRM Staging","Business Scenarios Tests","Account","Update Account","","Update Account",""
"passed","Mon Aug 03 09:02:54 UTC 2026","Mon Aug 03 09:02:54 UTC 2026","37","1.1 Team Hummingbird - BFF | WLW app","Technical Tests","dynamic-links-controller","POST /public_api/branchio/dynamiclink","","POST /public_api/branchio/dynamiclink",""
"skipped","Mon Aug 03 09:07:32 UTC 2026","Mon Aug 03 09:07:32 UTC 2026","0","3 Team Techno - UCL","Functional Tests","Endpoint Tests","SponsoredBrand","","get active SPB by uuid",""
"broken","Mon Aug 03 09:06:01 UTC 2026","Mon Aug 03 09:06:21 UTC 2026","20008","Dolphin","Technical","","","recallPageSizeZeroNormalizedTest","AI Search recall: pageSize=0 normalized to default",""
"skipped","Mon Aug 03 09:02:34 UTC 2026","Mon Aug 03 09:02:34 UTC 2026","0","1.1 Team Hummingbird - BFF | WLW app","Business Scenario Tests","(empty)","(empty)","","Business Scenario Tests - empty",""
"broken","Mon Aug 03 09:08:01 UTC 2026","Mon Aug 03 09:08:22 UTC 2026","20590","Dolphin","Functional","","","recallTest","AI Search recall (supplierTextSearch) API using params from inference",""
"passed","Mon Aug 03 09:01:59 UTC 2026","Mon Aug 03 09:02:00 UTC 2026","636","4. Team CRM |CRM Staging","Business Scenarios Tests","Account","Smoke Test Create Account with All Fields","","Smoke Test Create Account with All Fields",""
"failed","Mon Aug 03 09:00:18 UTC 2026","Mon Aug 03 09:00:19 UTC 2026","96","2 Team Dragon - BFF | RFQ Backend","Business Scenario Tests","(root)","RFQ_Listing","","RFQ_Listing",""
"failed","Mon Aug 03 09:03:12 UTC 2026","Mon Aug 03 09:03:12 UTC 2026","14","1.1 Team Hummingbird - BFF | WLW app","Technical Tests","supplier-visitors-controller","GET /public_api/suppliers/{supplier_id}/visits [NEG] Expired Token","","GET /public_api/suppliers/{supplier_id}/visits [NEG] Expired Token",""
"passed","Mon Aug 03 09:03:00 UTC 2026","Mon Aug 03 09:03:00 UTC 2026","33","1.1 Team Hummingbird - BFF | WLW app","Technical Tests","login-controller","POST /public_api/auth/changePassword","","POST /public_api/auth/changePassword",""
"passed","Mon Aug 03 09:02:01 UTC 2026","Mon Aug 03 09:02:06 UTC 2026","4989","4. Team CRM |CRM Staging","Business Scenarios Tests","Disable Hubspot","Change Hubspot to false","","Change Hubspot to false",""
"passed","Mon Aug 03 09:03:04 UTC 2026","Mon Aug 03 09:03:04 UTC 2026","33","1.1 Team Hummingbird - BFF | WLW app","Technical Tests","purchaser-user-setting-controller","POST /userSetting","","POST /userSetting",""
"failed","Mon Aug 03 09:02:51 UTC 2026","Mon Aug 03 09:02:51 UTC 2026","14","1.1 Team Hummingbird - BFF | WLW app","Technical Tests","conversation-controller","GET /public_api/conversation/userConversations [NEG] Forbidden Role Token","","GET /public_api/conversation/userConversations [NEG] Forbidden Role Token",""
"passed","Mon Aug 03 09:10:50 UTC 2026","Mon Aug 03 09:10:50 UTC 2026","795","Dolphin","Technical","","","productTextSearchSecondPageTest","AI product text search recall: pagination page 2",""
"passed","Mon Aug 03 09:00:17 UTC 2026","Mon Aug 03 09:00:17 UTC 2026","16","2 Team Dragon - BFF | RFQ Backend","Functional Tests","(root)","GET /v1/categories - Success","","GET /v1/categories - Success",""
"failed","Mon Aug 03 09:03:08 UTC 2026","Mon Aug 03 09:03:08 UTC 2026","15","1.1 Team Hummingbird - BFF | WLW app","Technical Tests","search-controller","GET /public_api/search/autoComplete","","GET /public_api/search/autoComplete",""
"passed","Mon Aug 03 09:02:34 UTC 2026","Mon Aug 03 09:02:34 UTC 2026","171","1.1 Team Hummingbird - BFF | WLW app","Endpoint tests","Login","user Info","","user Info",""
"passed","Mon Aug 03 09:01:58 UTC 2026","Mon Aug 03 09:01:59 UTC 2026","536","4. Team CRM |CRM Staging","Business Scenarios Tests","Account","Dunning level 1","","Dunning level 1",""
"skipped","Mon Aug 03 09:07:32 UTC 2026","Mon Aug 03 09:07:32 UTC 2026","0","3 Team Techno - UCL","Functional Tests","Endpoint Tests","WebsiteLead","","get all active on wlw for given existing uuid",""
"passed","Mon Aug 03 09:03:00 UTC 2026","Mon Aug 03 09:03:00 UTC 2026","38","1.1 Team Hummingbird - BFF | WLW app","Technical Tests","login-controller","DELETE /public_api/auth/sso/logout","","DELETE /public_api/auth/sso/logout",""
"passed","Mon Aug 03 09:00:17 UTC 2026","Mon Aug 03 09:00:17 UTC 2026","92","2 Team Dragon - BFF | RFQ Backend","Technical Tests","(root)","GET /v1/rfqs (list) - Compliance + Schema + Perf","","GET /v1/rfqs (list) - Compliance + Schema + Perf",""
"failed","Mon Aug 03 09:03:01 UTC 2026","Mon Aug 03 09:03:01 UTC 2026","14","1.1 Team Hummingbird - BFF | WLW app","Technical Tests","product-controller","GET /public_api/products [SEC] Injection Probe","","GET /public_api/products [SEC] Injection Probe",""
"passed","Mon Aug 03 09:02:56 UTC 2026","Mon Aug 03 09:02:56 UTC 2026","33","1.1 Team Hummingbird - BFF | WLW app","Technical Tests","feedback-controller","GET /feedback/subject","","GET /feedback/subject",""
"failed","Mon Aug 03 09:02:48 UTC 2026","Mon Aug 03 09:02:48 UTC 2026","15","1.1 Team Hummingbird - BFF | WLW app","Technical Tests","conversation-controller","PUT /public_api/conversation/userConversations/{conversationId}/messages/markAsRead [NEG] Expired Token","","PUT /public_api/conversation/userConversations/{conversationId}/messages/markAsRead [NEG] Expired Token",""
"passed","Mon Aug 03 09:02:00 UTC 2026","Mon Aug 03 09:02:00 UTC 2026","170","4. Team CRM |CRM Staging","Business Scenarios Tests","Account","Smoke test : Account + Contact + SAP","","Smoke test : Account + Contact + SAP",""
"passed","Mon Aug 03 09:10:43 UTC 2026","Mon Aug 03 09:10:44 UTC 2026","783","Dolphin","Technical","","","productTextSearchLongQueryTest","AI product text search recall: long query truncated",""
"skipped","Mon Aug 03 09:00:15 UTC 2026","Mon Aug 03 09:00:15 UTC 2026","0","7. Team Pegasus | Pegasus Staging","Endpoints Tests","Shop Import & Onboarding Backend","/categories/suggest","","/categories/suggest",""
"skipped","Mon Aug 03 09:01:56 UTC 2026","Mon Aug 03 09:01:56 UTC 2026","0","4. Team CRM |CRM Staging","Technical Tests","(empty)","(empty)","","Technical Tests - empty",""
"skipped","Mon Aug 03 09:00:15 UTC 2026","Mon Aug 03 09:00:15 UTC 2026","0","7. Team Pegasus | Pegasus Staging","Endpoints Tests","Business Insights","User by uuid","","User by uuid",""
"skipped","Mon Aug 03 09:07:32 UTC 2026","Mon Aug 03 09:07:32 UTC 2026","0","3 Team Techno - UCL","Technical Tests","Membership","GET /unified_commercial_logic/internal_api/api/membership - Retrieve Membership List","","GET /unified_commercial_logic/internal_api/api/membership - Retrieve Membership List",""
"skipped","Mon Aug 03 09:00:15 UTC 2026","Mon Aug 03 09:00:15 UTC 2026","0","7. Team Pegasus | Pegasus Staging","Business Scenarios Tests","Supplier Facts","API register, publish, and verify in UI","","1. Create registration lead",""
"broken","Mon Aug 03 09:03:00 UTC 2026","Mon Aug 03 09:03:20 UTC 2026","20008","Dolphin","Functional","","","pvMatchTest","AI Search PV match (supplierAiMatch) API",""
"failed","Mon Aug 03 09:03:11 UTC 2026","Mon Aug 03 09:03:11 UTC 2026","14","1.1 Team Hummingbird - BFF | WLW app","Technical Tests","search-controller","GET /public_api/categories/recommendations [NEG] Expired Token","","GET /public_api/categories/recommendations [NEG] Expired Token",""
"passed","Mon Aug 03 09:10:54 UTC 2026","Mon Aug 03 09:10:54 UTC 2026","78","Dolphin","Functional","","","EPZeroResultProductRecommendTest","Recommend products in 0 result search list page v1 -- ep",""
"skipped","Mon Aug 03 09:00:15 UTC 2026","Mon Aug 03 09:00:15 UTC 2026","0","7. Team Pegasus | Pegasus Staging","Endpoints Tests","Shop Import & Onboarding Backend","/offers/count - get count","","/offers/count - get count",""
"skipped","Mon Aug 03 09:00:15 UTC 2026","Mon Aug 03 09:00:15 UTC 2026","0","7. Team Pegasus | Pegasus Staging","Business Scenarios Tests","Visitors","Statistics visitor drill-down","","Visitor details",""
"skipped","Mon Aug 03 09:00:15 UTC 2026","Mon Aug 03 09:00:15 UTC 2026","0","7. Team Pegasus | Pegasus Staging","Business Scenarios Tests","Supplier Facts","API register, publish, and verify in UI","","3. Resolve company uuid by email",""
"failed","Mon Aug 03 09:02:39 UTC 2026","Mon Aug 03 09:02:39 UTC 2026","174","1.1 Team Hummingbird - BFF | WLW app","Endpoint tests","Homepage, products","product recommendations DE","","product recommendations DE",""
"passed","Mon Aug 03 09:02:02 UTC 2026","Mon Aug 03 09:02:02 UTC 2026","133","4. Team CRM |CRM Staging","Business Scenarios Tests","Lead","Lead-duplicateCheck - without dupicates","","Lead-duplicateCheck - without dupicates",""
"passed","Mon Aug 03 09:02:06 UTC 2026","Mon Aug 03 09:02:06 UTC 2026","106","4. Team CRM |CRM Staging","Endpoints Tests","(root)","get connect receipient","","get connect receipient",""
"failed","Mon Aug 03 09:01:46 UTC 2026","Mon Aug 03 09:01:46 UTC 2026","31","1 Team Hummingbird - BFF | EP app","Endpoint tests","Company","Company ID FR","","Company ID FR",""
"passed","Mon Aug 03 09:02:39 UTC 2026","Mon Aug 03 09:02:40 UTC 2026","200","1.1 Team Hummingbird - BFF | WLW app","Endpoint tests","Conversations","user conversations","","user conversations",""
"skipped","Mon Aug 03 09:00:15 UTC 2026","Mon Aug 03 09:00:15 UTC 2026","0","7. Team Pegasus | Pegasus Staging","Endpoints Tests","Supplier Registration","EP","","leads/get - Get a lead",""
"passed","Mon Aug 03 09:02:50 UTC 2026","Mon Aug 03 09:02:50 UTC 2026","20","1.1 Team Hummingbird - BFF | WLW app","Technical Tests","conversation-controller","POST /public_api/conversation/userConversations/{conversationId}/messages/file [NEG] Missing Auth/API-Key","","POST /public_api/conversation/userConversations/{conversationId}/messages/file [NEG] Missing Auth/API-Key",""
"passed","Mon Aug 03 09:01:44 UTC 2026","Mon Aug 03 09:01:44 UTC 2026","665","1 Team Hummingbird - BFF | EP app","Endpoint tests","Login","user Info","","user Info",""
"skipped","Mon Aug 03 09:00:15 UTC 2026","Mon Aug 03 09:00:15 UTC 2026","0","7. Team Pegasus | Pegasus Staging","Endpoints Tests","Business Insights","Sister platform","","Sister platform",""
"passed","Mon Aug 03 09:02:57 UTC 2026","Mon Aug 03 09:02:57 UTC 2026","34","1.1 Team Hummingbird - BFF | WLW app","Technical Tests","login-controller","POST /public_api/auth/sso/login [NEG] Forbidden Role Token","","POST /public_api/auth/sso/login [NEG] Forbidden Role Token",""
"passed","Mon Aug 03 09:02:45 UTC 2026","Mon Aug 03 09:02:45 UTC 2026","48","1.1 Team Hummingbird - BFF | WLW app","Technical Tests","categories-controller","GET /public_api/categories/homepage [NEG] Expired Token","","GET /public_api/categories/homepage [NEG] Expired Token",""
"passed","Mon Aug 03 09:02:57 UTC 2026","Mon Aug 03 09:02:57 UTC 2026","35","1.1 Team Hummingbird - BFF | WLW app","Technical Tests","inside-business-controller","GET /public_api/inside_business [NEG] Forbidden Role Token","","GET /public_api/inside_business [NEG] Forbidden Role Token",""
"skipped","Mon Aug 03 09:07:32 UTC 2026","Mon Aug 03 09:07:32 UTC 2026","0","3 Team Techno - UCL","Technical Tests","Membership","GET /unified_commercial_logic/internal_api/api/membership/ - Retrieve Membership List","","GET /unified_commercial_logic/internal_api/api/membership/ - Retrieve Membership List",""
"failed","Mon Aug 03 09:02:36 UTC 2026","Mon Aug 03 09:02:36 UTC 2026","37","1.1 Team Hummingbird - BFF | WLW app","Endpoint tests","Company","Company ID FR","","Company ID FR",""
"passed","Mon Aug 03 09:02:54 UTC 2026","Mon Aug 03 09:02:54 UTC 2026","37","1.1 Team Hummingbird - BFF | WLW app","Technical Tests","currency-exchange-controller","GET /exchange/fetch-rates [NEG] Expired Token","","GET /exchange/fetch-rates [NEG] Expired Token",""
"passed","Mon Aug 03 09:02:55 UTC 2026","Mon Aug 03 09:02:55 UTC 2026","35","1.1 Team Hummingbird - BFF | WLW app","Technical Tests","feedback-controller","POST /v1/feedback","","POST /v1/feedback",""
"passed","Mon Aug 03 09:00:18 UTC 2026","Mon Aug 03 09:00:18 UTC 2026","17","2 Team Dragon - BFF | RFQ Backend","Technical Tests","(root)","GET /v1/categories - CPV list (schema + contract)","","GET /v1/categories - CPV list (schema + contract)",""
"passed","Mon Aug 03 09:01:47 UTC 2026","Mon Aug 03 09:01:47 UTC 2026","65","1 Team Hummingbird - BFF | EP app","Endpoint tests","Search","search autoComplete FR","","search autoComplete FR",""
"passed","Mon Aug 03 09:02:37 UTC 2026","Mon Aug 03 09:02:37 UTC 2026","61","1.1 Team Hummingbird - BFF | WLW app","Endpoint tests","Company","Product ID","","Product ID",""
"passed","Mon Aug 03 09:02:38 UTC 2026","Mon Aug 03 09:02:38 UTC 2026","662","1.1 Team Hummingbird - BFF | WLW app","Endpoint tests","Search","search companies FR","","search companies FR",""
"failed","Mon Aug 03 09:03:03 UTC 2026","Mon Aug 03 09:03:03 UTC 2026","11","1.1 Team Hummingbird - BFF | WLW app","Technical Tests","purchaser-support-controller","GET /support-faq [NEG] Expired Token","","GET /support-faq [NEG] Expired Token",""
"passed","Mon Aug 03 09:02:52 UTC 2026","Mon Aug 03 09:02:52 UTC 2026","40","1.1 Team Hummingbird - BFF | WLW app","Technical Tests","conversation-controller","GET /public_api/conversation/userConversations/{conversationId} [SEC] Injection Probe","","GET /public_api/conversation/userConversations/{conversationId} [SEC] Injection Probe",""
"passed","Mon Aug 03 09:01:49 UTC 2026","Mon Aug 03 09:01:50 UTC 2026","118","1 Team Hummingbird - BFF | EP app","Endpoint tests","Conversations","conversation id","","conversation id",""
"passed","Mon Aug 03 09:02:05 UTC 2026","Mon Aug 03 09:02:05 UTC 2026","642","4. Team CRM |CRM Staging","Business Scenarios Tests","Products","Update Product","","Update Product",""
"skipped","Mon Aug 03 09:00:15 UTC 2026","Mon Aug 03 09:00:15 UTC 2026","0","7. Team Pegasus | Pegasus Staging","Business Scenarios Tests","Supplier Facts","API register, publish, and verify in UI","","4. Publish company (PATCH supplier-facts)",""
"skipped","Mon Aug 03 09:00:15 UTC 2026","Mon Aug 03 09:00:15 UTC 2026","0","7. Team Pegasus | Pegasus Staging","Endpoints Tests","Business Insights","Product search","","Product search",""
"passed","Mon Aug 03 09:02:37 UTC 2026","Mon Aug 03 09:02:37 UTC 2026","179","1.1 Team Hummingbird - BFF | WLW app","Endpoint tests","Company","branchIO dynamic link, share PDP","","branchIO dynamic link, share PDP",""
"passed","Mon Aug 03 09:02:36 UTC 2026","Mon Aug 03 09:02:36 UTC 2026","127","1.1 Team Hummingbird - BFF | WLW app","Endpoint tests","Company","Suppliers listings","","Suppliers listings",""
"failed","Mon Aug 03 09:03:05 UTC 2026","Mon Aug 03 09:03:05 UTC 2026","12","1.1 Team Hummingbird - BFF | WLW app","Technical Tests","push-notification-by-email-controller","GET /v1/pushNotification [NEG] Forbidden Role Token","","GET /v1/pushNotification [NEG] Forbidden Role Token",""
"failed","Mon Aug 03 09:02:52 UTC 2026","Mon Aug 03 09:02:52 UTC 2026","15","1.1 Team Hummingbird - BFF | WLW app","Technical Tests","conversation-controller","GET /public_api/conversation/userConversations/{conversationId} [NEG] Forbidden Role Token","","GET /public_api/conversation/userConversations/{conversationId} [NEG] Forbidden Role Token",""
"passed","Mon Aug 03 09:01:44 UTC 2026","Mon Aug 03 09:01:45 UTC 2026","80","1 Team Hummingbird - BFF | EP app","Endpoint tests","User settings","user setting","","user setting",""
"failed","Mon Aug 03 09:02:51 UTC 2026","Mon Aug 03 09:02:51 UTC 2026","18","1.1 Team Hummingbird - BFF | WLW app","Technical Tests","conversation-controller","GET /public_api/conversation/userConversations [NEG] Expired Token","","GET /public_api/conversation/userConversations [NEG] Expired Token",""
"failed","Mon Aug 03 09:02:46 UTC 2026","Mon Aug 03 09:02:46 UTC 2026","17","1.1 Team Hummingbird - BFF | WLW app","Technical Tests","company-controller","GET /public_api/company","","GET /public_api/company",""
"passed","Mon Aug 03 09:01:45 UTC 2026","Mon Aug 03 09:01:45 UTC 2026","18","1 Team Hummingbird - BFF | EP app","Endpoint tests","Support","Supportmasterdata_FR","","Supportmasterdata_FR",""
"passed","Mon Aug 03 09:02:43 UTC 2026","Mon Aug 03 09:02:43 UTC 2026","36","1.1 Team Hummingbird - BFF | WLW app","Technical Tests","ai-company-search-controller","POST /public_api/search/ai/company/search","","POST /public_api/search/ai/company/search",""
"failed","Mon Aug 03 09:03:04 UTC 2026","Mon Aug 03 09:03:04 UTC 2026","12","1.1 Team Hummingbird - BFF | WLW app","Technical Tests","purchaser-user-setting-controller","GET /userSetting","","GET /userSetting",""
"failed","Mon Aug 03 09:03:13 UTC 2026","Mon Aug 03 09:03:13 UTC 2026","14","1.1 Team Hummingbird - BFF | WLW app","Technical Tests","supplier-visitors-controller","GET /public_api/suppliers/{supplier_id}/visits/csv [NEG] Forbidden Role Token","","GET /public_api/suppliers/{supplier_id}/visits/csv [NEG] Forbidden Role Token",""
"passed","Mon Aug 03 09:02:50 UTC 2026","Mon Aug 03 09:02:50 UTC 2026","37","1.1 Team Hummingbird - BFF | WLW app","Technical Tests","conversation-controller","POST /public_api/conversation/userConversations/{conversationId}/messages/file/ [NEG] Forbidden Role Token","","POST /public_api/conversation/userConversations/{conversationId}/messages/file/ [NEG] Forbidden Role Token",""
"passed","Mon Aug 03 09:02:00 UTC 2026","Mon Aug 03 09:02:01 UTC 2026","736","4. Team CRM |CRM Staging","Business Scenarios Tests","Account","Create Account","","Create Account",""
"skipped","Mon Aug 03 09:00:15 UTC 2026","Mon Aug 03 09:00:15 UTC 2026","0","7. Team Pegasus | Pegasus Staging","Business Scenarios Tests","Supplier Facts","API register, publish, and verify in UI","","2. Complete registration (user + company)",""
"passed","Mon Aug 03 09:02:02 UTC 2026","Mon Aug 03 09:02:06 UTC 2026","4741","4. Team CRM |CRM Staging","Business Scenarios Tests","Disable Hubspot","Change Hubspot to true","","Change Hubspot to true",""
"passed","Mon Aug 03 09:01:58 UTC 2026","Mon Aug 03 09:02:00 UTC 2026","2559","4. Team CRM |CRM Staging","Business Scenarios Tests","Quote","Smoke Test Create new quote","","Smoke Test Create new quote",""
"failed","Mon Aug 03 09:03:14 UTC 2026","Mon Aug 03 09:03:14 UTC 2026","15","1.1 Team Hummingbird - BFF | WLW app","Technical Tests","trending-products-controller","GET /public_api/trending/products [SEC] Injection Probe","","GET /public_api/trending/products [SEC] Injection Probe",""
"skipped","Mon Aug 03 09:07:32 UTC 2026","Mon Aug 03 09:07:32 UTC 2026","0","3 Team Techno - UCL","Technical Tests","Membership","GET /unified_commercial_logic/internal_api/api/membership/find_by_id/{id} - Retrieve Membership By ID","","GET /unified_commercial_logic/internal_api/api/membership/find_by_id/{id} - Retrieve Membership By ID",""
"skipped","Mon Aug 03 09:07:32 UTC 2026","Mon Aug 03 09:07:32 UTC 2026","0","3 Team Techno - UCL","Technical Tests","TopRanking","GET /unified_commercial_logic/internal_api/api/top_ranking_v1/{id} - Retrieve TopRankingV1 By ID","","GET /unified_commercial_logic/internal_api/api/top_ranking_v1/{id} - Retrieve TopRankingV1 By ID",""
"passed","Mon Aug 03 09:02:47 UTC 2026","Mon Aug 03 09:02:47 UTC 2026","40","1.1 Team Hummingbird - BFF | WLW app","Technical Tests","conversation-controller","PUT /public_api/conversation/userConversations/{conversationId}/tag [NEG] Expired Token","","PUT /public_api/conversation/userConversations/{conversationId}/tag [NEG] Expired Token",""
"skipped","Mon Aug 03 09:00:15 UTC 2026","Mon Aug 03 09:00:15 UTC 2026","0","7. Team Pegasus | Pegasus Staging","Endpoints Tests","Visitors","Elixir (supplier-app)","","Countries by uuid",""
"passed","Mon Aug 03 09:01:47 UTC 2026","Mon Aug 03 09:01:47 UTC 2026","99","1 Team Hummingbird - BFF | EP app","Endpoint tests","Company","search company products","","search company products",""
"passed","Mon Aug 03 09:03:15 UTC 2026","Mon Aug 03 09:03:15 UTC 2026","34","1.1 Team Hummingbird - BFF | WLW app","Technical Tests","user-controller","PUT /public_api/user/userInfo [NEG] Expired Token","","PUT /public_api/user/userInfo [NEG] Expired Token",""
"passed","Mon Aug 03 09:02:42 UTC 2026","Mon Aug 03 09:02:42 UTC 2026","37","1.1 Team Hummingbird - BFF | WLW app","Technical Tests","ai-company-search-controller","POST /public_api/search/ai/supplier/pv-match","","POST /public_api/search/ai/supplier/pv-match",""
"failed","Mon Aug 03 09:03:06 UTC 2026","Mon Aug 03 09:03:06 UTC 2026","12","1.1 Team Hummingbird - BFF | WLW app","Technical Tests","push-notification-by-email-controller","PUT /v1/pushNotification [SEC] Injection Probe","","PUT /v1/pushNotification [SEC] Injection Probe",""
"passed","Mon Aug 03 09:10:50 UTC 2026","Mon Aug 03 09:10:51 UTC 2026","704","Dolphin","Technical","","","productTextSearchSortTest","AI product text search recall: alternate sort",""
"failed","Mon Aug 03 09:03:10 UTC 2026","Mon Aug 03 09:03:10 UTC 2026","12","1.1 Team Hummingbird - BFF | WLW app","Technical Tests","search-controller","GET /public_api/products/recommendations [NEG] Missing Auth/API-Key","","GET /public_api/products/recommendations [NEG] Missing Auth/API-Key",""
"passed","Mon Aug 03 09:02:09 UTC 2026","Mon Aug 03 09:02:09 UTC 2026","66","4. Team CRM |CRM Staging","Endpoints Tests","(root)","resolve individual id bulk","","resolve individual id bulk",""
"failed","Mon Aug 03 09:02:08 UTC 2026","Mon Aug 03 09:02:09 UTC 2026","107","4. Team CRM |CRM Staging","Endpoints Tests","(root)","get company data via CRM id","","get company data via CRM id",""
"passed","Mon Aug 03 09:02:42 UTC 2026","Mon Aug 03 09:02:42 UTC 2026","37","1.1 Team Hummingbird - BFF | WLW app","Technical Tests","ai-company-search-controller","POST /public_api/search/ai/supplier/pv-match [NEG] Expired Token","","POST /public_api/search/ai/supplier/pv-match [NEG] Expired Token",""
"failed","Mon Aug 03 09:02:47 UTC 2026","Mon Aug 03 09:02:47 UTC 2026","15","1.1 Team Hummingbird - BFF | WLW app","Technical Tests","conversation-controller","PUT /public_api/conversation/userConversations/{conversationId}/messages/markAsRead","","PUT /public_api/conversation/userConversations/{conversationId}/messages/markAsRead",""
"failed","Mon Aug 03 09:02:34 UTC 2026","Mon Aug 03 09:02:34 UTC 2026","57","1.1 Team Hummingbird - BFF | WLW app","Endpoint tests","Login","extend session","","extend session",""
"passed","Mon Aug 03 09:03:11 UTC 2026","Mon Aug 03 09:03:11 UTC 2026","19","1.1 Team Hummingbird - BFF | WLW app","Technical Tests","search-term-controller","PUT /public_api/search/notification-opened [NEG] Missing Auth/API-Key","","PUT /public_api/search/notification-opened [NEG] Missing Auth/API-Key",""
"broken","Mon Aug 03 09:09:42 UTC 2026","Mon Aug 03 09:10:02 UTC 2026","20003","Dolphin","Functional","","","termRecommendTest","AI Search term recommend API",""
"skipped","Mon Aug 03 09:07:32 UTC 2026","Mon Aug 03 09:07:32 UTC 2026","0","3 Team Techno - UCL","Functional Tests","Endpoint Tests","GoogleAd","","get active googleAd for the given uuid",""
"skipped","Mon Aug 03 09:00:15 UTC 2026","Mon Aug 03 09:00:15 UTC 2026","0","7. Team Pegasus | Pegasus Staging","Endpoints Tests","Business Insights","User Activity","","User Activity",""
"passed","Mon Aug 03 09:02:38 UTC 2026","Mon Aug 03 09:02:38 UTC 2026","465","1.1 Team Hummingbird - BFF | WLW app","Endpoint tests","Search","Product Search DE","","Product Search DE",""
"passed","Mon Aug 03 09:02:51 UTC 2026","Mon Aug 03 09:02:51 UTC 2026","33","1.1 Team Hummingbird - BFF | WLW app","Technical Tests","conversation-controller","GET /public_api/conversation/userConversations/{userId}/unreadCount [SEC] Injection Probe","","GET /public_api/conversation/userConversations/{userId}/unreadCount [SEC] Injection Probe",""
"skipped","Mon Aug 03 09:00:15 UTC 2026","Mon Aug 03 09:00:15 UTC 2026","0","7. Team Pegasus | Pegasus Staging","Endpoints Tests","Visitors","Elixir (supplier-app)","","Visitors by uuid",""
"passed","Mon Aug 03 09:03:05 UTC 2026","Mon Aug 03 09:03:05 UTC 2026","35","1.1 Team Hummingbird - BFF | WLW app","Technical Tests","purchaser-user-setting-controller","POST /userSetting [NEG] Forbidden Role Token","","POST /userSetting [NEG] Forbidden Role Token",""
"passed","Mon Aug 03 09:02:37 UTC 2026","Mon Aug 03 09:02:37 UTC 2026","194","1.1 Team Hummingbird - BFF | WLW app","Endpoint tests","Company","branchIO dynamic link, share CPP","","branchIO dynamic link, share CPP",""
"passed","Mon Aug 03 09:02:48 UTC 2026","Mon Aug 03 09:02:48 UTC 2026","33","1.1 Team Hummingbird - BFF | WLW app","Technical Tests","conversation-controller","PUT /public_api/conversation/userConversations/{conversationId}/messages/markAsRead [SEC] Injection Probe","","PUT /public_api/conversation/userConversations/{conversationId}/messages/markAsRead [SEC] Injection Probe",""
"failed","Mon Aug 03 09:02:46 UTC 2026","Mon Aug 03 09:02:46 UTC 2026","14","1.1 Team Hummingbird - BFF | WLW app","Technical Tests","company-controller","GET /public_api/company [NEG] Expired Token","","GET /public_api/company [NEG] Expired Token",""
"skipped","Mon Aug 03 09:00:15 UTC 2026","Mon Aug 03 09:00:15 UTC 2026","0","7. Team Pegasus | Pegasus Staging","Endpoints Tests","User & Company Context","UCL Organizations","","UCL Organizations",""
"passed","Mon Aug 03 09:02:39 UTC 2026","Mon Aug 03 09:02:39 UTC 2026","21","1.1 Team Hummingbird - BFF | WLW app","Endpoint tests","Homepage, products","categories/homepage","","categories/homepage",""
"passed","Mon Aug 03 09:01:58 UTC 2026","Mon Aug 03 09:01:58 UTC 2026","304","4. Team CRM |CRM Staging","Business Scenarios Tests","Contacts","Edit Contact","","Edit Contact",""
"skipped","Mon Aug 03 09:00:15 UTC 2026","Mon Aug 03 09:00:15 UTC 2026","0","7. Team Pegasus | Pegasus Staging","Endpoints Tests","Shop Import & Onboarding Backend","offers/subCategories","","offers/subCategories",""
"skipped","Mon Aug 03 09:00:15 UTC 2026","Mon Aug 03 09:00:15 UTC 2026","0","7. Team Pegasus | Pegasus Staging","Business Scenarios Tests","Supplier Facts","Company create and update for UI","","Update company",""
"broken","Mon Aug 03 09:01:40 UTC 2026","Mon Aug 03 09:02:00 UTC 2026","20024","Dolphin","Technical","","","inferenceShortQueryTest","AI Search inference: minimal searchText boundary",""
"passed","Mon Aug 03 09:02:02 UTC 2026","Mon Aug 03 09:02:02 UTC 2026","222","4. Team CRM |CRM Staging","Business Scenarios Tests","Disable Hubspot","Check hubspot is true","","Check hubspot is true",""
"failed","Mon Aug 03 09:02:03 UTC 2026","Mon Aug 03 09:02:03 UTC 2026","152","4. Team CRM |CRM Staging","Business Scenarios Tests","Lead","Get a Lead","","Get a Lead",""
"failed","Mon Aug 03 09:03:10 UTC 2026","Mon Aug 03 09:03:10 UTC 2026","14","1.1 Team Hummingbird - BFF | WLW app","Technical Tests","search-controller","GET /public_api/categories/recommendations [NEG] Missing Auth/API-Key","","GET /public_api/categories/recommendations [NEG] Missing Auth/API-Key",""
"skipped","Mon Aug 03 09:00:15 UTC 2026","Mon Aug 03 09:00:15 UTC 2026","0","7. Team Pegasus | Pegasus Staging","Business Scenarios Tests","Supplier Registration","EP - Lead create and update","","leads - Create a lead",""
"passed","Mon Aug 03 09:03:06 UTC 2026","Mon Aug 03 09:03:06 UTC 2026","35","1.1 Team Hummingbird - BFF | WLW app","Technical Tests","rfq-controller","POST /public_api/connect/purchaser/tenders/ [NEG] Expired Token","","POST /public_api/connect/purchaser/tenders/ [NEG] Expired Token",""
"passed","Mon Aug 03 09:10:52 UTC 2026","Mon Aug 03 09:10:53 UTC 2026","857","Dolphin","Technical","","","productTextSearchTest","AI product text search recall API",""
"passed","Mon Aug 03 09:02:04 UTC 2026","Mon Aug 03 09:02:04 UTC 2026","0","4. Team CRM |CRM Staging","Business Scenarios Tests","Contacts","Smoke test for Create Contact & Verify HubSpot Sync","","Smoke test for Create Contact & Verify HubSpot Sync",""
"failed","Mon Aug 03 09:01:44 UTC 2026","Mon Aug 03 09:01:44 UTC 2026","156","1 Team Hummingbird - BFF | EP app","Endpoint tests","Login","resend code","","resend code",""
"passed","Mon Aug 03 09:02:00 UTC 2026","Mon Aug 03 09:02:01 UTC 2026","736","4. Team CRM |CRM Staging","Business Scenarios Tests","Account","Create Account","","Create Account",""
"passed","Mon Aug 03 09:10:49 UTC 2026","Mon Aug 03 09:10:50 UTC 2026","655","Dolphin","Functional","","","productTextSearchPaidSupplierFilterTest","AI product text search recall: paid/verified supplier filter",""
"skipped","Mon Aug 03 09:07:32 UTC 2026","Mon Aug 03 09:07:32 UTC 2026","0","3 Team Techno - UCL","Technical Tests","Organization","GET /unified_commercial_logic/internal_api/api/organization/ - Retrieve Organization List","","GET /unified_commercial_logic/internal_api/api/organization/ - Retrieve Organization List",""
"passed","Mon Aug 03 09:10:54 UTC 2026","Mon Aug 03 09:10:54 UTC 2026","48","Dolphin","Functional","","","getCategoryListWlwWithPreferredSuperCategoryIdsTest","v-recommend category list -- wlw, with preferredSuperCategoryIds",""
"passed","Mon Aug 03 09:10:54 UTC 2026","Mon Aug 03 09:10:54 UTC 2026","39","Dolphin","Technical","","","getCategoryListEpTest","v-recommend category list -- ep",""
"skipped","Mon Aug 03 09:00:15 UTC 2026","Mon Aug 03 09:00:15 UTC 2026","0","7. Team Pegasus | Pegasus Staging","Spike | Profiles link user to company","(root)","04 OAuth — User Storage token","","04 OAuth — User Storage token",""
"passed","Mon Aug 03 09:01:48 UTC 2026","Mon Aug 03 09:01:48 UTC 2026","163","1 Team Hummingbird - BFF | EP app","Endpoint tests","Homepage, products","product recommendations EN","","product recommendations EN",""
"failed","Mon Aug 03 09:01:46 UTC 2026","Mon Aug 03 09:01:46 UTC 2026","36","1 Team Hummingbird - BFF | EP app","Endpoint tests","Company","Company ID EN","","Company ID EN",""
"passed","Mon Aug 03 09:02:01 UTC 2026","Mon Aug 03 09:02:02 UTC 2026","465","4. Team CRM |CRM Staging","Business Scenarios Tests","Create and edit a contact","Edit contact","","Edit contact",""
"passed","Mon Aug 03 09:01:44 UTC 2026","Mon Aug 03 09:01:44 UTC 2026","497","1 Team Hummingbird - BFF | EP app","Endpoint tests","Login","registration","","registration",""
"passed","Mon Aug 03 09:02:36 UTC 2026","Mon Aug 03 09:02:36 UTC 2026","63","1.1 Team Hummingbird - BFF | WLW app","Endpoint tests","Support","notifications list","","notifications list",""
"passed","Mon Aug 03 09:10:54 UTC 2026","Mon Aug 03 09:10:54 UTC 2026","123","Dolphin","Functional","","","getProductsByCategoryTest","popular in category -- getProductsByCategory",""
"failed","Mon Aug 03 09:01:48 UTC 2026","Mon Aug 03 09:01:48 UTC 2026","295","1 Team Hummingbird - BFF | EP app","Endpoint tests","Homepage, products","trending products","","trending products",""
"passed","Mon Aug 03 09:03:13 UTC 2026","Mon Aug 03 09:03:13 UTC 2026","33","1.1 Team Hummingbird - BFF | WLW app","Technical Tests","supplier-visitors-controller","GET /public_api/suppliers/{supplier_id}/visits/{id} [NEG] Forbidden Role Token","","GET /public_api/suppliers/{supplier_id}/visits/{id} [NEG] Forbidden Role Token",""
"passed","Mon Aug 03 09:02:08 UTC 2026","Mon Aug 03 09:02:08 UTC 2026","85","4. Team CRM |CRM Staging","Endpoints Tests","(root)","Update WLW Connect Counters with id","","Update WLW Connect Counters with id",""
"passed","Mon Aug 03 09:02:01 UTC 2026","Mon Aug 03 09:02:02 UTC 2026","208","4. Team CRM |CRM Staging","Business Scenarios Tests","Disable Hubspot","Check hubspot is false","","Check hubspot is false",""
"failed","Mon Aug 03 09:02:45 UTC 2026","Mon Aug 03 09:02:45 UTC 2026","15","1.1 Team Hummingbird - BFF | WLW app","Technical Tests","categories-controller","PUT /preferred/categories [NEG] Expired Token","","PUT /preferred/categories [NEG] Expired Token",""
"failed","Mon Aug 03 09:03:14 UTC 2026","Mon Aug 03 09:03:14 UTC 2026","11","1.1 Team Hummingbird - BFF | WLW app","Technical Tests","trending-products-controller","GET /public_api/trending/products [NEG] Expired Token","","GET /public_api/trending/products [NEG] Expired Token",""
"skipped","Mon Aug 03 09:07:32 UTC 2026","Mon Aug 03 09:07:32 UTC 2026","0","3 Team Techno - UCL","Functional Tests","Endpoint Tests","Organization","","get organization for the given supplier_facts_uuid",""
"failed","Mon Aug 03 09:03:02 UTC 2026","Mon Aug 03 09:03:02 UTC 2026","11","1.1 Team Hummingbird - BFF | WLW app","Technical Tests","purchaser-support-controller","GET /support-faq","","GET /support-faq",""
"passed","Mon Aug 03 09:02:41 UTC 2026","Mon Aug 03 09:02:41 UTC 2026","88","1.1 Team Hummingbird - BFF | WLW app","Endpoint tests","(root)","Log out","","Log out",""
"failed","Mon Aug 03 09:01:50 UTC 2026","Mon Aug 03 09:01:50 UTC 2026","81","1 Team Hummingbird - BFF | EP app","Endpoint tests","Conversations","send file message","","send file message",""
"skipped","Mon Aug 03 09:07:32 UTC 2026","Mon Aug 03 09:07:32 UTC 2026","0","3 Team Techno - UCL","Technical Tests","SponsoredBrand","GET /unified_commercial_logic/internal_api/api/sponsored_brand_v1 - Retrieve SponsoredBrandV1 List","","GET /unified_commercial_logic/internal_api/api/sponsored_brand_v1 - Retrieve SponsoredBrandV1 List",""
"skipped","Mon Aug 03 09:00:15 UTC 2026","Mon Aug 03 09:00:15 UTC 2026","0","7. Team Pegasus | Pegasus Staging","Business Scenarios Tests","Visitors","Statistics visitor drill-down","","Countries",""
"broken","Mon Aug 03 09:02:40 UTC 2026","Mon Aug 03 09:03:00 UTC 2026","20016","Dolphin","Technical","","","pvMatchMissingQpInfoTest","AI Search PV match: missing qpInfo → business failure",""
"passed","Mon Aug 03 09:10:46 UTC 2026","Mon Aug 03 09:10:47 UTC 2026","745","Dolphin","Technical","","","productTextSearchPageSizeCapTest","AI product text search recall: pageSize over max capped",""
"passed","Mon Aug 03 09:02:06 UTC 2026","Mon Aug 03 09:02:06 UTC 2026","71","4. Team CRM |CRM Staging","Endpoints Tests","(root)","get responsible user","","get responsible user",""
"passed","Mon Aug 03 09:02:47 UTC 2026","Mon Aug 03 09:02:47 UTC 2026","33","1.1 Team Hummingbird - BFF | WLW app","Technical Tests","contact-form-controller","POST /public_api/contact-form/messages [NEG] Forbidden Role Token","","POST /public_api/contact-form/messages [NEG] Forbidden Role Token",""
"skipped","Mon Aug 03 09:00:15 UTC 2026","Mon Aug 03 09:00:15 UTC 2026","0","7. Team Pegasus | Pegasus Staging","Endpoints Tests","Business Insights","Company","","Company",""
"passed","Mon Aug 03 09:10:54 UTC 2026","Mon Aug 03 09:10:54 UTC 2026","123","Dolphin","Technical","","","getProductsByCategoryTest","popular in category -- getProductsByCategory",""
"passed","Mon Aug 03 09:00:26 UTC 2026","Mon Aug 03 09:00:26 UTC 2026","69","Arise","Functional","","","skwd","skwd",""
"skipped","Mon Aug 03 09:00:15 UTC 2026","Mon Aug 03 09:00:15 UTC 2026","0","7. Team Pegasus | Pegasus Staging","Business Scenarios Tests","Supplier Registration","EP - Lead create and update","","leads/{lead_id} - Update a lead",""
"passed","Mon Aug 03 09:02:41 UTC 2026","Mon Aug 03 09:02:41 UTC 2026","133","1.1 Team Hummingbird - BFF | WLW app","Endpoint tests","Visitor profiler","csv get","","csv get",""
"passed","Mon Aug 03 09:02:48 UTC 2026","Mon Aug 03 09:02:48 UTC 2026","16","1.1 Team Hummingbird - BFF | WLW app","Technical Tests","conversation-controller","PUT /public_api/conversation/userConversations/{conversationId}/decline [NEG] Missing Auth/API-Key","","PUT /public_api/conversation/userConversations/{conversationId}/decline [NEG] Missing Auth/API-Key",""
"passed","Mon Aug 03 09:02:36 UTC 2026","Mon Aug 03 09:02:36 UTC 2026","29","1.1 Team Hummingbird - BFF | WLW app","Endpoint tests","Company","Company ID EN","","Company ID EN",""
"failed","Mon Aug 03 09:03:11 UTC 2026","Mon Aug 03 09:03:11 UTC 2026","16","1.1 Team Hummingbird - BFF | WLW app","Technical Tests","search-controller","GET /public_api/categories/recommendations [NEG] Forbidden Role Token","","GET /public_api/categories/recommendations [NEG] Forbidden Role Token",""
"skipped","Mon Aug 03 09:07:32 UTC 2026","Mon Aug 03 09:07:32 UTC 2026","0","3 Team Techno - UCL","Technical Tests","WebsiteLead","GET /unified_commercial_logic/internal_api/api/website_lead - Retrieve WebsiteLead List","","GET /unified_commercial_logic/internal_api/api/website_lead - Retrieve WebsiteLead List",""
"failed","Mon Aug 03 09:02:40 UTC 2026","Mon Aug 03 09:02:40 UTC 2026","99","1.1 Team Hummingbird - BFF | WLW app","Endpoint tests","Conversations","send file message","","send file message",""
"passed","Mon Aug 03 09:01:57 UTC 2026","Mon Aug 03 09:02:02 UTC 2026","4384","4. Team CRM |CRM Staging","Business Scenarios Tests","Contacts","Create Contact","","Create Contact",""
"skipped","Mon Aug 03 09:07:32 UTC 2026","Mon Aug 03 09:07:32 UTC 2026","0","3 Team Techno - UCL","Technical Tests","Retargeting","GET /unified_commercial_logic/internal_api/api/retargeting/{id} - Retrieve Retargeting By ID","","GET /unified_commercial_logic/internal_api/api/retargeting/{id} - Retrieve Retargeting By ID",""
"failed","Mon Aug 03 09:02:52 UTC 2026","Mon Aug 03 09:02:52 UTC 2026","13","1.1 Team Hummingbird - BFF | WLW app","Technical Tests","conversation-controller","GET /public_api/conversation/userConversations/{userId}/unreadCount/ [NEG] Missing Auth/API-Key","","GET /public_api/conversation/userConversations/{userId}/unreadCount/ [NEG] Missing Auth/API-Key",""
"passed","Mon Aug 03 09:01:56 UTC 2026","Mon Aug 03 09:01:57 UTC 2026","757","4. Team CRM |CRM Staging","Business Scenarios Tests","Tasks","Smoke test Create task","","Smoke test Create task",""
"passed","Mon Aug 03 09:03:07 UTC 2026","Mon Aug 03 09:03:07 UTC 2026","34","1.1 Team Hummingbird - BFF | WLW app","Technical Tests","rfq-marketing-controller","POST /public_api/rfq-marketing/trigger [NEG] Expired Token","","POST /public_api/rfq-marketing/trigger [NEG] Expired Token",""
"skipped","Mon Aug 03 09:01:44 UTC 2026","Mon Aug 03 09:01:44 UTC 2026","0","1 Team Hummingbird - BFF | EP app","Technical Tests","(empty)","(empty)","","Technical Tests - empty",""
"passed","Mon Aug 03 09:10:54 UTC 2026","Mon Aug 03 09:10:54 UTC 2026","110","Dolphin","Technical","","","cppProductRecommendTest","recommend products in CPP -- wlw",""
"passed","Mon Aug 03 09:01:48 UTC 2026","Mon Aug 03 09:01:48 UTC 2026","678","1 Team Hummingbird - BFF | EP app","Endpoint tests","Search","search companies FR","","search companies FR",""
"failed","Mon Aug 03 09:02:34 UTC 2026","Mon Aug 03 09:02:34 UTC 2026","46","1.1 Team Hummingbird - BFF | WLW app","Endpoint tests","Login","resend code","","resend code",""
"failed","Mon Aug 03 09:01:44 UTC 2026","Mon Aug 03 09:01:44 UTC 2026","90","1 Team Hummingbird - BFF | EP app","Endpoint tests","Login","extend session","","extend session",""
"passed","Mon Aug 03 09:02:02 UTC 2026","Mon Aug 03 09:02:02 UTC 2026","222","4. Team CRM |CRM Staging","Business Scenarios Tests","Disable Hubspot","Check hubspot is true","","Check hubspot is true",""
"passed","Mon Aug 03 09:02:42 UTC 2026","Mon Aug 03 09:02:42 UTC 2026","35","1.1 Team Hummingbird - BFF | WLW app","Technical Tests","ab-test-record-controller","POST /public_api/abtest/record [NEG] Forbidden Role Token","","POST /public_api/abtest/record [NEG] Forbidden Role Token",""
"failed","Mon Aug 03 09:03:01 UTC 2026","Mon Aug 03 09:03:01 UTC 2026","11","1.1 Team Hummingbird - BFF | WLW app","Technical Tests","product-controller","GET /public_api/products","","GET /public_api/products",""
"failed","Mon Aug 03 09:02:53 UTC 2026","Mon Aug 03 09:02:53 UTC 2026","12","1.1 Team Hummingbird - BFF | WLW app","Technical Tests","conversation-controller","GET /public_api/conversation/userConversations/{conversationId}/file [SEC] Injection Probe","","GET /public_api/conversation/userConversations/{conversationId}/file [SEC] Injection Probe",""
"passed","Mon Aug 03 09:02:51 UTC 2026","Mon Aug 03 09:02:51 UTC 2026","37","1.1 Team Hummingbird - BFF | WLW app","Technical Tests","conversation-controller","GET /public_api/conversation/userConversations [SEC] Injection Probe","","GET /public_api/conversation/userConversations [SEC] Injection Probe",""
"passed","Mon Aug 03 09:00:25 UTC 2026","Mon Aug 03 09:00:26 UTC 2026","593","Arise","Technical","","","getAllElementsByUrlTest","getAllElementsByUrlTest",""
"passed","Mon Aug 03 09:02:00 UTC 2026","Mon Aug 03 09:02:04 UTC 2026","4182","4. Team CRM |CRM Staging","Business Scenarios Tests","Account","Trigger SAP Customer number","","Trigger SAP Customer number",""
"passed","Mon Aug 03 09:02:05 UTC 2026","Mon Aug 03 09:02:05 UTC 2026","642","4. Team CRM |CRM Staging","Business Scenarios Tests","Products","Update Product","","Update Product",""
"passed","Mon Aug 03 09:02:50 UTC 2026","Mon Aug 03 09:02:50 UTC 2026","25","1.1 Team Hummingbird - BFF | WLW app","Technical Tests","conversation-controller","POST /public_api/conversation/userConversations/{conversationId}/messages/file/ [NEG] Missing Auth/API-Key","","POST /public_api/conversation/userConversations/{conversationId}/messages/file/ [NEG] Missing Auth/API-Key",""
"passed","Mon Aug 03 09:03:13 UTC 2026","Mon Aug 03 09:03:13 UTC 2026","19","1.1 Team Hummingbird - BFF | WLW app","Technical Tests","trending-products-controller","POST /public_api/trending/import [NEG] Missing Auth/API-Key","","POST /public_api/trending/import [NEG] Missing Auth/API-Key",""
"skipped","Mon Aug 03 09:00:15 UTC 2026","Mon Aug 03 09:00:15 UTC 2026","0","7. Team Pegasus | Pegasus Staging","Endpoints Tests","Supplier Registration","EP","","business_sectors - Get business sectors",""
"failed","Mon Aug 03 09:03:12 UTC 2026","Mon Aug 03 09:03:12 UTC 2026","14","1.1 Team Hummingbird - BFF | WLW app","Technical Tests","supplier-visitors-controller","GET /public_api/suppliers/{supplier_id}/visits [NEG] Missing Auth/API-Key","","GET /public_api/suppliers/{supplier_id}/visits [NEG] Missing Auth/API-Key",""
"passed","Mon Aug 03 09:02:06 UTC 2026","Mon Aug 03 09:02:06 UTC 2026","55","4. Team CRM |CRM Staging","Endpoints Tests","(root)","update SF","","update SF",""
"failed","Mon Aug 03 09:02:43 UTC 2026","Mon Aug 03 09:02:43 UTC 2026","17","1.1 Team Hummingbird - BFF | WLW app","Technical Tests","ai-company-search-controller","GET /public_api/search/ai/company/search [NEG] Missing Auth/API-Key","","GET /public_api/search/ai/company/search [NEG] Missing Auth/API-Key",""
"passed","Mon Aug 03 09:00:17 UTC 2026","Mon Aug 03 09:00:17 UTC 2026","88","2 Team Dragon - BFF | RFQ Backend","Functional Tests","(root)","POST /v1/rfqs/{rfqId}/respond - Error Case (400)","","POST /v1/rfqs/{rfqId}/respond - Error Case (400)",""
"passed","Mon Aug 03 09:03:12 UTC 2026","Mon Aug 03 09:03:12 UTC 2026","33","1.1 Team Hummingbird - BFF | WLW app","Technical Tests","supplier-visitors-controller","GET /public_api/suppliers/{supplier_id}/visits/{id}","","GET /public_api/suppliers/{supplier_id}/visits/{id}",""
"failed","Mon Aug 03 09:03:07 UTC 2026","Mon Aug 03 09:03:07 UTC 2026","14","1.1 Team Hummingbird - BFF | WLW app","Technical Tests","search-controller","GET /public_api/suppliers/recommendations","","GET /public_api/suppliers/recommendations",""
"passed","Mon Aug 03 09:02:40 UTC 2026","Mon Aug 03 09:02:40 UTC 2026","104","1.1 Team Hummingbird - BFF | WLW app","Endpoint tests","Conversations","conversation id","","conversation id",""
"passed","Mon Aug 03 09:10:53 UTC 2026","Mon Aug 03 09:10:53 UTC 2026","22","Dolphin","Technical","","","productTextSearchWhitespaceQueryTest","AI product text search recall: whitespace-only query → empty success",""
"broken","Mon Aug 03 09:07:21 UTC 2026","Mon Aug 03 09:07:41 UTC 2026","20027","Dolphin","Functional","","","recallSingleFilterTest","AI Search recall: single filter (verified=true)",""
"skipped","Mon Aug 03 09:00:15 UTC 2026","Mon Aug 03 09:00:15 UTC 2026","0","7. Team Pegasus | Pegasus Staging","Endpoints Tests","Business Insights","Scoring by uuid","","Scoring by uuid",""
"failed","Mon Aug 03 09:03:05 UTC 2026","Mon Aug 03 09:03:05 UTC 2026","13","1.1 Team Hummingbird - BFF | WLW app","Technical Tests","push-notification-by-email-controller","PUT /v1/pushNotification","","PUT /v1/pushNotification",""
"passed","Mon Aug 03 09:03:13 UTC 2026","Mon Aug 03 09:03:13 UTC 2026","32","1.1 Team Hummingbird - BFF | WLW app","Technical Tests","trending-products-controller","POST /public_api/trending/import [NEG] Expired Token","","POST /public_api/trending/import [NEG] Expired Token",""
"passed","Mon Aug 03 09:03:13 UTC 2026","Mon Aug 03 09:03:13 UTC 2026","19","1.1 Team Hummingbird - BFF | WLW app","Technical Tests","supplier-visitors-controller","GET /","","GET /",""
"passed","Mon Aug 03 09:02:07 UTC 2026","Mon Aug 03 09:02:07 UTC 2026","50","4. Team CRM |CRM Staging","Endpoints Tests","(root)","resolve individual id","","resolve individual id",""
"passed","Mon Aug 03 09:03:14 UTC 2026","Mon Aug 03 09:03:14 UTC 2026","33","1.1 Team Hummingbird - BFF | WLW app","Technical Tests","trending-products-controller","POST /public_api/trending/import [NEG] Forbidden Role Token","","POST /public_api/trending/import [NEG] Forbidden Role Token",""
"passed","Mon Aug 03 09:02:59 UTC 2026","Mon Aug 03 09:03:00 UTC 2026","35","1.1 Team Hummingbird - BFF | WLW app","Technical Tests","login-controller","POST /public_api/auth/code/resend","","POST /public_api/auth/code/resend",""
"failed","Mon Aug 03 09:03:07 UTC 2026","Mon Aug 03 09:03:07 UTC 2026","12","1.1 Team Hummingbird - BFF | WLW app","Technical Tests","search-controller","GET /public_api/suppliers/recommendations [NEG] Expired Token","","GET /public_api/suppliers/recommendations [NEG] Expired Token",""
"skipped","Mon Aug 03 09:00:15 UTC 2026","Mon Aug 03 09:00:15 UTC 2026","0","7. Team Pegasus | Pegasus Staging","Endpoints Tests","Visitors","Elixir (supplier-app)","","Filters",""
"failed","Mon Aug 03 09:10:46 UTC 2026","Mon Aug 03 09:10:46 UTC 2026","681","Dolphin","Technical","","","productTextSearchNoResultTest","AI product text search recall: no-result query",""
"passed","Mon Aug 03 09:03:04 UTC 2026","Mon Aug 03 09:03:05 UTC 2026","35","1.1 Team Hummingbird - BFF | WLW app","Technical Tests","purchaser-user-setting-controller","POST /userSetting [NEG] Expired Token","","POST /userSetting [NEG] Expired Token",""
"broken","Mon Aug 03 09:09:42 UTC 2026","Mon Aug 03 09:10:02 UTC 2026","20003","Dolphin","Technical","","","termRecommendTest","AI Search term recommend API",""
"broken","Mon Aug 03 09:01:20 UTC 2026","Mon Aug 03 09:01:20 UTC 2026","490","Bamboo","Technical","","","findCategoryByIdTest","findCategoryById",""
"failed","Mon Aug 03 09:03:09 UTC 2026","Mon Aug 03 09:03:09 UTC 2026","13","1.1 Team Hummingbird - BFF | WLW app","Technical Tests","search-controller","GET /public_api/search/ai/termRecommend [NEG] Missing Auth/API-Key","","GET /public_api/search/ai/termRecommend [NEG] Missing Auth/API-Key",""
"failed","Mon Aug 03 09:03:13 UTC 2026","Mon Aug 03 09:03:13 UTC 2026","14","1.1 Team Hummingbird - BFF | WLW app","Technical Tests","supplier-visitors-controller","GET /public_api/suppliers/{supplier_id}/visits/csv [NEG] Expired Token","","GET /public_api/suppliers/{supplier_id}/visits/csv [NEG] Expired Token",""
"passed","Mon Aug 03 09:02:03 UTC 2026","Mon Aug 03 09:02:03 UTC 2026","87","4. Team CRM |CRM Staging","Business Scenarios Tests","Lead","Smoke test for Conversion","","Smoke test for Conversion",""
"skipped","Mon Aug 03 09:00:15 UTC 2026","Mon Aug 03 09:00:15 UTC 2026","0","7. Team Pegasus | Pegasus Staging","Endpoints Tests","Supplier Registration","Manual VAT check","","vat/check - Validate VAT number",""
"passed","Mon Aug 03 09:02:59 UTC 2026","Mon Aug 03 09:02:59 UTC 2026","16","1.1 Team Hummingbird - BFF | WLW app","Technical Tests","login-controller","POST /public_api/auth/code/verify [NEG] Missing Auth/API-Key","","POST /public_api/auth/code/verify [NEG] Missing Auth/API-Key",""
"passed","Mon Aug 03 09:03:01 UTC 2026","Mon Aug 03 09:03:01 UTC 2026","31","1.1 Team Hummingbird - BFF | WLW app","Technical Tests","login-controller","DELETE /public_api/auth/sso/logout [NEG] Forbidden Role Token","","DELETE /public_api/auth/sso/logout [NEG] Forbidden Role Token",""
"passed","Mon Aug 03 09:02:56 UTC 2026","Mon Aug 03 09:02:56 UTC 2026","34","1.1 Team Hummingbird - BFF | WLW app","Technical Tests","feedback-controller","GET /feedback/subject [NEG] Forbidden Role Token","","GET /feedback/subject [NEG] Forbidden Role Token",""
"passed","Mon Aug 03 09:02:07 UTC 2026","Mon Aug 03 09:02:08 UTC 2026","1245","4. Team CRM |CRM Staging","Endpoints Tests","(root)","trigger the Paid Media lead","","trigger the Paid Media lead",""
"passed","Mon Aug 03 09:10:48 UTC 2026","Mon Aug 03 09:10:49 UTC 2026","762","Dolphin","Technical","","","productTextSearchPageZeroTest","AI product text search recall: page=0 normalized",""
"failed","Mon Aug 03 09:02:52 UTC 2026","Mon Aug 03 09:02:52 UTC 2026","14","1.1 Team Hummingbird - BFF | WLW app","Technical Tests","conversation-controller","GET /public_api/conversation/userConversations/{userId}/unreadCount/ [NEG] Forbidden Role Token","","GET /public_api/conversation/userConversations/{userId}/unreadCount/ [NEG] Forbidden Role Token",""
"passed","Mon Aug 03 09:02:59 UTC 2026","Mon Aug 03 09:02:59 UTC 2026","34","1.1 Team Hummingbird - BFF | WLW app","Technical Tests","login-controller","POST /public_api/auth/password/login [NEG] Expired Token","","POST /public_api/auth/password/login [NEG] Expired Token",""
"passed","Mon Aug 03 09:03:15 UTC 2026","Mon Aug 03 09:03:15 UTC 2026","14","1.1 Team Hummingbird - BFF | WLW app","Technical Tests","user-controller","GET /public_api/user/userInfo [NEG] Missing Auth/API-Key","","GET /public_api/user/userInfo [NEG] Missing Auth/API-Key",""
"passed","Mon Aug 03 09:00:26 UTC 2026","Mon Aug 03 09:00:26 UTC 2026","313","Arise","Technical","","","psearchProxySearch","psearchProxySearch",""
"passed","Mon Aug 03 09:02:50 UTC 2026","Mon Aug 03 09:02:50 UTC 2026","41","1.1 Team Hummingbird - BFF | WLW app","Technical Tests","conversation-controller","POST /public_api/conversation/userConversations/{conversationId}/messages/file/ [NEG] Expired Token","","POST /public_api/conversation/userConversations/{conversationId}/messages/file/ [NEG] Expired Token",""
"failed","Mon Aug 03 09:03:09 UTC 2026","Mon Aug 03 09:03:09 UTC 2026","13","1.1 Team Hummingbird - BFF | WLW app","Technical Tests","search-controller","GET /public_api/search/ai/termRecommend [NEG] Forbidden Role Token","","GET /public_api/search/ai/termRecommend [NEG] Forbidden Role Token",""
"skipped","Mon Aug 03 09:07:32 UTC 2026","Mon Aug 03 09:07:32 UTC 2026","0","3 Team Techno - UCL","Functional Tests","Endpoint Tests","membership","","get all active membership for business_partner_id",""
"passed","Mon Aug 03 09:01:47 UTC 2026","Mon Aug 03 09:01:47 UTC 2026","352","1 Team Hummingbird - BFF | EP app","Endpoint tests","Search","search autoComplete EN","","search autoComplete EN",""
"passed","Mon Aug 03 09:02:07 UTC 2026","Mon Aug 03 09:02:07 UTC 2026","222","4. Team CRM |CRM Staging","Endpoints Tests","(root)","trigger from SF Platform Profile","","trigger from SF Platform Profile",""
"passed","Mon Aug 03 09:03:00 UTC 2026","Mon Aug 03 09:03:00 UTC 2026","32","1.1 Team Hummingbird - BFF | WLW app","Technical Tests","login-controller","POST /public_api/auth/code/resend [NEG] Forbidden Role Token","","POST /public_api/auth/code/resend [NEG] Forbidden Role Token",""
"passed","Mon Aug 03 09:01:46 UTC 2026","Mon Aug 03 09:01:46 UTC 2026","22","1 Team Hummingbird - BFF | EP app","Endpoint tests","Company","Suppliers listings","","Suppliers listings",""
"skipped","Mon Aug 03 09:01:43 UTC 2026","Mon Aug 03 09:01:43 UTC 2026","0","1 Team Hummingbird - BFF | EP app","Business Scenario Tests","(empty)","(empty)","","Business Scenario Tests - empty",""
"failed","Mon Aug 03 09:02:52 UTC 2026","Mon Aug 03 09:02:52 UTC 2026","14","1.1 Team Hummingbird - BFF | WLW app","Technical Tests","conversation-controller","GET /public_api/conversation/userConversations/{conversationId}","","GET /public_api/conversation/userConversations/{conversationId}",""
"failed","Mon Aug 03 09:01:46 UTC 2026","Mon Aug 03 09:01:46 UTC 2026","42","1 Team Hummingbird - BFF | EP app","Endpoint tests","Company","Company ID DE","","Company ID DE",""
"skipped","Mon Aug 03 09:07:32 UTC 2026","Mon Aug 03 09:07:32 UTC 2026","0","3 Team Techno - UCL","Technical Tests","Organization","GET /unified_commercial_logic/internal_api/api/organization/{id} - Retrieve Organization By ID","","GET /unified_commercial_logic/internal_api/api/organization/{id} - Retrieve Organization By ID",""
"passed","Mon Aug 03 09:10:42 UTC 2026","Mon Aug 03 09:10:43 UTC 2026","738","Dolphin","Functional","","","productTextSearchCountryFilterTest","AI product text search recall: country filter DE",""
"skipped","Mon Aug 03 09:00:15 UTC 2026","Mon Aug 03 09:00:15 UTC 2026","0","7. Team Pegasus | Pegasus Staging","Endpoints Tests","Shop Import & Onboarding Backend","/offers - get offers","","/offers - get offers",""
"passed","Mon Aug 03 09:02:58 UTC 2026","Mon Aug 03 09:02:58 UTC 2026","30","1.1 Team Hummingbird - BFF | WLW app","Technical Tests","login-controller","POST /public_api/auth/session/extend [NEG] Expired Token","","POST /public_api/auth/session/extend [NEG] Expired Token",""
"passed","Mon Aug 03 09:02:50 UTC 2026","Mon Aug 03 09:02:50 UTC 2026","36","1.1 Team Hummingbird - BFF | WLW app","Technical Tests","conversation-controller","POST /public_api/conversation/userConversations/{conversationId}/messages/file/","","POST /public_api/conversation/userConversations/{conversationId}/messages/file/",""
"failed","Mon Aug 03 09:03:08 UTC 2026","Mon Aug 03 09:03:08 UTC 2026","15","1.1 Team Hummingbird - BFF | WLW app","Technical Tests","search-controller","GET /public_api/search [NEG] Expired Token","","GET /public_api/search [NEG] Expired Token",""
"failed","Mon Aug 03 09:02:41 UTC 2026","Mon Aug 03 09:02:41 UTC 2026","660","1.1 Team Hummingbird - BFF | WLW app","Endpoint tests","Visitor profiler","Visitor ID","","Visitor ID",""
"failed","Mon Aug 03 09:02:44 UTC 2026","Mon Aug 03 09:02:44 UTC 2026","15","1.1 Team Hummingbird - BFF | WLW app","Technical Tests","categories-controller","PUT /preferred/categories [NEG] Missing Auth/API-Key","","PUT /preferred/categories [NEG] Missing Auth/API-Key",""
"passed","Mon Aug 03 09:01:45 UTC 2026","Mon Aug 03 09:01:45 UTC 2026","17","1 Team Hummingbird - BFF | EP app","Endpoint tests","Support","Support FAQ_FR","","Support FAQ_FR",""
"passed","Mon Aug 03 09:10:42 UTC 2026","Mon Aug 03 09:10:43 UTC 2026","738","Dolphin","Technical","","","productTextSearchCountryFilterTest","AI product text search recall: country filter DE",""
"passed","Mon Aug 03 09:02:58 UTC 2026","Mon Aug 03 09:02:58 UTC 2026","18","1.1 Team Hummingbird - BFF | WLW app","Technical Tests","login-controller","POST /public_api/auth/registration [NEG] Missing Auth/API-Key","","POST /public_api/auth/registration [NEG] Missing Auth/API-Key",""
"passed","Mon Aug 03 09:02:41 UTC 2026","Mon Aug 03 09:02:41 UTC 2026","133","1.1 Team Hummingbird - BFF | WLW app","Endpoint tests","Visitor profiler","csv get","","csv get",""
"failed","Mon Aug 03 09:03:09 UTC 2026","Mon Aug 03 09:03:09 UTC 2026","12","1.1 Team Hummingbird - BFF | WLW app","Technical Tests","search-controller","GET /public_api/search/ai/termRecommend","","GET /public_api/search/ai/termRecommend",""
"passed","Mon Aug 03 09:00:19 UTC 2026","Mon Aug 03 09:00:19 UTC 2026","28","2 Team Dragon - BFF | RFQ Backend","Business Scenario Tests","(root)","RFQ_details","","RFQ_details",""
"failed","Mon Aug 03 09:02:45 UTC 2026","Mon Aug 03 09:02:45 UTC 2026","15","1.1 Team Hummingbird - BFF | WLW app","Technical Tests","company-controller","GET /public_api/suppliers/{companyID}/listings","","GET /public_api/suppliers/{companyID}/listings",""
"passed","Mon Aug 03 09:02:47 UTC 2026","Mon Aug 03 09:02:47 UTC 2026","38","1.1 Team Hummingbird - BFF | WLW app","Technical Tests","conversation-controller","PUT /public_api/conversation/userConversations/{conversationId}/tag","","PUT /public_api/conversation/userConversations/{conversationId}/tag",""
"skipped","Mon Aug 03 09:00:15 UTC 2026","Mon Aug 03 09:00:15 UTC 2026","0","7. Team Pegasus | Pegasus Staging","Endpoints Tests","Business Insights","Company Overview","","Company Overview",""
"passed","Mon Aug 03 09:02:49 UTC 2026","Mon Aug 03 09:02:50 UTC 2026","39","1.1 Team Hummingbird - BFF | WLW app","Technical Tests","conversation-controller","POST /public_api/conversation/userConversations/{conversationId}/messages/{messageId}/translate [NEG] Expired Token","","POST /public_api/conversation/userConversations/{conversationId}/messages/{messageId}/translate [NEG] Expired Token",""
"broken","Mon Aug 03 09:04:20 UTC 2026","Mon Aug 03 09:04:40 UTC 2026","20016","Dolphin","Technical","","","recallIllegalSortPassthroughTest","AI Search recall: illegal sort passthrough (no param fail)",""
"passed","Mon Aug 03 09:10:43 UTC 2026","Mon Aug 03 09:10:43 UTC 2026","780","Dolphin","Technical","","","productTextSearchIllegalSortTest","AI product text search recall: illegal sort passthrough",""
"passed","Mon Aug 03 09:01:51 UTC 2026","Mon Aug 03 09:01:51 UTC 2026","148","1 Team Hummingbird - BFF | EP app","Endpoint tests","Visitor profiler","csv get","","csv get",""
"passed","Mon Aug 03 09:03:15 UTC 2026","Mon Aug 03 09:03:15 UTC 2026","49","1.1 Team Hummingbird - BFF | WLW app","Technical Tests","user-controller","GET /public_api/user/userInfo","","GET /public_api/user/userInfo",""
"failed","Mon Aug 03 09:01:59 UTC 2026","Mon Aug 03 09:02:00 UTC 2026","983","4. Team CRM |CRM Staging","Business Scenarios Tests","Account","Smoke Test Basic Account Creation","","Smoke Test Basic Account Creation",""
"passed","Mon Aug 03 09:01:58 UTC 2026","Mon Aug 03 09:02:09 UTC 2026","11145","4. Team CRM |CRM Staging","Business Scenarios Tests","Account","wlw salesorderitems link","","wlw salesorderitems link",""
"passed","Mon Aug 03 09:00:18 UTC 2026","Mon Aug 03 09:00:18 UTC 2026","17","2 Team Dragon - BFF | RFQ Backend","Technical Tests","(root)","GET /v1/categories - CPV list (schema + contract)","","GET /v1/categories - CPV list (schema + contract)",""
"skipped","Mon Aug 03 09:00:15 UTC 2026","Mon Aug 03 09:00:15 UTC 2026","0","7. Team Pegasus | Pegasus Staging","Endpoints Tests","Supplier Registration","EP","","email/check - Validate email domain for a specified country",""
"passed","Mon Aug 03 09:02:07 UTC 2026","Mon Aug 03 09:02:08 UTC 2026","658","4. Team CRM |CRM Staging","Endpoints Tests","(root)","Create Note with sf id","","Create Note with sf id",""
"passed","Mon Aug 03 09:02:40 UTC 2026","Mon Aug 03 09:02:40 UTC 2026","82","1.1 Team Hummingbird - BFF | WLW app","Endpoint tests","Conversations","mark as read","","mark as read",""
"passed","Mon Aug 03 09:02:57 UTC 2026","Mon Aug 03 09:02:57 UTC 2026","33","1.1 Team Hummingbird - BFF | WLW app","Technical Tests","login-controller","POST /public_api/auth/sso/login","","POST /public_api/auth/sso/login",""
"passed","Mon Aug 03 09:02:55 UTC 2026","Mon Aug 03 09:02:55 UTC 2026","36","1.1 Team Hummingbird - BFF | WLW app","Technical Tests","euro-pages-controller","DELETE /public_api/euro-pages/auth/delete [NEG] Expired Token","","DELETE /public_api/euro-pages/auth/delete [NEG] Expired Token",""
"failed","Mon Aug 03 09:03:05 UTC 2026","Mon Aug 03 09:03:05 UTC 2026","14","1.1 Team Hummingbird - BFF | WLW app","Technical Tests","push-notification-by-email-controller","PUT /v1/pushNotification [NEG] Forbidden Role Token","","PUT /v1/pushNotification [NEG] Forbidden Role Token",""
"skipped","Mon Aug 03 09:00:15 UTC 2026","Mon Aug 03 09:00:15 UTC 2026","0","7. Team Pegasus | Pegasus Staging","Business Scenarios Tests","Business Insights","Dashboard smoke flow","","Set User Activity",""
"failed","Mon Aug 03 09:02:53 UTC 2026","Mon Aug 03 09:02:53 UTC 2026","14","1.1 Team Hummingbird - BFF | WLW app","Technical Tests","conversation-controller","GET /public_api/conversation/userConversations/{conversationId}/file/ [NEG] Expired Token","","GET /public_api/conversation/userConversations/{conversationId}/file/ [NEG] Expired Token",""
"passed","Mon Aug 03 09:02:47 UTC 2026","Mon Aug 03 09:02:47 UTC 2026","21","1.1 Team Hummingbird - BFF | WLW app","Technical Tests","conversation-controller","PUT /public_api/conversation/userConversations/{conversationId}/tag [NEG] Missing Auth/API-Key","","PUT /public_api/conversation/userConversations/{conversationId}/tag [NEG] Missing Auth/API-Key",""
"failed","Mon Aug 03 09:01:44 UTC 2026","Mon Aug 03 09:01:45 UTC 2026","139","1 Team Hummingbird - BFF | EP app","Endpoint tests","User settings","user setting","","user setting",""
"failed","Mon Aug 03 09:03:11 UTC 2026","Mon Aug 03 09:03:11 UTC 2026","14","1.1 Team Hummingbird - BFF | WLW app","Technical Tests","search-term-controller","POST /public_api/search/track","","POST /public_api/search/track",""
"broken","Mon Aug 03 09:03:00 UTC 2026","Mon Aug 03 09:03:20 UTC 2026","20008","Dolphin","Technical","","","pvMatchTest","AI Search PV match (supplierAiMatch) API",""
"passed","Mon Aug 03 09:03:03 UTC 2026","Mon Aug 03 09:03:03 UTC 2026","32","1.1 Team Hummingbird - BFF | WLW app","Technical Tests","purchaser-user-setting-controller","PUT /userSetting/{id}","","PUT /userSetting/{id}",""
"passed","Mon Aug 03 09:03:03 UTC 2026","Mon Aug 03 09:03:03 UTC 2026","26","1.1 Team Hummingbird - BFF | WLW app","Technical Tests","purchaser-user-setting-controller","PUT /userSetting/{id} [NEG] Missing Auth/API-Key","","PUT /userSetting/{id} [NEG] Missing Auth/API-Key",""
"passed","Mon Aug 03 09:02:54 UTC 2026","Mon Aug 03 09:02:54 UTC 2026","34","1.1 Team Hummingbird - BFF | WLW app","Technical Tests","dynamic-links-controller","POST /public_api/branchio/dynamiclink [NEG] Forbidden Role Token","","POST /public_api/branchio/dynamiclink [NEG] Forbidden Role Token",""
"failed","Mon Aug 03 09:03:09 UTC 2026","Mon Aug 03 09:03:09 UTC 2026","13","1.1 Team Hummingbird - BFF | WLW app","Technical Tests","search-controller","GET /public_api/search/ai/termRecommend [NEG] Expired Token","","GET /public_api/search/ai/termRecommend [NEG] Expired Token",""
"skipped","Mon Aug 03 09:00:15 UTC 2026","Mon Aug 03 09:00:15 UTC 2026","0","7. Team Pegasus | Pegasus Staging","Business Scenarios Tests","Supplier Facts","Company create and update for UI","","Create company",""
"failed","Mon Aug 03 09:02:43 UTC 2026","Mon Aug 03 09:02:43 UTC 2026","14","1.1 Team Hummingbird - BFF | WLW app","Technical Tests","ai-company-search-controller","GET /public_api/search/ai/company/search [NEG] Forbidden Role Token","","GET /public_api/search/ai/company/search [NEG] Forbidden Role Token",""
"passed","Mon Aug 03 09:02:40 UTC 2026","Mon Aug 03 09:02:40 UTC 2026","99","1.1 Team Hummingbird - BFF | WLW app","Endpoint tests","Conversations","unread count","","unread count",""
"failed","Mon Aug 03 09:03:12 UTC 2026","Mon Aug 03 09:03:12 UTC 2026","11","1.1 Team Hummingbird - BFF | WLW app","Technical Tests","supplier-visitors-controller","GET /public_api/suppliers/{supplier_id}/visits [NEG] Forbidden Role Token","","GET /public_api/suppliers/{supplier_id}/visits [NEG] Forbidden Role Token",""
"skipped","Mon Aug 03 09:00:15 UTC 2026","Mon Aug 03 09:00:15 UTC 2026","0","7. Team Pegasus | Pegasus Staging","Endpoints Tests","Supplier Registration","Manual VAT check","","Import vat",""
"passed","Mon Aug 03 09:01:51 UTC 2026","Mon Aug 03 09:01:51 UTC 2026","89","1 Team Hummingbird - BFF | EP app","Endpoint tests","Visitor profiler","download visitors csv","","download visitors csv",""
"skipped","Mon Aug 03 09:07:32 UTC 2026","Mon Aug 03 09:07:32 UTC 2026","0","3 Team Techno - UCL","Technical Tests","WebsiteLead","GET /unified_commercial_logic/internal_api/api/website_lead/ - Retrieve WebsiteLead List","","GET /unified_commercial_logic/internal_api/api/website_lead/ - Retrieve WebsiteLead List",""
"passed","Mon Aug 03 09:00:26 UTC 2026","Mon Aug 03 09:00:26 UTC 2026","69","Arise","Technical","","","skwd","skwd",""
"failed","Mon Aug 03 09:00:26 UTC 2026","Mon Aug 03 09:00:26 UTC 2026","31","Arise","Technical","","","skwdAll","skwdAll",""
"broken","Mon Aug 03 09:02:00 UTC 2026","Mon Aug 03 09:02:20 UTC 2026","20011","Dolphin","Functional","","","inferenceTest","AI Search inference API (SSE stream)",""
"passed","Mon Aug 03 09:02:38 UTC 2026","Mon Aug 03 09:02:38 UTC 2026","904","1.1 Team Hummingbird - BFF | WLW app","Endpoint tests","Search","search companies DE","","search companies DE",""
"failed","Mon Aug 03 09:00:17 UTC 2026","Mon Aug 03 09:00:17 UTC 2026","108","2 Team Dragon - BFF | RFQ Backend","Functional Tests","(root)","POST /v1/rfqs/{rfqId}/respond - Success","","POST /v1/rfqs/{rfqId}/respond - Success",""
"passed","Mon Aug 03 09:02:04 UTC 2026","Mon Aug 03 09:02:06 UTC 2026","1151","4. Team CRM |CRM Staging","Business Scenarios Tests","Platform Profile","Smoke Test Create Platform Profile","","Smoke Test Create Platform Profile",""
"passed","Mon Aug 03 09:02:58 UTC 2026","Mon Aug 03 09:02:58 UTC 2026","37","1.1 Team Hummingbird - BFF | WLW app","Technical Tests","login-controller","POST /public_api/auth/resetPassword [NEG] Forbidden Role Token","","POST /public_api/auth/resetPassword [NEG] Forbidden Role Token",""
"passed","Mon Aug 03 09:01:58 UTC 2026","Mon Aug 03 09:01:58 UTC 2026","232","4. Team CRM |CRM Staging","Business Scenarios Tests","Quote","Check Quote","","Check Quote",""
"passed","Mon Aug 03 09:01:21 UTC 2026","Mon Aug 03 09:01:21 UTC 2026","39","Bamboo","Functional","","","listTopCategoriesTest","list top Categories",""
"broken","Mon Aug 03 09:10:22 UTC 2026","Mon Aug 03 09:10:42 UTC 2026","20023","Dolphin","Technical","","","productInferenceTest","AI product search inference stream API",""
"failed","Mon Aug 03 09:03:02 UTC 2026","Mon Aug 03 09:03:02 UTC 2026","11","1.1 Team Hummingbird - BFF | WLW app","Technical Tests","product-controller","GET /public_api/companies/{supplierPublicId}/products","","GET /public_api/companies/{supplierPublicId}/products",""
"passed","Mon Aug 03 09:03:01 UTC 2026","Mon Aug 03 09:03:01 UTC 2026","16","1.1 Team Hummingbird - BFF | WLW app","Technical Tests","product-controller","GET /public_api/products/{productId} [NEG] Missing Auth/API-Key","","GET /public_api/products/{productId} [NEG] Missing Auth/API-Key",""
"passed","Mon Aug 03 09:02:57 UTC 2026","Mon Aug 03 09:02:57 UTC 2026","34","1.1 Team Hummingbird - BFF | WLW app","Technical Tests","login-controller","POST /public_api/auth/session/extend","","POST /public_api/auth/session/extend",""
"skipped","Mon Aug 03 09:00:15 UTC 2026","Mon Aug 03 09:00:15 UTC 2026","0","7. Team Pegasus | Pegasus Staging","Endpoints Tests","Shop Import & Onboarding Backend","/offers/suggestCategory","","/offers/suggestCategory",""
"skipped","Mon Aug 03 09:00:15 UTC 2026","Mon Aug 03 09:00:15 UTC 2026","0","7. Team Pegasus | Pegasus Staging","Business Scenarios Tests","Business Insights","Dashboard smoke flow","","Visitors",""
"skipped","Mon Aug 03 09:00:15 UTC 2026","Mon Aug 03 09:00:15 UTC 2026","0","7. Team Pegasus | Pegasus Staging","Endpoints Tests","Shop Import & Onboarding Backend","/offers/topCategories","","/offers/topCategories",""
"passed","Mon Aug 03 09:02:58 UTC 2026","Mon Aug 03 09:02:58 UTC 2026","34","1.1 Team Hummingbird - BFF | WLW app","Technical Tests","login-controller","POST /public_api/auth/resetPassword","","POST /public_api/auth/resetPassword",""
"passed","Mon Aug 03 09:02:37 UTC 2026","Mon Aug 03 09:02:37 UTC 2026","56","1.1 Team Hummingbird - BFF | WLW app","Endpoint tests","Company","search company products","","search company products",""
"passed","Mon Aug 03 09:00:17 UTC 2026","Mon Aug 03 09:00:17 UTC 2026","38","2 Team Dragon - BFF | RFQ Backend","Functional Tests","(root)","GET /v1/rfqs/{rfqId} - Success or 404","","GET /v1/rfqs/{rfqId} - Success or 404",""
"skipped","Mon Aug 03 09:07:32 UTC 2026","Mon Aug 03 09:07:32 UTC 2026","0","3 Team Techno - UCL","Technical Tests","WebsiteLead","GET /unified_commercial_logic/internal_api/api/website_lead/{id} - Retrieve WebsiteLead By ID","","GET /unified_commercial_logic/internal_api/api/website_lead/{id} - Retrieve WebsiteLead By ID",""
"passed","Mon Aug 03 09:02:42 UTC 2026","Mon Aug 03 09:02:42 UTC 2026","38","1.1 Team Hummingbird - BFF | WLW app","Technical Tests","ai-company-search-controller","POST /public_api/search/ai/supplier/recall [NEG] Forbidden Role Token","","POST /public_api/search/ai/supplier/recall [NEG] Forbidden Role Token",""
"passed","Mon Aug 03 09:02:08 UTC 2026","Mon Aug 03 09:02:08 UTC 2026","85","4. Team CRM |CRM Staging","Endpoints Tests","(root)","Update WLW Connect Counters with id","","Update WLW Connect Counters with id",""
"passed","Mon Aug 03 09:10:49 UTC 2026","Mon Aug 03 09:10:50 UTC 2026","655","Dolphin","Technical","","","productTextSearchPaidSupplierFilterTest","AI product text search recall: paid/verified supplier filter",""
"broken","Mon Aug 03 09:07:41 UTC 2026","Mon Aug 03 09:08:01 UTC 2026","20024","Dolphin","Technical","","","recallSpecialCharQueryTest","AI Search recall: special-character query structure OK",""
"failed","Mon Aug 03 09:03:05 UTC 2026","Mon Aug 03 09:03:05 UTC 2026","15","1.1 Team Hummingbird - BFF | WLW app","Technical Tests","push-notification-by-email-controller","GET /v1/pushNotification [NEG] Expired Token","","GET /v1/pushNotification [NEG] Expired Token",""
"passed","Mon Aug 03 09:02:54 UTC 2026","Mon Aug 03 09:02:54 UTC 2026","26","1.1 Team Hummingbird - BFF | WLW app","Technical Tests","euro-pages-controller","PUT /public_api/euro-pages/auth/delete [NEG] Missing Auth/API-Key","","PUT /public_api/euro-pages/auth/delete [NEG] Missing Auth/API-Key",""
"passed","Mon Aug 03 09:02:56 UTC 2026","Mon Aug 03 09:02:56 UTC 2026","25","1.1 Team Hummingbird - BFF | WLW app","Technical Tests","feedback-controller","POST /feedback [NEG] Missing Auth/API-Key","","POST /feedback [NEG] Missing Auth/API-Key",""
"failed","Mon Aug 03 09:02:45 UTC 2026","Mon Aug 03 09:02:45 UTC 2026","13","1.1 Team Hummingbird - BFF | WLW app","Technical Tests","categories-controller","PUT /preferred/categories [NEG] Forbidden Role Token","","PUT /preferred/categories [NEG] Forbidden Role Token",""
"passed","Mon Aug 03 09:03:15 UTC 2026","Mon Aug 03 09:03:15 UTC 2026","34","1.1 Team Hummingbird - BFF | WLW app","Technical Tests","user-controller","GET /public_api/user/userInfo [NEG] Forbidden Role Token","","GET /public_api/user/userInfo [NEG] Forbidden Role Token",""
"passed","Mon Aug 03 09:02:35 UTC 2026","Mon Aug 03 09:02:35 UTC 2026","18","1.1 Team Hummingbird - BFF | WLW app","Endpoint tests","Support","FAQ Alibaba","","FAQ Alibaba",""
"passed","Mon Aug 03 09:03:15 UTC 2026","Mon Aug 03 09:03:15 UTC 2026","33","1.1 Team Hummingbird - BFF | WLW app","Technical Tests","user-controller","PUT /public_api/user/userInfo [NEG] Forbidden Role Token","","PUT /public_api/user/userInfo [NEG] Forbidden Role Token",""
"passed","Mon Aug 03 09:03:09 UTC 2026","Mon Aug 03 09:03:09 UTC 2026","31","1.1 Team Hummingbird - BFF | WLW app","Technical Tests","search-controller","GET /public_api/search/ai/tabChange","","GET /public_api/search/ai/tabChange",""
"passed","Mon Aug 03 09:02:38 UTC 2026","Mon Aug 03 09:02:38 UTC 2026","102","1.1 Team Hummingbird - BFF | WLW app","Endpoint tests","Search","search track","","search track",""
"failed","Mon Aug 03 09:02:51 UTC 2026","Mon Aug 03 09:02:51 UTC 2026","12","1.1 Team Hummingbird - BFF | WLW app","Technical Tests","conversation-controller","GET /public_api/conversation/userConversations/{userId}/unreadCount [NEG] Expired Token","","GET /public_api/conversation/userConversations/{userId}/unreadCount [NEG] Expired Token",""
"passed","Mon Aug 03 09:10:54 UTC 2026","Mon Aug 03 09:10:54 UTC 2026","39","Dolphin","Functional","","","getCategoryListEpTest","v-recommend category list -- ep",""
"passed","Mon Aug 03 09:03:03 UTC 2026","Mon Aug 03 09:03:03 UTC 2026","28","1.1 Team Hummingbird - BFF | WLW app","Technical Tests","purchaser-user-setting-controller","POST /userSetting/ [NEG] Missing Auth/API-Key","","POST /userSetting/ [NEG] Missing Auth/API-Key",""
"passed","Mon Aug 03 09:02:45 UTC 2026","Mon Aug 03 09:02:45 UTC 2026","37","1.1 Team Hummingbird - BFF | WLW app","Technical Tests","categories-controller","PUT /preferred/categories [SEC] Injection Probe","","PUT /preferred/categories [SEC] Injection Probe",""
"failed","Mon Aug 03 09:03:04 UTC 2026","Mon Aug 03 09:03:04 UTC 2026","15","1.1 Team Hummingbird - BFF | WLW app","Technical Tests","purchaser-user-setting-controller","GET /userSetting [NEG] Forbidden Role Token","","GET /userSetting [NEG] Forbidden Role Token",""
"broken","Mon Aug 03 09:04:40 UTC 2026","Mon Aug 03 09:05:00 UTC 2026","20026","Dolphin","Technical","","","recallLongQueryTruncationTest","AI Search recall: long query truncated, still success",""
"passed","Mon Aug 03 09:03:03 UTC 2026","Mon Aug 03 09:03:03 UTC 2026","55","1.1 Team Hummingbird - BFF | WLW app","Technical Tests","purchaser-user-setting-controller","PUT /userSetting/{id} [NEG] Forbidden Role Token","","PUT /userSetting/{id} [NEG] Forbidden Role Token",""
"passed","Mon Aug 03 09:02:59 UTC 2026","Mon Aug 03 09:02:59 UTC 2026","33","1.1 Team Hummingbird - BFF | WLW app","Technical Tests","login-controller","POST /public_api/auth/code/verify","","POST /public_api/auth/code/verify",""
"passed","Mon Aug 03 09:02:49 UTC 2026","Mon Aug 03 09:02:49 UTC 2026","39","1.1 Team Hummingbird - BFF | WLW app","Technical Tests","conversation-controller","POST /public_api/conversation/userConversations/{conversationId}/messages/{messageId}/translate","","POST /public_api/conversation/userConversations/{conversationId}/messages/{messageId}/translate",""
"failed","Mon Aug 03 09:02:43 UTC 2026","Mon Aug 03 09:02:43 UTC 2026","15","1.1 Team Hummingbird - BFF | WLW app","Technical Tests","ai-company-search-controller","GET /public_api/search/ai/company/search [SEC] Injection Probe","","GET /public_api/search/ai/company/search [SEC] Injection Probe",""
"passed","Mon Aug 03 09:00:18 UTC 2026","Mon Aug 03 09:00:18 UTC 2026","7","2 Team Dragon - BFF | RFQ Backend","Technical Tests","(root)","GET /v1/user - User Info + Roles + Negative Auth","","GET /v1/user - User Info + Roles + Negative Auth",""
"failed","Mon Aug 03 09:03:10 UTC 2026","Mon Aug 03 09:03:10 UTC 2026","13","1.1 Team Hummingbird - BFF | WLW app","Technical Tests","search-controller","GET /public_api/products/recommendations","","GET /public_api/products/recommendations",""
"passed","Mon Aug 03 09:02:49 UTC 2026","Mon Aug 03 09:02:49 UTC 2026","32","1.1 Team Hummingbird - BFF | WLW app","Technical Tests","conversation-controller","POST /public_api/conversation/userConversations/{conversationId}/messages [NEG] Expired Token","","POST /public_api/conversation/userConversations/{conversationId}/messages [NEG] Expired Token",""
"failed","Mon Aug 03 09:03:08 UTC 2026","Mon Aug 03 09:03:08 UTC 2026","13","1.1 Team Hummingbird - BFF | WLW app","Technical Tests","search-controller","GET /public_api/search/products [NEG] Forbidden Role Token","","GET /public_api/search/products [NEG] Forbidden Role Token",""
"passed","Mon Aug 03 09:00:18 UTC 2026","Mon Aug 03 09:00:18 UTC 2026","5","2 Team Dragon - BFF | RFQ Backend","Technical Tests","(root)","Negative test: malformed UUIDs & content type checks","","Negative test: malformed UUIDs & content type checks",""
"failed","Mon Aug 03 09:03:07 UTC 2026","Mon Aug 03 09:03:07 UTC 2026","14","1.1 Team Hummingbird - BFF | WLW app","Technical Tests","search-controller","GET /public_api/suppliers/recommendations [SEC] Injection Probe","","GET /public_api/suppliers/recommendations [SEC] Injection Probe",""
"passed","Mon Aug 03 09:02:42 UTC 2026","Mon Aug 03 09:02:42 UTC 2026","36","1.1 Team Hummingbird - BFF | WLW app","Technical Tests","ai-company-search-controller","POST /public_api/search/ai/supplier/pv-match [NEG] Forbidden Role Token","","POST /public_api/search/ai/supplier/pv-match [NEG] Forbidden Role Token",""
"passed","Mon Aug 03 09:02:08 UTC 2026","Mon Aug 03 09:02:09 UTC 2026","860","4. Team CRM |CRM Staging","Endpoints Tests","(root)","Create platform profile","","Create platform profile",""
"passed","Mon Aug 03 09:02:38 UTC 2026","Mon Aug 03 09:02:38 UTC 2026","457","1.1 Team Hummingbird - BFF | WLW app","Endpoint tests","Search","Product Search FR","","Product Search FR",""
"passed","Mon Aug 03 09:02:49 UTC 2026","Mon Aug 03 09:02:49 UTC 2026","21","1.1 Team Hummingbird - BFF | WLW app","Technical Tests","conversation-controller","POST /public_api/conversation/userConversations/{conversationId}/messages/{messageId}/translate [NEG] Missing Auth/API-Key","","POST /public_api/conversation/userConversations/{conversationId}/messages/{messageId}/translate [NEG] Missing Auth/API-Key",""
"failed","Mon Aug 03 09:03:09 UTC 2026","Mon Aug 03 09:03:09 UTC 2026","14","1.1 Team Hummingbird - BFF | WLW app","Technical Tests","search-controller","GET /public_api/search/autoComplete [NEG] Expired Token","","GET /public_api/search/autoComplete [NEG] Expired Token",""
"failed","Mon Aug 03 09:02:41 UTC 2026","Mon Aug 03 09:02:41 UTC 2026","110","1.1 Team Hummingbird - BFF | WLW app","Endpoint tests","Conversations","Decline RFQ","","Decline RFQ",""
"passed","Mon Aug 03 09:02:06 UTC 2026","Mon Aug 03 09:02:06 UTC 2026","106","4. Team CRM |CRM Staging","Endpoints Tests","(root)","get connect receipient","","get connect receipient",""
"broken","Mon Aug 03 09:02:20 UTC 2026","Mon Aug 03 09:02:40 UTC 2026","20033","Dolphin","Technical","","","pvMatchEmptyCompanyListTest","AI Search PV match: empty companyList → business failure",""
"passed","Mon Aug 03 09:02:34 UTC 2026","Mon Aug 03 09:02:34 UTC 2026","108","1.1 Team Hummingbird - BFF | WLW app","Endpoint tests","Login","forgot password","","forgot password",""
"passed","Mon Aug 03 09:02:45 UTC 2026","Mon Aug 03 09:02:45 UTC 2026","39","1.1 Team Hummingbird - BFF | WLW app","Technical Tests","categories-controller","GET /public_api/categories/homepage [NEG] Forbidden Role Token","","GET /public_api/categories/homepage [NEG] Forbidden Role Token",""
"passed","Mon Aug 03 09:03:03 UTC 2026","Mon Aug 03 09:03:03 UTC 2026","36","1.1 Team Hummingbird - BFF | WLW app","Technical Tests","purchaser-user-setting-controller","POST /userSetting/","","POST /userSetting/",""
"failed","Mon Aug 03 09:03:08 UTC 2026","Mon Aug 03 09:03:08 UTC 2026","12","1.1 Team Hummingbird - BFF | WLW app","Technical Tests","search-controller","GET /public_api/search/autoComplete [NEG] Missing Auth/API-Key","","GET /public_api/search/autoComplete [NEG] Missing Auth/API-Key",""
"broken","Mon Aug 03 09:04:00 UTC 2026","Mon Aug 03 09:04:20 UTC 2026","20016","Dolphin","Functional","","","recallCountryFilterTest","AI Search recall: country filter DE",""
"passed","Mon Aug 03 09:03:06 UTC 2026","Mon Aug 03 09:03:06 UTC 2026","31","1.1 Team Hummingbird - BFF | WLW app","Technical Tests","rfq-controller","POST /public_api/connect/purchaser/tenders","","POST /public_api/connect/purchaser/tenders",""
"skipped","Mon Aug 03 09:00:15 UTC 2026","Mon Aug 03 09:00:15 UTC 2026","0","7. Team Pegasus | Pegasus Staging","Business Scenarios Tests","Business Insights","Dashboard smoke flow","","Top products",""
"skipped","Mon Aug 03 09:00:15 UTC 2026","Mon Aug 03 09:00:15 UTC 2026","0","7. Team Pegasus | Pegasus Staging","Spike | Profiles link user to company","(root)","02 POST — Create company (Supplier Facts)","","02 POST — Create company (Supplier Facts)",""
"failed","Mon Aug 03 09:02:46 UTC 2026","Mon Aug 03 09:02:46 UTC 2026","15","1.1 Team Hummingbird - BFF | WLW app","Technical Tests","company-controller","GET /public_api/suppliers/{companyID}/listings [SEC] Injection Probe","","GET /public_api/suppliers/{companyID}/listings [SEC] Injection Probe",""
"passed","Mon Aug 03 09:02:03 UTC 2026","Mon Aug 03 09:02:04 UTC 2026","1538","4. Team CRM |CRM Staging","Business Scenarios Tests","Lead","Create a  lead","","Create a  lead",""
"passed","Mon Aug 03 09:01:46 UTC 2026","Mon Aug 03 09:01:47 UTC 2026","182","1 Team Hummingbird - BFF | EP app","Endpoint tests","Company","Companies / products EN","","Companies / products EN",""
"passed","Mon Aug 03 09:01:43 UTC 2026","Mon Aug 03 09:01:44 UTC 2026","607","1 Team Hummingbird - BFF | EP app","Endpoint tests","Login","native email login","","native email login",""
"failed","Mon Aug 03 09:02:03 UTC 2026","Mon Aug 03 09:02:03 UTC 2026","289","4. Team CRM |CRM Staging","Business Scenarios Tests","Lead","Update a Lead","","Update a Lead",""
"failed","Mon Aug 03 09:01:50 UTC 2026","Mon Aug 03 09:01:50 UTC 2026","19","1 Team Hummingbird - BFF | EP app","Endpoint tests","Conversations","dynamic link conversation","","dynamic link conversation",""
"skipped","Mon Aug 03 09:00:15 UTC 2026","Mon Aug 03 09:00:15 UTC 2026","0","7. Team Pegasus | Pegasus Staging","Business Scenarios Tests","Supplier Registration","WLW - Lead create and update","","leads - Create a lead",""
"failed","Mon Aug 03 09:02:44 UTC 2026","Mon Aug 03 09:02:44 UTC 2026","13","1.1 Team Hummingbird - BFF | WLW app","Technical Tests","ai-company-search-controller","GET /public_api/search/ai/company/stream/mock [NEG] Forbidden Role Token","","GET /public_api/search/ai/company/stream/mock [NEG] Forbidden Role Token",""
"failed","Mon Aug 03 09:02:46 UTC 2026","Mon Aug 03 09:02:46 UTC 2026","18","1.1 Team Hummingbird - BFF | WLW app","Technical Tests","company-controller","GET /public_api/company [NEG] Missing Auth/API-Key","","GET /public_api/company [NEG] Missing Auth/API-Key",""
"passed","Mon Aug 03 09:02:05 UTC 2026","Mon Aug 03 09:02:05 UTC 2026","608","4. Team CRM |CRM Staging","Business Scenarios Tests","Calls","Smoke test for call","","Smoke test for call",""
"passed","Mon Aug 03 09:02:58 UTC 2026","Mon Aug 03 09:02:59 UTC 2026","35","1.1 Team Hummingbird - BFF | WLW app","Technical Tests","login-controller","POST /public_api/auth/registration [NEG] Expired Token","","POST /public_api/auth/registration [NEG] Expired Token",""
"passed","Mon Aug 03 09:02:36 UTC 2026","Mon Aug 03 09:02:36 UTC 2026","30","1.1 Team Hummingbird - BFF | WLW app","Endpoint tests","Mobile_Feedback","Feedback Subject_FR","","Feedback Subject_FR",""
"failed","Mon Aug 03 09:02:38 UTC 2026","Mon Aug 03 09:02:39 UTC 2026","170","1.1 Team Hummingbird - BFF | WLW app","Endpoint tests","Homepage, products","product recommendations FR","","product recommendations FR",""
"skipped","Mon Aug 03 09:00:15 UTC 2026","Mon Aug 03 09:00:15 UTC 2026","0","7. Team Pegasus | Pegasus Staging","Endpoints Tests","Visitors","Java (statistics-app)","","WSL pixel",""
"passed","Mon Aug 03 09:01:48 UTC 2026","Mon Aug 03 09:01:49 UTC 2026","193","1 Team Hummingbird - BFF | EP app","Endpoint tests","Homepage, products","product recommendations FR","","product recommendations FR",""
"passed","Mon Aug 03 09:02:00 UTC 2026","Mon Aug 03 09:02:00 UTC 2026","170","4. Team CRM |CRM Staging","Business Scenarios Tests","Account","Smoke test : Account + Contact + SAP","","Smoke test : Account + Contact + SAP",""
"passed","Mon Aug 03 09:02:35 UTC 2026","Mon Aug 03 09:02:35 UTC 2026","22","1.1 Team Hummingbird - BFF | WLW app","Endpoint tests","Support","Supportmasterdata_FR","","Supportmasterdata_FR",""
"broken","Mon Aug 03 09:01:20 UTC 2026","Mon Aug 03 09:01:21 UTC 2026","554","Bamboo","Technical","","","leafCategoryPredictTest","leafCategoryPredict",""
"failed","Mon Aug 03 09:02:44 UTC 2026","Mon Aug 03 09:02:44 UTC 2026","14","1.1 Team Hummingbird - BFF | WLW app","Technical Tests","categories-controller","PUT /preferred/categories","","PUT /preferred/categories",""
"skipped","Mon Aug 03 09:00:15 UTC 2026","Mon Aug 03 09:00:15 UTC 2026","0","7. Team Pegasus | Pegasus Staging","Business Scenarios Tests","Business Insights","Dashboard smoke flow","","Activity",""
"passed","Mon Aug 03 09:10:55 UTC 2026","Mon Aug 03 09:10:55 UTC 2026","74","Dolphin","Technical","","","sameStoreProductRecommendTest","product same store recommend -- wlw",""
"passed","Mon Aug 03 09:02:08 UTC 2026","Mon Aug 03 09:02:09 UTC 2026","269","4. Team CRM |CRM Staging","Endpoints Tests","(root)","trigger a Buyer lead","","trigger a Buyer lead",""
"passed","Mon Aug 03 09:02:03 UTC 2026","Mon Aug 03 09:02:04 UTC 2026","62","4. Team CRM |CRM Staging","Business Scenarios Tests","WLW Price Compaigns","WLW_Price Compaigns","","WLW_Price Compaigns",""
"passed","Mon Aug 03 09:10:53 UTC 2026","Mon Aug 03 09:10:53 UTC 2026","798","Dolphin","Technical","","","productTextSearchTopRankingScenarioTest","AI product text search recall: wlw-staging cnc top-ranking scenario",""
"failed","Mon Aug 03 09:03:07 UTC 2026","Mon Aug 03 09:03:07 UTC 2026","14","1.1 Team Hummingbird - BFF | WLW app","Technical Tests","search-controller","GET /public_api/suppliers/recommendations [NEG] Forbidden Role Token","","GET /public_api/suppliers/recommendations [NEG] Forbidden Role Token",""
"failed","Mon Aug 03 09:01:51 UTC 2026","Mon Aug 03 09:01:56 UTC 2026","5084","1 Team Hummingbird - BFF | EP app","Endpoint tests","Visitor profiler","Visitor ID","","Visitor ID",""
"failed","Mon Aug 03 09:02:44 UTC 2026","Mon Aug 03 09:02:44 UTC 2026","14","1.1 Team Hummingbird - BFF | WLW app","Technical Tests","ai-company-search-controller","GET /public_api/search/ai/company/stream/mock [NEG] Expired Token","","GET /public_api/search/ai/company/stream/mock [NEG] Expired Token",""
"passed","Mon Aug 03 09:02:03 UTC 2026","Mon Aug 03 09:02:03 UTC 2026","87","4. Team CRM |CRM Staging","Business Scenarios Tests","Lead","Smoke test for Conversion","","Smoke test for Conversion",""
"skipped","Mon Aug 03 09:00:15 UTC 2026","Mon Aug 03 09:00:15 UTC 2026","0","7. Team Pegasus | Pegasus Staging","Endpoints Tests","Business Insights","Admin BIOPS imports","","Admin BIOPS imports",""
"passed","Mon Aug 03 09:00:26 UTC 2026","Mon Aug 03 09:00:26 UTC 2026","313","Arise","Functional","","","psearchProxySearch","psearchProxySearch",""
"passed","Mon Aug 03 09:01:57 UTC 2026","Mon Aug 03 09:01:57 UTC 2026","76","4. Team CRM |CRM Staging","Business Scenarios Tests","Tasks","Check Task","","Check Task",""
"passed","Mon Aug 03 09:10:55 UTC 2026","Mon Aug 03 09:10:55 UTC 2026","79","Dolphin","Functional","","","zeroResultProductRecommendTest","Recommend products in 0 result search list page v1 -- wlw",""
"passed","Mon Aug 03 09:02:55 UTC 2026","Mon Aug 03 09:02:55 UTC 2026","36","1.1 Team Hummingbird - BFF | WLW app","Technical Tests","feedback-controller","POST /v1/feedback [NEG] Expired Token","","POST /v1/feedback [NEG] Expired Token",""
"skipped","Mon Aug 03 09:01:56 UTC 2026","Mon Aug 03 09:01:56 UTC 2026","0","4. Team CRM |CRM Staging","Endpoints Tests","Leads","(empty)","","Endpoints Tests / Leads - empty",""
"broken","Mon Aug 03 09:08:22 UTC 2026","Mon Aug 03 09:08:42 UTC 2026","20008","Dolphin","Technical","","","recallTopRankingScenarioTest","AI Search recall: wlw-staging.de cnc top-ranking scenario",""
"passed","Mon Aug 03 09:01:45 UTC 2026","Mon Aug 03 09:01:45 UTC 2026","21","1 Team Hummingbird - BFF | EP app","Endpoint tests","Support","Support FAQ_EN","","Support FAQ_EN",""
"failed","Mon Aug 03 09:02:39 UTC 2026","Mon Aug 03 09:02:40 UTC 2026","256","1.1 Team Hummingbird - BFF | WLW app","Endpoint tests","Contact request","Product request","","Product request",""
"passed","Mon Aug 03 09:10:54 UTC 2026","Mon Aug 03 09:10:54 UTC 2026","88","Dolphin","Technical","","","EPSameStoreProductRecommendTest","product same store recommend -- ep",""
"broken","Mon Aug 03 09:05:41 UTC 2026","Mon Aug 03 09:06:01 UTC 2026","20016","Dolphin","Technical","","","recallPageSizeOverMaxTest","AI Search recall: pageSize over max capped",""
"passed","Mon Aug 03 09:02:54 UTC 2026","Mon Aug 03 09:02:54 UTC 2026","18","1.1 Team Hummingbird - BFF | WLW app","Technical Tests","dynamic-links-controller","POST /public_api/branchio/dynamiclink [NEG] Missing Auth/API-Key","","POST /public_api/branchio/dynamiclink [NEG] Missing Auth/API-Key",""
"passed","Mon Aug 03 09:10:50 UTC 2026","Mon Aug 03 09:10:51 UTC 2026","704","Dolphin","Functional","","","productTextSearchSortTest","AI product text search recall: alternate sort",""
"passed","Mon Aug 03 09:02:56 UTC 2026","Mon Aug 03 09:02:57 UTC 2026","36","1.1 Team Hummingbird - BFF | WLW app","Technical Tests","help-and-support-controller","POST /help [NEG] Expired Token","","POST /help [NEG] Expired Token",""
"passed","Mon Aug 03 09:01:47 UTC 2026","Mon Aug 03 09:01:47 UTC 2026","215","1 Team Hummingbird - BFF | EP app","Endpoint tests","Company","branchIO dynamic link, share CPP","","branchIO dynamic link, share CPP",""
"passed","Mon Aug 03 09:01:58 UTC 2026","Mon Aug 03 09:01:59 UTC 2026","536","4. Team CRM |CRM Staging","Business Scenarios Tests","Account","Dunning level 1","","Dunning level 1",""
"passed","Mon Aug 03 09:10:52 UTC 2026","Mon Aug 03 09:10:53 UTC 2026","857","Dolphin","Functional","","","productTextSearchTest","AI product text search recall API",""
"passed","Mon Aug 03 09:02:37 UTC 2026","Mon Aug 03 09:02:37 UTC 2026","89","1.1 Team Hummingbird - BFF | WLW app","Endpoint tests","Search","search autoComplete DE","","search autoComplete DE",""
"passed","Mon Aug 03 09:02:41 UTC 2026","Mon Aug 03 09:02:41 UTC 2026","63","1.1 Team Hummingbird - BFF | WLW app","Endpoint tests","Visitor profiler","download visitors csv","","download visitors csv",""
"failed","Mon Aug 03 09:02:43 UTC 2026","Mon Aug 03 09:02:43 UTC 2026","15","1.1 Team Hummingbird - BFF | WLW app","Technical Tests","ai-company-search-controller","GET /public_api/search/ai/company/search [NEG] Expired Token","","GET /public_api/search/ai/company/search [NEG] Expired Token",""
"skipped","Mon Aug 03 09:00:15 UTC 2026","Mon Aug 03 09:00:15 UTC 2026","0","7. Team Pegasus | Pegasus Staging","Endpoints Tests","Business Insights","Dashboard","","Dashboard",""
"passed","Mon Aug 03 09:02:34 UTC 2026","Mon Aug 03 09:02:34 UTC 2026","535","1.1 Team Hummingbird - BFF | WLW app","Endpoint tests","Login","user Info","","user Info",""
"failed","Mon Aug 03 09:03:14 UTC 2026","Mon Aug 03 09:03:14 UTC 2026","14","1.1 Team Hummingbird - BFF | WLW app","Technical Tests","trending-products-controller","GET /public_api/trending/products [NEG] Missing Auth/API-Key","","GET /public_api/trending/products [NEG] Missing Auth/API-Key",""
"passed","Mon Aug 03 09:03:10 UTC 2026","Mon Aug 03 09:03:10 UTC 2026","35","1.1 Team Hummingbird - BFF | WLW app","Technical Tests","search-controller","GET /public_api/search/ai/tabChange [SEC] Injection Probe","","GET /public_api/search/ai/tabChange [SEC] Injection Probe",""
"passed","Mon Aug 03 09:02:02 UTC 2026","Mon Aug 03 09:02:02 UTC 2026","218","4. Team CRM |CRM Staging","Business Scenarios Tests","Lead","Lead-duplicateCheck - with dulicates","","Lead-duplicateCheck - with dulicates",""
"passed","Mon Aug 03 09:02:37 UTC 2026","Mon Aug 03 09:02:37 UTC 2026","106","1.1 Team Hummingbird - BFF | WLW app","Endpoint tests","Search","search autoComplete EN","","search autoComplete EN",""
"failed","Mon Aug 03 09:01:21 UTC 2026","Mon Aug 03 09:01:21 UTC 2026","15","Bamboo","Functional","","","listSubCategoriesTest","list sub Categories",""
"passed","Mon Aug 03 09:01:48 UTC 2026","Mon Aug 03 09:01:49 UTC 2026","853","1 Team Hummingbird - BFF | EP app","Endpoint tests","Search","Product Search EN","","Product Search EN",""
"passed","Mon Aug 03 09:02:35 UTC 2026","Mon Aug 03 09:02:35 UTC 2026","71","1.1 Team Hummingbird - BFF | WLW app","Endpoint tests","User settings","user setting","","user setting",""
"passed","Mon Aug 03 09:02:07 UTC 2026","Mon Aug 03 09:02:07 UTC 2026","222","4. Team CRM |CRM Staging","Endpoints Tests","(root)","trigger from SF Platform Profile","","trigger from SF Platform Profile",""
"passed","Mon Aug 03 09:10:54 UTC 2026","Mon Aug 03 09:10:54 UTC 2026","24","Dolphin","Technical","","","getLandingPageProductListTest","get Landing page Product List for seo",""
"passed","Mon Aug 03 09:02:58 UTC 2026","Mon Aug 03 09:02:58 UTC 2026","32","1.1 Team Hummingbird - BFF | WLW app","Technical Tests","login-controller","POST /public_api/auth/session/extend [NEG] Forbidden Role Token","","POST /public_api/auth/session/extend [NEG] Forbidden Role Token",""
"passed","Mon Aug 03 09:02:40 UTC 2026","Mon Aug 03 09:02:40 UTC 2026","253","1.1 Team Hummingbird - BFF | WLW app","Endpoint tests","Conversations","conversation/messages","","conversation/messages",""
"passed","Mon Aug 03 09:02:42 UTC 2026","Mon Aug 03 09:02:42 UTC 2026","42","1.1 Team Hummingbird - BFF | WLW app","Technical Tests","ai-company-search-controller","POST /public_api/search/ai/supplier/recall [NEG] Expired Token","","POST /public_api/search/ai/supplier/recall [NEG] Expired Token",""
"skipped","Mon Aug 03 09:00:15 UTC 2026","Mon Aug 03 09:00:15 UTC 2026","0","7. Team Pegasus | Pegasus Staging","Endpoints Tests","Business Insights","Origin","","Origin",""
"failed","Mon Aug 03 09:03:04 UTC 2026","Mon Aug 03 09:03:04 UTC 2026","16","1.1 Team Hummingbird - BFF | WLW app","Technical Tests","purchaser-user-setting-controller","GET /userSetting [NEG] Expired Token","","GET /userSetting [NEG] Expired Token",""
"passed","Mon Aug 03 09:01:46 UTC 2026","Mon Aug 03 09:01:46 UTC 2026","21","1 Team Hummingbird - BFF | EP app","Endpoint tests","Mobile_Feedback","Feedback Subject_FR","","Feedback Subject_FR",""
"passed","Mon Aug 03 09:02:00 UTC 2026","Mon Aug 03 09:02:01 UTC 2026","161","4. Team CRM |CRM Staging","Business Scenarios Tests","Feedback","Trigger Feedback","","Trigger Feedback",""
"passed","Mon Aug 03 09:02:59 UTC 2026","Mon Aug 03 09:02:59 UTC 2026","31","1.1 Team Hummingbird - BFF | WLW app","Technical Tests","login-controller","POST /public_api/auth/code/verify [NEG] Forbidden Role Token","","POST /public_api/auth/code/verify [NEG] Forbidden Role Token",""
"passed","Mon Aug 03 09:01:50 UTC 2026","Mon Aug 03 09:01:50 UTC 2026","757","1 Team Hummingbird - BFF | EP app","Endpoint tests","Conversations","new message","","new message",""
"passed","Mon Aug 03 09:02:55 UTC 2026","Mon Aug 03 09:02:56 UTC 2026","46","1.1 Team Hummingbird - BFF | WLW app","Technical Tests","feedback-controller","POST /feedback","","POST /feedback",""
"passed","Mon Aug 03 09:02:35 UTC 2026","Mon Aug 03 09:02:35 UTC 2026","22","1.1 Team Hummingbird - BFF | WLW app","Endpoint tests","Support","Support FAQ_DE","","Support FAQ_DE",""
"passed","Mon Aug 03 09:02:09 UTC 2026","Mon Aug 03 09:02:09 UTC 2026","66","4. Team CRM |CRM Staging","Endpoints Tests","(root)","resolve individual id bulk","","resolve individual id bulk",""
"passed","Mon Aug 03 09:03:04 UTC 2026","Mon Aug 03 09:03:04 UTC 2026","44","1.1 Team Hummingbird - BFF | WLW app","Technical Tests","purchaser-user-setting-controller","POST /userSetting/ [NEG] Expired Token","","POST /userSetting/ [NEG] Expired Token",""
"passed","Mon Aug 03 09:01:50 UTC 2026","Mon Aug 03 09:01:50 UTC 2026","253","1 Team Hummingbird - BFF | EP app","Endpoint tests","Conversations","conversation/messages","","conversation/messages",""
"passed","Mon Aug 03 09:02:07 UTC 2026","Mon Aug 03 09:02:08 UTC 2026","1245","4. Team CRM |CRM Staging","Endpoints Tests","(root)","trigger the Paid Media lead","","trigger the Paid Media lead",""
"failed","Mon Aug 03 09:02:36 UTC 2026","Mon Aug 03 09:02:36 UTC 2026","42","1.1 Team Hummingbird - BFF | WLW app","Endpoint tests","Company","Company ID DE","","Company ID DE",""
"skipped","Mon Aug 03 09:00:15 UTC 2026","Mon Aug 03 09:00:15 UTC 2026","0","7. Team Pegasus | Pegasus Staging","Endpoints Tests","Shop Import & Onboarding Backend","/import/status","","/import/status",""
"passed","Mon Aug 03 09:02:05 UTC 2026","Mon Aug 03 09:02:06 UTC 2026","477","4. Team CRM |CRM Staging","Business Scenarios Tests","Cases","Smoke Test for Case Creation","","Smoke Test for Case Creation",""
"passed","Mon Aug 03 09:02:55 UTC 2026","Mon Aug 03 09:02:55 UTC 2026","19","1.1 Team Hummingbird - BFF | WLW app","Technical Tests","feedback-controller","POST /v1/feedback [NEG] Missing Auth/API-Key","","POST /v1/feedback [NEG] Missing Auth/API-Key",""
"failed","Mon Aug 03 09:02:03 UTC 2026","Mon Aug 03 09:02:03 UTC 2026","289","4. Team CRM |CRM Staging","Business Scenarios Tests","Lead","Update a Lead","","Update a Lead",""
"passed","Mon Aug 03 09:02:43 UTC 2026","Mon Aug 03 09:02:43 UTC 2026","23","1.1 Team Hummingbird - BFF | WLW app","Technical Tests","ai-company-search-controller","POST /public_api/search/ai/company/search [NEG] Missing Auth/API-Key","","POST /public_api/search/ai/company/search [NEG] Missing Auth/API-Key",""
"passed","Mon Aug 03 09:03:08 UTC 2026","Mon Aug 03 09:03:08 UTC 2026","32","1.1 Team Hummingbird - BFF | WLW app","Technical Tests","search-controller","GET /public_api/search/products [SEC] Injection Probe","","GET /public_api/search/products [SEC] Injection Probe",""
"failed","Mon Aug 03 09:02:38 UTC 2026","Mon Aug 03 09:02:38 UTC 2026","133","1.1 Team Hummingbird - BFF | WLW app","Endpoint tests","Homepage, products","product recommendations EN","","product recommendations EN",""
"failed","Mon Aug 03 09:03:01 UTC 2026","Mon Aug 03 09:03:01 UTC 2026","14","1.1 Team Hummingbird - BFF | WLW app","Technical Tests","product-controller","GET /public_api/products [NEG] Forbidden Role Token","","GET /public_api/products [NEG] Forbidden Role Token",""
"skipped","Mon Aug 03 09:07:32 UTC 2026","Mon Aug 03 09:07:32 UTC 2026","0","3 Team Techno - UCL","Technical Tests","SponsoredBrand","GET /unified_commercial_logic/internal_api/api/sponsored_brand_v1/{id} - Retrieve SponsoredBrandV1 By ID","","GET /unified_commercial_logic/internal_api/api/sponsored_brand_v1/{id} - Retrieve SponsoredBrandV1 By ID",""
"passed","Mon Aug 03 09:01:21 UTC 2026","Mon Aug 03 09:01:21 UTC 2026","34","Bamboo","Technical","","","searchCategoryByNameTest","searchCategoryByName",""
"broken","Mon Aug 03 09:01:20 UTC 2026","Mon Aug 03 09:01:21 UTC 2026","554","Bamboo","Functional","","","leafCategoryPredictTest","leafCategoryPredict",""
"skipped","Mon Aug 03 09:00:15 UTC 2026","Mon Aug 03 09:00:15 UTC 2026","0","7. Team Pegasus | Pegasus Staging","Business Scenarios Tests","Business Insights","Dashboard smoke flow","","Traffic",""
"failed","Mon Aug 03 09:01:21 UTC 2026","Mon Aug 03 09:01:21 UTC 2026","15","Bamboo","Technical","","","listSubCategoriesTest","list sub Categories",""
"passed","Mon Aug 03 09:03:03 UTC 2026","Mon Aug 03 09:03:03 UTC 2026","34","1.1 Team Hummingbird - BFF | WLW app","Technical Tests","purchaser-support-controller","GET /support-faq [SEC] Injection Probe","","GET /support-faq [SEC] Injection Probe",""
"skipped","Mon Aug 03 09:07:32 UTC 2026","Mon Aug 03 09:07:32 UTC 2026","0","3 Team Techno - UCL","Technical Tests","Membership","GET /unified_commercial_logic/internal_api/api/membership/platform-profile-status/{sfuuid} - getStatus By SFUUID","","GET /unified_commercial_logic/internal_api/api/membership/platform-profile-status/{sfuuid} - getStatus By SFUUID",""
"broken","Mon Aug 03 09:09:02 UTC 2026","Mon Aug 03 09:09:22 UTC 2026","20017","Dolphin","Technical","","","termRecommendBlankLanguageTest","AI Search term recommend: blank language → business failure",""
"failed","Mon Aug 03 09:03:12 UTC 2026","Mon Aug 03 09:03:12 UTC 2026","14","1.1 Team Hummingbird - BFF | WLW app","Technical Tests","supplier-visitors-controller","GET /public_api/suppliers/{supplier_id}/visits [SEC] Injection Probe","","GET /public_api/suppliers/{supplier_id}/visits [SEC] Injection Probe",""
"passed","Mon Aug 03 09:02:34 UTC 2026","Mon Aug 03 09:02:34 UTC 2026","628","1.1 Team Hummingbird - BFF | WLW app","Endpoint tests","Login","native email login","","native email login",""
"skipped","Mon Aug 03 09:00:15 UTC 2026","Mon Aug 03 09:00:15 UTC 2026","0","7. Team Pegasus | Pegasus Staging","Endpoints Tests","Shop Import & Onboarding Backend","/offers/fetchCategory","","/offers/fetchCategory",""
"failed","Mon Aug 03 09:01:49 UTC 2026","Mon Aug 03 09:01:49 UTC 2026","292","1 Team Hummingbird - BFF | EP app","Endpoint tests","Contact request","Callback request","","Callback request",""
"broken","Mon Aug 03 09:08:01 UTC 2026","Mon Aug 03 09:08:22 UTC 2026","20590","Dolphin","Technical","","","recallTest","AI Search recall (supplierTextSearch) API using params from inference",""
"passed","Mon Aug 03 09:02:04 UTC 2026","Mon Aug 03 09:02:06 UTC 2026","2568","4. Team CRM |CRM Staging","Business Scenarios Tests","Contacts","Create Contact","","Create Contact",""
"passed","Mon Aug 03 09:02:03 UTC 2026","Mon Aug 03 09:02:03 UTC 2026","87","4. Team CRM |CRM Staging","Business Scenarios Tests","Lead","Smoke test for Conversion","","Smoke test for Conversion",""
"passed","Mon Aug 03 09:02:59 UTC 2026","Mon Aug 03 09:02:59 UTC 2026","37","1.1 Team Hummingbird - BFF | WLW app","Technical Tests","login-controller","POST /public_api/auth/code/verify [NEG] Expired Token","","POST /public_api/auth/code/verify [NEG] Expired Token",""
"failed","Mon Aug 03 09:00:18 UTC 2026","Mon Aug 03 09:00:18 UTC 2026","16","2 Team Dragon - BFF | RFQ Backend","Technical Tests","(root)","POST /v1/rfqs/{rfqId}/respond - Multipart Upload + Schema + Security","","POST /v1/rfqs/{rfqId}/respond - Multipart Upload + Schema + Security",""
"failed","Mon Aug 03 09:02:42 UTC 2026","Mon Aug 03 09:02:42 UTC 2026","13","1.1 Team Hummingbird - BFF | WLW app","Technical Tests","ai-company-search-controller","GET /public_api/search/ai/company/search","","GET /public_api/search/ai/company/search",""
"failed","Mon Aug 03 09:03:13 UTC 2026","Mon Aug 03 09:03:13 UTC 2026","16","1.1 Team Hummingbird - BFF | WLW app","Technical Tests","supplier-visitors-controller","GET /public_api/suppliers/{supplier_id}/visits/csv [NEG] Missing Auth/API-Key","","GET /public_api/suppliers/{supplier_id}/visits/csv [NEG] Missing Auth/API-Key",""
"skipped","Mon Aug 03 09:00:15 UTC 2026","Mon Aug 03 09:00:15 UTC 2026","0","7. Team Pegasus | Pegasus Staging","Business Scenarios Tests","Supplier Registration","WLW - Lead create and update","","leads/{lead_id} - Update a lead",""
"skipped","Mon Aug 03 09:00:15 UTC 2026","Mon Aug 03 09:00:15 UTC 2026","0","7. Team Pegasus | Pegasus Staging","Endpoints Tests","User & Company Context","Get user details by","","Get user details by",""
"passed","Mon Aug 03 09:01:59 UTC 2026","Mon Aug 03 09:02:00 UTC 2026","750","4. Team CRM |CRM Staging","Business Scenarios Tests","Account","Account for Contact","","Account for Contact",""
"passed","Mon Aug 03 09:03:00 UTC 2026","Mon Aug 03 09:03:00 UTC 2026","40","1.1 Team Hummingbird - BFF | WLW app","Technical Tests","login-controller","POST /public_api/auth/code/resend [NEG] Missing Auth/API-Key","","POST /public_api/auth/code/resend [NEG] Missing Auth/API-Key",""
"failed","Mon Aug 03 09:02:51 UTC 2026","Mon Aug 03 09:02:51 UTC 2026","17","1.1 Team Hummingbird - BFF | WLW app","Technical Tests","conversation-controller","GET /public_api/conversation/userConversations [NEG] Missing Auth/API-Key","","GET /public_api/conversation/userConversations [NEG] Missing Auth/API-Key",""
"passed","Mon Aug 03 09:03:00 UTC 2026","Mon Aug 03 09:03:00 UTC 2026","34","1.1 Team Hummingbird - BFF | WLW app","Technical Tests","login-controller","DELETE /public_api/auth/sso/logout [NEG] Missing Auth/API-Key","","DELETE /public_api/auth/sso/logout [NEG] Missing Auth/API-Key",""
"passed","Mon Aug 03 09:02:58 UTC 2026","Mon Aug 03 09:02:58 UTC 2026","36","1.1 Team Hummingbird - BFF | WLW app","Technical Tests","login-controller","POST /public_api/auth/registration","","POST /public_api/auth/registration",""
"skipped","Mon Aug 03 09:00:15 UTC 2026","Mon Aug 03 09:00:15 UTC 2026","0","7. Team Pegasus | Pegasus Staging","Endpoints Tests","Supplier Registration","EP","","{{supplierRegistrationBackendBaseUrlForGetRequests}}/api/business_sectors/index?lang=en&query=Biscuits",""
"failed","Mon Aug 03 09:03:13 UTC 2026","Mon Aug 03 09:03:13 UTC 2026","14","1.1 Team Hummingbird - BFF | WLW app","Technical Tests","supplier-visitors-controller","GET /public_api/suppliers/{supplier_id}/visits/csv","","GET /public_api/suppliers/{supplier_id}/visits/csv",""
"failed","Mon Aug 03 09:01:59 UTC 2026","Mon Aug 03 09:01:59 UTC 2026","474","4. Team CRM |CRM Staging","Business Scenarios Tests","Account","Verify HubSpot Sync","","Verify HubSpot Sync",""
"failed","Mon Aug 03 09:02:09 UTC 2026","Mon Aug 03 09:02:09 UTC 2026","107","4. Team CRM |CRM Staging","Endpoints Tests","(root)","get company data via CRM id","","get company data via CRM id",""
"skipped","Mon Aug 03 09:00:15 UTC 2026","Mon Aug 03 09:00:15 UTC 2026","0","7. Team Pegasus | Pegasus Staging","Endpoints Tests","Visitors","Get Visits","","Get Visits",""
"failed","Mon Aug 03 09:02:49 UTC 2026","Mon Aug 03 09:02:49 UTC 2026","13","1.1 Team Hummingbird - BFF | WLW app","Technical Tests","conversation-controller","GET /public_api/conversation/userConversations/{conversationId}/messages [NEG] Forbidden Role Token","","GET /public_api/conversation/userConversations/{conversationId}/messages [NEG] Forbidden Role Token",""
"skipped","Mon Aug 03 09:07:32 UTC 2026","Mon Aug 03 09:07:32 UTC 2026","0","3 Team Techno - UCL","Technical Tests","SponsoredBrand","GET /unified_commercial_logic/internal_api/api/sponsored_brand_v1/ - Retrieve SponsoredBrandV1 List","","GET /unified_commercial_logic/internal_api/api/sponsored_brand_v1/ - Retrieve SponsoredBrandV1 List",""
"skipped","Mon Aug 03 09:00:15 UTC 2026","Mon Aug 03 09:00:15 UTC 2026","0","7. Team Pegasus | Pegasus Staging","Endpoints Tests","Visitors","Elixir (supplier-app)","","Visitor details",""
"passed","Mon Aug 03 09:02:03 UTC 2026","Mon Aug 03 09:02:03 UTC 2026","87","4. Team CRM |CRM Staging","Business Scenarios Tests","Lead","Smoke test for Conversion","","Smoke test for Conversion",""
"passed","Mon Aug 03 09:02:40 UTC 2026","Mon Aug 03 09:02:40 UTC 2026","93","1.1 Team Hummingbird - BFF | WLW app","Endpoint tests","Conversations","translate message","","translate message",""
"failed","Mon Aug 03 09:03:05 UTC 2026","Mon Aug 03 09:03:05 UTC 2026","13","1.1 Team Hummingbird - BFF | WLW app","Technical Tests","push-notification-by-email-controller","GET /v1/pushNotification","","GET /v1/pushNotification",""
"skipped","Mon Aug 03 09:00:15 UTC 2026","Mon Aug 03 09:00:15 UTC 2026","0","7. Team Pegasus | Pegasus Staging","Endpoints Tests","Supplier Registration","One Platform — User Profile API","","Get Profile by ID",""
"passed","Mon Aug 03 09:02:02 UTC 2026","Mon Aug 03 09:02:06 UTC 2026","4741","4. Team CRM |CRM Staging","Business Scenarios Tests","Disable Hubspot","Change Hubspot to true","","Change Hubspot to true",""
"passed","Mon Aug 03 09:01:59 UTC 2026","Mon Aug 03 09:02:00 UTC 2026","636","4. Team CRM |CRM Staging","Business Scenarios Tests","Account","Smoke Test Create Account with All Fields","","Smoke Test Create Account with All Fields",""
"passed","Mon Aug 03 09:10:54 UTC 2026","Mon Aug 03 09:10:54 UTC 2026","41","Dolphin","Technical","","","getCategoryListWlwTest","v-recommend category list -- wlw, full categories",""
"failed","Mon Aug 03 09:03:05 UTC 2026","Mon Aug 03 09:03:05 UTC 2026","11","1.1 Team Hummingbird - BFF | WLW app","Technical Tests","push-notification-by-email-controller","GET /v1/pushNotification [NEG] Missing Auth/API-Key","","GET /v1/pushNotification [NEG] Missing Auth/API-Key",""
"failed","Mon Aug 03 09:02:46 UTC 2026","Mon Aug 03 09:02:46 UTC 2026","14","1.1 Team Hummingbird - BFF | WLW app","Technical Tests","company-controller","GET /public_api/company [SEC] Injection Probe","","GET /public_api/company [SEC] Injection Probe",""
"broken","Mon Aug 03 09:03:20 UTC 2026","Mon Aug 03 09:03:40 UTC 2026","20644","Dolphin","Technical","","","recallAlternateSortTest","AI Search recall: alternate sort (order_num_desc)",""
"failed","Mon Aug 03 09:00:18 UTC 2026","Mon Aug 03 09:00:18 UTC 2026","16","2 Team Dragon - BFF | RFQ Backend","Technical Tests","(root)","POST /v1/rfqs/{rfqId}/respond - Multipart Upload + Schema + Security","","POST /v1/rfqs/{rfqId}/respond - Multipart Upload + Schema + Security",""
"passed","Mon Aug 03 09:01:51 UTC 2026","Mon Aug 03 09:01:51 UTC 2026","148","1 Team Hummingbird - BFF | EP app","Endpoint tests","Visitor profiler","csv get","","csv get",""
"skipped","Mon Aug 03 09:00:15 UTC 2026","Mon Aug 03 09:00:15 UTC 2026","0","7. Team Pegasus | Pegasus Staging","Spike | Profiles link user to company","(root)","07 GET — Verify profile after PATCH","","07 GET — Verify profile after PATCH",""
"broken","Mon Aug 03 09:05:00 UTC 2026","Mon Aug 03 09:05:20 UTC 2026","20017","Dolphin","Technical","","","recallMissingRequestIdTest","AI Search recall: missing requestId still success",""
"passed","Mon Aug 03 09:02:56 UTC 2026","Mon Aug 03 09:02:56 UTC 2026","45","1.1 Team Hummingbird - BFF | WLW app","Technical Tests","feedback-controller","POST /feedback [NEG] Expired Token","","POST /feedback [NEG] Expired Token",""
"passed","Mon Aug 03 09:00:26 UTC 2026","Mon Aug 03 09:00:26 UTC 2026","26","Arise","Technical","","","pageElementsGet","pageElementsGet",""
"passed","Mon Aug 03 09:02:39 UTC 2026","Mon Aug 03 09:02:39 UTC 2026","50","1.1 Team Hummingbird - BFF | WLW app","Endpoint tests","Homepage, products","preferred categories","","preferred categories",""
"passed","Mon Aug 03 09:10:55 UTC 2026","Mon Aug 03 09:10:55 UTC 2026","74","Dolphin","Functional","","","sameStoreProductRecommendTest","product same store recommend -- wlw",""
"passed","Mon Aug 03 09:01:59 UTC 2026","Mon Aug 03 09:02:00 UTC 2026","750","4. Team CRM |CRM Staging","Business Scenarios Tests","Account","Account for Contact","","Account for Contact",""
"passed","Mon Aug 03 09:02:37 UTC 2026","Mon Aug 03 09:02:38 UTC 2026","872","1.1 Team Hummingbird - BFF | WLW app","Endpoint tests","Search","search companies, EN","","search companies, EN",""
"passed","Mon Aug 03 09:02:49 UTC 2026","Mon Aug 03 09:02:49 UTC 2026","33","1.1 Team Hummingbird - BFF | WLW app","Technical Tests","conversation-controller","GET /public_api/conversation/userConversations/{conversationId}/messages [SEC] Injection Probe","","GET /public_api/conversation/userConversations/{conversationId}/messages [SEC] Injection Probe",""
"failed","Mon Aug 03 09:01:48 UTC 2026","Mon Aug 03 09:01:48 UTC 2026","67","1 Team Hummingbird - BFF | EP app","Endpoint tests","Search","search track","","search track",""
"passed","Mon Aug 03 09:01:57 UTC 2026","Mon Aug 03 09:01:57 UTC 2026","76","4. Team CRM |CRM Staging","Business Scenarios Tests","Tasks","Check Task","","Check Task",""
"failed","Mon Aug 03 09:03:05 UTC 2026","Mon Aug 03 09:03:05 UTC 2026","15","1.1 Team Hummingbird - BFF | WLW app","Technical Tests","push-notification-by-email-controller","PUT /v1/pushNotification [NEG] Expired Token","","PUT /v1/pushNotification [NEG] Expired Token",""
"passed","Mon Aug 03 09:10:50 UTC 2026","Mon Aug 03 09:10:50 UTC 2026","795","Dolphin","Functional","","","productTextSearchSecondPageTest","AI product text search recall: pagination page 2",""
"passed","Mon Aug 03 09:01:46 UTC 2026","Mon Aug 03 09:01:46 UTC 2026","24","1 Team Hummingbird - BFF | EP app","Endpoint tests","Mobile_Feedback","Feedback Subject_DE","","Feedback Subject_DE",""
"skipped","Mon Aug 03 09:01:56 UTC 2026","Mon Aug 03 09:01:56 UTC 2026","0","4. Team CRM |CRM Staging","Endpoints Tests","Users","Custom Endpoints","","Endpoints Tests / Users / Custom Endpoints - empty",""
"failed","Mon Aug 03 09:03:09 UTC 2026","Mon Aug 03 09:03:09 UTC 2026","12","1.1 Team Hummingbird - BFF | WLW app","Technical Tests","search-controller","GET /public_api/search/ai/termRecommend [SEC] Injection Probe","","GET /public_api/search/ai/termRecommend [SEC] Injection Probe",""
"failed","Mon Aug 03 09:03:07 UTC 2026","Mon Aug 03 09:03:07 UTC 2026","13","1.1 Team Hummingbird - BFF | WLW app","Technical Tests","search-controller","GET /public_api/search [NEG] Missing Auth/API-Key","","GET /public_api/search [NEG] Missing Auth/API-Key",""
"passed","Mon Aug 03 09:02:34 UTC 2026","Mon Aug 03 09:02:34 UTC 2026","568","1.1 Team Hummingbird - BFF | WLW app","Endpoint tests","Login","native email login purchaser","","native email login purchaser",""
"passed","Mon Aug 03 09:02:55 UTC 2026","Mon Aug 03 09:02:55 UTC 2026","35","1.1 Team Hummingbird - BFF | WLW app","Technical Tests","euro-pages-controller","DELETE /public_api/euro-pages/auth/delete","","DELETE /public_api/euro-pages/auth/delete",""
"passed","Mon Aug 03 09:02:55 UTC 2026","Mon Aug 03 09:02:55 UTC 2026","37","1.1 Team Hummingbird - BFF | WLW app","Technical Tests","euro-pages-controller","PUT /public_api/euro-pages/auth/delete [NEG] Forbidden Role Token","","PUT /public_api/euro-pages/auth/delete [NEG] Forbidden Role Token",""
"passed","Mon Aug 03 09:03:14 UTC 2026","Mon Aug 03 09:03:14 UTC 2026","33","1.1 Team Hummingbird - BFF | WLW app","Technical Tests","trending-products-controller","GET /public_api/trending/notifications","","GET /public_api/trending/notifications",""
"passed","Mon Aug 03 09:01:57 UTC 2026","Mon Aug 03 09:01:57 UTC 2026","103","4. Team CRM |CRM Staging","Business Scenarios Tests","Tasks","Verify Change","","Verify Change",""
"passed","Mon Aug 03 09:02:08 UTC 2026","Mon Aug 03 09:02:08 UTC 2026","78","4. Team CRM |CRM Staging","Endpoints Tests","(root)","Update Website Leads Fields with sf_id","","Update Website Leads Fields with sf_id",""
"passed","Mon Aug 03 09:10:53 UTC 2026","Mon Aug 03 09:10:53 UTC 2026","798","Dolphin","Functional","","","productTextSearchTopRankingScenarioTest","AI product text search recall: wlw-staging cnc top-ranking scenario",""
"passed","Mon Aug 03 09:02:58 UTC 2026","Mon Aug 03 09:02:58 UTC 2026","15","1.1 Team Hummingbird - BFF | WLW app","Technical Tests","login-controller","POST /public_api/auth/resetPassword [NEG] Missing Auth/API-Key","","POST /public_api/auth/resetPassword [NEG] Missing Auth/API-Key",""
"passed","Mon Aug 03 09:01:47 UTC 2026","Mon Aug 03 09:01:48 UTC 2026","954","1 Team Hummingbird - BFF | EP app","Endpoint tests","Search","search companies, EN","","search companies, EN",""
"passed","Mon Aug 03 09:02:05 UTC 2026","Mon Aug 03 09:02:06 UTC 2026","608","4. Team CRM |CRM Staging","Business Scenarios Tests","Calls","Smoke test for call","","Smoke test for call",""
"passed","Mon Aug 03 09:10:55 UTC 2026","Mon Aug 03 09:10:55 UTC 2026","256","Dolphin","Technical","","","instoreSearchTest","instore search -- cpp/pdp with sort and leaf filter",""
"passed","Mon Aug 03 09:02:47 UTC 2026","Mon Aug 03 09:02:47 UTC 2026","38","1.1 Team Hummingbird - BFF | WLW app","Technical Tests","contact-form-controller","POST /public_api/contact-form/messages [NEG] Expired Token","","POST /public_api/contact-form/messages [NEG] Expired Token",""
"passed","Mon Aug 03 09:02:01 UTC 2026","Mon Aug 03 09:02:01 UTC 2026","113","4. Team CRM |CRM Staging","Business Scenarios Tests","Create and edit a contact","Check Contact","","Check Contact",""
"failed","Mon Aug 03 09:02:06 UTC 2026","Mon Aug 03 09:02:06 UTC 2026","432","4. Team CRM |CRM Staging","Endpoints Tests","Accounts","Get Account Information","","Get Account Information",""
"passed","Mon Aug 03 09:01:45 UTC 2026","Mon Aug 03 09:01:45 UTC 2026","125","1 Team Hummingbird - BFF | EP app","Endpoint tests","User settings","user setting","","user setting",""
"passed","Mon Aug 03 09:03:01 UTC 2026","Mon Aug 03 09:03:01 UTC 2026","35","1.1 Team Hummingbird - BFF | WLW app","Technical Tests","product-controller","GET /public_api/products/{productId}","","GET /public_api/products/{productId}",""
"passed","Mon Aug 03 09:02:50 UTC 2026","Mon Aug 03 09:02:50 UTC 2026","35","1.1 Team Hummingbird - BFF | WLW app","Technical Tests","conversation-controller","POST /public_api/conversation/userConversations/{conversationId}/messages/file [NEG] Forbidden Role Token","","POST /public_api/conversation/userConversations/{conversationId}/messages/file [NEG] Forbidden Role Token",""
