"Status","Start Time","Stop Time","Duration in ms","Parent Suite","Suite","Sub Suite","Test Class","Test Method","Name","Description"
"skipped","Mon Jul 27 03:15:05 UTC 2026","Mon Jul 27 03:15:05 UTC 2026","0","7. Team Pegasus | Pegasus Staging","Business Scenarios Tests","Supplier Facts","API register, publish, and verify in UI","","2. Complete registration (user + company)",""
"passed","Mon Jul 27 03:18:01 UTC 2026","Mon Jul 27 03:18:01 UTC 2026","190","4. Team CRM |CRM Staging","Endpoints Tests","(root)","trigger from SF Platform Profile","","trigger from SF Platform Profile",""
"broken","Mon Jul 27 03:19:15 UTC 2026","Mon Jul 27 03:19:35 UTC 2026","20022","Dolphin","Technical","","","recallIllegalSortPassthroughTest","AI Search recall: illegal sort passthrough (no param fail)",""
"passed","Mon Jul 27 03:17:56 UTC 2026","Mon Jul 27 03:17:56 UTC 2026","196","4. Team CRM |CRM Staging","Business Scenarios Tests","Lead","Lead-duplicateCheck - with dulicates","","Lead-duplicateCheck - with dulicates",""
"passed","Mon Jul 27 03:17:57 UTC 2026","Mon Jul 27 03:17:57 UTC 2026","135","4. Team CRM |CRM Staging","Business Scenarios Tests","Lead","Smoke test for Conversion","","Smoke test for Conversion",""
"skipped","Mon Jul 27 03:17:50 UTC 2026","Mon Jul 27 03:17:50 UTC 2026","0","4. Team CRM |CRM Staging","Technical Tests","(empty)","(empty)","","Technical Tests - empty",""
"broken","Mon Jul 27 03:18:54 UTC 2026","Mon Jul 27 03:19:15 UTC 2026","20631","Dolphin","Technical","","","recallCountryFilterTest","AI Search recall: country filter DE",""
"failed","Mon Jul 27 03:16:34 UTC 2026","Mon Jul 27 03:16:34 UTC 2026","130","1 Team Hummingbird - BFF | EP app","Endpoint tests","Search","search track","","search track",""
"skipped","Mon Jul 27 03:15:05 UTC 2026","Mon Jul 27 03:15:05 UTC 2026","0","7. Team Pegasus | Pegasus Staging","Endpoints Tests","Supplier Registration","EP","","vat/check - Validate VAT number",""
"passed","Mon Jul 27 03:25:52 UTC 2026","Mon Jul 27 03:25:52 UTC 2026","81","Dolphin","Technical","","","zeroResultProductRecommendTest","Recommend products in 0 result search list page v1 -- wlw",""
"failed","Mon Jul 27 03:17:53 UTC 2026","Mon Jul 27 03:17:53 UTC 2026","17","1.1 Team Hummingbird - BFF | WLW app","Technical Tests","purchaser-support-controller","GET /support-faq [NEG] Missing Auth/API-Key","","GET /support-faq [NEG] Missing Auth/API-Key",""
"passed","Mon Jul 27 03:17:55 UTC 2026","Mon Jul 27 03:17:55 UTC 2026","30","1.1 Team Hummingbird - BFF | WLW app","Technical Tests","purchaser-user-setting-controller","POST /userSetting [NEG] Expired Token","","POST /userSetting [NEG] Expired Token",""
"passed","Mon Jul 27 03:17:54 UTC 2026","Mon Jul 27 03:17:55 UTC 2026","225","4. Team CRM |CRM Staging","Business Scenarios Tests","Feedback","Trigger Feedback","","Trigger Feedback",""
"passed","Mon Jul 27 03:17:49 UTC 2026","Mon Jul 27 03:17:49 UTC 2026","30","1.1 Team Hummingbird - BFF | WLW app","Technical Tests","login-controller","POST /public_api/auth/registration","","POST /public_api/auth/registration",""
"failed","Mon Jul 27 03:16:35 UTC 2026","Mon Jul 27 03:16:35 UTC 2026","350","1 Team Hummingbird - BFF | EP app","Endpoint tests","Contact request","QDR request","","QDR request",""
"passed","Mon Jul 27 03:16:35 UTC 2026","Mon Jul 27 03:16:36 UTC 2026","672","1 Team Hummingbird - BFF | EP app","Endpoint tests","Conversations","user conversations","","user conversations",""
"failed","Mon Jul 27 03:17:52 UTC 2026","Mon Jul 27 03:17:52 UTC 2026","13","1.1 Team Hummingbird - BFF | WLW app","Technical Tests","product-controller","GET /public_api/companies/{supplierPublicId}/products [NEG] Missing Auth/API-Key","","GET /public_api/companies/{supplierPublicId}/products [NEG] Missing Auth/API-Key",""
"passed","Mon Jul 27 03:17:28 UTC 2026","Mon Jul 27 03:17:28 UTC 2026","51","1.1 Team Hummingbird - BFF | WLW app","Endpoint tests","Search","search autoComplete FR","","search autoComplete FR",""
"failed","Mon Jul 27 03:16:34 UTC 2026","Mon Jul 27 03:16:34 UTC 2026","346","1 Team Hummingbird - BFF | EP app","Endpoint tests","Homepage, products","trending products","","trending products",""
"passed","Mon Jul 27 03:17:26 UTC 2026","Mon Jul 27 03:17:26 UTC 2026","16","1.1 Team Hummingbird - BFF | WLW app","Endpoint tests","Support","Supportmasterdata_DE","","Supportmasterdata_DE",""
"passed","Mon Jul 27 03:17:38 UTC 2026","Mon Jul 27 03:17:38 UTC 2026","30","1.1 Team Hummingbird - BFF | WLW app","Technical Tests","conversation-controller","PUT /public_api/conversation/userConversations/{conversationId}/tag [NEG] Expired Token","","PUT /public_api/conversation/userConversations/{conversationId}/tag [NEG] Expired Token",""
"passed","Mon Jul 27 03:25:46 UTC 2026","Mon Jul 27 03:25:47 UTC 2026","1230","Dolphin","Technical","","","productTextSearchSecondPageTest","AI product text search recall: pagination page 2",""
"passed","Mon Jul 27 03:25:52 UTC 2026","Mon Jul 27 03:25:52 UTC 2026","76","Dolphin","Functional","","","homepageProductRecommendTest","homepage product recommend -- wlw",""
"passed","Mon Jul 27 03:17:54 UTC 2026","Mon Jul 27 03:17:54 UTC 2026","30","1.1 Team Hummingbird - BFF | WLW app","Technical Tests","purchaser-user-setting-controller","PUT /userSetting/{id} [NEG] Forbidden Role Token","","PUT /userSetting/{id} [NEG] Forbidden Role Token",""
"passed","Mon Jul 27 03:17:28 UTC 2026","Mon Jul 27 03:17:29 UTC 2026","760","1.1 Team Hummingbird - BFF | WLW app","Endpoint tests","Search","Product Search EN","","Product Search EN",""
"passed","Mon Jul 27 03:17:57 UTC 2026","Mon Jul 27 03:17:57 UTC 2026","34","1.1 Team Hummingbird - BFF | WLW app","Technical Tests","rfq-controller","POST /public_api/connect/purchaser/tenders/ [NEG] Expired Token","","POST /public_api/connect/purchaser/tenders/ [NEG] Expired Token",""
"passed","Mon Jul 27 03:16:30 UTC 2026","Mon Jul 27 03:16:30 UTC 2026","240","1 Team Hummingbird - BFF | EP app","Endpoint tests","User settings","push-notification-by-email-controller","","push-notification-by-email-controller",""
"passed","Mon Jul 27 03:17:54 UTC 2026","Mon Jul 27 03:17:54 UTC 2026","30","1.1 Team Hummingbird - BFF | WLW app","Technical Tests","purchaser-user-setting-controller","PUT /userSetting/{id}","","PUT /userSetting/{id}",""
"passed","Mon Jul 27 03:17:47 UTC 2026","Mon Jul 27 03:17:47 UTC 2026","32","1.1 Team Hummingbird - BFF | WLW app","Technical Tests","inside-business-controller","GET /public_api/inside_business","","GET /public_api/inside_business",""
"skipped","Mon Jul 27 03:15:05 UTC 2026","Mon Jul 27 03:15:05 UTC 2026","0","7. Team Pegasus | Pegasus Staging","Endpoints Tests","User & Company Context","Get company data crm","","Get company data crm",""
"passed","Mon Jul 27 03:17:51 UTC 2026","Mon Jul 27 03:17:51 UTC 2026","106","4. Team CRM |CRM Staging","Business Scenarios Tests","Tasks","Check Task","","Check Task",""
"passed","Mon Jul 27 03:17:46 UTC 2026","Mon Jul 27 03:17:46 UTC 2026","31","1.1 Team Hummingbird - BFF | WLW app","Technical Tests","feedback-controller","POST /feedback [NEG] Forbidden Role Token","","POST /feedback [NEG] Forbidden Role Token",""
"passed","Mon Jul 27 03:17:58 UTC 2026","Mon Jul 27 03:17:58 UTC 2026","191","4. Team CRM |CRM Staging","Business Scenarios Tests","WLW Price Compaigns","WLW_Price Compaigns","","WLW_Price Compaigns",""
"skipped","Mon Jul 27 03:20:35 UTC 2026","Mon Jul 27 03:20:35 UTC 2026","0","3 Team Techno - UCL","Technical Tests","Organization","GET /unified_commercial_logic/internal_api/api/organization/{id} - Retrieve Organization By ID","","GET /unified_commercial_logic/internal_api/api/organization/{id} - Retrieve Organization By ID",""
"passed","Mon Jul 27 03:15:12 UTC 2026","Mon Jul 27 03:15:12 UTC 2026","32","Arise","Technical","","","pageElementsGet","pageElementsGet",""
"failed","Mon Jul 27 03:17:56 UTC 2026","Mon Jul 27 03:17:56 UTC 2026","12","1.1 Team Hummingbird - BFF | WLW app","Technical Tests","push-notification-by-email-controller","PUT /v1/pushNotification","","PUT /v1/pushNotification",""
"failed","Mon Jul 27 03:17:42 UTC 2026","Mon Jul 27 03:17:42 UTC 2026","14","1.1 Team Hummingbird - BFF | WLW app","Technical Tests","conversation-controller","GET /public_api/conversation/userConversations/{userId}/unreadCount [NEG] Missing Auth/API-Key","","GET /public_api/conversation/userConversations/{userId}/unreadCount [NEG] Missing Auth/API-Key",""
"passed","Mon Jul 27 03:17:43 UTC 2026","Mon Jul 27 03:17:43 UTC 2026","35","1.1 Team Hummingbird - BFF | WLW app","Technical Tests","conversation-controller","GET /public_api/conversation/userConversations/{conversationId} [SEC] Injection Probe","","GET /public_api/conversation/userConversations/{conversationId} [SEC] Injection Probe",""
"passed","Mon Jul 27 03:16:32 UTC 2026","Mon Jul 27 03:16:32 UTC 2026","19","1 Team Hummingbird - BFF | EP app","Endpoint tests","Mobile_Feedback","Feedback Subject_EN","","Feedback Subject_EN",""
"passed","Mon Jul 27 03:17:48 UTC 2026","Mon Jul 27 03:17:48 UTC 2026","17","1.1 Team Hummingbird - BFF | WLW app","Technical Tests","login-controller","POST /public_api/auth/sso/login [NEG] Missing Auth/API-Key","","POST /public_api/auth/sso/login [NEG] Missing Auth/API-Key",""
"passed","Mon Jul 27 03:18:05 UTC 2026","Mon Jul 27 03:18:05 UTC 2026","28","1.1 Team Hummingbird - BFF | WLW app","Technical Tests","user-controller","GET /public_api/user/userInfo [NEG] Expired Token","","GET /public_api/user/userInfo [NEG] Expired Token",""
"passed","Mon Jul 27 03:17:39 UTC 2026","Mon Jul 27 03:17:39 UTC 2026","32","1.1 Team Hummingbird - BFF | WLW app","Technical Tests","conversation-controller","PUT /public_api/conversation/userConversations/{conversationId}/decline [NEG] Expired Token","","PUT /public_api/conversation/userConversations/{conversationId}/decline [NEG] Expired Token",""
"passed","Mon Jul 27 03:17:51 UTC 2026","Mon Jul 27 03:17:51 UTC 2026","381","4. Team CRM |CRM Staging","Business Scenarios Tests","Tasks","Change  Assigned To","","Change  Assigned To",""
"passed","Mon Jul 27 03:17:48 UTC 2026","Mon Jul 27 03:17:48 UTC 2026","30","1.1 Team Hummingbird - BFF | WLW app","Technical Tests","login-controller","POST /public_api/auth/session/extend [NEG] Forbidden Role Token","","POST /public_api/auth/session/extend [NEG] Forbidden Role Token",""
"passed","Mon Jul 27 03:18:02 UTC 2026","Mon Jul 27 03:18:02 UTC 2026","89","4. Team CRM |CRM Staging","Endpoints Tests","(root)","Update WLW Connect Counters with id","","Update WLW Connect Counters with id",""
"failed","Mon Jul 27 03:17:55 UTC 2026","Mon Jul 27 03:17:55 UTC 2026","11","1.1 Team Hummingbird - BFF | WLW app","Technical Tests","push-notification-by-email-controller","GET /v1/pushNotification [NEG] Missing Auth/API-Key","","GET /v1/pushNotification [NEG] Missing Auth/API-Key",""
"passed","Mon Jul 27 03:16:33 UTC 2026","Mon Jul 27 03:16:33 UTC 2026","236","1 Team Hummingbird - BFF | EP app","Endpoint tests","Company","Product ID","","Product ID",""
"skipped","Mon Jul 27 03:15:05 UTC 2026","Mon Jul 27 03:15:05 UTC 2026","0","7. Team Pegasus | Pegasus Staging","Endpoints Tests","Visitors","Java (statistics-app)","","Filter types",""
"passed","Mon Jul 27 03:17:52 UTC 2026","Mon Jul 27 03:18:07 UTC 2026","14563","4. Team CRM |CRM Staging","Business Scenarios Tests","Account","wlw salesorderitems link","","wlw salesorderitems link",""
"passed","Mon Jul 27 03:16:35 UTC 2026","Mon Jul 27 03:16:35 UTC 2026","60","1 Team Hummingbird - BFF | EP app","Endpoint tests","Homepage, products","preferred categories","","preferred categories",""
"failed","Mon Jul 27 03:18:02 UTC 2026","Mon Jul 27 03:18:02 UTC 2026","12","1.1 Team Hummingbird - BFF | WLW app","Technical Tests","search-term-controller","POST /public_api/search/track [NEG] Missing Auth/API-Key","","POST /public_api/search/track [NEG] Missing Auth/API-Key",""
"passed","Mon Jul 27 03:17:50 UTC 2026","Mon Jul 27 03:17:50 UTC 2026","15","1.1 Team Hummingbird - BFF | WLW app","Technical Tests","login-controller","POST /public_api/auth/code/verify [NEG] Missing Auth/API-Key","","POST /public_api/auth/code/verify [NEG] Missing Auth/API-Key",""
"passed","Mon Jul 27 03:16:31 UTC 2026","Mon Jul 27 03:16:31 UTC 2026","18","1 Team Hummingbird - BFF | EP app","Endpoint tests","Support","FAQ Alibaba","","FAQ Alibaba",""
"skipped","Mon Jul 27 03:15:05 UTC 2026","Mon Jul 27 03:15:05 UTC 2026","0","7. Team Pegasus | Pegasus Staging","Business Scenarios Tests","Visitors","Statistics visitor drill-down","","CSV creation",""
"passed","Mon Jul 27 03:17:50 UTC 2026","Mon Jul 27 03:17:50 UTC 2026","16","1.1 Team Hummingbird - BFF | WLW app","Technical Tests","login-controller","POST /public_api/auth/code/resend [NEG] Missing Auth/API-Key","","POST /public_api/auth/code/resend [NEG] Missing Auth/API-Key",""
"broken","Mon Jul 27 03:23:35 UTC 2026","Mon Jul 27 03:23:55 UTC 2026","20022","Dolphin","Technical","","","recallWhitespaceQueryTest","AI Search recall: whitespace-only query → business failure",""
"passed","Mon Jul 27 03:25:51 UTC 2026","Mon Jul 27 03:25:52 UTC 2026","487","Dolphin","Functional","","","getproductRecommendByQueryOnCserpTest","getproductRecommendByQueryOnCserpTest",""
"passed","Mon Jul 27 03:17:49 UTC 2026","Mon Jul 27 03:17:49 UTC 2026","28","1.1 Team Hummingbird - BFF | WLW app","Technical Tests","login-controller","POST /public_api/auth/registration [NEG] Forbidden Role Token","","POST /public_api/auth/registration [NEG] Forbidden Role Token",""
"skipped","Mon Jul 27 03:15:05 UTC 2026","Mon Jul 27 03:15:05 UTC 2026","0","7. Team Pegasus | Pegasus Staging","Spike | Profiles link user to company","(root)","02 POST — Create company (Supplier Facts)","","02 POST — Create company (Supplier Facts)",""
"skipped","Mon Jul 27 03:15:05 UTC 2026","Mon Jul 27 03:15:05 UTC 2026","0","7. Team Pegasus | Pegasus Staging","Business Scenarios Tests","Supplier Registration","WLW - Lead create and update","","leads/{lead_id} - Update a lead",""
"failed","Mon Jul 27 03:18:02 UTC 2026","Mon Jul 27 03:18:02 UTC 2026","13","1.1 Team Hummingbird - BFF | WLW app","Technical Tests","search-term-controller","POST /public_api/search/track","","POST /public_api/search/track",""
"broken","Mon Jul 27 03:16:34 UTC 2026","Mon Jul 27 03:16:54 UTC 2026","20023","Dolphin","Technical","","","inferenceShortQueryTest","AI Search inference: minimal searchText boundary",""
"passed","Mon Jul 27 03:16:31 UTC 2026","Mon Jul 27 03:16:31 UTC 2026","21","1 Team Hummingbird - BFF | EP app","Endpoint tests","Support","Supportmasterdata_FR","","Supportmasterdata_FR",""
"passed","Mon Jul 27 03:17:42 UTC 2026","Mon Jul 27 03:17:42 UTC 2026","32","1.1 Team Hummingbird - BFF | WLW app","Technical Tests","conversation-controller","GET /public_api/conversation/userConversations/{userId}/unreadCount [SEC] Injection Probe","","GET /public_api/conversation/userConversations/{userId}/unreadCount [SEC] Injection Probe",""
"failed","Mon Jul 27 03:17:59 UTC 2026","Mon Jul 27 03:17:59 UTC 2026","12","1.1 Team Hummingbird - BFF | WLW app","Technical Tests","search-controller","GET /public_api/search/products [NEG] Forbidden Role Token","","GET /public_api/search/products [NEG] Forbidden Role Token",""
"passed","Mon Jul 27 03:14:58 UTC 2026","Mon Jul 27 03:14:58 UTC 2026","53","2 Team Dragon - BFF | RFQ Backend","Functional Tests","(root)","GET /v1/rfqs/{rfqId} - Success or 404","","GET /v1/rfqs/{rfqId} - Success or 404",""
"failed","Mon Jul 27 03:17:35 UTC 2026","Mon Jul 27 03:17:35 UTC 2026","14","1.1 Team Hummingbird - BFF | WLW app","Technical Tests","categories-controller","PUT /preferred/categories","","PUT /preferred/categories",""
"failed","Mon Jul 27 03:17:52 UTC 2026","Mon Jul 27 03:17:52 UTC 2026","11","1.1 Team Hummingbird - BFF | WLW app","Technical Tests","product-controller","GET /public_api/companies/{supplierPublicId}/products","","GET /public_api/companies/{supplierPublicId}/products",""
"passed","Mon Jul 27 03:16:33 UTC 2026","Mon Jul 27 03:16:34 UTC 2026","775","1 Team Hummingbird - BFF | EP app","Endpoint tests","Search","search companies DE","","search companies DE",""
"passed","Mon Jul 27 03:25:52 UTC 2026","Mon Jul 27 03:25:52 UTC 2026","92","Dolphin","Technical","","","otherStoreProductRecommendTest","similar products recommend -- wlw pdp",""
"passed","Mon Jul 27 03:17:35 UTC 2026","Mon Jul 27 03:17:35 UTC 2026","30","1.1 Team Hummingbird - BFF | WLW app","Technical Tests","categories-controller","GET /preferred/categories [SEC] Injection Probe","","GET /preferred/categories [SEC] Injection Probe",""
"passed","Mon Jul 27 03:17:27 UTC 2026","Mon Jul 27 03:17:27 UTC 2026","42","1.1 Team Hummingbird - BFF | WLW app","Endpoint tests","Company","Companies / products FR","","Companies / products FR",""
"passed","Mon Jul 27 03:17:40 UTC 2026","Mon Jul 27 03:17:40 UTC 2026","31","1.1 Team Hummingbird - BFF | WLW app","Technical Tests","conversation-controller","POST /public_api/conversation/userConversations/{conversationId}/messages/{messageId}/translate [NEG] Forbidden Role Token","","POST /public_api/conversation/userConversations/{conversationId}/messages/{messageId}/translate [NEG] Forbidden Role Token",""
"failed","Mon Jul 27 03:17:55 UTC 2026","Mon Jul 27 03:17:55 UTC 2026","13","1.1 Team Hummingbird - BFF | WLW app","Technical Tests","purchaser-user-setting-controller","GET /userSetting [NEG] Forbidden Role Token","","GET /userSetting [NEG] Forbidden Role Token",""
"passed","Mon Jul 27 03:17:47 UTC 2026","Mon Jul 27 03:17:47 UTC 2026","33","1.1 Team Hummingbird - BFF | WLW app","Technical Tests","help-and-support-controller","POST /help [NEG] Forbidden Role Token","","POST /help [NEG] Forbidden Role Token",""
"failed","Mon Jul 27 03:17:36 UTC 2026","Mon Jul 27 03:17:36 UTC 2026","10","1.1 Team Hummingbird - BFF | WLW app","Technical Tests","company-controller","GET /public_api/suppliers/{companyID}/listings","","GET /public_api/suppliers/{companyID}/listings",""
"passed","Mon Jul 27 03:16:33 UTC 2026","Mon Jul 27 03:16:33 UTC 2026","139","1 Team Hummingbird - BFF | EP app","Endpoint tests","Company","search company products","","search company products",""
"skipped","Mon Jul 27 03:15:05 UTC 2026","Mon Jul 27 03:15:05 UTC 2026","0","7. Team Pegasus | Pegasus Staging","Endpoints Tests","Shop Import & Onboarding Backend","/offers/suggestCategory","","/offers/suggestCategory",""
"failed","Mon Jul 27 03:17:31 UTC 2026","Mon Jul 27 03:17:31 UTC 2026","80","1.1 Team Hummingbird - BFF | WLW app","Endpoint tests","Conversations","File","","File",""
"skipped","Mon Jul 27 03:20:35 UTC 2026","Mon Jul 27 03:20:35 UTC 2026","0","3 Team Techno - UCL","Technical Tests","Retargeting","GET /unified_commercial_logic/internal_api/api/retargeting/ - Retrieve Retargeting List","","GET /unified_commercial_logic/internal_api/api/retargeting/ - Retrieve Retargeting List",""
"passed","Mon Jul 27 03:17:55 UTC 2026","Mon Jul 27 03:17:58 UTC 2026","3336","4. Team CRM |CRM Staging","Business Scenarios Tests","Create and edit a contact","Create contact","","Create contact",""
"passed","Mon Jul 27 03:25:50 UTC 2026","Mon Jul 27 03:25:50 UTC 2026","151","Dolphin","Functional","","","EPHomepageProductRecommendTest","homepage product recommend -- ep",""
"skipped","Mon Jul 27 03:17:24 UTC 2026","Mon Jul 27 03:17:24 UTC 2026","0","1.1 Team Hummingbird - BFF | WLW app","Business Scenario Tests","(empty)","(empty)","","Business Scenario Tests - empty",""
"passed","Mon Jul 27 03:18:00 UTC 2026","Mon Jul 27 03:18:00 UTC 2026","39","1.1 Team Hummingbird - BFF | WLW app","Technical Tests","search-controller","GET /public_api/search/ai/tabChange","","GET /public_api/search/ai/tabChange",""
"passed","Mon Jul 27 03:17:27 UTC 2026","Mon Jul 27 03:17:27 UTC 2026","234","1.1 Team Hummingbird - BFF | WLW app","Endpoint tests","Mobile_Feedback","post feedback","","post feedback",""
"failed","Mon Jul 27 03:17:42 UTC 2026","Mon Jul 27 03:17:42 UTC 2026","11","1.1 Team Hummingbird - BFF | WLW app","Technical Tests","conversation-controller","GET /public_api/conversation/userConversations/{userId}/unreadCount/","","GET /public_api/conversation/userConversations/{userId}/unreadCount/",""
"passed","Mon Jul 27 03:18:06 UTC 2026","Mon Jul 27 03:18:06 UTC 2026","28","1.1 Team Hummingbird - BFF | WLW app","Technical Tests","user-controller","GET /public_api/user/userInfo [NEG] Forbidden Role Token","","GET /public_api/user/userInfo [NEG] Forbidden Role Token",""
"failed","Mon Jul 27 03:17:42 UTC 2026","Mon Jul 27 03:17:42 UTC 2026","11","1.1 Team Hummingbird - BFF | WLW app","Technical Tests","conversation-controller","GET /public_api/conversation/userConversations/{userId}/unreadCount/ [NEG] Expired Token","","GET /public_api/conversation/userConversations/{userId}/unreadCount/ [NEG] Expired Token",""
"passed","Mon Jul 27 03:17:48 UTC 2026","Mon Jul 27 03:17:48 UTC 2026","32","1.1 Team Hummingbird - BFF | WLW app","Technical Tests","login-controller","POST /public_api/auth/session/extend [NEG] Expired Token","","POST /public_api/auth/session/extend [NEG] Expired Token",""
"passed","Mon Jul 27 03:16:36 UTC 2026","Mon Jul 27 03:16:36 UTC 2026","321","1 Team Hummingbird - BFF | EP app","Endpoint tests","Conversations","new message","","new message",""
"passed","Mon Jul 27 03:16:37 UTC 2026","Mon Jul 27 03:16:37 UTC 2026","176","1 Team Hummingbird - BFF | EP app","Endpoint tests","Visitor profiler","csv get","","csv get",""
"failed","Mon Jul 27 03:16:36 UTC 2026","Mon Jul 27 03:16:36 UTC 2026","131","1 Team Hummingbird - BFF | EP app","Endpoint tests","Conversations","send file message","","send file message",""
"passed","Mon Jul 27 03:17:32 UTC 2026","Mon Jul 27 03:17:32 UTC 2026","41","1.1 Team Hummingbird - BFF | WLW app","Technical Tests","ab-test-record-controller","POST /public_api/abtest/record [NEG] Forbidden Role Token","","POST /public_api/abtest/record [NEG] Forbidden Role Token",""
"broken","Mon Jul 27 03:22:35 UTC 2026","Mon Jul 27 03:22:55 UTC 2026","20023","Dolphin","Technical","","","recallSpecialCharQueryTest","AI Search recall: special-character query structure OK",""
"passed","Mon Jul 27 03:17:47 UTC 2026","Mon Jul 27 03:17:47 UTC 2026","28","1.1 Team Hummingbird - BFF | WLW app","Technical Tests","help-and-support-controller","POST /help [NEG] Missing Auth/API-Key","","POST /help [NEG] Missing Auth/API-Key",""
"passed","Mon Jul 27 03:25:36 UTC 2026","Mon Jul 27 03:25:37 UTC 2026","342","Dolphin","Technical","","","productTextSearchBlankQueryTest","AI product text search recall: blank query → empty success",""
"passed","Mon Jul 27 03:18:00 UTC 2026","Mon Jul 27 03:18:00 UTC 2026","30","1.1 Team Hummingbird - BFF | WLW app","Technical Tests","search-controller","GET /public_api/search/ai/tabChange [NEG] Forbidden Role Token","","GET /public_api/search/ai/tabChange [NEG] Forbidden Role Token",""
"passed","Mon Jul 27 03:18:00 UTC 2026","Mon Jul 27 03:18:00 UTC 2026","108","4. Team CRM |CRM Staging","Endpoints Tests","(root)","get connect receipient","","get connect receipient",""
"skipped","Mon Jul 27 03:15:05 UTC 2026","Mon Jul 27 03:15:05 UTC 2026","0","7. Team Pegasus | Pegasus Staging","Endpoints Tests","Shop Import & Onboarding Backend","/import/status","","/import/status",""
"failed","Mon Jul 27 03:17:44 UTC 2026","Mon Jul 27 03:17:44 UTC 2026","13","1.1 Team Hummingbird - BFF | WLW app","Technical Tests","conversation-controller","GET /public_api/conversation/userConversations/{conversationId}/file/","","GET /public_api/conversation/userConversations/{conversationId}/file/",""
"passed","Mon Jul 27 03:25:47 UTC 2026","Mon Jul 27 03:25:48 UTC 2026","765","Dolphin","Technical","","","productTextSearchSortTest","AI product text search recall: alternate sort",""
"failed","Mon Jul 27 03:17:34 UTC 2026","Mon Jul 27 03:17:34 UTC 2026","14","1.1 Team Hummingbird - BFF | WLW app","Technical Tests","ai-company-search-controller","GET /public_api/search/ai/company/stream/mock [NEG] Expired Token","","GET /public_api/search/ai/company/stream/mock [NEG] Expired Token",""
"passed","Mon Jul 27 03:16:34 UTC 2026","Mon Jul 27 03:16:35 UTC 2026","953","1 Team Hummingbird - BFF | EP app","Endpoint tests","Search","Product Search DE","","Product Search DE",""
"passed","Mon Jul 27 03:17:40 UTC 2026","Mon Jul 27 03:17:40 UTC 2026","59","1.1 Team Hummingbird - BFF | WLW app","Technical Tests","conversation-controller","POST /public_api/conversation/userConversations/{conversationId}/messages","","POST /public_api/conversation/userConversations/{conversationId}/messages",""
"passed","Mon Jul 27 03:17:32 UTC 2026","Mon Jul 27 03:17:32 UTC 2026","51","1.1 Team Hummingbird - BFF | WLW app","Technical Tests","ai-company-search-controller","POST /public_api/search/ai/supplier/recall [NEG] Missing Auth/API-Key","","POST /public_api/search/ai/supplier/recall [NEG] Missing Auth/API-Key",""
"broken","Mon Jul 27 03:25:16 UTC 2026","Mon Jul 27 03:25:36 UTC 2026","20022","Dolphin","Functional","","","productInferenceTest","AI product search inference stream API",""
"failed","Mon Jul 27 03:17:44 UTC 2026","Mon Jul 27 03:17:44 UTC 2026","13","1.1 Team Hummingbird - BFF | WLW app","Technical Tests","conversation-controller","GET /public_api/conversation/userConversations/{conversationId}/file/ [NEG] Expired Token","","GET /public_api/conversation/userConversations/{conversationId}/file/ [NEG] Expired Token",""
"skipped","Mon Jul 27 03:20:35 UTC 2026","Mon Jul 27 03:20:35 UTC 2026","0","3 Team Techno - UCL","Technical Tests","Membership","GET /unified_commercial_logic/internal_api/api/membership/platform-profile-status/{sfuuid} - getStatus By SFUUID","","GET /unified_commercial_logic/internal_api/api/membership/platform-profile-status/{sfuuid} - getStatus By SFUUID",""
"skipped","Mon Jul 27 03:20:35 UTC 2026","Mon Jul 27 03:20:35 UTC 2026","0","3 Team Techno - UCL","Technical Tests","WebsiteLead","GET /unified_commercial_logic/internal_api/api/website_lead - Retrieve WebsiteLead List","","GET /unified_commercial_logic/internal_api/api/website_lead - Retrieve WebsiteLead List",""
"failed","Mon Jul 27 03:17:36 UTC 2026","Mon Jul 27 03:17:36 UTC 2026","14","1.1 Team Hummingbird - BFF | WLW app","Technical Tests","company-controller","GET /public_api/suppliers/{companyID}/listings [NEG] Missing Auth/API-Key","","GET /public_api/suppliers/{companyID}/listings [NEG] Missing Auth/API-Key",""
"passed","Mon Jul 27 03:17:48 UTC 2026","Mon Jul 27 03:17:48 UTC 2026","30","1.1 Team Hummingbird - BFF | WLW app","Technical Tests","inside-business-controller","GET /public_api/inside_business [NEG] Forbidden Role Token","","GET /public_api/inside_business [NEG] Forbidden Role Token",""
"failed","Mon Jul 27 03:17:25 UTC 2026","Mon Jul 27 03:17:25 UTC 2026","53","1.1 Team Hummingbird - BFF | WLW app","Endpoint tests","Login","extend session","","extend session",""
"skipped","Mon Jul 27 03:15:05 UTC 2026","Mon Jul 27 03:15:05 UTC 2026","0","7. Team Pegasus | Pegasus Staging","Endpoints Tests","Business Insights","PGS-890 Admin company refresh","","PGS-890 Admin company refresh",""
"failed","Mon Jul 27 03:16:35 UTC 2026","Mon Jul 27 03:16:36 UTC 2026","463","1 Team Hummingbird - BFF | EP app","Endpoint tests","Conversations","user conversations to decline request","","user conversations to decline request",""
"passed","Mon Jul 27 03:14:58 UTC 2026","Mon Jul 27 03:14:58 UTC 2026","34","2 Team Dragon - BFF | RFQ Backend","Functional Tests","(root)","GET /v1/categories - Success","","GET /v1/categories - Success",""
"skipped","Mon Jul 27 03:15:05 UTC 2026","Mon Jul 27 03:15:05 UTC 2026","0","7. Team Pegasus | Pegasus Staging","Endpoints Tests","Supplier Registration","Manual VAT check","","Import vat",""
"skipped","Mon Jul 27 03:15:05 UTC 2026","Mon Jul 27 03:15:05 UTC 2026","0","7. Team Pegasus | Pegasus Staging","Endpoints Tests","Supplier Registration","One Platform — User Profile API","","Get Profile by ID",""
"passed","Mon Jul 27 03:17:46 UTC 2026","Mon Jul 27 03:17:46 UTC 2026","31","1.1 Team Hummingbird - BFF | WLW app","Technical Tests","feedback-controller","POST /feedback [NEG] Expired Token","","POST /feedback [NEG] Expired Token",""
"passed","Mon Jul 27 03:18:02 UTC 2026","Mon Jul 27 03:18:02 UTC 2026","30","1.1 Team Hummingbird - BFF | WLW app","Technical Tests","search-term-controller","PUT /public_api/search/notification-opened [NEG] Expired Token","","PUT /public_api/search/notification-opened [NEG] Expired Token",""
"passed","Mon Jul 27 03:16:33 UTC 2026","Mon Jul 27 03:16:35 UTC 2026","1344","1 Team Hummingbird - BFF | EP app","Endpoint tests","Search","search companies, EN","","search companies, EN",""
"failed","Mon Jul 27 03:14:59 UTC 2026","Mon Jul 27 03:14:59 UTC 2026","209","2 Team Dragon - BFF | RFQ Backend","Business Scenario Tests","(root)","RFQ_Listing","","RFQ_Listing",""
"passed","Mon Jul 27 03:17:25 UTC 2026","Mon Jul 27 03:17:25 UTC 2026","92","1.1 Team Hummingbird - BFF | WLW app","Endpoint tests","Login","forgot password","","forgot password",""
"passed","Mon Jul 27 03:17:53 UTC 2026","Mon Jul 27 03:17:53 UTC 2026","32","1.1 Team Hummingbird - BFF | WLW app","Technical Tests","purchaser-support-controller","GET /support-master-data [NEG] Forbidden Role Token","","GET /support-master-data [NEG] Forbidden Role Token",""
"passed","Mon Jul 27 03:18:03 UTC 2026","Mon Jul 27 03:18:03 UTC 2026","68","4. Team CRM |CRM Staging","Endpoints Tests","(root)","get company data via SF id","","get company data via SF id",""
"broken","Mon Jul 27 03:16:54 UTC 2026","Mon Jul 27 03:17:14 UTC 2026","20006","Dolphin","Technical","","","inferenceTest","AI Search inference API (SSE stream)",""
"skipped","Mon Jul 27 03:15:05 UTC 2026","Mon Jul 27 03:15:05 UTC 2026","0","7. Team Pegasus | Pegasus Staging","Endpoints Tests","Shop Import & Onboarding Backend","offers/subCategories","","offers/subCategories",""
"failed","Mon Jul 27 03:17:29 UTC 2026","Mon Jul 27 03:17:29 UTC 2026","154","1.1 Team Hummingbird - BFF | WLW app","Endpoint tests","Homepage, products","trending products","","trending products",""
"passed","Mon Jul 27 03:17:58 UTC 2026","Mon Jul 27 03:17:58 UTC 2026","0","4. Team CRM |CRM Staging","Business Scenarios Tests","Contacts","Smoke test for Create Contact & Verify HubSpot Sync","","Smoke test for Create Contact & Verify HubSpot Sync",""
"failed","Mon Jul 27 03:17:43 UTC 2026","Mon Jul 27 03:17:43 UTC 2026","12","1.1 Team Hummingbird - BFF | WLW app","Technical Tests","conversation-controller","GET /public_api/conversation/userConversations/{conversationId}","","GET /public_api/conversation/userConversations/{conversationId}",""
"passed","Mon Jul 27 03:25:43 UTC 2026","Mon Jul 27 03:25:44 UTC 2026","772","Dolphin","Technical","","","productTextSearchPageSizeZeroTest","AI product text search recall: pageSize=0 normalized to default",""
"failed","Mon Jul 27 03:17:39 UTC 2026","Mon Jul 27 03:17:39 UTC 2026","12","1.1 Team Hummingbird - BFF | WLW app","Technical Tests","conversation-controller","GET /public_api/conversation/userConversations/{conversationId}/messages","","GET /public_api/conversation/userConversations/{conversationId}/messages",""
"passed","Mon Jul 27 03:17:28 UTC 2026","Mon Jul 27 03:17:29 UTC 2026","661","1.1 Team Hummingbird - BFF | WLW app","Endpoint tests","Search","search companies DE","","search companies DE",""
"failed","Mon Jul 27 03:16:20 UTC 2026","Mon Jul 27 03:16:20 UTC 2026","16","Bamboo","Functional","","","listSubCategoriesTest","list sub Categories",""
"skipped","Mon Jul 27 03:15:05 UTC 2026","Mon Jul 27 03:15:05 UTC 2026","0","7. Team Pegasus | Pegasus Staging","Endpoints Tests","Visitors","Java (statistics-app)","","WSL pixel",""
"passed","Mon Jul 27 03:18:02 UTC 2026","Mon Jul 27 03:18:02 UTC 2026","30","1.1 Team Hummingbird - BFF | WLW app","Technical Tests","search-term-controller","PUT /public_api/search/notification-opened [NEG] Forbidden Role Token","","PUT /public_api/search/notification-opened [NEG] Forbidden Role Token",""
"passed","Mon Jul 27 03:17:40 UTC 2026","Mon Jul 27 03:17:40 UTC 2026","33","1.1 Team Hummingbird - BFF | WLW app","Technical Tests","conversation-controller","POST /public_api/conversation/userConversations/{conversationId}/messages/{messageId}/translate [NEG] Expired Token","","POST /public_api/conversation/userConversations/{conversationId}/messages/{messageId}/translate [NEG] Expired Token",""
"skipped","Mon Jul 27 03:15:05 UTC 2026","Mon Jul 27 03:15:05 UTC 2026","0","7. Team Pegasus | Pegasus Staging","Business Scenarios Tests","Supplier Facts","API register, publish, and verify in UI","","5. UI login reminder",""
"skipped","Mon Jul 27 03:20:35 UTC 2026","Mon Jul 27 03:20:35 UTC 2026","0","3 Team Techno - UCL","Functional Tests","Endpoint Tests","SponsoredBrand","","get SPB by id",""
"passed","Mon Jul 27 03:18:02 UTC 2026","Mon Jul 27 03:18:02 UTC 2026","488","4. Team CRM |CRM Staging","Endpoints Tests","(root)","Create Note with sf id Copy","","Create Note with sf id Copy",""
"broken","Mon Jul 27 03:22:55 UTC 2026","Mon Jul 27 03:23:15 UTC 2026","20018","Dolphin","Functional","","","recallTest","AI Search recall (supplierTextSearch) API using params from inference",""
"passed","Mon Jul 27 03:17:38 UTC 2026","Mon Jul 27 03:17:38 UTC 2026","32","1.1 Team Hummingbird - BFF | WLW app","Technical Tests","contact-form-controller","POST /public_api/contact-form/messages [NEG] Expired Token","","POST /public_api/contact-form/messages [NEG] Expired Token",""
"failed","Mon Jul 27 03:18:01 UTC 2026","Mon Jul 27 03:18:01 UTC 2026","13","1.1 Team Hummingbird - BFF | WLW app","Technical Tests","search-controller","GET /public_api/categories/recommendations [NEG] Expired Token","","GET /public_api/categories/recommendations [NEG] Expired Token",""
"passed","Mon Jul 27 03:17:32 UTC 2026","Mon Jul 27 03:17:32 UTC 2026","18","1.1 Team Hummingbird - BFF | WLW app","Technical Tests","ab-test-record-controller","POST /public_api/abtest/record [NEG] Missing Auth/API-Key","","POST /public_api/abtest/record [NEG] Missing Auth/API-Key",""
"skipped","Mon Jul 27 03:15:05 UTC 2026","Mon Jul 27 03:15:05 UTC 2026","0","7. Team Pegasus | Pegasus Staging","Endpoints Tests","Visitors","Get Visits","","Get Visits",""
"passed","Mon Jul 27 03:18:03 UTC 2026","Mon Jul 27 03:18:03 UTC 2026","86","4. Team CRM |CRM Staging","Endpoints Tests","(root)","resolve individual id bulk","","resolve individual id bulk",""
"passed","Mon Jul 27 03:16:31 UTC 2026","Mon Jul 27 03:16:31 UTC 2026","18","1 Team Hummingbird - BFF | EP app","Endpoint tests","Support","Supportmasterdata_EN","","Supportmasterdata_EN",""
"failed","Mon Jul 27 03:18:05 UTC 2026","Mon Jul 27 03:18:05 UTC 2026","12","1.1 Team Hummingbird - BFF | WLW app","Technical Tests","trending-products-controller","GET /public_api/trending/products [SEC] Injection Probe","","GET /public_api/trending/products [SEC] Injection Probe",""
"passed","Mon Jul 27 03:16:32 UTC 2026","Mon Jul 27 03:16:33 UTC 2026","366","1 Team Hummingbird - BFF | EP app","Endpoint tests","Company","Suppliers listings","","Suppliers listings",""
"passed","Mon Jul 27 03:17:55 UTC 2026","Mon Jul 27 03:17:56 UTC 2026","443","4. Team CRM |CRM Staging","Business Scenarios Tests","Create and edit a contact","Edit contact","","Edit contact",""
"passed","Mon Jul 27 03:17:42 UTC 2026","Mon Jul 27 03:17:42 UTC 2026","33","1.1 Team Hummingbird - BFF | WLW app","Technical Tests","conversation-controller","GET /public_api/conversation/userConversations [SEC] Injection Probe","","GET /public_api/conversation/userConversations [SEC] Injection Probe",""
"passed","Mon Jul 27 03:17:31 UTC 2026","Mon Jul 27 03:17:31 UTC 2026","115","1.1 Team Hummingbird - BFF | WLW app","Endpoint tests","Conversations","unread count","","unread count",""
"passed","Mon Jul 27 03:18:05 UTC 2026","Mon Jul 27 03:18:05 UTC 2026","30","1.1 Team Hummingbird - BFF | WLW app","Technical Tests","trending-products-controller","GET /public_api/trending/notifications [NEG] Expired Token","","GET /public_api/trending/notifications [NEG] Expired Token",""
"failed","Mon Jul 27 03:17:53 UTC 2026","Mon Jul 27 03:17:54 UTC 2026","1096","4. Team CRM |CRM Staging","Business Scenarios Tests","Account","Smoke Test Basic Account Creation","","Smoke Test Basic Account Creation",""
"failed","Mon Jul 27 03:17:43 UTC 2026","Mon Jul 27 03:17:43 UTC 2026","15","1.1 Team Hummingbird - BFF | WLW app","Technical Tests","conversation-controller","GET /public_api/conversation/userConversations/{conversationId}/file [NEG] Forbidden Role Token","","GET /public_api/conversation/userConversations/{conversationId}/file [NEG] Forbidden Role Token",""
"passed","Mon Jul 27 03:17:51 UTC 2026","Mon Jul 27 03:17:54 UTC 2026","2239","4. Team CRM |CRM Staging","Business Scenarios Tests","Contacts","Create Contact","","Create Contact",""
"passed","Mon Jul 27 03:17:39 UTC 2026","Mon Jul 27 03:17:39 UTC 2026","18","1.1 Team Hummingbird - BFF | WLW app","Technical Tests","conversation-controller","PUT /public_api/conversation/userConversations/{conversationId}/decline [NEG] Missing Auth/API-Key","","PUT /public_api/conversation/userConversations/{conversationId}/decline [NEG] Missing Auth/API-Key",""
"skipped","Mon Jul 27 03:15:05 UTC 2026","Mon Jul 27 03:15:05 UTC 2026","0","7. Team Pegasus | Pegasus Staging","Endpoints Tests","Supplier Registration","WLW","","categories - Endpoints for retrieving categories",""
"passed","Mon Jul 27 03:17:46 UTC 2026","Mon Jul 27 03:17:46 UTC 2026","30","1.1 Team Hummingbird - BFF | WLW app","Technical Tests","euro-pages-controller","DELETE /public_api/euro-pages/auth/delete [NEG] Expired Token","","DELETE /public_api/euro-pages/auth/delete [NEG] Expired Token",""
"failed","Mon Jul 27 03:18:01 UTC 2026","Mon Jul 27 03:18:01 UTC 2026","11","1.1 Team Hummingbird - BFF | WLW app","Technical Tests","search-controller","GET /public_api/products/recommendations","","GET /public_api/products/recommendations",""
"failed","Mon Jul 27 03:17:59 UTC 2026","Mon Jul 27 03:17:59 UTC 2026","12","1.1 Team Hummingbird - BFF | WLW app","Technical Tests","search-controller","GET /public_api/search/autoComplete [NEG] Missing Auth/API-Key","","GET /public_api/search/autoComplete [NEG] Missing Auth/API-Key",""
"passed","Mon Jul 27 03:17:55 UTC 2026","Mon Jul 27 03:17:56 UTC 2026","251","4. Team CRM |CRM Staging","Business Scenarios Tests","Disable Hubspot","Check hubspot is false","","Check hubspot is false",""
"failed","Mon Jul 27 03:17:31 UTC 2026","Mon Jul 27 03:17:31 UTC 2026","134","1.1 Team Hummingbird - BFF | WLW app","Endpoint tests","Conversations","send file message","","send file message",""
"passed","Mon Jul 27 03:17:30 UTC 2026","Mon Jul 27 03:17:30 UTC 2026","16","1.1 Team Hummingbird - BFF | WLW app","Endpoint tests","Homepage, products","categories/homepage","","categories/homepage",""
"passed","Mon Jul 27 03:17:34 UTC 2026","Mon Jul 27 03:17:34 UTC 2026","37","1.1 Team Hummingbird - BFF | WLW app","Technical Tests","ai-company-search-controller","POST /public_api/search/ai/company/search [NEG] Forbidden Role Token","","POST /public_api/search/ai/company/search [NEG] Forbidden Role Token",""
"failed","Mon Jul 27 03:17:59 UTC 2026","Mon Jul 27 03:17:59 UTC 2026","15","1.1 Team Hummingbird - BFF | WLW app","Technical Tests","search-controller","GET /public_api/search/products","","GET /public_api/search/products",""
"passed","Mon Jul 27 03:25:52 UTC 2026","Mon Jul 27 03:25:52 UTC 2026","92","Dolphin","Functional","","","otherStoreProductRecommendTest","similar products recommend -- wlw pdp",""
"passed","Mon Jul 27 03:17:33 UTC 2026","Mon Jul 27 03:17:33 UTC 2026","67","1.1 Team Hummingbird - BFF | WLW app","Technical Tests","ai-company-search-controller","POST /public_api/search/ai/supplier/pv-match [NEG] Expired Token","","POST /public_api/search/ai/supplier/pv-match [NEG] Expired Token",""
"failed","Mon Jul 27 03:17:58 UTC 2026","Mon Jul 27 03:17:58 UTC 2026","11","1.1 Team Hummingbird - BFF | WLW app","Technical Tests","search-controller","GET /public_api/search [NEG] Missing Auth/API-Key","","GET /public_api/search [NEG] Missing Auth/API-Key",""
"failed","Mon Jul 27 03:17:56 UTC 2026","Mon Jul 27 03:17:56 UTC 2026","13","1.1 Team Hummingbird - BFF | WLW app","Technical Tests","push-notification-by-email-controller","PUT /v1/pushNotification [NEG] Forbidden Role Token","","PUT /v1/pushNotification [NEG] Forbidden Role Token",""
"skipped","Mon Jul 27 03:20:35 UTC 2026","Mon Jul 27 03:20:35 UTC 2026","0","3 Team Techno - UCL","Technical Tests","Organization","GET /unified_commercial_logic/internal_api/api/organization/ - Retrieve Organization List","","GET /unified_commercial_logic/internal_api/api/organization/ - Retrieve Organization List",""
"failed","Mon Jul 27 03:17:53 UTC 2026","Mon Jul 27 03:17:53 UTC 2026","11","1.1 Team Hummingbird - BFF | WLW app","Technical Tests","purchaser-support-controller","GET /support-faq","","GET /support-faq",""
"passed","Mon Jul 27 03:25:47 UTC 2026","Mon Jul 27 03:25:48 UTC 2026","765","Dolphin","Functional","","","productTextSearchSortTest","AI product text search recall: alternate sort",""
"passed","Mon Jul 27 03:25:50 UTC 2026","Mon Jul 27 03:25:50 UTC 2026","94","Dolphin","Functional","","","EPOtherStoreProductRecommendTest","product other store recommend",""
"passed","Mon Jul 27 03:25:51 UTC 2026","Mon Jul 27 03:25:51 UTC 2026","38","Dolphin","Technical","","","getCategoryListWlwTest","v-recommend category list -- wlw, full categories",""
"failed","Mon Jul 27 03:17:36 UTC 2026","Mon Jul 27 03:17:36 UTC 2026","13","1.1 Team Hummingbird - BFF | WLW app","Technical Tests","company-controller","GET /public_api/company","","GET /public_api/company",""
"passed","Mon Jul 27 03:17:51 UTC 2026","Mon Jul 27 03:17:52 UTC 2026","108","4. Team CRM |CRM Staging","Business Scenarios Tests","Contacts","Check Contact","","Check Contact",""
"passed","Mon Jul 27 03:17:57 UTC 2026","Mon Jul 27 03:17:57 UTC 2026","28","1.1 Team Hummingbird - BFF | WLW app","Technical Tests","rfq-controller","POST /public_api/connect/purchaser/tenders/ [NEG] Forbidden Role Token","","POST /public_api/connect/purchaser/tenders/ [NEG] Forbidden Role Token",""
"passed","Mon Jul 27 03:18:00 UTC 2026","Mon Jul 27 03:18:00 UTC 2026","31","1.1 Team Hummingbird - BFF | WLW app","Technical Tests","search-controller","GET /public_api/search/ai/tabChange [SEC] Injection Probe","","GET /public_api/search/ai/tabChange [SEC] Injection Probe",""
"passed","Mon Jul 27 03:17:45 UTC 2026","Mon Jul 27 03:17:45 UTC 2026","31","1.1 Team Hummingbird - BFF | WLW app","Technical Tests","dynamic-links-controller","POST /public_api/branchio/dynamiclink [NEG] Forbidden Role Token","","POST /public_api/branchio/dynamiclink [NEG] Forbidden Role Token",""
"skipped","Mon Jul 27 03:20:35 UTC 2026","Mon Jul 27 03:20:35 UTC 2026","0","3 Team Techno - UCL","Technical Tests","SponsoredBrand","GET /unified_commercial_logic/internal_api/api/sponsored_brand_v1 - Retrieve SponsoredBrandV1 List","","GET /unified_commercial_logic/internal_api/api/sponsored_brand_v1 - Retrieve SponsoredBrandV1 List",""
"passed","Mon Jul 27 03:17:38 UTC 2026","Mon Jul 27 03:17:38 UTC 2026","22","1.1 Team Hummingbird - BFF | WLW app","Technical Tests","conversation-controller","PUT /public_api/conversation/userConversations/{conversationId}/tag [NEG] Missing Auth/API-Key","","PUT /public_api/conversation/userConversations/{conversationId}/tag [NEG] Missing Auth/API-Key",""
"failed","Mon Jul 27 03:16:32 UTC 2026","Mon Jul 27 03:16:32 UTC 2026","300","1 Team Hummingbird - BFF | EP app","Endpoint tests","Company","Company ID EN","","Company ID EN",""
"passed","Mon Jul 27 03:15:13 UTC 2026","Mon Jul 27 03:15:13 UTC 2026","172","Arise","Functional","","","skwd","skwd",""
"failed","Mon Jul 27 03:18:05 UTC 2026","Mon Jul 27 03:18:05 UTC 2026","11","1.1 Team Hummingbird - BFF | WLW app","Technical Tests","trending-products-controller","GET /public_api/trending/products [NEG] Expired Token","","GET /public_api/trending/products [NEG] Expired Token",""
"failed","Mon Jul 27 03:25:41 UTC 2026","Mon Jul 27 03:25:42 UTC 2026","675","Dolphin","Technical","","","productTextSearchNoResultTest","AI product text search recall: no-result query",""
"broken","Mon Jul 27 03:21:55 UTC 2026","Mon Jul 27 03:22:15 UTC 2026","20022","Dolphin","Technical","","","recallSecondPageTest","AI Search recall: pagination page 2",""
"passed","Mon Jul 27 03:17:56 UTC 2026","Mon Jul 27 03:17:56 UTC 2026","234","4. Team CRM |CRM Staging","Business Scenarios Tests","Disable Hubspot","Check hubspot is true","","Check hubspot is true",""
"passed","Mon Jul 27 03:17:25 UTC 2026","Mon Jul 27 03:17:25 UTC 2026","506","1.1 Team Hummingbird - BFF | WLW app","Endpoint tests","Login","registration","","registration",""
"passed","Mon Jul 27 03:15:12 UTC 2026","Mon Jul 27 03:15:12 UTC 2026","548","Arise","Functional","","","getAllElementsByUrlTest","getAllElementsByUrlTest",""
"passed","Mon Jul 27 03:17:52 UTC 2026","Mon Jul 27 03:18:07 UTC 2026","14563","4. Team CRM |CRM Staging","Business Scenarios Tests","Account","wlw salesorderitems link","","wlw salesorderitems link",""
"passed","Mon Jul 27 03:17:47 UTC 2026","Mon Jul 27 03:17:47 UTC 2026","30","1.1 Team Hummingbird - BFF | WLW app","Technical Tests","help-and-support-controller","POST /help","","POST /help",""
"failed","Mon Jul 27 03:17:56 UTC 2026","Mon Jul 27 03:17:56 UTC 2026","14","1.1 Team Hummingbird - BFF | WLW app","Technical Tests","push-notification-by-email-controller","GET /v1/pushNotification [NEG] Expired Token","","GET /v1/pushNotification [NEG] Expired Token",""
"passed","Mon Jul 27 03:17:34 UTC 2026","Mon Jul 27 03:17:34 UTC 2026","33","1.1 Team Hummingbird - BFF | WLW app","Technical Tests","ai-company-search-controller","POST /public_api/search/ai/company/search","","POST /public_api/search/ai/company/search",""
"skipped","Mon Jul 27 03:15:05 UTC 2026","Mon Jul 27 03:15:05 UTC 2026","0","7. Team Pegasus | Pegasus Staging","Endpoints Tests","Visitors","Elixir (supplier-app)","","Countries by uuid",""
"skipped","Mon Jul 27 03:15:05 UTC 2026","Mon Jul 27 03:15:05 UTC 2026","0","7. Team Pegasus | Pegasus Staging","Business Scenarios Tests","Visitors","Statistics visitor drill-down","","Visitor details",""
"passed","Mon Jul 27 03:17:33 UTC 2026","Mon Jul 27 03:17:33 UTC 2026","30","1.1 Team Hummingbird - BFF | WLW app","Technical Tests","ai-company-search-controller","POST /public_api/search/ai/supplier/recall [NEG] Forbidden Role Token","","POST /public_api/search/ai/supplier/recall [NEG] Forbidden Role Token",""
"passed","Mon Jul 27 03:25:51 UTC 2026","Mon Jul 27 03:25:51 UTC 2026","77","Dolphin","Functional","","","cppProductRecommendTest","recommend products in CPP -- wlw",""
"passed","Mon Jul 27 03:25:37 UTC 2026","Mon Jul 27 03:25:38 UTC 2026","1166","Dolphin","Functional","","","productTextSearchCountryFilterTest","AI product text search recall: country filter DE",""
"passed","Mon Jul 27 03:25:51 UTC 2026","Mon Jul 27 03:25:51 UTC 2026","44","Dolphin","Technical","","","getCategoryListEpTest","v-recommend category list -- ep",""
"skipped","Mon Jul 27 03:15:05 UTC 2026","Mon Jul 27 03:15:05 UTC 2026","0","7. Team Pegasus | Pegasus Staging","Endpoints Tests","Shop Import & Onboarding Backend","/offers - get offers","","/offers - get offers",""
"passed","Mon Jul 27 03:18:00 UTC 2026","Mon Jul 27 03:18:00 UTC 2026","120","4. Team CRM |CRM Staging","Endpoints Tests","(root)","duplicate records","","duplicate records",""
"failed","Mon Jul 27 03:17:53 UTC 2026","Mon Jul 27 03:17:53 UTC 2026","506","4. Team CRM |CRM Staging","Business Scenarios Tests","Account","Verify HubSpot Sync","","Verify HubSpot Sync",""
"passed","Mon Jul 27 03:25:50 UTC 2026","Mon Jul 27 03:25:50 UTC 2026","89","Dolphin","Functional","","","EPPCppProductRecommendTest","recommend products in CPP -- ep",""
"failed","Mon Jul 27 03:18:02 UTC 2026","Mon Jul 27 03:18:02 UTC 2026","12","1.1 Team Hummingbird - BFF | WLW app","Technical Tests","search-term-controller","POST /public_api/search/track [NEG] Expired Token","","POST /public_api/search/track [NEG] Expired Token",""
"passed","Mon Jul 27 03:16:30 UTC 2026","Mon Jul 27 03:16:31 UTC 2026","1427","1 Team Hummingbird - BFF | EP app","Endpoint tests","Login","user Info","","user Info",""
"failed","Mon Jul 27 03:17:30 UTC 2026","Mon Jul 27 03:17:30 UTC 2026","298","1.1 Team Hummingbird - BFF | WLW app","Endpoint tests","Contact request","Other request","","Other request",""
"broken","Mon Jul 27 03:22:55 UTC 2026","Mon Jul 27 03:23:15 UTC 2026","20018","Dolphin","Technical","","","recallTest","AI Search recall (supplierTextSearch) API using params from inference",""
"failed","Mon Jul 27 03:17:38 UTC 2026","Mon Jul 27 03:17:38 UTC 2026","11","1.1 Team Hummingbird - BFF | WLW app","Technical Tests","conversation-controller","PUT /public_api/conversation/userConversations/{conversationId}/messages/markAsRead [NEG] Missing Auth/API-Key","","PUT /public_api/conversation/userConversations/{conversationId}/messages/markAsRead [NEG] Missing Auth/API-Key",""
"passed","Mon Jul 27 03:15:12 UTC 2026","Mon Jul 27 03:15:13 UTC 2026","572","Arise","Technical","","","psearchProxySearch","psearchProxySearch",""
"passed","Mon Jul 27 03:17:46 UTC 2026","Mon Jul 27 03:17:46 UTC 2026","30","1.1 Team Hummingbird - BFF | WLW app","Technical Tests","feedback-controller","POST /v1/feedback","","POST /v1/feedback",""
"failed","Mon Jul 27 03:17:30 UTC 2026","Mon Jul 27 03:17:30 UTC 2026","345","1.1 Team Hummingbird - BFF | WLW app","Endpoint tests","Contact request","Product request","","Product request",""
"failed","Mon Jul 27 03:17:42 UTC 2026","Mon Jul 27 03:17:42 UTC 2026","12","1.1 Team Hummingbird - BFF | WLW app","Technical Tests","conversation-controller","GET /public_api/conversation/userConversations/{userId}/unreadCount [NEG] Expired Token","","GET /public_api/conversation/userConversations/{userId}/unreadCount [NEG] Expired Token",""
"passed","Mon Jul 27 03:17:26 UTC 2026","Mon Jul 27 03:17:26 UTC 2026","14","1.1 Team Hummingbird - BFF | WLW app","Endpoint tests","Mobile_Feedback","Feedback Subject_EN","","Feedback Subject_EN",""
"failed","Mon Jul 27 03:17:31 UTC 2026","Mon Jul 27 03:17:31 UTC 2026","34","1.1 Team Hummingbird - BFF | WLW app","Endpoint tests","Conversations","dynamic link conversation","","dynamic link conversation",""
"passed","Mon Jul 27 03:18:00 UTC 2026","Mon Jul 27 03:18:00 UTC 2026","32","1.1 Team Hummingbird - BFF | WLW app","Technical Tests","search-controller","GET /public_api/search/ai/tabChange [NEG] Expired Token","","GET /public_api/search/ai/tabChange [NEG] Expired Token",""
"passed","Mon Jul 27 03:17:50 UTC 2026","Mon Jul 27 03:17:51 UTC 2026","793","4. Team CRM |CRM Staging","Business Scenarios Tests","Tasks","Smoke test Create task","","Smoke test Create task",""
"passed","Mon Jul 27 03:16:35 UTC 2026","Mon Jul 27 03:16:35 UTC 2026","44","1 Team Hummingbird - BFF | EP app","Endpoint tests","Homepage, products","preferred categories","","preferred categories",""
"skipped","Mon Jul 27 03:20:35 UTC 2026","Mon Jul 27 03:20:35 UTC 2026","0","3 Team Techno - UCL","Functional Tests","Endpoint Tests","GoogleAd","","get active googleAd for the given uuid",""
"passed","Mon Jul 27 03:17:46 UTC 2026","Mon Jul 27 03:17:46 UTC 2026","20","1.1 Team Hummingbird - BFF | WLW app","Technical Tests","feedback-controller","POST /v1/feedback [NEG] Missing Auth/API-Key","","POST /v1/feedback [NEG] Missing Auth/API-Key",""
"passed","Mon Jul 27 03:25:49 UTC 2026","Mon Jul 27 03:25:50 UTC 2026","661","Dolphin","Technical","","","productTextSearchTopRankingScenarioTest","AI product text search recall: wlw-staging cnc top-ranking scenario",""
"failed","Mon Jul 27 03:16:20 UTC 2026","Mon Jul 27 03:16:20 UTC 2026","16","Bamboo","Technical","","","listSubCategoriesTest","list sub Categories",""
"skipped","Mon Jul 27 03:20:35 UTC 2026","Mon Jul 27 03:20:35 UTC 2026","0","3 Team Techno - UCL","Functional Tests","Endpoint Tests","TopRanking","","get TR with the given existing id",""
"failed","Mon Jul 27 03:17:30 UTC 2026","Mon Jul 27 03:17:31 UTC 2026","636","1.1 Team Hummingbird - BFF | WLW app","Endpoint tests","Conversations","user conversations to decline request","","user conversations to decline request",""
"broken","Mon Jul 27 03:24:56 UTC 2026","Mon Jul 27 03:25:16 UTC 2026","20019","Dolphin","Technical","","","productInferenceShortQueryTest","AI product search inference: minimal searchText boundary",""
"passed","Mon Jul 27 03:18:05 UTC 2026","Mon Jul 27 03:18:05 UTC 2026","14","1.1 Team Hummingbird - BFF | WLW app","Technical Tests","user-controller","GET /public_api/user/userInfo [NEG] Missing Auth/API-Key","","GET /public_api/user/userInfo [NEG] Missing Auth/API-Key",""
"broken","Mon Jul 27 03:24:15 UTC 2026","Mon Jul 27 03:24:36 UTC 2026","20965","Dolphin","Technical","","","termRecommendNoMockTest","AI Search term recommend API without mock",""
"passed","Mon Jul 27 03:17:59 UTC 2026","Mon Jul 27 03:18:00 UTC 2026","731","4. Team CRM |CRM Staging","Business Scenarios Tests","Meetings","Smoke Test for Meeting","","Smoke Test for Meeting",""
"passed","Mon Jul 27 03:16:33 UTC 2026","Mon Jul 27 03:16:33 UTC 2026","247","1 Team Hummingbird - BFF | EP app","Endpoint tests","Company","branchIO dynamic link, share CPP","","branchIO dynamic link, share CPP",""
"passed","Mon Jul 27 03:25:48 UTC 2026","Mon Jul 27 03:25:49 UTC 2026","991","Dolphin","Technical","","","productTextSearchSpecialCharTest","AI product text search recall: special-character query",""
"passed","Mon Jul 27 03:17:26 UTC 2026","Mon Jul 27 03:17:26 UTC 2026","49","1.1 Team Hummingbird - BFF | WLW app","Endpoint tests","Support","notifications list","","notifications list",""
"failed","Mon Jul 27 03:18:04 UTC 2026","Mon Jul 27 03:18:04 UTC 2026","12","1.1 Team Hummingbird - BFF | WLW app","Technical Tests","trending-products-controller","GET /public_api/trending/products [NEG] Missing Auth/API-Key","","GET /public_api/trending/products [NEG] Missing Auth/API-Key",""
"failed","Mon Jul 27 03:17:43 UTC 2026","Mon Jul 27 03:17:43 UTC 2026","13","1.1 Team Hummingbird - BFF | WLW app","Technical Tests","conversation-controller","GET /public_api/conversation/userConversations/{conversationId}/file [NEG] Missing Auth/API-Key","","GET /public_api/conversation/userConversations/{conversationId}/file [NEG] Missing Auth/API-Key",""
"passed","Mon Jul 27 03:18:05 UTC 2026","Mon Jul 27 03:18:05 UTC 2026","30","1.1 Team Hummingbird - BFF | WLW app","Technical Tests","trending-products-controller","GET /public_api/trending/notifications","","GET /public_api/trending/notifications",""
"skipped","Mon Jul 27 03:20:35 UTC 2026","Mon Jul 27 03:20:35 UTC 2026","0","3 Team Techno - UCL","Functional Tests","Endpoint Tests","Retargeting","","get active retargeting for the given uuid",""
"passed","Mon Jul 27 03:17:25 UTC 2026","Mon Jul 27 03:17:25 UTC 2026","129","1.1 Team Hummingbird - BFF | WLW app","Endpoint tests","User settings","user setting","","user setting",""
"passed","Mon Jul 27 03:18:03 UTC 2026","Mon Jul 27 03:18:03 UTC 2026","15","1.1 Team Hummingbird - BFF | WLW app","Technical Tests","supplier-visitors-controller","GET /public_api/suppliers/{supplier_id}/visits/{id} [NEG] Missing Auth/API-Key","","GET /public_api/suppliers/{supplier_id}/visits/{id} [NEG] Missing Auth/API-Key",""
"passed","Mon Jul 27 03:18:02 UTC 2026","Mon Jul 27 03:18:02 UTC 2026","80","4. Team CRM |CRM Staging","Endpoints Tests","(root)","Update Website Leads Fields with sf_id","","Update Website Leads Fields with sf_id",""
"passed","Mon Jul 27 03:16:30 UTC 2026","Mon Jul 27 03:16:31 UTC 2026","118","1 Team Hummingbird - BFF | EP app","Endpoint tests","User settings","user setting","","user setting",""
"passed","Mon Jul 27 03:17:48 UTC 2026","Mon Jul 27 03:17:48 UTC 2026","32","1.1 Team Hummingbird - BFF | WLW app","Technical Tests","login-controller","POST /public_api/auth/sso/login [NEG] Expired Token","","POST /public_api/auth/sso/login [NEG] Expired Token",""
"passed","Mon Jul 27 03:16:29 UTC 2026","Mon Jul 27 03:16:30 UTC 2026","580","1 Team Hummingbird - BFF | EP app","Endpoint tests","Login","native email login","","native email login",""
"passed","Mon Jul 27 03:14:59 UTC 2026","Mon Jul 27 03:14:59 UTC 2026","28","2 Team Dragon - BFF | RFQ Backend","Business Scenario Tests","(root)","RFQ_details","","RFQ_details",""
"passed","Mon Jul 27 03:17:40 UTC 2026","Mon Jul 27 03:17:40 UTC 2026","31","1.1 Team Hummingbird - BFF | WLW app","Technical Tests","conversation-controller","POST /public_api/conversation/userConversations/{conversationId}/messages [NEG] Forbidden Role Token","","POST /public_api/conversation/userConversations/{conversationId}/messages [NEG] Forbidden Role Token",""
"passed","Mon Jul 27 03:17:56 UTC 2026","Mon Jul 27 03:17:56 UTC 2026","34","1.1 Team Hummingbird - BFF | WLW app","Technical Tests","rfq-controller","POST /public_api/connect/purchaser/tenders","","POST /public_api/connect/purchaser/tenders",""
"passed","Mon Jul 27 03:17:28 UTC 2026","Mon Jul 27 03:17:28 UTC 2026","186","1.1 Team Hummingbird - BFF | WLW app","Endpoint tests","Company","branchIO dynamic link, share CPP","","branchIO dynamic link, share CPP",""
"failed","Mon Jul 27 03:17:59 UTC 2026","Mon Jul 27 03:17:59 UTC 2026","12","1.1 Team Hummingbird - BFF | WLW app","Technical Tests","search-controller","GET /public_api/search/autoComplete [NEG] Forbidden Role Token","","GET /public_api/search/autoComplete [NEG] Forbidden Role Token",""
"failed","Mon Jul 27 03:17:35 UTC 2026","Mon Jul 27 03:17:35 UTC 2026","14","1.1 Team Hummingbird - BFF | WLW app","Technical Tests","categories-controller","PUT /preferred/categories [NEG] Missing Auth/API-Key","","PUT /preferred/categories [NEG] Missing Auth/API-Key",""
"broken","Mon Jul 27 03:16:13 UTC 2026","Mon Jul 27 03:16:34 UTC 2026","20732","Dolphin","Technical","","","inferenceEmptySearchTextTest","AI Search inference: empty searchText still streams",""
"passed","Mon Jul 27 03:17:40 UTC 2026","Mon Jul 27 03:17:40 UTC 2026","31","1.1 Team Hummingbird - BFF | WLW app","Technical Tests","conversation-controller","POST /public_api/conversation/userConversations/{conversationId}/messages/file/","","POST /public_api/conversation/userConversations/{conversationId}/messages/file/",""
"passed","Mon Jul 27 03:17:52 UTC 2026","Mon Jul 27 03:17:52 UTC 2026","17","1.1 Team Hummingbird - BFF | WLW app","Technical Tests","product-controller","GET /public_api/products/{productId} [NEG] Missing Auth/API-Key","","GET /public_api/products/{productId} [NEG] Missing Auth/API-Key",""
"failed","Mon Jul 27 03:17:57 UTC 2026","Mon Jul 27 03:17:57 UTC 2026","392","4. Team CRM |CRM Staging","Business Scenarios Tests","Lead","Update a Lead","","Update a Lead",""
"passed","Mon Jul 27 03:17:27 UTC 2026","Mon Jul 27 03:17:27 UTC 2026","13","1.1 Team Hummingbird - BFF | WLW app","Endpoint tests","Mobile_Feedback","Feedback Subject_FR","","Feedback Subject_FR",""
"skipped","Mon Jul 27 03:15:05 UTC 2026","Mon Jul 27 03:15:05 UTC 2026","0","7. Team Pegasus | Pegasus Staging","Business Scenarios Tests","Business Insights","Dashboard smoke flow","","Activity",""
"failed","Mon Jul 27 03:16:34 UTC 2026","Mon Jul 27 03:16:34 UTC 2026","222","1 Team Hummingbird - BFF | EP app","Endpoint tests","Homepage, products","product recommendations EN","","product recommendations EN",""
"skipped","Mon Jul 27 03:15:05 UTC 2026","Mon Jul 27 03:15:05 UTC 2026","0","7. Team Pegasus | Pegasus Staging","Technical Tests","(empty)","(empty)","","Technical Tests - empty",""
"passed","Mon Jul 27 03:17:44 UTC 2026","Mon Jul 27 03:17:44 UTC 2026","35","1.1 Team Hummingbird - BFF | WLW app","Technical Tests","currency-exchange-controller","GET /exchange/fetch-rates","","GET /exchange/fetch-rates",""
"passed","Mon Jul 27 03:18:00 UTC 2026","Mon Jul 27 03:18:00 UTC 2026","71","4. Team CRM |CRM Staging","Endpoints Tests","(root)","update SF","","update SF",""
"passed","Mon Jul 27 03:18:04 UTC 2026","Mon Jul 27 03:18:04 UTC 2026","16","1.1 Team Hummingbird - BFF | WLW app","Technical Tests","trending-products-controller","POST /public_api/trending/import [NEG] Missing Auth/API-Key","","POST /public_api/trending/import [NEG] Missing Auth/API-Key",""
"failed","Mon Jul 27 03:17:56 UTC 2026","Mon Jul 27 03:17:56 UTC 2026","12","1.1 Team Hummingbird - BFF | WLW app","Technical Tests","push-notification-by-email-controller","PUT /v1/pushNotification [SEC] Injection Probe","","PUT /v1/pushNotification [SEC] Injection Probe",""
"failed","Mon Jul 27 03:17:38 UTC 2026","Mon Jul 27 03:17:38 UTC 2026","12","1.1 Team Hummingbird - BFF | WLW app","Technical Tests","conversation-controller","PUT /public_api/conversation/userConversations/{conversationId}/messages/markAsRead [NEG] Forbidden Role Token","","PUT /public_api/conversation/userConversations/{conversationId}/messages/markAsRead [NEG] Forbidden Role Token",""
"skipped","Mon Jul 27 03:15:05 UTC 2026","Mon Jul 27 03:15:05 UTC 2026","0","7. Team Pegasus | Pegasus Staging","Endpoints Tests","Visitors","Java (statistics-app)","","Visitors list",""
"passed","Mon Jul 27 03:25:49 UTC 2026","Mon Jul 27 03:25:49 UTC 2026","762","Dolphin","Technical","","","productTextSearchTest","AI product text search recall API",""
"passed","Mon Jul 27 03:17:30 UTC 2026","Mon Jul 27 03:17:30 UTC 2026","469","1.1 Team Hummingbird - BFF | WLW app","Endpoint tests","Conversations","user conversations","","user conversations",""
"passed","Mon Jul 27 03:17:52 UTC 2026","Mon Jul 27 03:17:53 UTC 2026","543","4. Team CRM |CRM Staging","Business Scenarios Tests","Account","Dunning level 1","","Dunning level 1",""
"failed","Mon Jul 27 03:17:41 UTC 2026","Mon Jul 27 03:17:41 UTC 2026","12","1.1 Team Hummingbird - BFF | WLW app","Technical Tests","conversation-controller","GET /public_api/conversation/userConversations [NEG] Forbidden Role Token","","GET /public_api/conversation/userConversations [NEG] Forbidden Role Token",""
"failed","Mon Jul 27 03:17:35 UTC 2026","Mon Jul 27 03:17:35 UTC 2026","14","1.1 Team Hummingbird - BFF | WLW app","Technical Tests","categories-controller","GET /preferred/categories [NEG] Expired Token","","GET /preferred/categories [NEG] Expired Token",""
"broken","Mon Jul 27 03:22:15 UTC 2026","Mon Jul 27 03:22:35 UTC 2026","20020","Dolphin","Functional","","","recallSingleFilterTest","AI Search recall: single filter (verified=true)",""
"skipped","Mon Jul 27 03:15:05 UTC 2026","Mon Jul 27 03:15:05 UTC 2026","0","7. Team Pegasus | Pegasus Staging","Endpoints Tests","Supplier Facts (CPP)","Supplier Facts","","Supplier Facts",""
"passed","Mon Jul 27 03:17:57 UTC 2026","Mon Jul 27 03:17:57 UTC 2026","32","1.1 Team Hummingbird - BFF | WLW app","Technical Tests","rfq-marketing-controller","POST /public_api/rfq-marketing/trigger [NEG] Forbidden Role Token","","POST /public_api/rfq-marketing/trigger [NEG] Forbidden Role Token",""
"passed","Mon Jul 27 03:17:32 UTC 2026","Mon Jul 27 03:17:32 UTC 2026","142","1.1 Team Hummingbird - BFF | WLW app","Technical Tests","ab-test-record-controller","POST /public_api/abtest/record","","POST /public_api/abtest/record",""
"passed","Mon Jul 27 03:17:57 UTC 2026","Mon Jul 27 03:17:57 UTC 2026","20","1.1 Team Hummingbird - BFF | WLW app","Technical Tests","rfq-controller","POST /public_api/connect/purchaser/tenders/ [NEG] Missing Auth/API-Key","","POST /public_api/connect/purchaser/tenders/ [NEG] Missing Auth/API-Key",""
"failed","Mon Jul 27 03:14:58 UTC 2026","Mon Jul 27 03:14:58 UTC 2026","178","2 Team Dragon - BFF | RFQ Backend","Functional Tests","(root)","POST /v1/rfqs/{rfqId}/respond - Success","","POST /v1/rfqs/{rfqId}/respond - Success",""
"passed","Mon Jul 27 03:18:01 UTC 2026","Mon Jul 27 03:18:02 UTC 2026","1205","4. Team CRM |CRM Staging","Endpoints Tests","(root)","trigger the Paid Media lead","","trigger the Paid Media lead",""
"passed","Mon Jul 27 03:17:45 UTC 2026","Mon Jul 27 03:17:45 UTC 2026","30","1.1 Team Hummingbird - BFF | WLW app","Technical Tests","euro-pages-controller","DELETE /public_api/euro-pages/auth/delete","","DELETE /public_api/euro-pages/auth/delete",""
"failed","Mon Jul 27 03:17:43 UTC 2026","Mon Jul 27 03:17:43 UTC 2026","13","1.1 Team Hummingbird - BFF | WLW app","Technical Tests","conversation-controller","GET /public_api/conversation/userConversations/{conversationId}/file [NEG] Expired Token","","GET /public_api/conversation/userConversations/{conversationId}/file [NEG] Expired Token",""
"passed","Mon Jul 27 03:17:49 UTC 2026","Mon Jul 27 03:17:49 UTC 2026","30","1.1 Team Hummingbird - BFF | WLW app","Technical Tests","login-controller","POST /public_api/auth/resetPassword [NEG] Expired Token","","POST /public_api/auth/resetPassword [NEG] Expired Token",""
"failed","Mon Jul 27 03:18:03 UTC 2026","Mon Jul 27 03:18:03 UTC 2026","11","1.1 Team Hummingbird - BFF | WLW app","Technical Tests","supplier-visitors-controller","GET /public_api/suppliers/{supplier_id}/visits/csv","","GET /public_api/suppliers/{supplier_id}/visits/csv",""
"passed","Mon Jul 27 03:17:47 UTC 2026","Mon Jul 27 03:17:47 UTC 2026","13","1.1 Team Hummingbird - BFF | WLW app","Technical Tests","inside-business-controller","GET /public_api/inside_business [NEG] Missing Auth/API-Key","","GET /public_api/inside_business [NEG] Missing Auth/API-Key",""
"failed","Mon Jul 27 03:17:43 UTC 2026","Mon Jul 27 03:17:43 UTC 2026","11","1.1 Team Hummingbird - BFF | WLW app","Technical Tests","conversation-controller","GET /public_api/conversation/userConversations/{conversationId} [NEG] Expired Token","","GET /public_api/conversation/userConversations/{conversationId} [NEG] Expired Token",""
"passed","Mon Jul 27 03:17:39 UTC 2026","Mon Jul 27 03:17:39 UTC 2026","68","1.1 Team Hummingbird - BFF | WLW app","Technical Tests","conversation-controller","PUT /public_api/conversation/userConversations/{conversationId}/decline [NEG] Forbidden Role Token","","PUT /public_api/conversation/userConversations/{conversationId}/decline [NEG] Forbidden Role Token",""
"passed","Mon Jul 27 03:17:59 UTC 2026","Mon Jul 27 03:18:00 UTC 2026","731","4. Team CRM |CRM Staging","Business Scenarios Tests","Meetings","Smoke Test for Meeting","","Smoke Test for Meeting",""
"passed","Mon Jul 27 03:17:40 UTC 2026","Mon Jul 27 03:17:40 UTC 2026","17","1.1 Team Hummingbird - BFF | WLW app","Technical Tests","conversation-controller","POST /public_api/conversation/userConversations/{conversationId}/messages/{messageId}/translate [NEG] Missing Auth/API-Key","","POST /public_api/conversation/userConversations/{conversationId}/messages/{messageId}/translate [NEG] Missing Auth/API-Key",""
"passed","Mon Jul 27 03:25:50 UTC 2026","Mon Jul 27 03:25:51 UTC 2026","92","Dolphin","Technical","","","EPSameStoreProductRecommendTest","product same store recommend -- ep",""
"failed","Mon Jul 27 03:25:52 UTC 2026","Mon Jul 27 03:25:52 UTC 2026","50","Dolphin","Functional","","","sameStoreProductRecommendTest","product same store recommend -- wlw",""
"broken","Mon Jul 27 03:17:54 UTC 2026","Mon Jul 27 03:18:14 UTC 2026","20021","Dolphin","Technical","","","pvMatchTest","AI Search PV match (supplierAiMatch) API",""
"broken","Mon Jul 27 03:20:15 UTC 2026","Mon Jul 27 03:20:35 UTC 2026","20017","Dolphin","Technical","","","recallNoResultQueryTest","AI Search recall: no-result query (empty offers or zero total)",""
"failed","Mon Jul 27 03:17:38 UTC 2026","Mon Jul 27 03:17:38 UTC 2026","12","1.1 Team Hummingbird - BFF | WLW app","Technical Tests","conversation-controller","PUT /public_api/conversation/userConversations/{conversationId}/messages/markAsRead [NEG] Expired Token","","PUT /public_api/conversation/userConversations/{conversationId}/messages/markAsRead [NEG] Expired Token",""
"broken","Mon Jul 27 03:24:15 UTC 2026","Mon Jul 27 03:24:36 UTC 2026","20965","Dolphin","Functional","","","termRecommendNoMockTest","AI Search term recommend API without mock",""
"failed","Mon Jul 27 03:17:39 UTC 2026","Mon Jul 27 03:17:39 UTC 2026","13","1.1 Team Hummingbird - BFF | WLW app","Technical Tests","conversation-controller","GET /public_api/conversation/userConversations/{conversationId}/messages [NEG] Missing Auth/API-Key","","GET /public_api/conversation/userConversations/{conversationId}/messages [NEG] Missing Auth/API-Key",""
"passed","Mon Jul 27 03:17:45 UTC 2026","Mon Jul 27 03:17:45 UTC 2026","30","1.1 Team Hummingbird - BFF | WLW app","Technical Tests","dynamic-links-controller","POST /public_api/branchio/dynamiclink","","POST /public_api/branchio/dynamiclink",""
"passed","Mon Jul 27 03:16:32 UTC 2026","Mon Jul 27 03:16:33 UTC 2026","320","1 Team Hummingbird - BFF | EP app","Endpoint tests","Company","Companies / products DE","","Companies / products DE",""
"skipped","Mon Jul 27 03:15:05 UTC 2026","Mon Jul 27 03:15:05 UTC 2026","0","7. Team Pegasus | Pegasus Staging","Endpoints Tests","Shop Import & Onboarding Backend","/offers/count - get count","","/offers/count - get count",""
"failed","Mon Jul 27 03:17:42 UTC 2026","Mon Jul 27 03:17:42 UTC 2026","14","1.1 Team Hummingbird - BFF | WLW app","Technical Tests","conversation-controller","GET /public_api/conversation/userConversations/{userId}/unreadCount [NEG] Forbidden Role Token","","GET /public_api/conversation/userConversations/{userId}/unreadCount [NEG] Forbidden Role Token",""
"skipped","Mon Jul 27 03:15:05 UTC 2026","Mon Jul 27 03:15:05 UTC 2026","0","7. Team Pegasus | Pegasus Staging","Endpoints Tests","Shop Import & Onboarding Backend","/offers/topCategories","","/offers/topCategories",""
"failed","Mon Jul 27 03:17:39 UTC 2026","Mon Jul 27 03:17:39 UTC 2026","91","1.1 Team Hummingbird - BFF | WLW app","Technical Tests","conversation-controller","GET /public_api/conversation/userConversations/{conversationId}/messages [NEG] Forbidden Role Token","","GET /public_api/conversation/userConversations/{conversationId}/messages [NEG] Forbidden Role Token",""
"passed","Mon Jul 27 03:17:52 UTC 2026","Mon Jul 27 03:17:52 UTC 2026","32","1.1 Team Hummingbird - BFF | WLW app","Technical Tests","product-controller","GET /public_api/products/{productId} [NEG] Expired Token","","GET /public_api/products/{productId} [NEG] Expired Token",""
"passed","Mon Jul 27 03:14:59 UTC 2026","Mon Jul 27 03:14:59 UTC 2026","5","2 Team Dragon - BFF | RFQ Backend","Technical Tests","(root)","Negative test: malformed UUIDs & content type checks","","Negative test: malformed UUIDs & content type checks",""
"passed","Mon Jul 27 03:17:47 UTC 2026","Mon Jul 27 03:17:47 UTC 2026","32","1.1 Team Hummingbird - BFF | WLW app","Technical Tests","feedback-controller","GET /feedback/subject","","GET /feedback/subject",""
"passed","Mon Jul 27 03:18:02 UTC 2026","Mon Jul 27 03:18:03 UTC 2026","936","4. Team CRM |CRM Staging","Endpoints Tests","(root)","Create platform profile","","Create platform profile",""
"passed","Mon Jul 27 03:17:29 UTC 2026","Mon Jul 27 03:17:29 UTC 2026","90","1.1 Team Hummingbird - BFF | WLW app","Endpoint tests","RFQ","post RFQ","","post RFQ",""
"passed","Mon Jul 27 03:17:39 UTC 2026","Mon Jul 27 03:17:39 UTC 2026","30","1.1 Team Hummingbird - BFF | WLW app","Technical Tests","conversation-controller","PUT /public_api/conversation/userConversations/{conversationId}/messages/markAsRead [SEC] Injection Probe","","PUT /public_api/conversation/userConversations/{conversationId}/messages/markAsRead [SEC] Injection Probe",""
"passed","Mon Jul 27 03:17:28 UTC 2026","Mon Jul 27 03:17:28 UTC 2026","73","1.1 Team Hummingbird - BFF | WLW app","Endpoint tests","Search","search autoComplete EN","","search autoComplete EN",""
"passed","Mon Jul 27 03:17:45 UTC 2026","Mon Jul 27 03:17:45 UTC 2026","31","1.1 Team Hummingbird - BFF | WLW app","Technical Tests","euro-pages-controller","PUT /public_api/euro-pages/auth/delete [NEG] Expired Token","","PUT /public_api/euro-pages/auth/delete [NEG] Expired Token",""
"passed","Mon Jul 27 03:17:53 UTC 2026","Mon Jul 27 03:17:53 UTC 2026","387","4. Team CRM |CRM Staging","Business Scenarios Tests","Account","Update Account","","Update Account",""
"passed","Mon Jul 27 03:17:36 UTC 2026","Mon Jul 27 03:17:36 UTC 2026","15","1.1 Team Hummingbird - BFF | WLW app","Technical Tests","categories-controller","GET /public_api/categories/homepage [NEG] Missing Auth/API-Key","","GET /public_api/categories/homepage [NEG] Missing Auth/API-Key",""
"passed","Mon Jul 27 03:25:44 UTC 2026","Mon Jul 27 03:25:44 UTC 2026","740","Dolphin","Technical","","","productTextSearchPageZeroTest","AI product text search recall: page=0 normalized",""
"failed","Mon Jul 27 03:17:52 UTC 2026","Mon Jul 27 03:17:52 UTC 2026","12","1.1 Team Hummingbird - BFF | WLW app","Technical Tests","product-controller","GET /public_api/companies/{supplierPublicId}/products [NEG] Expired Token","","GET /public_api/companies/{supplierPublicId}/products [NEG] Expired Token",""
"passed","Mon Jul 27 03:17:24 UTC 2026","Mon Jul 27 03:17:25 UTC 2026","481","1.1 Team Hummingbird - BFF | WLW app","Endpoint tests","Login","native email login purchaser","","native email login purchaser",""
"skipped","Mon Jul 27 03:20:35 UTC 2026","Mon Jul 27 03:20:35 UTC 2026","0","3 Team Techno - UCL","Functional Tests","Endpoint Tests","membership","","get all membership for non-existing uuid",""
"passed","Mon Jul 27 03:25:50 UTC 2026","Mon Jul 27 03:25:50 UTC 2026","23","Dolphin","Technical","","","productTextSearchWhitespaceQueryTest","AI product text search recall: whitespace-only query → empty success",""
"skipped","Mon Jul 27 03:20:35 UTC 2026","Mon Jul 27 03:20:35 UTC 2026","0","3 Team Techno - UCL","Technical Tests","SponsoredBrand","GET /unified_commercial_logic/internal_api/api/sponsored_brand_v1/ - Retrieve SponsoredBrandV1 List","","GET /unified_commercial_logic/internal_api/api/sponsored_brand_v1/ - Retrieve SponsoredBrandV1 List",""
"passed","Mon Jul 27 03:17:28 UTC 2026","Mon Jul 27 03:17:28 UTC 2026","62","1.1 Team Hummingbird - BFF | WLW app","Endpoint tests","Company","search company products","","search company products",""
"passed","Mon Jul 27 03:25:52 UTC 2026","Mon Jul 27 03:25:52 UTC 2026","236","Dolphin","Functional","","","instoreSearchTest","instore search -- cpp/pdp with sort and leaf filter",""
"passed","Mon Jul 27 03:17:51 UTC 2026","Mon Jul 27 03:17:51 UTC 2026","108","4. Team CRM |CRM Staging","Business Scenarios Tests","Contacts","Check Contact","","Check Contact",""
"passed","Mon Jul 27 03:17:58 UTC 2026","Mon Jul 27 03:18:01 UTC 2026","3342","4. Team CRM |CRM Staging","Business Scenarios Tests","Contacts","Create Contact","","Create Contact",""
"passed","Mon Jul 27 03:18:00 UTC 2026","Mon Jul 27 03:18:00 UTC 2026","17","1.1 Team Hummingbird - BFF | WLW app","Technical Tests","search-controller","GET /public_api/search/ai/tabChange [NEG] Missing Auth/API-Key","","GET /public_api/search/ai/tabChange [NEG] Missing Auth/API-Key",""
"failed","Mon Jul 27 03:17:33 UTC 2026","Mon Jul 27 03:17:33 UTC 2026","11","1.1 Team Hummingbird - BFF | WLW app","Technical Tests","ai-company-search-controller","GET /public_api/search/ai/company/search [NEG] Expired Token","","GET /public_api/search/ai/company/search [NEG] Expired Token",""
"passed","Mon Jul 27 03:17:49 UTC 2026","Mon Jul 27 03:17:49 UTC 2026","28","1.1 Team Hummingbird - BFF | WLW app","Technical Tests","login-controller","POST /public_api/auth/resetPassword [NEG] Forbidden Role Token","","POST /public_api/auth/resetPassword [NEG] Forbidden Role Token",""
"passed","Mon Jul 27 03:17:52 UTC 2026","Mon Jul 27 03:17:52 UTC 2026","250","4. Team CRM |CRM Staging","Business Scenarios Tests","Quote","Check Quote","","Check Quote",""
"failed","Mon Jul 27 03:17:54 UTC 2026","Mon Jul 27 03:17:54 UTC 2026","13","1.1 Team Hummingbird - BFF | WLW app","Technical Tests","purchaser-user-setting-controller","GET /userSetting","","GET /userSetting",""
"passed","Mon Jul 27 03:17:47 UTC 2026","Mon Jul 27 03:17:47 UTC 2026","15","1.1 Team Hummingbird - BFF | WLW app","Technical Tests","feedback-controller","GET /feedback/subject [NEG] Missing Auth/API-Key","","GET /feedback/subject [NEG] Missing Auth/API-Key",""
"passed","Mon Jul 27 03:17:58 UTC 2026","Mon Jul 27 03:17:58 UTC 2026","0","4. Team CRM |CRM Staging","Business Scenarios Tests","Contacts","Smoke test for Create Contact & Verify HubSpot Sync","","Smoke test for Create Contact & Verify HubSpot Sync",""
"broken","Mon Jul 27 03:19:35 UTC 2026","Mon Jul 27 03:19:55 UTC 2026","20014","Dolphin","Technical","","","recallLongQueryTruncationTest","AI Search recall: long query truncated, still success",""
"broken","Mon Jul 27 03:23:55 UTC 2026","Mon Jul 27 03:24:15 UTC 2026","20021","Dolphin","Technical","","","termRecommendBlankLanguageTest","AI Search term recommend: blank language → business failure",""
"passed","Mon Jul 27 03:17:30 UTC 2026","Mon Jul 27 03:17:32 UTC 2026","1991","1.1 Team Hummingbird - BFF | WLW app","Endpoint tests","Conversations","new message","","new message",""
"passed","Mon Jul 27 03:17:29 UTC 2026","Mon Jul 27 03:17:29 UTC 2026","160","1.1 Team Hummingbird - BFF | WLW app","Endpoint tests","Homepage, products","product recommendations DE","","product recommendations DE",""
"skipped","Mon Jul 27 03:15:05 UTC 2026","Mon Jul 27 03:15:05 UTC 2026","0","7. Team Pegasus | Pegasus Staging","Business Scenarios Tests","Supplier Facts","API register, publish, and verify in UI","","3. Resolve company uuid by email",""
"passed","Mon Jul 27 03:17:24 UTC 2026","Mon Jul 27 03:17:25 UTC 2026","547","1.1 Team Hummingbird - BFF | WLW app","Endpoint tests","Login","user Info","","user Info",""
"passed","Mon Jul 27 03:14:59 UTC 2026","Mon Jul 27 03:14:59 UTC 2026","12","2 Team Dragon - BFF | RFQ Backend","Technical Tests","(root)","GET /v1/categories - CPV list (schema + contract)","","GET /v1/categories - CPV list (schema + contract)",""
"passed","Mon Jul 27 03:18:06 UTC 2026","Mon Jul 27 03:18:06 UTC 2026","28","1.1 Team Hummingbird - BFF | WLW app","Technical Tests","user-controller","PUT /public_api/user/userInfo [NEG] Forbidden Role Token","","PUT /public_api/user/userInfo [NEG] Forbidden Role Token",""
"failed","Mon Jul 27 03:18:04 UTC 2026","Mon Jul 27 03:18:04 UTC 2026","12","1.1 Team Hummingbird - BFF | WLW app","Technical Tests","supplier-visitors-controller","GET /public_api/suppliers/{supplier_id}/visits/csv [NEG] Expired Token","","GET /public_api/suppliers/{supplier_id}/visits/csv [NEG] Expired Token",""
"passed","Mon Jul 27 03:17:39 UTC 2026","Mon Jul 27 03:17:39 UTC 2026","68","1.1 Team Hummingbird - BFF | WLW app","Technical Tests","conversation-controller","GET /public_api/conversation/userConversations/{conversationId}/messages [SEC] Injection Probe","","GET /public_api/conversation/userConversations/{conversationId}/messages [SEC] Injection Probe",""
"passed","Mon Jul 27 03:16:36 UTC 2026","Mon Jul 27 03:16:37 UTC 2026","153","1 Team Hummingbird - BFF | EP app","Endpoint tests","Conversations","Decline RFQ","","Decline RFQ",""
"passed","Mon Jul 27 03:17:28 UTC 2026","Mon Jul 27 03:17:28 UTC 2026","74","1.1 Team Hummingbird - BFF | WLW app","Endpoint tests","Search","search autoComplete DE","","search autoComplete DE",""
"failed","Mon Jul 27 03:18:02 UTC 2026","Mon Jul 27 03:18:02 UTC 2026","13","1.1 Team Hummingbird - BFF | WLW app","Technical Tests","supplier-visitors-controller","GET /public_api/suppliers/{supplier_id}/visits","","GET /public_api/suppliers/{supplier_id}/visits",""
"passed","Mon Jul 27 03:17:58 UTC 2026","Mon Jul 27 03:18:00 UTC 2026","1873","4. Team CRM |CRM Staging","Business Scenarios Tests","Platform Profile","Smoke Test Create Platform Profile","","Smoke Test Create Platform Profile",""
"failed","Mon Jul 27 03:18:04 UTC 2026","Mon Jul 27 03:18:04 UTC 2026","11","1.1 Team Hummingbird - BFF | WLW app","Technical Tests","supplier-visitors-controller","GET /public_api/suppliers/{supplier_id}/visits/csv [NEG] Forbidden Role Token","","GET /public_api/suppliers/{supplier_id}/visits/csv [NEG] Forbidden Role Token",""
"passed","Mon Jul 27 03:17:58 UTC 2026","Mon Jul 27 03:17:58 UTC 2026","0","4. Team CRM |CRM Staging","Business Scenarios Tests","Contacts","Smoke test for Create Contact & Verify HubSpot Sync","","Smoke test for Create Contact & Verify HubSpot Sync",""
"failed","Mon Jul 27 03:17:38 UTC 2026","Mon Jul 27 03:17:38 UTC 2026","12","1.1 Team Hummingbird - BFF | WLW app","Technical Tests","conversation-controller","PUT /public_api/conversation/userConversations/{conversationId}/messages/markAsRead","","PUT /public_api/conversation/userConversations/{conversationId}/messages/markAsRead",""
"passed","Mon Jul 27 03:17:26 UTC 2026","Mon Jul 27 03:17:26 UTC 2026","18","1.1 Team Hummingbird - BFF | WLW app","Endpoint tests","Support","Supportmasterdata_FR","","Supportmasterdata_FR",""
"skipped","Mon Jul 27 03:15:05 UTC 2026","Mon Jul 27 03:15:05 UTC 2026","0","7. Team Pegasus | Pegasus Staging","Spike | Profiles link user to company","(root)","01 OAuth — Supplier Facts token","","01 OAuth — Supplier Facts token",""
"skipped","Mon Jul 27 03:20:35 UTC 2026","Mon Jul 27 03:20:35 UTC 2026","0","3 Team Techno - UCL","Functional Tests","Endpoint Tests","SponsoredBrand","","get active SPB by uuid",""
"passed","Mon Jul 27 03:17:46 UTC 2026","Mon Jul 27 03:17:46 UTC 2026","29","1.1 Team Hummingbird - BFF | WLW app","Technical Tests","feedback-controller","POST /v1/feedback [NEG] Forbidden Role Token","","POST /v1/feedback [NEG] Forbidden Role Token",""
"passed","Mon Jul 27 03:17:51 UTC 2026","Mon Jul 27 03:17:51 UTC 2026","34","1.1 Team Hummingbird - BFF | WLW app","Technical Tests","login-controller","POST /public_api/auth/changePassword","","POST /public_api/auth/changePassword",""
"skipped","Mon Jul 27 03:15:05 UTC 2026","Mon Jul 27 03:15:05 UTC 2026","0","7. Team Pegasus | Pegasus Staging","Endpoints Tests","Visitors","Elixir (supplier-app)","","Visitor details",""
"passed","Mon Jul 27 03:17:36 UTC 2026","Mon Jul 27 03:17:36 UTC 2026","39","1.1 Team Hummingbird - BFF | WLW app","Technical Tests","categories-controller","GET /public_api/categories/homepage [NEG] Forbidden Role Token","","GET /public_api/categories/homepage [NEG] Forbidden Role Token",""
"broken","Mon Jul 27 03:21:55 UTC 2026","Mon Jul 27 03:22:15 UTC 2026","20022","Dolphin","Functional","","","recallSecondPageTest","AI Search recall: pagination page 2",""
"skipped","Mon Jul 27 03:15:05 UTC 2026","Mon Jul 27 03:15:05 UTC 2026","0","7. Team Pegasus | Pegasus Staging","Spike | Profiles link user to company","(root)","09 MANUAL — my-account supplier page (browser)","","09 MANUAL — my-account supplier page (browser)",""
"passed","Mon Jul 27 03:14:58 UTC 2026","Mon Jul 27 03:14:58 UTC 2026","71","2 Team Dragon - BFF | RFQ Backend","Functional Tests","(root)","POST /v1/rfqs/{rfqId}/respond - Error Case (400)","","POST /v1/rfqs/{rfqId}/respond - Error Case (400)",""
"passed","Mon Jul 27 03:17:31 UTC 2026","Mon Jul 27 03:17:31 UTC 2026","90","1.1 Team Hummingbird - BFF | WLW app","Endpoint tests","Conversations","mark as read","","mark as read",""
"passed","Mon Jul 27 03:17:35 UTC 2026","Mon Jul 27 03:17:35 UTC 2026","33","1.1 Team Hummingbird - BFF | WLW app","Technical Tests","categories-controller","PUT /preferred/categories [SEC] Injection Probe","","PUT /preferred/categories [SEC] Injection Probe",""
"skipped","Mon Jul 27 03:20:35 UTC 2026","Mon Jul 27 03:20:35 UTC 2026","0","3 Team Techno - UCL","Technical Tests","Membership","GET /unified_commercial_logic/internal_api/api/membership/ - Retrieve Membership List","","GET /unified_commercial_logic/internal_api/api/membership/ - Retrieve Membership List",""
"skipped","Mon Jul 27 03:15:05 UTC 2026","Mon Jul 27 03:15:05 UTC 2026","0","7. Team Pegasus | Pegasus Staging","Spike | Profiles link user to company","(root)","08 MANUAL — supplier_api GET (needs browser session)","","08 MANUAL — supplier_api GET (needs browser session)",""
"passed","Mon Jul 27 03:17:56 UTC 2026","Mon Jul 27 03:17:57 UTC 2026","177","4. Team CRM |CRM Staging","Business Scenarios Tests","Lead","Lead-duplicateCheck - without dupicates","","Lead-duplicateCheck - without dupicates",""
"passed","Mon Jul 27 03:18:01 UTC 2026","Mon Jul 27 03:18:01 UTC 2026","447","4. Team CRM |CRM Staging","Endpoints Tests","(root)","sync event to trigger the RFC lead process","","sync event to trigger the RFC lead process",""
"skipped","Mon Jul 27 03:15:05 UTC 2026","Mon Jul 27 03:15:05 UTC 2026","0","7. Team Pegasus | Pegasus Staging","Endpoints Tests","Shop Import & Onboarding Backend","/offers/keywordSuggestion","","/offers/keywordSuggestion",""
"passed","Mon Jul 27 03:17:51 UTC 2026","Mon Jul 27 03:17:51 UTC 2026","30","1.1 Team Hummingbird - BFF | WLW app","Technical Tests","login-controller","DELETE /public_api/auth/sso/logout","","DELETE /public_api/auth/sso/logout",""
"passed","Mon Jul 27 03:17:58 UTC 2026","Mon Jul 27 03:18:01 UTC 2026","3342","4. Team CRM |CRM Staging","Business Scenarios Tests","Contacts","Create Contact","","Create Contact",""
"skipped","Mon Jul 27 03:15:05 UTC 2026","Mon Jul 27 03:15:05 UTC 2026","0","7. Team Pegasus | Pegasus Staging","Business Scenarios Tests","Business Insights","Dashboard smoke flow","","Set User Activity",""
"passed","Mon Jul 27 03:18:05 UTC 2026","Mon Jul 27 03:18:05 UTC 2026","33","1.1 Team Hummingbird - BFF | WLW app","Technical Tests","user-controller","GET /public_api/user/userInfo","","GET /public_api/user/userInfo",""
"skipped","Mon Jul 27 03:15:05 UTC 2026","Mon Jul 27 03:15:05 UTC 2026","0","7. Team Pegasus | Pegasus Staging","Spike | Profiles link user to company","(root)","07 GET — Verify profile after PATCH","","07 GET — Verify profile after PATCH",""
"skipped","Mon Jul 27 03:20:35 UTC 2026","Mon Jul 27 03:20:35 UTC 2026","0","3 Team Techno - UCL","Functional Tests","Endpoint Tests","membership","","get all active membership for uuid not platform specific",""
"skipped","Mon Jul 27 03:20:35 UTC 2026","Mon Jul 27 03:20:35 UTC 2026","0","3 Team Techno - UCL","Functional Tests","Endpoint Tests","Organization","","get organization for the given supplier_facts_uuid",""
"passed","Mon Jul 27 03:17:44 UTC 2026","Mon Jul 27 03:17:44 UTC 2026","30","1.1 Team Hummingbird - BFF | WLW app","Technical Tests","currency-exchange-controller","GET /exchange/fetch-rates [NEG] Expired Token","","GET /exchange/fetch-rates [NEG] Expired Token",""
"failed","Mon Jul 27 03:16:35 UTC 2026","Mon Jul 27 03:16:35 UTC 2026","476","1 Team Hummingbird - BFF | EP app","Endpoint tests","Contact request","Callback request","","Callback request",""
"passed","Mon Jul 27 03:18:04 UTC 2026","Mon Jul 27 03:18:04 UTC 2026","31","1.1 Team Hummingbird - BFF | WLW app","Technical Tests","trending-products-controller","POST /public_api/trending/import [NEG] Expired Token","","POST /public_api/trending/import [NEG] Expired Token",""
"passed","Mon Jul 27 03:17:29 UTC 2026","Mon Jul 27 03:17:29 UTC 2026","113","1.1 Team Hummingbird - BFF | WLW app","Endpoint tests","Search","search track","","search track",""
"passed","Mon Jul 27 03:17:49 UTC 2026","Mon Jul 27 03:17:49 UTC 2026","13","1.1 Team Hummingbird - BFF | WLW app","Technical Tests","login-controller","POST /public_api/auth/password/login [NEG] Missing Auth/API-Key","","POST /public_api/auth/password/login [NEG] Missing Auth/API-Key",""
"failed","Mon Jul 27 03:18:03 UTC 2026","Mon Jul 27 03:18:03 UTC 2026","13","1.1 Team Hummingbird - BFF | WLW app","Technical Tests","supplier-visitors-controller","GET /public_api/suppliers/{supplier_id}/visits [NEG] Expired Token","","GET /public_api/suppliers/{supplier_id}/visits [NEG] Expired Token",""
"passed","Mon Jul 27 03:16:32 UTC 2026","Mon Jul 27 03:16:32 UTC 2026","28","1 Team Hummingbird - BFF | EP app","Endpoint tests","Mobile_Feedback","Feedback Subject_DE","","Feedback Subject_DE",""
"passed","Mon Jul 27 03:17:40 UTC 2026","Mon Jul 27 03:17:40 UTC 2026","30","1.1 Team Hummingbird - BFF | WLW app","Technical Tests","conversation-controller","POST /public_api/conversation/userConversations/{conversationId}/messages [NEG] Expired Token","","POST /public_api/conversation/userConversations/{conversationId}/messages [NEG] Expired Token",""
"failed","Mon Jul 27 03:17:58 UTC 2026","Mon Jul 27 03:17:58 UTC 2026","17","1.1 Team Hummingbird - BFF | WLW app","Technical Tests","search-controller","GET /public_api/search [NEG] Expired Token","","GET /public_api/search [NEG] Expired Token",""
"skipped","Mon Jul 27 03:15:05 UTC 2026","Mon Jul 27 03:15:05 UTC 2026","0","7. Team Pegasus | Pegasus Staging","Business Scenarios Tests","Business Insights","Dashboard smoke flow","","Activity by uuid",""
"passed","Mon Jul 27 03:17:31 UTC 2026","Mon Jul 27 03:17:32 UTC 2026","1129","1.1 Team Hummingbird - BFF | WLW app","Endpoint tests","Conversations","decline QDR","","decline QDR",""
"failed","Mon Jul 27 03:17:43 UTC 2026","Mon Jul 27 03:17:43 UTC 2026","14","1.1 Team Hummingbird - BFF | WLW app","Technical Tests","conversation-controller","GET /public_api/conversation/userConversations/{conversationId} [NEG] Missing Auth/API-Key","","GET /public_api/conversation/userConversations/{conversationId} [NEG] Missing Auth/API-Key",""
"passed","Mon Jul 27 03:17:32 UTC 2026","Mon Jul 27 03:17:32 UTC 2026","113","1.1 Team Hummingbird - BFF | WLW app","Endpoint tests","Visitor profiler","csv get","","csv get",""
"passed","Mon Jul 27 03:18:02 UTC 2026","Mon Jul 27 03:18:03 UTC 2026","204","4. Team CRM |CRM Staging","Endpoints Tests","(root)","trigger a Buyer lead","","trigger a Buyer lead",""
"passed","Mon Jul 27 03:17:27 UTC 2026","Mon Jul 27 03:17:28 UTC 2026","73","1.1 Team Hummingbird - BFF | WLW app","Endpoint tests","Company","Product ID","","Product ID",""
"passed","Mon Jul 27 03:17:29 UTC 2026","Mon Jul 27 03:17:29 UTC 2026","685","1.1 Team Hummingbird - BFF | WLW app","Endpoint tests","Search","Product Search FR","","Product Search FR",""
"skipped","Mon Jul 27 03:15:05 UTC 2026","Mon Jul 27 03:15:05 UTC 2026","0","7. Team Pegasus | Pegasus Staging","Business Scenarios Tests","Supplier Facts","Company create and update for UI","","Update company",""
"passed","Mon Jul 27 03:16:34 UTC 2026","Mon Jul 27 03:16:35 UTC 2026","828","1 Team Hummingbird - BFF | EP app","Endpoint tests","Search","Product Search FR","","Product Search FR",""
"passed","Mon Jul 27 03:18:03 UTC 2026","Mon Jul 27 03:18:03 UTC 2026","30","1.1 Team Hummingbird - BFF | WLW app","Technical Tests","supplier-visitors-controller","GET /public_api/suppliers/{supplier_id}/visits/{id} [NEG] Expired Token","","GET /public_api/suppliers/{supplier_id}/visits/{id} [NEG] Expired Token",""
"passed","Mon Jul 27 03:17:57 UTC 2026","Mon Jul 27 03:17:57 UTC 2026","30","1.1 Team Hummingbird - BFF | WLW app","Technical Tests","rfq-marketing-controller","POST /public_api/rfq-marketing/trigger","","POST /public_api/rfq-marketing/trigger",""
"passed","Mon Jul 27 03:17:54 UTC 2026","Mon Jul 27 03:17:56 UTC 2026","2600","4. Team CRM |CRM Staging","Business Scenarios Tests","Account","Contact for Account","","Contact for Account",""
"failed","Mon Jul 27 03:17:58 UTC 2026","Mon Jul 27 03:17:58 UTC 2026","11","1.1 Team Hummingbird - BFF | WLW app","Technical Tests","search-controller","GET /public_api/suppliers/recommendations [NEG] Expired Token","","GET /public_api/suppliers/recommendations [NEG] Expired Token",""
"skipped","Mon Jul 27 03:20:35 UTC 2026","Mon Jul 27 03:20:35 UTC 2026","0","3 Team Techno - UCL","Technical Tests","SponsoredBrand","GET /unified_commercial_logic/internal_api/api/sponsored_brand_v1/{id} - Retrieve SponsoredBrandV1 By ID","","GET /unified_commercial_logic/internal_api/api/sponsored_brand_v1/{id} - Retrieve SponsoredBrandV1 By ID",""
"failed","Mon Jul 27 03:18:01 UTC 2026","Mon Jul 27 03:18:01 UTC 2026","13","1.1 Team Hummingbird - BFF | WLW app","Technical Tests","search-controller","GET /public_api/categories/recommendations [NEG] Missing Auth/API-Key","","GET /public_api/categories/recommendations [NEG] Missing Auth/API-Key",""
"failed","Mon Jul 27 03:17:30 UTC 2026","Mon Jul 27 03:17:30 UTC 2026","333","1.1 Team Hummingbird - BFF | WLW app","Endpoint tests","Contact request","Callback request","","Callback request",""
"failed","Mon Jul 27 03:17:52 UTC 2026","Mon Jul 27 03:17:52 UTC 2026","11","1.1 Team Hummingbird - BFF | WLW app","Technical Tests","product-controller","GET /public_api/products [NEG] Expired Token","","GET /public_api/products [NEG] Expired Token",""
"failed","Mon Jul 27 03:17:33 UTC 2026","Mon Jul 27 03:17:33 UTC 2026","16","1.1 Team Hummingbird - BFF | WLW app","Technical Tests","ai-company-search-controller","GET /public_api/search/ai/company/search [NEG] Forbidden Role Token","","GET /public_api/search/ai/company/search [NEG] Forbidden Role Token",""
"failed","Mon Jul 27 03:17:59 UTC 2026","Mon Jul 27 03:17:59 UTC 2026","13","1.1 Team Hummingbird - BFF | WLW app","Technical Tests","search-controller","GET /public_api/search/autoComplete [SEC] Injection Probe","","GET /public_api/search/autoComplete [SEC] Injection Probe",""
"skipped","Mon Jul 27 03:15:05 UTC 2026","Mon Jul 27 03:15:05 UTC 2026","0","7. Team Pegasus | Pegasus Staging","Endpoints Tests","Supplier Registration","EP","","request_for_quotations - Endpoints related to the creation of request for quotations",""
"passed","Mon Jul 27 03:18:01 UTC 2026","Mon Jul 27 03:18:02 UTC 2026","1205","4. Team CRM |CRM Staging","Endpoints Tests","(root)","trigger the Paid Media lead","","trigger the Paid Media lead",""
"skipped","Mon Jul 27 03:15:05 UTC 2026","Mon Jul 27 03:15:05 UTC 2026","0","7. Team Pegasus | Pegasus Staging","Endpoints Tests","Business Insights","Origin","","Origin",""
"passed","Mon Jul 27 03:18:02 UTC 2026","Mon Jul 27 03:18:02 UTC 2026","204","4. Team CRM |CRM Staging","Endpoints Tests","(root)","trigger a Buyer lead","","trigger a Buyer lead",""
"passed","Mon Jul 27 03:25:51 UTC 2026","Mon Jul 27 03:25:51 UTC 2026","97","Dolphin","Functional","","","EPZeroResultProductRecommendTest","Recommend products in 0 result search list page v1 -- ep",""
"passed","Mon Jul 27 03:17:29 UTC 2026","Mon Jul 27 03:17:29 UTC 2026","30","1.1 Team Hummingbird - BFF | WLW app","Endpoint tests","Homepage, products","preferred categories","","preferred categories",""
"passed","Mon Jul 27 03:17:33 UTC 2026","Mon Jul 27 03:17:33 UTC 2026","29","1.1 Team Hummingbird - BFF | WLW app","Technical Tests","ai-company-search-controller","POST /public_api/search/ai/supplier/pv-match [NEG] Forbidden Role Token","","POST /public_api/search/ai/supplier/pv-match [NEG] Forbidden Role Token",""
"passed","Mon Jul 27 03:17:46 UTC 2026","Mon Jul 27 03:17:46 UTC 2026","29","1.1 Team Hummingbird - BFF | WLW app","Technical Tests","feedback-controller","POST /feedback","","POST /feedback",""
"passed","Mon Jul 27 03:17:54 UTC 2026","Mon Jul 27 03:17:54 UTC 2026","34","1.1 Team Hummingbird - BFF | WLW app","Technical Tests","purchaser-user-setting-controller","PUT /userSetting/{id} [NEG] Expired Token","","PUT /userSetting/{id} [NEG] Expired Token",""
"passed","Mon Jul 27 03:17:45 UTC 2026","Mon Jul 27 03:17:45 UTC 2026","20","1.1 Team Hummingbird - BFF | WLW app","Technical Tests","euro-pages-controller","DELETE /public_api/euro-pages/auth/delete [NEG] Missing Auth/API-Key","","DELETE /public_api/euro-pages/auth/delete [NEG] Missing Auth/API-Key",""
"passed","Mon Jul 27 03:17:45 UTC 2026","Mon Jul 27 03:17:45 UTC 2026","30","1.1 Team Hummingbird - BFF | WLW app","Technical Tests","euro-pages-controller","PUT /public_api/euro-pages/auth/delete","","PUT /public_api/euro-pages/auth/delete",""
"failed","Mon Jul 27 03:17:55 UTC 2026","Mon Jul 27 03:17:55 UTC 2026","10","1.1 Team Hummingbird - BFF | WLW app","Technical Tests","purchaser-user-setting-controller","GET /userSetting [NEG] Expired Token","","GET /userSetting [NEG] Expired Token",""
"passed","Mon Jul 27 03:18:02 UTC 2026","Mon Jul 27 03:18:02 UTC 2026","31","1.1 Team Hummingbird - BFF | WLW app","Technical Tests","search-term-controller","POST /public_api/search/track [SEC] Injection Probe","","POST /public_api/search/track [SEC] Injection Probe",""
"skipped","Mon Jul 27 03:15:05 UTC 2026","Mon Jul 27 03:15:05 UTC 2026","0","7. Team Pegasus | Pegasus Staging","Endpoints Tests","User & Company Context","Get user details by","","Get user details by",""
"skipped","Mon Jul 27 03:15:05 UTC 2026","Mon Jul 27 03:15:05 UTC 2026","0","7. Team Pegasus | Pegasus Staging","Endpoints Tests","Shop Import & Onboarding Backend","/offers/categoryProperties","","/offers/categoryProperties",""
"passed","Mon Jul 27 03:17:57 UTC 2026","Mon Jul 27 03:17:57 UTC 2026","19","1.1 Team Hummingbird - BFF | WLW app","Technical Tests","rfq-marketing-controller","POST /public_api/rfq-marketing/trigger [NEG] Missing Auth/API-Key","","POST /public_api/rfq-marketing/trigger [NEG] Missing Auth/API-Key",""
"passed","Mon Jul 27 03:17:48 UTC 2026","Mon Jul 27 03:17:48 UTC 2026","34","1.1 Team Hummingbird - BFF | WLW app","Technical Tests","inside-business-controller","GET /public_api/inside_business [NEG] Expired Token","","GET /public_api/inside_business [NEG] Expired Token",""
"passed","Mon Jul 27 03:17:55 UTC 2026","Mon Jul 27 03:17:55 UTC 2026","33","1.1 Team Hummingbird - BFF | WLW app","Technical Tests","purchaser-user-setting-controller","POST /userSetting [NEG] Forbidden Role Token","","POST /userSetting [NEG] Forbidden Role Token",""
"passed","Mon Jul 27 03:17:49 UTC 2026","Mon Jul 27 03:17:49 UTC 2026","29","1.1 Team Hummingbird - BFF | WLW app","Technical Tests","login-controller","POST /public_api/auth/registration [NEG] Expired Token","","POST /public_api/auth/registration [NEG] Expired Token",""
"passed","Mon Jul 27 03:14:58 UTC 2026","Mon Jul 27 03:14:58 UTC 2026","7","2 Team Dragon - BFF | RFQ Backend","Technical Tests","(root)","GET /v1/rfqs/{rfqId} - Details (Schema + Auth Orchestration)","","GET /v1/rfqs/{rfqId} - Details (Schema + Auth Orchestration)",""
"skipped","Mon Jul 27 03:15:05 UTC 2026","Mon Jul 27 03:15:05 UTC 2026","0","7. Team Pegasus | Pegasus Staging","Endpoints Tests","Business Insights","Subscription","","Subscription",""
"passed","Mon Jul 27 03:18:05 UTC 2026","Mon Jul 27 03:18:05 UTC 2026","30","1.1 Team Hummingbird - BFF | WLW app","Technical Tests","trending-products-controller","GET /public_api/trending/notifications [NEG] Forbidden Role Token","","GET /public_api/trending/notifications [NEG] Forbidden Role Token",""
"failed","Mon Jul 27 03:17:52 UTC 2026","Mon Jul 27 03:17:52 UTC 2026","13","1.1 Team Hummingbird - BFF | WLW app","Technical Tests","product-controller","GET /public_api/products [NEG] Forbidden Role Token","","GET /public_api/products [NEG] Forbidden Role Token",""
"passed","Mon Jul 27 03:17:32 UTC 2026","Mon Jul 27 03:17:32 UTC 2026","113","1.1 Team Hummingbird - BFF | WLW app","Endpoint tests","Visitor profiler","csv get","","csv get",""
"failed","Mon Jul 27 03:18:00 UTC 2026","Mon Jul 27 03:18:00 UTC 2026","13","1.1 Team Hummingbird - BFF | WLW app","Technical Tests","search-controller","GET /public_api/search/ai/termRecommend [SEC] Injection Probe","","GET /public_api/search/ai/termRecommend [SEC] Injection Probe",""
"failed","Mon Jul 27 03:17:27 UTC 2026","Mon Jul 27 03:17:27 UTC 2026","55","1.1 Team Hummingbird - BFF | WLW app","Endpoint tests","Company","Company ID DE","","Company ID DE",""
"failed","Mon Jul 27 03:17:57 UTC 2026","Mon Jul 27 03:17:57 UTC 2026","147","4. Team CRM |CRM Staging","Business Scenarios Tests","Lead","Get a Lead","","Get a Lead",""
"failed","Mon Jul 27 03:18:02 UTC 2026","Mon Jul 27 03:18:02 UTC 2026","13","1.1 Team Hummingbird - BFF | WLW app","Technical Tests","search-term-controller","POST /public_api/search/track [NEG] Forbidden Role Token","","POST /public_api/search/track [NEG] Forbidden Role Token",""
"passed","Mon Jul 27 03:17:59 UTC 2026","Mon Jul 27 03:18:00 UTC 2026","658","4. Team CRM |CRM Staging","Business Scenarios Tests","Calls","Smoke test for call","","Smoke test for call",""
"failed","Mon Jul 27 03:18:03 UTC 2026","Mon Jul 27 03:18:03 UTC 2026","10","1.1 Team Hummingbird - BFF | WLW app","Technical Tests","supplier-visitors-controller","GET /public_api/suppliers/{supplier_id}/visits [NEG] Missing Auth/API-Key","","GET /public_api/suppliers/{supplier_id}/visits [NEG] Missing Auth/API-Key",""
"passed","Mon Jul 27 03:17:29 UTC 2026","Mon Jul 27 03:17:29 UTC 2026","154","1.1 Team Hummingbird - BFF | WLW app","Endpoint tests","Homepage, products","product recommendations FR","","product recommendations FR",""
"failed","Mon Jul 27 03:16:36 UTC 2026","Mon Jul 27 03:16:36 UTC 2026","76","1 Team Hummingbird - BFF | EP app","Endpoint tests","Conversations","mark as read","","mark as read",""
"passed","Mon Jul 27 03:17:47 UTC 2026","Mon Jul 27 03:17:47 UTC 2026","29","1.1 Team Hummingbird - BFF | WLW app","Technical Tests","feedback-controller","GET /feedback/subject [NEG] Expired Token","","GET /feedback/subject [NEG] Expired Token",""
"passed","Mon Jul 27 03:25:52 UTC 2026","Mon Jul 27 03:25:52 UTC 2026","81","Dolphin","Functional","","","zeroResultProductRecommendTest","Recommend products in 0 result search list page v1 -- wlw",""
"passed","Mon Jul 27 03:16:32 UTC 2026","Mon Jul 27 03:16:33 UTC 2026","778","1 Team Hummingbird - BFF | EP app","Endpoint tests","Company","Companies / products EN","","Companies / products EN",""
"passed","Mon Jul 27 03:17:33 UTC 2026","Mon Jul 27 03:17:33 UTC 2026","43","1.1 Team Hummingbird - BFF | WLW app","Technical Tests","ai-company-search-controller","POST /public_api/search/ai/supplier/pv-match [NEG] Missing Auth/API-Key","","POST /public_api/search/ai/supplier/pv-match [NEG] Missing Auth/API-Key",""
"passed","Mon Jul 27 03:17:50 UTC 2026","Mon Jul 27 03:17:50 UTC 2026","33","1.1 Team Hummingbird - BFF | WLW app","Technical Tests","login-controller","POST /public_api/auth/code/resend","","POST /public_api/auth/code/resend",""
"passed","Mon Jul 27 03:17:46 UTC 2026","Mon Jul 27 03:17:46 UTC 2026","17","1.1 Team Hummingbird - BFF | WLW app","Technical Tests","feedback-controller","POST /feedback [NEG] Missing Auth/API-Key","","POST /feedback [NEG] Missing Auth/API-Key",""
"failed","Mon Jul 27 03:16:35 UTC 2026","Mon Jul 27 03:16:35 UTC 2026","361","1 Team Hummingbird - BFF | EP app","Endpoint tests","Contact request","Other request","","Other request",""
"passed","Mon Jul 27 03:17:33 UTC 2026","Mon Jul 27 03:17:33 UTC 2026","37","1.1 Team Hummingbird - BFF | WLW app","Technical Tests","ai-company-search-controller","POST /public_api/search/ai/supplier/pv-match","","POST /public_api/search/ai/supplier/pv-match",""
"skipped","Mon Jul 27 03:20:35 UTC 2026","Mon Jul 27 03:20:35 UTC 2026","0","3 Team Techno - UCL","Technical Tests","GoogleAd","GET /unified_commercial_logic/internal_api/api/google_ad/{id} - Retrieve GoogleAd By ID","","GET /unified_commercial_logic/internal_api/api/google_ad/{id} - Retrieve GoogleAd By ID",""
"failed","Mon Jul 27 03:16:36 UTC 2026","Mon Jul 27 03:16:36 UTC 2026","62","1 Team Hummingbird - BFF | EP app","Endpoint tests","Conversations","dynamic link conversation","","dynamic link conversation",""
"failed","Mon Jul 27 03:18:01 UTC 2026","Mon Jul 27 03:18:01 UTC 2026","11","1.1 Team Hummingbird - BFF | WLW app","Technical Tests","search-controller","GET /public_api/categories/recommendations","","GET /public_api/categories/recommendations",""
"passed","Mon Jul 27 03:16:37 UTC 2026","Mon Jul 27 03:16:38 UTC 2026","1439","1 Team Hummingbird - BFF | EP app","Endpoint tests","Visitor profiler","Visits","","Visits",""
"failed","Mon Jul 27 03:14:58 UTC 2026","Mon Jul 27 03:14:58 UTC 2026","6","2 Team Dragon - BFF | RFQ Backend","Functional Tests","(root)","GET /v1/rfqs/attachments/{attachmentId} - Download","","GET /v1/rfqs/attachments/{attachmentId} - Download",""
"passed","Mon Jul 27 03:17:51 UTC 2026","Mon Jul 27 03:17:51 UTC 2026","31","1.1 Team Hummingbird - BFF | WLW app","Technical Tests","login-controller","DELETE /public_api/auth/sso/logout [NEG] Missing Auth/API-Key","","DELETE /public_api/auth/sso/logout [NEG] Missing Auth/API-Key",""
"passed","Mon Jul 27 03:16:31 UTC 2026","Mon Jul 27 03:16:31 UTC 2026","48","1 Team Hummingbird - BFF | EP app","Endpoint tests","Support","currency daily rates","","currency daily rates",""
"skipped","Mon Jul 27 03:15:05 UTC 2026","Mon Jul 27 03:15:05 UTC 2026","0","7. Team Pegasus | Pegasus Staging","Endpoints Tests","Supplier Registration","Manual VAT check","","vat/check - Validate VAT number",""
"passed","Mon Jul 27 03:17:56 UTC 2026","Mon Jul 27 03:17:56 UTC 2026","177","4. Team CRM |CRM Staging","Business Scenarios Tests","Lead","Lead-duplicateCheck - without dupicates","","Lead-duplicateCheck - without dupicates",""
"passed","Mon Jul 27 03:17:55 UTC 2026","Mon Jul 27 03:17:56 UTC 2026","443","4. Team CRM |CRM Staging","Business Scenarios Tests","Create and edit a contact","Edit contact","","Edit contact",""
"broken","Mon Jul 27 03:17:34 UTC 2026","Mon Jul 27 03:17:54 UTC 2026","20021","Dolphin","Technical","","","pvMatchMissingQpInfoTest","AI Search PV match: missing qpInfo → business failure",""
"passed","Mon Jul 27 03:25:51 UTC 2026","Mon Jul 27 03:25:51 UTC 2026","27","Dolphin","Technical","","","getLandingPageProductListTest","get Landing page Product List for seo",""
"passed","Mon Jul 27 03:25:51 UTC 2026","Mon Jul 27 03:25:51 UTC 2026","77","Dolphin","Technical","","","cppProductRecommendTest","recommend products in CPP -- wlw",""
"broken","Mon Jul 27 03:18:54 UTC 2026","Mon Jul 27 03:19:15 UTC 2026","20631","Dolphin","Functional","","","recallCountryFilterTest","AI Search recall: country filter DE",""
"passed","Mon Jul 27 03:17:38 UTC 2026","Mon Jul 27 03:17:38 UTC 2026","31","1.1 Team Hummingbird - BFF | WLW app","Technical Tests","conversation-controller","PUT /public_api/conversation/userConversations/{conversationId}/tag","","PUT /public_api/conversation/userConversations/{conversationId}/tag",""
"passed","Mon Jul 27 03:18:00 UTC 2026","Mon Jul 27 03:18:00 UTC 2026","71","4. Team CRM |CRM Staging","Endpoints Tests","(root)","update SF","","update SF",""
"passed","Mon Jul 27 03:17:45 UTC 2026","Mon Jul 27 03:17:45 UTC 2026","32","1.1 Team Hummingbird - BFF | WLW app","Technical Tests","dynamic-links-controller","POST /public_api/branchio/dynamiclink [NEG] Expired Token","","POST /public_api/branchio/dynamiclink [NEG] Expired Token",""
"passed","Mon Jul 27 03:17:26 UTC 2026","Mon Jul 27 03:17:26 UTC 2026","13","1.1 Team Hummingbird - BFF | WLW app","Endpoint tests","Support","Supportmasterdata_EN","","Supportmasterdata_EN",""
"passed","Mon Jul 27 03:18:02 UTC 2026","Mon Jul 27 03:18:02 UTC 2026","19","1.1 Team Hummingbird - BFF | WLW app","Technical Tests","search-term-controller","PUT /public_api/search/notification-opened [NEG] Missing Auth/API-Key","","PUT /public_api/search/notification-opened [NEG] Missing Auth/API-Key",""
"passed","Mon Jul 27 03:16:37 UTC 2026","Mon Jul 27 03:16:37 UTC 2026","136","1 Team Hummingbird - BFF | EP app","Endpoint tests","(root)","Log out","","Log out",""
"passed","Mon Jul 27 03:18:01 UTC 2026","Mon Jul 27 03:18:01 UTC 2026","190","4. Team CRM |CRM Staging","Endpoints Tests","(root)","trigger from SF Platform Profile","","trigger from SF Platform Profile",""
"failed","Mon Jul 27 03:17:57 UTC 2026","Mon Jul 27 03:17:57 UTC 2026","392","4. Team CRM |CRM Staging","Business Scenarios Tests","Lead","Update a Lead","","Update a Lead",""
"failed","Mon Jul 27 03:17:41 UTC 2026","Mon Jul 27 03:17:41 UTC 2026","11","1.1 Team Hummingbird - BFF | WLW app","Technical Tests","conversation-controller","GET /public_api/conversation/userConversations","","GET /public_api/conversation/userConversations",""
"passed","Mon Jul 27 03:17:57 UTC 2026","Mon Jul 27 03:17:57 UTC 2026","32","1.1 Team Hummingbird - BFF | WLW app","Technical Tests","rfq-marketing-controller","POST /public_api/rfq-marketing/trigger [NEG] Expired Token","","POST /public_api/rfq-marketing/trigger [NEG] Expired Token",""
"passed","Mon Jul 27 03:16:33 UTC 2026","Mon Jul 27 03:16:33 UTC 2026","258","1 Team Hummingbird - BFF | EP app","Endpoint tests","Search","search autoComplete EN","","search autoComplete EN",""
"passed","Mon Jul 27 03:17:51 UTC 2026","Mon Jul 27 03:17:51 UTC 2026","106","4. Team CRM |CRM Staging","Business Scenarios Tests","Tasks","Check Task","","Check Task",""
"failed","Mon Jul 27 03:16:32 UTC 2026","Mon Jul 27 03:16:32 UTC 2026","44","1 Team Hummingbird - BFF | EP app","Endpoint tests","Company","Company ID FR","","Company ID FR",""
"passed","Mon Jul 27 03:17:52 UTC 2026","Mon Jul 27 03:17:54 UTC 2026","2117","4. Team CRM |CRM Staging","Business Scenarios Tests","Quote","Smoke Test Create new quote","","Smoke Test Create new quote",""
"passed","Mon Jul 27 03:17:57 UTC 2026","Mon Jul 27 03:17:58 UTC 2026","1568","4. Team CRM |CRM Staging","Business Scenarios Tests","Lead","Create a  lead","","Create a  lead",""
"passed","Mon Jul 27 03:17:37 UTC 2026","Mon Jul 27 03:17:37 UTC 2026","14","1.1 Team Hummingbird - BFF | WLW app","Technical Tests","company-controller","GET /public_api/company/{id} [NEG] Missing Auth/API-Key","","GET /public_api/company/{id} [NEG] Missing Auth/API-Key",""
"passed","Mon Jul 27 03:16:37 UTC 2026","Mon Jul 27 03:16:41 UTC 2026","4647","1 Team Hummingbird - BFF | EP app","Endpoint tests","Visitor profiler","Visitor ID","","Visitor ID",""
"passed","Mon Jul 27 03:25:40 UTC 2026","Mon Jul 27 03:25:41 UTC 2026","1071","Dolphin","Technical","","","productTextSearchMalformedRawQueryStructTest","AI product text search recall: malformed rawQueryStruct still success",""
"failed","Mon Jul 27 03:17:35 UTC 2026","Mon Jul 27 03:17:35 UTC 2026","11","1.1 Team Hummingbird - BFF | WLW app","Technical Tests","categories-controller","GET /preferred/categories [NEG] Forbidden Role Token","","GET /preferred/categories [NEG] Forbidden Role Token",""
"failed","Mon Jul 27 03:17:56 UTC 2026","Mon Jul 27 03:17:56 UTC 2026","12","1.1 Team Hummingbird - BFF | WLW app","Technical Tests","push-notification-by-email-controller","PUT /v1/pushNotification [NEG] Expired Token","","PUT /v1/pushNotification [NEG] Expired Token",""
"failed","Mon Jul 27 03:17:35 UTC 2026","Mon Jul 27 03:17:35 UTC 2026","12","1.1 Team Hummingbird - BFF | WLW app","Technical Tests","categories-controller","GET /preferred/categories [NEG] Missing Auth/API-Key","","GET /preferred/categories [NEG] Missing Auth/API-Key",""
"skipped","Mon Jul 27 03:20:35 UTC 2026","Mon Jul 27 03:20:35 UTC 2026","0","3 Team Techno - UCL","Functional Tests","Endpoint Tests","WebsiteLead","","get all active on ep for given existing uuid",""
"failed","Mon Jul 27 03:17:59 UTC 2026","Mon Jul 27 03:17:59 UTC 2026","13","1.1 Team Hummingbird - BFF | WLW app","Technical Tests","search-controller","GET /public_api/search/autoComplete","","GET /public_api/search/autoComplete",""
"passed","Mon Jul 27 03:17:30 UTC 2026","Mon Jul 27 03:17:30 UTC 2026","109","1.1 Team Hummingbird - BFF | WLW app","Endpoint tests","Conversations","conversation id","","conversation id",""
"passed","Mon Jul 27 03:17:49 UTC 2026","Mon Jul 27 03:17:49 UTC 2026","33","1.1 Team Hummingbird - BFF | WLW app","Technical Tests","login-controller","POST /public_api/auth/resetPassword","","POST /public_api/auth/resetPassword",""
"failed","Mon Jul 27 03:17:33 UTC 2026","Mon Jul 27 03:17:33 UTC 2026","12","1.1 Team Hummingbird - BFF | WLW app","Technical Tests","ai-company-search-controller","GET /public_api/search/ai/company/search [NEG] Missing Auth/API-Key","","GET /public_api/search/ai/company/search [NEG] Missing Auth/API-Key",""
"passed","Mon Jul 27 03:17:58 UTC 2026","Mon Jul 27 03:17:58 UTC 2026","0","4. Team CRM |CRM Staging","Business Scenarios Tests","Contacts","Smoke test for Create Contact & Verify HubSpot Sync","","Smoke test for Create Contact & Verify HubSpot Sync",""
"failed","Mon Jul 27 03:17:30 UTC 2026","Mon Jul 27 03:17:30 UTC 2026","327","1.1 Team Hummingbird - BFF | WLW app","Endpoint tests","Contact request","QDR request","","QDR request",""
"skipped","Mon Jul 27 03:15:05 UTC 2026","Mon Jul 27 03:15:05 UTC 2026","0","7. Team Pegasus | Pegasus Staging","Endpoints Tests","Supplier Registration","EP","","email/check - Validate email domain for a specified country",""
"passed","Mon Jul 27 03:17:51 UTC 2026","Mon Jul 27 03:17:51 UTC 2026","16","1.1 Team Hummingbird - BFF | WLW app","Technical Tests","login-controller","POST /public_api/auth/changePassword [NEG] Missing Auth/API-Key","","POST /public_api/auth/changePassword [NEG] Missing Auth/API-Key",""
"passed","Mon Jul 27 03:17:28 UTC 2026","Mon Jul 27 03:17:29 UTC 2026","464","1.1 Team Hummingbird - BFF | WLW app","Endpoint tests","Search","search companies FR","","search companies FR",""
"passed","Mon Jul 27 03:17:52 UTC 2026","Mon Jul 27 03:17:52 UTC 2026","387","4. Team CRM |CRM Staging","Business Scenarios Tests","Contacts","Edit Contact","","Edit Contact",""
"skipped","Mon Jul 27 03:15:05 UTC 2026","Mon Jul 27 03:15:05 UTC 2026","0","7. Team Pegasus | Pegasus Staging","Business Scenarios Tests","Supplier Registration","EP - Lead create and update","","leads - Create a lead",""
"failed","Mon Jul 27 03:17:42 UTC 2026","Mon Jul 27 03:17:42 UTC 2026","13","1.1 Team Hummingbird - BFF | WLW app","Technical Tests","conversation-controller","GET /public_api/conversation/userConversations/{userId}/unreadCount","","GET /public_api/conversation/userConversations/{userId}/unreadCount",""
"passed","Mon Jul 27 03:17:36 UTC 2026","Mon Jul 27 03:17:36 UTC 2026","32","1.1 Team Hummingbird - BFF | WLW app","Technical Tests","categories-controller","GET /public_api/categories/homepage [NEG] Expired Token","","GET /public_api/categories/homepage [NEG] Expired Token",""
"passed","Mon Jul 27 03:17:32 UTC 2026","Mon Jul 27 03:17:32 UTC 2026","36","1.1 Team Hummingbird - BFF | WLW app","Technical Tests","ab-test-record-controller","POST /public_api/abtest/record [NEG] Expired Token","","POST /public_api/abtest/record [NEG] Expired Token",""
"skipped","Mon Jul 27 03:15:05 UTC 2026","Mon Jul 27 03:15:05 UTC 2026","0","7. Team Pegasus | Pegasus Staging","Business Scenarios Tests","Supplier Facts","API register, publish, and verify in UI","","4. Publish company (PATCH supplier-facts)",""
"passed","Mon Jul 27 03:18:01 UTC 2026","Mon Jul 27 03:18:02 UTC 2026","594","4. Team CRM |CRM Staging","Endpoints Tests","(root)","Create Note with sf id","","Create Note with sf id",""
"broken","Mon Jul 27 03:18:14 UTC 2026","Mon Jul 27 03:18:34 UTC 2026","20025","Dolphin","Functional","","","recallAlternateSortTest","AI Search recall: alternate sort (order_num_desc)",""
"failed","Mon Jul 27 03:16:30 UTC 2026","Mon Jul 27 03:16:30 UTC 2026","73","1 Team Hummingbird - BFF | EP app","Endpoint tests","Login","extend session","","extend session",""
"passed","Mon Jul 27 03:17:58 UTC 2026","Mon Jul 27 03:17:58 UTC 2026","31","1.1 Team Hummingbird - BFF | WLW app","Technical Tests","search-controller","GET /public_api/search [SEC] Injection Probe","","GET /public_api/search [SEC] Injection Probe",""
"passed","Mon Jul 27 03:25:52 UTC 2026","Mon Jul 27 03:25:52 UTC 2026","236","Dolphin","Technical","","","instoreSearchTest","instore search -- cpp/pdp with sort and leaf filter",""
"passed","Mon Jul 27 03:17:26 UTC 2026","Mon Jul 27 03:17:26 UTC 2026","14","1.1 Team Hummingbird - BFF | WLW app","Endpoint tests","Mobile_Feedback","Feedback Subject_DE","","Feedback Subject_DE",""
"passed","Mon Jul 27 03:16:20 UTC 2026","Mon Jul 27 03:16:20 UTC 2026","39","Bamboo","Functional","","","searchCategoryByNameTest","searchCategoryByName",""
"skipped","Mon Jul 27 03:20:35 UTC 2026","Mon Jul 27 03:20:35 UTC 2026","0","3 Team Techno - UCL","Technical Tests","Membership","GET /unified_commercial_logic/internal_api/api/membership/v2 - Retrieve Membership V2 List","","GET /unified_commercial_logic/internal_api/api/membership/v2 - Retrieve Membership V2 List",""
"failed","Mon Jul 27 03:17:44 UTC 2026","Mon Jul 27 03:17:44 UTC 2026","11","1.1 Team Hummingbird - BFF | WLW app","Technical Tests","conversation-controller","GET /public_api/conversation/userConversations/{conversationId}/file/ [NEG] Missing Auth/API-Key","","GET /public_api/conversation/userConversations/{conversationId}/file/ [NEG] Missing Auth/API-Key",""
"failed","Mon Jul 27 03:18:03 UTC 2026","Mon Jul 27 03:18:03 UTC 2026","11","1.1 Team Hummingbird - BFF | WLW app","Technical Tests","supplier-visitors-controller","GET /public_api/suppliers/{supplier_id}/visits [SEC] Injection Probe","","GET /public_api/suppliers/{supplier_id}/visits [SEC] Injection Probe",""
"failed","Mon Jul 27 03:17:36 UTC 2026","Mon Jul 27 03:17:36 UTC 2026","11","1.1 Team Hummingbird - BFF | WLW app","Technical Tests","company-controller","GET /public_api/suppliers/{companyID}/listings [NEG] Expired Token","","GET /public_api/suppliers/{companyID}/listings [NEG] Expired Token",""
"passed","Mon Jul 27 03:17:41 UTC 2026","Mon Jul 27 03:17:41 UTC 2026","33","1.1 Team Hummingbird - BFF | WLW app","Technical Tests","conversation-controller","POST /public_api/conversation/userConversations/{conversationId}/messages/file [NEG] Forbidden Role Token","","POST /public_api/conversation/userConversations/{conversationId}/messages/file [NEG] Forbidden Role Token",""
"passed","Mon Jul 27 03:17:25 UTC 2026","Mon Jul 27 03:17:25 UTC 2026","200","1.1 Team Hummingbird - BFF | WLW app","Endpoint tests","Login","user Info","","user Info",""
"passed","Mon Jul 27 03:17:49 UTC 2026","Mon Jul 27 03:17:49 UTC 2026","31","1.1 Team Hummingbird - BFF | WLW app","Technical Tests","login-controller","POST /public_api/auth/password/login","","POST /public_api/auth/password/login",""
"passed","Mon Jul 27 03:16:32 UTC 2026","Mon Jul 27 03:16:32 UTC 2026","576","1 Team Hummingbird - BFF | EP app","Endpoint tests","Mobile_Feedback","post feedback","","post feedback",""
"failed","Mon Jul 27 03:17:31 UTC 2026","Mon Jul 27 03:17:32 UTC 2026","697","1.1 Team Hummingbird - BFF | WLW app","Endpoint tests","Visitor profiler","Visitor ID","","Visitor ID",""
"failed","Mon Jul 27 03:17:53 UTC 2026","Mon Jul 27 03:17:53 UTC 2026","14","1.1 Team Hummingbird - BFF | WLW app","Technical Tests","purchaser-support-controller","GET /support-faq [NEG] Forbidden Role Token","","GET /support-faq [NEG] Forbidden Role Token",""
"failed","Mon Jul 27 03:17:44 UTC 2026","Mon Jul 27 03:17:44 UTC 2026","12","1.1 Team Hummingbird - BFF | WLW app","Technical Tests","conversation-controller","GET /public_api/conversation/userConversations/{conversationId}/file [SEC] Injection Probe","","GET /public_api/conversation/userConversations/{conversationId}/file [SEC] Injection Probe",""
"broken","Mon Jul 27 03:23:15 UTC 2026","Mon Jul 27 03:23:35 UTC 2026","20013","Dolphin","Technical","","","recallTopRankingScenarioTest","AI Search recall: wlw-staging.de cnc top-ranking scenario",""
"passed","Mon Jul 27 03:17:54 UTC 2026","Mon Jul 27 03:17:54 UTC 2026","29","1.1 Team Hummingbird - BFF | WLW app","Technical Tests","purchaser-user-setting-controller","POST /userSetting/","","POST /userSetting/",""
"passed","Mon Jul 27 03:18:04 UTC 2026","Mon Jul 27 03:18:04 UTC 2026","28","1.1 Team Hummingbird - BFF | WLW app","Technical Tests","trending-products-controller","POST /public_api/trending/import [NEG] Forbidden Role Token","","POST /public_api/trending/import [NEG] Forbidden Role Token",""
"skipped","Mon Jul 27 03:20:35 UTC 2026","Mon Jul 27 03:20:35 UTC 2026","0","3 Team Techno - UCL","Functional Tests","Endpoint Tests","WebsiteLead","","get all active on wlw for given existing uuid",""
"passed","Mon Jul 27 03:18:00 UTC 2026","Mon Jul 27 03:18:00 UTC 2026","65","4. Team CRM |CRM Staging","Endpoints Tests","(root)","get responsible user","","get responsible user",""
"failed","Mon Jul 27 03:17:53 UTC 2026","Mon Jul 27 03:17:53 UTC 2026","12","1.1 Team Hummingbird - BFF | WLW app","Technical Tests","product-controller","GET /public_api/companies/{supplierPublicId}/products [NEG] Forbidden Role Token","","GET /public_api/companies/{supplierPublicId}/products [NEG] Forbidden Role Token",""
"passed","Mon Jul 27 03:15:13 UTC 2026","Mon Jul 27 03:15:13 UTC 2026","172","Arise","Technical","","","skwd","skwd",""
"passed","Mon Jul 27 03:25:38 UTC 2026","Mon Jul 27 03:25:39 UTC 2026","1248","Dolphin","Technical","","","productTextSearchIllegalSortTest","AI product text search recall: illegal sort passthrough",""
"passed","Mon Jul 27 03:17:48 UTC 2026","Mon Jul 27 03:17:48 UTC 2026","31","1.1 Team Hummingbird - BFF | WLW app","Technical Tests","login-controller","POST /public_api/auth/sso/login [NEG] Forbidden Role Token","","POST /public_api/auth/sso/login [NEG] Forbidden Role Token",""
"skipped","Mon Jul 27 03:15:05 UTC 2026","Mon Jul 27 03:15:05 UTC 2026","0","7. Team Pegasus | Pegasus Staging","Endpoints Tests","Visitors","Elixir (supplier-app)","","Visitors by uuid",""
"passed","Mon Jul 27 03:17:52 UTC 2026","Mon Jul 27 03:17:53 UTC 2026","543","4. Team CRM |CRM Staging","Business Scenarios Tests","Account","Dunning level 1","","Dunning level 1",""
"passed","Mon Jul 27 03:16:34 UTC 2026","Mon Jul 27 03:16:35 UTC 2026","905","1 Team Hummingbird - BFF | EP app","Endpoint tests","Search","Product Search EN","","Product Search EN",""
"passed","Mon Jul 27 03:17:54 UTC 2026","Mon Jul 27 03:17:54 UTC 2026","115","4. Team CRM |CRM Staging","Business Scenarios Tests","Account","Smoke test : Account + Contact + SAP","","Smoke test : Account + Contact + SAP",""
"passed","Mon Jul 27 03:17:27 UTC 2026","Mon Jul 27 03:17:27 UTC 2026","51","1.1 Team Hummingbird - BFF | WLW app","Endpoint tests","Company","Suppliers listings","","Suppliers listings",""
"passed","Mon Jul 27 03:17:37 UTC 2026","Mon Jul 27 03:17:37 UTC 2026","30","1.1 Team Hummingbird - BFF | WLW app","Technical Tests","company-controller","GET /public_api/company/{id} [NEG] Forbidden Role Token","","GET /public_api/company/{id} [NEG] Forbidden Role Token",""
"passed","Mon Jul 27 03:16:31 UTC 2026","Mon Jul 27 03:16:31 UTC 2026","38","1 Team Hummingbird - BFF | EP app","Endpoint tests","Support","Support FAQ_DE","","Support FAQ_DE",""
"passed","Mon Jul 27 03:14:58 UTC 2026","Mon Jul 27 03:14:58 UTC 2026","7","2 Team Dragon - BFF | RFQ Backend","Technical Tests","(root)","GET /v1/rfqs/{rfqId} - Details (Schema + Auth Orchestration)","","GET /v1/rfqs/{rfqId} - Details (Schema + Auth Orchestration)",""
"broken","Mon Jul 27 03:21:35 UTC 2026","Mon Jul 27 03:21:55 UTC 2026","20010","Dolphin","Functional","","","recallPaidSupplierFilterTest","AI Search recall: paid supplier filter (verified=true)",""
"passed","Mon Jul 27 03:17:54 UTC 2026","Mon Jul 27 03:17:54 UTC 2026","115","4. Team CRM |CRM Staging","Business Scenarios Tests","Account","Smoke test : Account + Contact + SAP","","Smoke test : Account + Contact + SAP",""
"failed","Mon Jul 27 03:17:44 UTC 2026","Mon Jul 27 03:17:44 UTC 2026","15","1.1 Team Hummingbird - BFF | WLW app","Technical Tests","conversation-controller","GET /public_api/conversation/userConversations/{conversationId}/file/ [SEC] Injection Probe","","GET /public_api/conversation/userConversations/{conversationId}/file/ [SEC] Injection Probe",""
"passed","Mon Jul 27 03:17:40 UTC 2026","Mon Jul 27 03:17:40 UTC 2026","16","1.1 Team Hummingbird - BFF | WLW app","Technical Tests","conversation-controller","POST /public_api/conversation/userConversations/{conversationId}/messages/file/ [NEG] Missing Auth/API-Key","","POST /public_api/conversation/userConversations/{conversationId}/messages/file/ [NEG] Missing Auth/API-Key",""
"skipped","Mon Jul 27 03:15:05 UTC 2026","Mon Jul 27 03:15:05 UTC 2026","0","7. Team Pegasus | Pegasus Staging","Endpoints Tests","User & Company Context","User Profile Storage by uuid","","User Profile Storage by uuid",""
"failed","Mon Jul 27 03:17:57 UTC 2026","Mon Jul 27 03:17:58 UTC 2026","147","4. Team CRM |CRM Staging","Business Scenarios Tests","Lead","Get a Lead","","Get a Lead",""
"passed","Mon Jul 27 03:17:25 UTC 2026","Mon Jul 27 03:17:25 UTC 2026","76","1.1 Team Hummingbird - BFF | WLW app","Endpoint tests","User settings","user setting","","user setting",""
"passed","Mon Jul 27 03:14:57 UTC 2026","Mon Jul 27 03:14:58 UTC 2026","370","2 Team Dragon - BFF | RFQ Backend","Functional Tests","(root)","GET /v1/rfqs - Success","","GET /v1/rfqs - Success",""
"failed","Mon Jul 27 03:17:36 UTC 2026","Mon Jul 27 03:17:36 UTC 2026","12","1.1 Team Hummingbird - BFF | WLW app","Technical Tests","company-controller","GET /public_api/suppliers/{companyID}/listings [SEC] Injection Probe","","GET /public_api/suppliers/{companyID}/listings [SEC] Injection Probe",""
"failed","Mon Jul 27 03:14:59 UTC 2026","Mon Jul 27 03:14:59 UTC 2026","66","2 Team Dragon - BFF | RFQ Backend","Technical Tests","(root)","GET /v1/rfqs/attachments/{attachmentId} - Download + Cache + Perf","","GET /v1/rfqs/attachments/{attachmentId} - Download + Cache + Perf",""
"passed","Mon Jul 27 03:25:51 UTC 2026","Mon Jul 27 03:25:51 UTC 2026","34","Dolphin","Functional","","","getCategoryListWlwWithPreferredSuperCategoryIdsTest","v-recommend category list -- wlw, with preferredSuperCategoryIds",""
"passed","Mon Jul 27 03:16:20 UTC 2026","Mon Jul 27 03:16:20 UTC 2026","39","Bamboo","Technical","","","listTopCategoriesTest","list top Categories",""
"failed","Mon Jul 27 03:17:25 UTC 2026","Mon Jul 27 03:17:25 UTC 2026","36","1.1 Team Hummingbird - BFF | WLW app","Endpoint tests","Login","resend code","","resend code",""
"passed","Mon Jul 27 03:17:55 UTC 2026","Mon Jul 27 03:18:00 UTC 2026","4251","4. Team CRM |CRM Staging","Business Scenarios Tests","Disable Hubspot","Change Hubspot to false","","Change Hubspot to false",""
"passed","Mon Jul 27 03:18:01 UTC 2026","Mon Jul 27 03:18:02 UTC 2026","488","4. Team CRM |CRM Staging","Endpoints Tests","(root)","Create Note with sf id Copy","","Create Note with sf id Copy",""
"passed","Mon Jul 27 03:17:50 UTC 2026","Mon Jul 27 03:17:51 UTC 2026","793","4. Team CRM |CRM Staging","Business Scenarios Tests","Tasks","Smoke test Create task","","Smoke test Create task",""
"passed","Mon Jul 27 03:17:48 UTC 2026","Mon Jul 27 03:17:48 UTC 2026","31","1.1 Team Hummingbird - BFF | WLW app","Technical Tests","login-controller","POST /public_api/auth/sso/login","","POST /public_api/auth/sso/login",""
"skipped","Mon Jul 27 03:20:35 UTC 2026","Mon Jul 27 03:20:35 UTC 2026","0","3 Team Techno - UCL","Technical Tests","Membership","GET /unified_commercial_logic/internal_api/api/membership/{id} - Retrieve Membership fields By ID","","GET /unified_commercial_logic/internal_api/api/membership/{id} - Retrieve Membership fields By ID",""
"passed","Mon Jul 27 03:17:37 UTC 2026","Mon Jul 27 03:17:37 UTC 2026","28","1.1 Team Hummingbird - BFF | WLW app","Technical Tests","company-controller","GET /public_api/company/{id} [NEG] Expired Token","","GET /public_api/company/{id} [NEG] Expired Token",""
"passed","Mon Jul 27 03:16:33 UTC 2026","Mon Jul 27 03:16:33 UTC 2026","263","1 Team Hummingbird - BFF | EP app","Endpoint tests","Company","Companies / products FR","","Companies / products FR",""
"broken","Mon Jul 27 03:22:15 UTC 2026","Mon Jul 27 03:22:35 UTC 2026","20020","Dolphin","Technical","","","recallSingleFilterTest","AI Search recall: single filter (verified=true)",""
"passed","Mon Jul 27 03:16:30 UTC 2026","Mon Jul 27 03:16:31 UTC 2026","973","1 Team Hummingbird - BFF | EP app","Endpoint tests","User settings","user setting","","user setting",""
"passed","Mon Jul 27 03:18:02 UTC 2026","Mon Jul 27 03:18:02 UTC 2026","31","1.1 Team Hummingbird - BFF | WLW app","Technical Tests","search-term-controller","PUT /public_api/search/notification-opened","","PUT /public_api/search/notification-opened",""
"skipped","Mon Jul 27 03:15:05 UTC 2026","Mon Jul 27 03:15:05 UTC 2026","0","7. Team Pegasus | Pegasus Staging","Spike | Profiles link user to company","(root)","04 OAuth — User Storage token","","04 OAuth — User Storage token",""
"passed","Mon Jul 27 03:17:50 UTC 2026","Mon Jul 27 03:17:50 UTC 2026","29","1.1 Team Hummingbird - BFF | WLW app","Technical Tests","login-controller","POST /public_api/auth/password/login [NEG] Forbidden Role Token","","POST /public_api/auth/password/login [NEG] Forbidden Role Token",""
"skipped","Mon Jul 27 03:15:05 UTC 2026","Mon Jul 27 03:15:05 UTC 2026","0","7. Team Pegasus | Pegasus Staging","Spike | Profiles link user to company","(root)","03 GET — Verify company (Supplier Facts)","","03 GET — Verify company (Supplier Facts)",""
"passed","Mon Jul 27 03:16:36 UTC 2026","Mon Jul 27 03:16:36 UTC 2026","276","1 Team Hummingbird - BFF | EP app","Endpoint tests","Conversations","translate message","","translate message",""
"passed","Mon Jul 27 03:17:51 UTC 2026","Mon Jul 27 03:17:51 UTC 2026","31","1.1 Team Hummingbird - BFF | WLW app","Technical Tests","login-controller","POST /public_api/auth/changePassword [NEG] Expired Token","","POST /public_api/auth/changePassword [NEG] Expired Token",""
"failed","Mon Jul 27 03:17:53 UTC 2026","Mon Jul 27 03:17:54 UTC 2026","1096","4. Team CRM |CRM Staging","Business Scenarios Tests","Account","Smoke Test Basic Account Creation","","Smoke Test Basic Account Creation",""
"failed","Mon Jul 27 03:17:34 UTC 2026","Mon Jul 27 03:17:34 UTC 2026","13","1.1 Team Hummingbird - BFF | WLW app","Technical Tests","ai-company-search-controller","GET /public_api/search/ai/company/stream/mock [NEG] Missing Auth/API-Key","","GET /public_api/search/ai/company/stream/mock [NEG] Missing Auth/API-Key",""
"skipped","Mon Jul 27 03:20:35 UTC 2026","Mon Jul 27 03:20:35 UTC 2026","0","3 Team Techno - UCL","Technical Tests","Organization","GET /unified_commercial_logic/internal_api/api/organization - Retrieve Organization List","","GET /unified_commercial_logic/internal_api/api/organization - Retrieve Organization List",""
"skipped","Mon Jul 27 03:20:35 UTC 2026","Mon Jul 27 03:20:35 UTC 2026","0","3 Team Techno - UCL","Technical Tests","TopRanking","GET /unified_commercial_logic/internal_api/api/top_ranking_v1/{id} - Retrieve TopRankingV1 By ID","","GET /unified_commercial_logic/internal_api/api/top_ranking_v1/{id} - Retrieve TopRankingV1 By ID",""
"passed","Mon Jul 27 03:14:59 UTC 2026","Mon Jul 27 03:14:59 UTC 2026","7","2 Team Dragon - BFF | RFQ Backend","Technical Tests","(root)","GET /v1/user - User Info + Roles + Negative Auth","","GET /v1/user - User Info + Roles + Negative Auth",""
"failed","Mon Jul 27 03:17:58 UTC 2026","Mon Jul 27 03:17:58 UTC 2026","14","1.1 Team Hummingbird - BFF | WLW app","Technical Tests","search-controller","GET /public_api/suppliers/recommendations [NEG] Missing Auth/API-Key","","GET /public_api/suppliers/recommendations [NEG] Missing Auth/API-Key",""
"passed","Mon Jul 27 03:25:52 UTC 2026","Mon Jul 27 03:25:52 UTC 2026","76","Dolphin","Technical","","","homepageProductRecommendTest","homepage product recommend -- wlw",""
"failed","Mon Jul 27 03:17:34 UTC 2026","Mon Jul 27 03:17:34 UTC 2026","13","1.1 Team Hummingbird - BFF | WLW app","Technical Tests","ai-company-search-controller","GET /public_api/search/ai/company/stream/mock [NEG] Forbidden Role Token","","GET /public_api/search/ai/company/stream/mock [NEG] Forbidden Role Token",""
"skipped","Mon Jul 27 03:20:35 UTC 2026","Mon Jul 27 03:20:35 UTC 2026","0","3 Team Techno - UCL","Technical Tests","WebsiteLead","GET /unified_commercial_logic/internal_api/api/website_lead/{id} - Retrieve WebsiteLead By ID","","GET /unified_commercial_logic/internal_api/api/website_lead/{id} - Retrieve WebsiteLead By ID",""
"passed","Mon Jul 27 03:25:51 UTC 2026","Mon Jul 27 03:25:51 UTC 2026","124","Dolphin","Technical","","","getProductsByCategoryTest","popular in category -- getProductsByCategory",""
"broken","Mon Jul 27 03:18:34 UTC 2026","Mon Jul 27 03:18:54 UTC 2026","20021","Dolphin","Technical","","","recallBlankQueryTest","AI Search recall: blank query and imageUrl → business failure",""
"failed","Mon Jul 27 03:17:43 UTC 2026","Mon Jul 27 03:17:43 UTC 2026","10","1.1 Team Hummingbird - BFF | WLW app","Technical Tests","conversation-controller","GET /public_api/conversation/userConversations/{conversationId}/file","","GET /public_api/conversation/userConversations/{conversationId}/file",""
"passed","Mon Jul 27 03:16:37 UTC 2026","Mon Jul 27 03:16:37 UTC 2026","176","1 Team Hummingbird - BFF | EP app","Endpoint tests","Visitor profiler","csv get","","csv get",""
"failed","Mon Jul 27 03:17:52 UTC 2026","Mon Jul 27 03:17:52 UTC 2026","11","1.1 Team Hummingbird - BFF | WLW app","Technical Tests","product-controller","GET /public_api/products [SEC] Injection Probe","","GET /public_api/products [SEC] Injection Probe",""
"passed","Mon Jul 27 03:18:03 UTC 2026","Mon Jul 27 03:18:03 UTC 2026","86","4. Team CRM |CRM Staging","Endpoints Tests","(root)","resolve individual id bulk","","resolve individual id bulk",""
"failed","Mon Jul 27 03:17:59 UTC 2026","Mon Jul 27 03:17:59 UTC 2026","10","1.1 Team Hummingbird - BFF | WLW app","Technical Tests","search-controller","GET /public_api/search/products [NEG] Missing Auth/API-Key","","GET /public_api/search/products [NEG] Missing Auth/API-Key",""
"passed","Mon Jul 27 03:17:25 UTC 2026","Mon Jul 27 03:17:25 UTC 2026","91","1.1 Team Hummingbird - BFF | WLW app","Endpoint tests","User settings","user setting","","user setting",""
"passed","Mon Jul 27 03:17:51 UTC 2026","Mon Jul 27 03:17:51 UTC 2026","31","1.1 Team Hummingbird - BFF | WLW app","Technical Tests","login-controller","POST /public_api/auth/changePassword [NEG] Forbidden Role Token","","POST /public_api/auth/changePassword [NEG] Forbidden Role Token",""
"passed","Mon Jul 27 03:17:54 UTC 2026","Mon Jul 27 03:17:54 UTC 2026","31","1.1 Team Hummingbird - BFF | WLW app","Technical Tests","purchaser-user-setting-controller","POST /userSetting/ [NEG] Expired Token","","POST /userSetting/ [NEG] Expired Token",""
"passed","Mon Jul 27 03:18:06 UTC 2026","Mon Jul 27 03:18:06 UTC 2026","29","1.1 Team Hummingbird - BFF | WLW app","Technical Tests","user-controller","PUT /public_api/user/userInfo [NEG] Expired Token","","PUT /public_api/user/userInfo [NEG] Expired Token",""
"skipped","Mon Jul 27 03:15:05 UTC 2026","Mon Jul 27 03:15:05 UTC 2026","0","7. Team Pegasus | Pegasus Staging","Endpoints Tests","Visitors","Elixir (supplier-app)","","Filters",""
"passed","Mon Jul 27 03:17:24 UTC 2026","Mon Jul 27 03:17:25 UTC 2026","776","1.1 Team Hummingbird - BFF | WLW app","Endpoint tests","Login","native email login","","native email login",""
"passed","Mon Jul 27 03:17:41 UTC 2026","Mon Jul 27 03:17:41 UTC 2026","31","1.1 Team Hummingbird - BFF | WLW app","Technical Tests","conversation-controller","POST /public_api/conversation/userConversations/{conversationId}/messages/file","","POST /public_api/conversation/userConversations/{conversationId}/messages/file",""
"passed","Mon Jul 27 03:17:55 UTC 2026","Mon Jul 27 03:17:55 UTC 2026","225","4. Team CRM |CRM Staging","Business Scenarios Tests","Feedback","Trigger Feedback","","Trigger Feedback",""
"skipped","Mon Jul 27 03:15:05 UTC 2026","Mon Jul 27 03:15:05 UTC 2026","0","7. Team Pegasus | Pegasus Staging","Endpoints Tests","Supplier Registration","EP","","business_sectors - Get business sectors",""
"failed","Mon Jul 27 03:18:00 UTC 2026","Mon Jul 27 03:18:00 UTC 2026","11","1.1 Team Hummingbird - BFF | WLW app","Technical Tests","search-controller","GET /public_api/search/ai/termRecommend [NEG] Expired Token","","GET /public_api/search/ai/termRecommend [NEG] Expired Token",""
"passed","Mon Jul 27 03:16:31 UTC 2026","Mon Jul 27 03:16:31 UTC 2026","192","1 Team Hummingbird - BFF | EP app","Endpoint tests","User settings","user setting","","user setting",""
"skipped","Mon Jul 27 03:15:05 UTC 2026","Mon Jul 27 03:15:05 UTC 2026","0","7. Team Pegasus | Pegasus Staging","Business Scenarios Tests","Supplier Facts","Company create and update for UI","","Create company",""
"broken","Mon Jul 27 03:16:19 UTC 2026","Mon Jul 27 03:16:20 UTC 2026","553","Bamboo","Functional","","","leafCategoryPredictTest","leafCategoryPredict",""
"passed","Mon Jul 27 03:16:30 UTC 2026","Mon Jul 27 03:16:31 UTC 2026","822","1 Team Hummingbird - BFF | EP app","Endpoint tests","Login","registration","","registration",""
"passed","Mon Jul 27 03:17:30 UTC 2026","Mon Jul 27 03:17:31 UTC 2026","520","1.1 Team Hummingbird - BFF | WLW app","Endpoint tests","Conversations","conversation/messages","","conversation/messages",""
"failed","Mon Jul 27 03:17:37 UTC 2026","Mon Jul 27 03:17:37 UTC 2026","11","1.1 Team Hummingbird - BFF | WLW app","Technical Tests","company-controller","GET /public_api/company [NEG] Forbidden Role Token","","GET /public_api/company [NEG] Forbidden Role Token",""
"skipped","Mon Jul 27 03:15:05 UTC 2026","Mon Jul 27 03:15:05 UTC 2026","0","7. Team Pegasus | Pegasus Staging","Spike | Profiles link user to company","(root)","06 PATCH — Link company to profile","","06 PATCH — Link company to profile",""
"failed","Mon Jul 27 03:17:56 UTC 2026","Mon Jul 27 03:17:56 UTC 2026","12","1.1 Team Hummingbird - BFF | WLW app","Technical Tests","push-notification-by-email-controller","GET /v1/pushNotification [NEG] Forbidden Role Token","","GET /v1/pushNotification [NEG] Forbidden Role Token",""
"passed","Mon Jul 27 03:17:59 UTC 2026","Mon Jul 27 03:17:59 UTC 2026","28","1.1 Team Hummingbird - BFF | WLW app","Technical Tests","search-controller","GET /public_api/search/products [SEC] Injection Probe","","GET /public_api/search/products [SEC] Injection Probe",""
"skipped","Mon Jul 27 03:20:35 UTC 2026","Mon Jul 27 03:20:35 UTC 2026","0","3 Team Techno - UCL","Functional Tests","Endpoint Tests","TopRanking","","get all active on wlw for the given uuid",""
"broken","Mon Jul 27 03:21:35 UTC 2026","Mon Jul 27 03:21:55 UTC 2026","20010","Dolphin","Technical","","","recallPaidSupplierFilterTest","AI Search recall: paid supplier filter (verified=true)",""
"passed","Mon Jul 27 03:17:28 UTC 2026","Mon Jul 27 03:17:29 UTC 2026","786","1.1 Team Hummingbird - BFF | WLW app","Endpoint tests","Search","search companies, EN","","search companies, EN",""
"passed","Mon Jul 27 03:17:41 UTC 2026","Mon Jul 27 03:17:41 UTC 2026","32","1.1 Team Hummingbird - BFF | WLW app","Technical Tests","conversation-controller","POST /public_api/conversation/userConversations/{conversationId}/messages/file [NEG] Expired Token","","POST /public_api/conversation/userConversations/{conversationId}/messages/file [NEG] Expired Token",""
"passed","Mon Jul 27 03:17:34 UTC 2026","Mon Jul 27 03:17:34 UTC 2026","36","1.1 Team Hummingbird - BFF | WLW app","Technical Tests","ai-company-search-controller","POST /public_api/search/ai/company/search [NEG] Expired Token","","POST /public_api/search/ai/company/search [NEG] Expired Token",""
"failed","Mon Jul 27 03:17:36 UTC 2026","Mon Jul 27 03:17:36 UTC 2026","12","1.1 Team Hummingbird - BFF | WLW app","Technical Tests","company-controller","GET /public_api/suppliers/{companyID}/listings [NEG] Forbidden Role Token","","GET /public_api/suppliers/{companyID}/listings [NEG] Forbidden Role Token",""
"passed","Mon Jul 27 03:17:52 UTC 2026","Mon Jul 27 03:17:52 UTC 2026","34","1.1 Team Hummingbird - BFF | WLW app","Technical Tests","product-controller","GET /public_api/products/{productId}","","GET /public_api/products/{productId}",""
"passed","Mon Jul 27 03:17:46 UTC 2026","Mon Jul 27 03:17:46 UTC 2026","31","1.1 Team Hummingbird - BFF | WLW app","Technical Tests","euro-pages-controller","DELETE /public_api/euro-pages/auth/delete [NEG] Forbidden Role Token","","DELETE /public_api/euro-pages/auth/delete [NEG] Forbidden Role Token",""
"passed","Mon Jul 27 03:14:59 UTC 2026","Mon Jul 27 03:14:59 UTC 2026","7","2 Team Dragon - BFF | RFQ Backend","Technical Tests","(root)","GET /v1/user - User Info + Roles + Negative Auth","","GET /v1/user - User Info + Roles + Negative Auth",""
"skipped","Mon Jul 27 03:17:50 UTC 2026","Mon Jul 27 03:17:50 UTC 2026","0","4. Team CRM |CRM Staging","Endpoints Tests","Leads","(empty)","","Endpoints Tests / Leads - empty",""
"passed","Mon Jul 27 03:16:31 UTC 2026","Mon Jul 27 03:16:31 UTC 2026","70","1 Team Hummingbird - BFF | EP app","Endpoint tests","Support","notifications list","","notifications list",""
"passed","Mon Jul 27 03:17:53 UTC 2026","Mon Jul 27 03:17:53 UTC 2026","31","1.1 Team Hummingbird - BFF | WLW app","Technical Tests","purchaser-support-controller","GET /support-master-data","","GET /support-master-data",""
"passed","Mon Jul 27 03:18:06 UTC 2026","Mon Jul 27 03:18:06 UTC 2026","29","1.1 Team Hummingbird - BFF | WLW app","Technical Tests","user-controller","PUT /public_api/user/userInfo","","PUT /public_api/user/userInfo",""
"failed","Mon Jul 27 03:18:01 UTC 2026","Mon Jul 27 03:18:01 UTC 2026","14","1.1 Team Hummingbird - BFF | WLW app","Technical Tests","search-controller","GET /public_api/products/recommendations [NEG] Missing Auth/API-Key","","GET /public_api/products/recommendations [NEG] Missing Auth/API-Key",""
"passed","Mon Jul 27 03:17:32 UTC 2026","Mon Jul 27 03:17:32 UTC 2026","65","1.1 Team Hummingbird - BFF | WLW app","Endpoint tests","(root)","Log out","","Log out",""
"failed","Mon Jul 27 03:18:05 UTC 2026","Mon Jul 27 03:18:05 UTC 2026","12","1.1 Team Hummingbird - BFF | WLW app","Technical Tests","trending-products-controller","GET /public_api/trending/products [NEG] Forbidden Role Token","","GET /public_api/trending/products [NEG] Forbidden Role Token",""
"skipped","Mon Jul 27 03:15:05 UTC 2026","Mon Jul 27 03:15:05 UTC 2026","0","7. Team Pegasus | Pegasus Staging","Endpoints Tests","Business Insights","Company","","Company",""
"skipped","Mon Jul 27 03:15:05 UTC 2026","Mon Jul 27 03:15:05 UTC 2026","0","7. Team Pegasus | Pegasus Staging","Spike | Profiles link user to company","(root)","05 GET — Profile by email","","05 GET — Profile by email",""
"passed","Mon Jul 27 03:18:06 UTC 2026","Mon Jul 27 03:18:06 UTC 2026","15","1.1 Team Hummingbird - BFF | WLW app","Technical Tests","user-controller","PUT /public_api/user/userInfo [NEG] Missing Auth/API-Key","","PUT /public_api/user/userInfo [NEG] Missing Auth/API-Key",""
"broken","Mon Jul 27 03:20:55 UTC 2026","Mon Jul 27 03:21:15 UTC 2026","20235","Dolphin","Technical","","","recallPageSizeZeroNormalizedTest","AI Search recall: pageSize=0 normalized to default",""
"passed","Mon Jul 27 03:25:51 UTC 2026","Mon Jul 27 03:25:51 UTC 2026","38","Dolphin","Functional","","","getCategoryListWlwTest","v-recommend category list -- wlw, full categories",""
"skipped","Mon Jul 27 03:16:29 UTC 2026","Mon Jul 27 03:16:29 UTC 2026","0","1 Team Hummingbird - BFF | EP app","Business Scenario Tests","(empty)","(empty)","","Business Scenario Tests - empty",""
"passed","Mon Jul 27 03:15:12 UTC 2026","Mon Jul 27 03:15:12 UTC 2026","32","Arise","Functional","","","pageElementsGet","pageElementsGet",""
"skipped","Mon Jul 27 03:17:50 UTC 2026","Mon Jul 27 03:17:50 UTC 2026","0","4. Team CRM |CRM Staging","Endpoints Tests","Users","Custom Endpoints","","Endpoints Tests / Users / Custom Endpoints - empty",""
"broken","Mon Jul 27 03:23:15 UTC 2026","Mon Jul 27 03:23:35 UTC 2026","20013","Dolphin","Functional","","","recallTopRankingScenarioTest","AI Search recall: wlw-staging.de cnc top-ranking scenario",""
"passed","Mon Jul 27 03:17:51 UTC 2026","Mon Jul 27 03:17:51 UTC 2026","381","4. Team CRM |CRM Staging","Business Scenarios Tests","Tasks","Change  Assigned To","","Change  Assigned To",""
"failed","Mon Jul 27 03:17:59 UTC 2026","Mon Jul 27 03:17:59 UTC 2026","14","1.1 Team Hummingbird - BFF | WLW app","Technical Tests","search-controller","GET /public_api/search/products [NEG] Expired Token","","GET /public_api/search/products [NEG] Expired Token",""
"passed","Mon Jul 27 03:17:52 UTC 2026","Mon Jul 27 03:17:52 UTC 2026","250","4. Team CRM |CRM Staging","Business Scenarios Tests","Quote","Check Quote","","Check Quote",""
"passed","Mon Jul 27 03:17:31 UTC 2026","Mon Jul 27 03:17:31 UTC 2026","132","1.1 Team Hummingbird - BFF | WLW app","Endpoint tests","Conversations","Decline RFQ","","Decline RFQ",""
"skipped","Mon Jul 27 03:15:05 UTC 2026","Mon Jul 27 03:15:05 UTC 2026","0","7. Team Pegasus | Pegasus Staging","Endpoints Tests","Business Insights","Visitor","","Visitor",""
"passed","Mon Jul 27 03:18:01 UTC 2026","Mon Jul 27 03:18:02 UTC 2026","594","4. Team CRM |CRM Staging","Endpoints Tests","(root)","Create Note with sf id","","Create Note with sf id",""
"skipped","Mon Jul 27 03:15:05 UTC 2026","Mon Jul 27 03:15:05 UTC 2026","0","7. Team Pegasus | Pegasus Staging","Endpoints Tests","Supplier Registration","EP","","{{supplierRegistrationBackendBaseUrlForGetRequests}}/api/business_sectors/index?lang=en&query=Biscuits",""
"passed","Mon Jul 27 03:17:25 UTC 2026","Mon Jul 27 03:17:25 UTC 2026","16","1.1 Team Hummingbird - BFF | WLW app","Endpoint tests","User settings","push-notification-by-email-controller","","push-notification-by-email-controller",""
"passed","Mon Jul 27 03:17:45 UTC 2026","Mon Jul 27 03:17:45 UTC 2026","20","1.1 Team Hummingbird - BFF | WLW app","Technical Tests","dynamic-links-controller","POST /public_api/branchio/dynamiclink [NEG] Missing Auth/API-Key","","POST /public_api/branchio/dynamiclink [NEG] Missing Auth/API-Key",""
"passed","Mon Jul 27 03:25:51 UTC 2026","Mon Jul 27 03:25:51 UTC 2026","124","Dolphin","Functional","","","getProductsByCategoryTest","popular in category -- getProductsByCategory",""
"passed","Mon Jul 27 03:17:57 UTC 2026","Mon Jul 27 03:17:57 UTC 2026","135","4. Team CRM |CRM Staging","Business Scenarios Tests","Lead","Smoke test for Conversion","","Smoke test for Conversion",""
"passed","Mon Jul 27 03:17:45 UTC 2026","Mon Jul 27 03:17:45 UTC 2026","29","1.1 Team Hummingbird - BFF | WLW app","Technical Tests","euro-pages-controller","PUT /public_api/euro-pages/auth/delete [NEG] Forbidden Role Token","","PUT /public_api/euro-pages/auth/delete [NEG] Forbidden Role Token",""
"failed","Mon Jul 27 03:16:35 UTC 2026","Mon Jul 27 03:16:35 UTC 2026","317","1 Team Hummingbird - BFF | EP app","Endpoint tests","Contact request","Product request","","Product request",""
"failed","Mon Jul 27 03:18:00 UTC 2026","Mon Jul 27 03:18:00 UTC 2026","13","1.1 Team Hummingbird - BFF | WLW app","Technical Tests","search-controller","GET /public_api/search/ai/termRecommend [NEG] Forbidden Role Token","","GET /public_api/search/ai/termRecommend [NEG] Forbidden Role Token",""
"passed","Mon Jul 27 03:18:04 UTC 2026","Mon Jul 27 03:18:04 UTC 2026","33","1.1 Team Hummingbird - BFF | WLW app","Technical Tests","trending-products-controller","POST /public_api/trending/import","","POST /public_api/trending/import",""
"skipped","Mon Jul 27 03:15:05 UTC 2026","Mon Jul 27 03:15:05 UTC 2026","0","7. Team Pegasus | Pegasus Staging","Endpoints Tests","Business Insights","Product search","","Product search",""
"passed","Mon Jul 27 03:17:41 UTC 2026","Mon Jul 27 03:17:41 UTC 2026","34","1.1 Team Hummingbird - BFF | WLW app","Technical Tests","conversation-controller","POST /public_api/conversation/userConversations/{conversationId}/messages/file/ [NEG] Forbidden Role Token","","POST /public_api/conversation/userConversations/{conversationId}/messages/file/ [NEG] Forbidden Role Token",""
"passed","Mon Jul 27 03:17:44 UTC 2026","Mon Jul 27 03:17:44 UTC 2026","20","1.1 Team Hummingbird - BFF | WLW app","Technical Tests","currency-exchange-controller","GET /exchange/fetch-rates [NEG] Missing Auth/API-Key","","GET /exchange/fetch-rates [NEG] Missing Auth/API-Key",""
"failed","Mon Jul 27 03:15:13 UTC 2026","Mon Jul 27 03:15:13 UTC 2026","31","Arise","Technical","","","skwdAll","skwdAll",""
"skipped","Mon Jul 27 03:15:05 UTC 2026","Mon Jul 27 03:15:05 UTC 2026","0","7. Team Pegasus | Pegasus Staging","Business Scenarios Tests","Supplier Registration","EP - Lead create and update","","leads/{lead_id} - Update a lead",""
"passed","Mon Jul 27 03:15:12 UTC 2026","Mon Jul 27 03:15:13 UTC 2026","572","Arise","Functional","","","psearchProxySearch","psearchProxySearch",""
"passed","Mon Jul 27 03:17:56 UTC 2026","Mon Jul 27 03:17:56 UTC 2026","234","4. Team CRM |CRM Staging","Business Scenarios Tests","Disable Hubspot","Check hubspot is true","","Check hubspot is true",""
"passed","Mon Jul 27 03:14:59 UTC 2026","Mon Jul 27 03:14:59 UTC 2026","12","2 Team Dragon - BFF | RFQ Backend","Technical Tests","(root)","GET /v1/categories - CPV list (schema + contract)","","GET /v1/categories - CPV list (schema + contract)",""
"failed","Mon Jul 27 03:17:27 UTC 2026","Mon Jul 27 03:17:27 UTC 2026","42","1.1 Team Hummingbird - BFF | WLW app","Endpoint tests","Company","Companies / products DE","","Companies / products DE",""
"passed","Mon Jul 27 03:18:01 UTC 2026","Mon Jul 27 03:18:01 UTC 2026","31","1.1 Team Hummingbird - BFF | WLW app","Technical Tests","search-controller","GET /public_api/categories/recommendations [SEC] Injection Probe","","GET /public_api/categories/recommendations [SEC] Injection Probe",""
"passed","Mon Jul 27 03:17:50 UTC 2026","Mon Jul 27 03:17:50 UTC 2026","31","1.1 Team Hummingbird - BFF | WLW app","Technical Tests","login-controller","POST /public_api/auth/code/verify [NEG] Expired Token","","POST /public_api/auth/code/verify [NEG] Expired Token",""
"skipped","Mon Jul 27 03:15:05 UTC 2026","Mon Jul 27 03:15:05 UTC 2026","0","7. Team Pegasus | Pegasus Staging","Endpoints Tests","Membership Management (PGS-861)","GET — Verify UTM in supplier-facts","","GET — Verify UTM in supplier-facts",""
"passed","Mon Jul 27 03:17:59 UTC 2026","Mon Jul 27 03:18:00 UTC 2026","883","4. Team CRM |CRM Staging","Business Scenarios Tests","Products","Update Product","","Update Product",""
"passed","Mon Jul 27 03:16:20 UTC 2026","Mon Jul 27 03:16:20 UTC 2026","39","Bamboo","Technical","","","searchCategoryByNameTest","searchCategoryByName",""
"passed","Mon Jul 27 03:25:44 UTC 2026","Mon Jul 27 03:25:46 UTC 2026","1184","Dolphin","Functional","","","productTextSearchPaidSupplierFilterTest","AI product text search recall: paid/verified supplier filter",""
"passed","Mon Jul 27 03:25:51 UTC 2026","Mon Jul 27 03:25:51 UTC 2026","34","Dolphin","Technical","","","getCategoryListWlwWithPreferredSuperCategoryIdsTest","v-recommend category list -- wlw, with preferredSuperCategoryIds",""
"failed","Mon Jul 27 03:18:01 UTC 2026","Mon Jul 27 03:18:01 UTC 2026","12","1.1 Team Hummingbird - BFF | WLW app","Technical Tests","search-controller","GET /public_api/categories/recommendations [NEG] Forbidden Role Token","","GET /public_api/categories/recommendations [NEG] Forbidden Role Token",""
"skipped","Mon Jul 27 03:15:05 UTC 2026","Mon Jul 27 03:15:05 UTC 2026","0","7. Team Pegasus | Pegasus Staging","Endpoints Tests","Supplier Registration","EP","","keywords - Search for keywords",""
"passed","Mon Jul 27 03:17:56 UTC 2026","Mon Jul 27 03:17:58 UTC 2026","1568","4. Team CRM |CRM Staging","Business Scenarios Tests","Lead","Create a  lead","","Create a  lead",""
"failed","Mon Jul 27 03:17:39 UTC 2026","Mon Jul 27 03:17:39 UTC 2026","12","1.1 Team Hummingbird - BFF | WLW app","Technical Tests","conversation-controller","GET /public_api/conversation/userConversations/{conversationId}/messages [NEG] Expired Token","","GET /public_api/conversation/userConversations/{conversationId}/messages [NEG] Expired Token",""
"passed","Mon Jul 27 03:16:33 UTC 2026","Mon Jul 27 03:16:33 UTC 2026","52","1 Team Hummingbird - BFF | EP app","Endpoint tests","Search","search autoComplete FR","","search autoComplete FR",""
"skipped","Mon Jul 27 03:20:35 UTC 2026","Mon Jul 27 03:20:35 UTC 2026","0","3 Team Techno - UCL","Technical Tests","Retargeting","GET /unified_commercial_logic/internal_api/api/retargeting - Retrieve Retargeting List","","GET /unified_commercial_logic/internal_api/api/retargeting - Retrieve Retargeting List",""
"failed","Mon Jul 27 03:17:41 UTC 2026","Mon Jul 27 03:17:41 UTC 2026","11","1.1 Team Hummingbird - BFF | WLW app","Technical Tests","conversation-controller","GET /public_api/conversation/userConversations [NEG] Expired Token","","GET /public_api/conversation/userConversations [NEG] Expired Token",""
"failed","Mon Jul 27 03:25:52 UTC 2026","Mon Jul 27 03:25:52 UTC 2026","50","Dolphin","Technical","","","sameStoreProductRecommendTest","product same store recommend -- wlw",""
"passed","Mon Jul 27 03:17:37 UTC 2026","Mon Jul 27 03:17:37 UTC 2026","24","1.1 Team Hummingbird - BFF | WLW app","Technical Tests","contact-form-controller","POST /public_api/contact-form/messages [NEG] Missing Auth/API-Key","","POST /public_api/contact-form/messages [NEG] Missing Auth/API-Key",""
"skipped","Mon Jul 27 03:15:05 UTC 2026","Mon Jul 27 03:15:05 UTC 2026","0","7. Team Pegasus | Pegasus Staging","Spike | Profiles link user to company","(root)","10 MANUAL — company-editor basic-info (browser)","","10 MANUAL — company-editor basic-info (browser)",""
"passed","Mon Jul 27 03:17:26 UTC 2026","Mon Jul 27 03:17:26 UTC 2026","13","1.1 Team Hummingbird - BFF | WLW app","Endpoint tests","Support","FAQ Alibaba","","FAQ Alibaba",""
"passed","Mon Jul 27 03:17:52 UTC 2026","Mon Jul 27 03:17:52 UTC 2026","387","4. Team CRM |CRM Staging","Business Scenarios Tests","Contacts","Edit Contact","","Edit Contact",""
"passed","Mon Jul 27 03:18:00 UTC 2026","Mon Jul 27 03:18:01 UTC 2026","73","4. Team CRM |CRM Staging","Endpoints Tests","(root)","resolve individual id","","resolve individual id",""
"passed","Mon Jul 27 03:17:25 UTC 2026","Mon Jul 27 03:17:25 UTC 2026","18","1.1 Team Hummingbird - BFF | WLW app","Endpoint tests","Support","Support FAQ_DE","","Support FAQ_DE",""
"passed","Mon Jul 27 03:17:54 UTC 2026","Mon Jul 27 03:17:54 UTC 2026","14","1.1 Team Hummingbird - BFF | WLW app","Technical Tests","purchaser-user-setting-controller","PUT /userSetting/{id} [NEG] Missing Auth/API-Key","","PUT /userSetting/{id} [NEG] Missing Auth/API-Key",""
"passed","Mon Jul 27 03:17:54 UTC 2026","Mon Jul 27 03:17:54 UTC 2026","33","1.1 Team Hummingbird - BFF | WLW app","Technical Tests","purchaser-user-setting-controller","POST /userSetting/ [NEG] Forbidden Role Token","","POST /userSetting/ [NEG] Forbidden Role Token",""
"passed","Mon Jul 27 03:17:55 UTC 2026","Mon Jul 27 03:18:00 UTC 2026","4251","4. Team CRM |CRM Staging","Business Scenarios Tests","Disable Hubspot","Change Hubspot to false","","Change Hubspot to false",""
"failed","Mon Jul 27 03:17:34 UTC 2026","Mon Jul 27 03:17:34 UTC 2026","13","1.1 Team Hummingbird - BFF | WLW app","Technical Tests","ai-company-search-controller","GET /public_api/search/ai/company/search [SEC] Injection Probe","","GET /public_api/search/ai/company/search [SEC] Injection Probe",""
"skipped","Mon Jul 27 03:15:05 UTC 2026","Mon Jul 27 03:15:05 UTC 2026","0","7. Team Pegasus | Pegasus Staging","Endpoints Tests","Business Insights","Scoring by uuid","","Scoring by uuid",""
"broken","Mon Jul 27 03:19:55 UTC 2026","Mon Jul 27 03:20:15 UTC 2026","20022","Dolphin","Technical","","","recallMissingRequestIdTest","AI Search recall: missing requestId still success",""
"passed","Mon Jul 27 03:17:57 UTC 2026","Mon Jul 27 03:17:58 UTC 2026","191","4. Team CRM |CRM Staging","Business Scenarios Tests","WLW Price Compaigns","WLW_Price Compaigns","","WLW_Price Compaigns",""
"skipped","Mon Jul 27 03:20:35 UTC 2026","Mon Jul 27 03:20:35 UTC 2026","0","3 Team Techno - UCL","Technical Tests","GoogleAd","GET /unified_commercial_logic/internal_api/api/google_ad/ - Retrieve GoogleAd List","","GET /unified_commercial_logic/internal_api/api/google_ad/ - Retrieve GoogleAd List",""
"passed","Mon Jul 27 03:17:31 UTC 2026","Mon Jul 27 03:17:31 UTC 2026","119","1.1 Team Hummingbird - BFF | WLW app","Endpoint tests","Conversations","translate message","","translate message",""
"passed","Mon Jul 27 03:16:31 UTC 2026","Mon Jul 27 03:16:31 UTC 2026","41","1 Team Hummingbird - BFF | EP app","Endpoint tests","Support","Supportmasterdata_DE","","Supportmasterdata_DE",""
"broken","Mon Jul 27 03:20:35 UTC 2026","Mon Jul 27 03:20:55 UTC 2026","20022","Dolphin","Technical","","","recallPageSizeOverMaxTest","AI Search recall: pageSize over max capped",""
"failed","Mon Jul 27 03:17:35 UTC 2026","Mon Jul 27 03:17:35 UTC 2026","15","1.1 Team Hummingbird - BFF | WLW app","Technical Tests","categories-controller","GET /preferred/categories","","GET /preferred/categories",""
"skipped","Mon Jul 27 03:15:05 UTC 2026","Mon Jul 27 03:15:05 UTC 2026","0","7. Team Pegasus | Pegasus Staging","Endpoints Tests","Shop Import & Onboarding Backend","/offers/fetchCategory","","/offers/fetchCategory",""
"passed","Mon Jul 27 03:16:34 UTC 2026","Mon Jul 27 03:16:34 UTC 2026","461","1 Team Hummingbird - BFF | EP app","Endpoint tests","RFQ","post RFQ","","post RFQ",""
"passed","Mon Jul 27 03:17:51 UTC 2026","Mon Jul 27 03:17:51 UTC 2026","30","1.1 Team Hummingbird - BFF | WLW app","Technical Tests","login-controller","DELETE /public_api/auth/sso/logout [NEG] Expired Token","","DELETE /public_api/auth/sso/logout [NEG] Expired Token",""
"passed","Mon Jul 27 03:16:36 UTC 2026","Mon Jul 27 03:16:36 UTC 2026","150","1 Team Hummingbird - BFF | EP app","Endpoint tests","Conversations","unread count","","unread count",""
"passed","Mon Jul 27 03:25:44 UTC 2026","Mon Jul 27 03:25:46 UTC 2026","1184","Dolphin","Technical","","","productTextSearchPaidSupplierFilterTest","AI product text search recall: paid/verified supplier filter",""
"passed","Mon Jul 27 03:25:51 UTC 2026","Mon Jul 27 03:25:51 UTC 2026","44","Dolphin","Functional","","","getCategoryListEpTest","v-recommend category list -- ep",""
"passed","Mon Jul 27 03:18:00 UTC 2026","Mon Jul 27 03:18:00 UTC 2026","108","4. Team CRM |CRM Staging","Endpoints Tests","(root)","get connect receipient","","get connect receipient",""
"passed","Mon Jul 27 03:18:00 UTC 2026","Mon Jul 27 03:18:00 UTC 2026","65","4. Team CRM |CRM Staging","Endpoints Tests","(root)","get responsible user","","get responsible user",""
"skipped","Mon Jul 27 03:15:05 UTC 2026","Mon Jul 27 03:15:05 UTC 2026","0","7. Team Pegasus | Pegasus Staging","Endpoints Tests","Business Insights","Sister platform","","Sister platform",""
"broken","Mon Jul 27 03:17:14 UTC 2026","Mon Jul 27 03:17:34 UTC 2026","20021","Dolphin","Technical","","","pvMatchEmptyCompanyListTest","AI Search PV match: empty companyList → business failure",""
"failed","Mon Jul 27 03:16:30 UTC 2026","Mon Jul 27 03:16:30 UTC 2026","106","1 Team Hummingbird - BFF | EP app","Endpoint tests","Login","resend code","","resend code",""
"passed","Mon Jul 27 03:25:49 UTC 2026","Mon Jul 27 03:25:50 UTC 2026","661","Dolphin","Functional","","","productTextSearchTopRankingScenarioTest","AI product text search recall: wlw-staging cnc top-ranking scenario",""
"passed","Mon Jul 27 03:17:57 UTC 2026","Mon Jul 27 03:17:57 UTC 2026","34","1.1 Team Hummingbird - BFF | WLW app","Technical Tests","rfq-controller","POST /public_api/connect/purchaser/tenders [NEG] Expired Token","","POST /public_api/connect/purchaser/tenders [NEG] Expired Token",""
"failed","Mon Jul 27 03:17:43 UTC 2026","Mon Jul 27 03:17:43 UTC 2026","12","1.1 Team Hummingbird - BFF | WLW app","Technical Tests","conversation-controller","GET /public_api/conversation/userConversations/{conversationId} [NEG] Forbidden Role Token","","GET /public_api/conversation/userConversations/{conversationId} [NEG] Forbidden Role Token",""
"passed","Mon Jul 27 03:17:54 UTC 2026","Mon Jul 27 03:17:54 UTC 2026","34","1.1 Team Hummingbird - BFF | WLW app","Technical Tests","purchaser-support-controller","GET /support-faq [SEC] Injection Probe","","GET /support-faq [SEC] Injection Probe",""
"skipped","Mon Jul 27 03:20:35 UTC 2026","Mon Jul 27 03:20:35 UTC 2026","0","3 Team Techno - UCL","Technical Tests","TopRanking","GET /unified_commercial_logic/internal_api/api/top_ranking_v1 - Retrieve TopRankingV1 List","","GET /unified_commercial_logic/internal_api/api/top_ranking_v1 - Retrieve TopRankingV1 List",""
"passed","Mon Jul 27 03:17:59 UTC 2026","Mon Jul 27 03:18:00 UTC 2026","561","4. Team CRM |CRM Staging","Business Scenarios Tests","Cases","Smoke Test for Case Creation","","Smoke Test for Case Creation",""
"passed","Mon Jul 27 03:17:58 UTC 2026","Mon Jul 27 03:17:59 UTC 2026","321","4. Team CRM |CRM Staging","Business Scenarios Tests","Platform Profile","Update Platform Profile","","Update Platform Profile",""
"passed","Mon Jul 27 03:14:58 UTC 2026","Mon Jul 27 03:14:58 UTC 2026","256","2 Team Dragon - BFF | RFQ Backend","Technical Tests","(root)","GET /v1/rfqs (list) - Compliance + Schema + Perf","","GET /v1/rfqs (list) - Compliance + Schema + Perf",""
"passed","Mon Jul 27 03:17:40 UTC 2026","Mon Jul 27 03:17:40 UTC 2026","30","1.1 Team Hummingbird - BFF | WLW app","Technical Tests","conversation-controller","POST /public_api/conversation/userConversations/{conversationId}/messages/{messageId}/translate","","POST /public_api/conversation/userConversations/{conversationId}/messages/{messageId}/translate",""
"passed","Mon Jul 27 03:17:46 UTC 2026","Mon Jul 27 03:17:46 UTC 2026","31","1.1 Team Hummingbird - BFF | WLW app","Technical Tests","feedback-controller","POST /v1/feedback [NEG] Expired Token","","POST /v1/feedback [NEG] Expired Token",""
"skipped","Mon Jul 27 03:15:05 UTC 2026","Mon Jul 27 03:15:05 UTC 2026","0","7. Team Pegasus | Pegasus Staging","Business Scenarios Tests","Business Insights","Dashboard smoke flow","","Visitors",""
"passed","Mon Jul 27 03:17:54 UTC 2026","Mon Jul 27 03:17:54 UTC 2026","15","1.1 Team Hummingbird - BFF | WLW app","Technical Tests","purchaser-user-setting-controller","POST /userSetting/ [NEG] Missing Auth/API-Key","","POST /userSetting/ [NEG] Missing Auth/API-Key",""
"passed","Mon Jul 27 03:17:51 UTC 2026","Mon Jul 27 03:17:53 UTC 2026","2239","4. Team CRM |CRM Staging","Business Scenarios Tests","Contacts","Create Contact","","Create Contact",""
"passed","Mon Jul 27 03:25:50 UTC 2026","Mon Jul 27 03:25:50 UTC 2026","151","Dolphin","Technical","","","EPHomepageProductRecommendTest","homepage product recommend -- ep",""
"passed","Mon Jul 27 03:17:41 UTC 2026","Mon Jul 27 03:17:41 UTC 2026","30","1.1 Team Hummingbird - BFF | WLW app","Technical Tests","conversation-controller","POST /public_api/conversation/userConversations/{conversationId}/messages/file/ [NEG] Expired Token","","POST /public_api/conversation/userConversations/{conversationId}/messages/file/ [NEG] Expired Token",""
"failed","Mon Jul 27 03:18:01 UTC 2026","Mon Jul 27 03:18:01 UTC 2026","12","1.1 Team Hummingbird - BFF | WLW app","Technical Tests","search-controller","GET /public_api/products/recommendations [NEG] Forbidden Role Token","","GET /public_api/products/recommendations [NEG] Forbidden Role Token",""
"failed","Mon Jul 27 03:17:27 UTC 2026","Mon Jul 27 03:17:27 UTC 2026","25","1.1 Team Hummingbird - BFF | WLW app","Endpoint tests","Company","Company ID FR","","Company ID FR",""
"passed","Mon Jul 27 03:17:32 UTC 2026","Mon Jul 27 03:17:32 UTC 2026","81","1.1 Team Hummingbird - BFF | WLW app","Endpoint tests","Visitor profiler","download visitors csv","","download visitors csv",""
"passed","Mon Jul 27 03:18:03 UTC 2026","Mon Jul 27 03:18:03 UTC 2026","68","4. Team CRM |CRM Staging","Endpoints Tests","(root)","get company data via SF id","","get company data via SF id",""
"skipped","Mon Jul 27 03:20:35 UTC 2026","Mon Jul 27 03:20:35 UTC 2026","0","3 Team Techno - UCL","Functional Tests","Endpoint Tests","membership","","get all active membership for uuid platform specific",""
"passed","Mon Jul 27 03:18:01 UTC 2026","Mon Jul 27 03:18:01 UTC 2026","73","4. Team CRM |CRM Staging","Endpoints Tests","(root)","resolve individual id","","resolve individual id",""
"passed","Mon Jul 27 03:17:29 UTC 2026","Mon Jul 27 03:17:29 UTC 2026","22","1.1 Team Hummingbird - BFF | WLW app","Endpoint tests","Homepage, products","preferred categories","","preferred categories",""
"passed","Mon Jul 27 03:17:38 UTC 2026","Mon Jul 27 03:17:38 UTC 2026","31","1.1 Team Hummingbird - BFF | WLW app","Technical Tests","contact-form-controller","POST /public_api/contact-form/messages [NEG] Forbidden Role Token","","POST /public_api/contact-form/messages [NEG] Forbidden Role Token",""
"passed","Mon Jul 27 03:17:28 UTC 2026","Mon Jul 27 03:17:28 UTC 2026","197","1.1 Team Hummingbird - BFF | WLW app","Endpoint tests","Company","branchIO dynamic link, share PDP","","branchIO dynamic link, share PDP",""
"passed","Mon Jul 27 03:17:37 UTC 2026","Mon Jul 27 03:17:37 UTC 2026","32","1.1 Team Hummingbird - BFF | WLW app","Technical Tests","contact-form-controller","POST /public_api/contact-form/messages","","POST /public_api/contact-form/messages",""
"passed","Mon Jul 27 03:17:50 UTC 2026","Mon Jul 27 03:17:50 UTC 2026","33","1.1 Team Hummingbird - BFF | WLW app","Technical Tests","login-controller","POST /public_api/auth/password/login [NEG] Expired Token","","POST /public_api/auth/password/login [NEG] Expired Token",""
"broken","Mon Jul 27 03:16:19 UTC 2026","Mon Jul 27 03:16:19 UTC 2026","473","Bamboo","Technical","","","findCategoryByIdTest","findCategoryById",""
"passed","Mon Jul 27 03:18:02 UTC 2026","Mon Jul 27 03:18:02 UTC 2026","89","4. Team CRM |CRM Staging","Endpoints Tests","(root)","Update WLW Connect Counters with id","","Update WLW Connect Counters with id",""
"failed","Mon Jul 27 03:18:03 UTC 2026","Mon Jul 27 03:18:03 UTC 2026","10","1.1 Team Hummingbird - BFF | WLW app","Technical Tests","supplier-visitors-controller","GET /public_api/suppliers/{supplier_id}/visits [NEG] Forbidden Role Token","","GET /public_api/suppliers/{supplier_id}/visits [NEG] Forbidden Role Token",""
"passed","Mon Jul 27 03:25:37 UTC 2026","Mon Jul 27 03:25:38 UTC 2026","1166","Dolphin","Technical","","","productTextSearchCountryFilterTest","AI product text search recall: country filter DE",""
"passed","Mon Jul 27 03:18:02 UTC 2026","Mon Jul 27 03:18:03 UTC 2026","936","4. Team CRM |CRM Staging","Endpoints Tests","(root)","Create platform profile","","Create platform profile",""
"passed","Mon Jul 27 03:17:43 UTC 2026","Mon Jul 27 03:17:43 UTC 2026","34","1.1 Team Hummingbird - BFF | WLW app","Technical Tests","conversation-controller","GET /public_api/conversation/userConversations/{userId}/unreadCount/ [SEC] Injection Probe","","GET /public_api/conversation/userConversations/{userId}/unreadCount/ [SEC] Injection Probe",""
"failed","Mon Jul 27 03:18:03 UTC 2026","Mon Jul 27 03:18:03 UTC 2026","12","1.1 Team Hummingbird - BFF | WLW app","Technical Tests","supplier-visitors-controller","GET /public_api/suppliers/{supplier_id}/visits/csv [NEG] Missing Auth/API-Key","","GET /public_api/suppliers/{supplier_id}/visits/csv [NEG] Missing Auth/API-Key",""
"failed","Mon Jul 27 03:18:03 UTC 2026","Mon Jul 27 03:18:03 UTC 2026","129","4. Team CRM |CRM Staging","Endpoints Tests","(root)","get company data via CRM id","","get company data via CRM id",""
"passed","Mon Jul 27 03:18:03 UTC 2026","Mon Jul 27 03:18:03 UTC 2026","30","1.1 Team Hummingbird - BFF | WLW app","Technical Tests","supplier-visitors-controller","GET /public_api/suppliers/{supplier_id}/visits/{id} [NEG] Forbidden Role Token","","GET /public_api/suppliers/{supplier_id}/visits/{id} [NEG] Forbidden Role Token",""
"passed","Mon Jul 27 03:17:33 UTC 2026","Mon Jul 27 03:17:33 UTC 2026","31","1.1 Team Hummingbird - BFF | WLW app","Technical Tests","ai-company-search-controller","POST /public_api/search/ai/supplier/recall [NEG] Expired Token","","POST /public_api/search/ai/supplier/recall [NEG] Expired Token",""
"failed","Mon Jul 27 03:17:58 UTC 2026","Mon Jul 27 03:17:58 UTC 2026","13","1.1 Team Hummingbird - BFF | WLW app","Technical Tests","search-controller","GET /public_api/search","","GET /public_api/search",""
"passed","Mon Jul 27 03:17:53 UTC 2026","Mon Jul 27 03:17:53 UTC 2026","387","4. Team CRM |CRM Staging","Business Scenarios Tests","Account","Update Account","","Update Account",""
"skipped","Mon Jul 27 03:15:05 UTC 2026","Mon Jul 27 03:15:05 UTC 2026","0","7. Team Pegasus | Pegasus Staging","Endpoints Tests","Business Insights","Dashboard","","Dashboard",""
"skipped","Mon Jul 27 03:20:35 UTC 2026","Mon Jul 27 03:20:35 UTC 2026","0","3 Team Techno - UCL","Technical Tests","Retargeting","GET /unified_commercial_logic/internal_api/api/retargeting/{id} - Retrieve Retargeting By ID","","GET /unified_commercial_logic/internal_api/api/retargeting/{id} - Retrieve Retargeting By ID",""
"passed","Mon Jul 27 03:17:57 UTC 2026","Mon Jul 27 03:17:57 UTC 2026","135","4. Team CRM |CRM Staging","Business Scenarios Tests","Lead","Smoke test for Conversion","","Smoke test for Conversion",""
"skipped","Mon Jul 27 03:15:05 UTC 2026","Mon Jul 27 03:15:05 UTC 2026","0","7. Team Pegasus | Pegasus Staging","Business Scenarios Tests","Business Insights","Dashboard smoke flow","","Top products",""
"passed","Mon Jul 27 03:17:57 UTC 2026","Mon Jul 27 03:17:57 UTC 2026","32","1.1 Team Hummingbird - BFF | WLW app","Technical Tests","rfq-controller","POST /public_api/connect/purchaser/tenders [NEG] Forbidden Role Token","","POST /public_api/connect/purchaser/tenders [NEG] Forbidden Role Token",""
"failed","Mon Jul 27 03:17:51 UTC 2026","Mon Jul 27 03:17:51 UTC 2026","13","1.1 Team Hummingbird - BFF | WLW app","Technical Tests","product-controller","GET /public_api/products [NEG] Missing Auth/API-Key","","GET /public_api/products [NEG] Missing Auth/API-Key",""
"skipped","Mon Jul 27 03:15:05 UTC 2026","Mon Jul 27 03:15:05 UTC 2026","0","7. Team Pegasus | Pegasus Staging","Business Scenarios Tests","Business Insights","Dashboard smoke flow","","Health status",""
"passed","Mon Jul 27 03:17:54 UTC 2026","Mon Jul 27 03:17:58 UTC 2026","3957","4. Team CRM |CRM Staging","Business Scenarios Tests","Account","Trigger SAP Customer number","","Trigger SAP Customer number",""
"skipped","Mon Jul 27 03:20:35 UTC 2026","Mon Jul 27 03:20:35 UTC 2026","0","3 Team Techno - UCL","Technical Tests","Membership","GET /unified_commercial_logic/internal_api/api/membership - Retrieve Membership List","","GET /unified_commercial_logic/internal_api/api/membership - Retrieve Membership List",""
"passed","Mon Jul 27 03:16:34 UTC 2026","Mon Jul 27 03:16:34 UTC 2026","538","1 Team Hummingbird - BFF | EP app","Endpoint tests","Search","search companies FR","","search companies FR",""
"passed","Mon Jul 27 03:17:41 UTC 2026","Mon Jul 27 03:17:41 UTC 2026","19","1.1 Team Hummingbird - BFF | WLW app","Technical Tests","conversation-controller","POST /public_api/conversation/userConversations/{conversationId}/messages/file [NEG] Missing Auth/API-Key","","POST /public_api/conversation/userConversations/{conversationId}/messages/file [NEG] Missing Auth/API-Key",""
"passed","Mon Jul 27 03:17:56 UTC 2026","Mon Jul 27 03:18:00 UTC 2026","4255","4. Team CRM |CRM Staging","Business Scenarios Tests","Disable Hubspot","Change Hubspot to true","","Change Hubspot to true",""
"passed","Mon Jul 27 03:16:35 UTC 2026","Mon Jul 27 03:16:36 UTC 2026","327","1 Team Hummingbird - BFF | EP app","Endpoint tests","Conversations","conversation id","","conversation id",""
"skipped","Mon Jul 27 03:20:35 UTC 2026","Mon Jul 27 03:20:35 UTC 2026","0","3 Team Techno - UCL","Technical Tests","GoogleAd","GET /unified_commercial_logic/internal_api/api/google_ad - Retrieve GoogleAd List","","GET /unified_commercial_logic/internal_api/api/google_ad - Retrieve GoogleAd List",""
"passed","Mon Jul 27 03:17:26 UTC 2026","Mon Jul 27 03:17:26 UTC 2026","14","1.1 Team Hummingbird - BFF | WLW app","Endpoint tests","Support","currency daily rates","","currency daily rates",""
"passed","Mon Jul 27 03:17:55 UTC 2026","Mon Jul 27 03:17:58 UTC 2026","3336","4. Team CRM |CRM Staging","Business Scenarios Tests","Create and edit a contact","Create contact","","Create contact",""
"failed","Mon Jul 27 03:18:02 UTC 2026","Mon Jul 27 03:18:03 UTC 2026","129","4. Team CRM |CRM Staging","Endpoints Tests","(root)","get company data via CRM id","","get company data via CRM id",""
"failed","Mon Jul 27 03:17:55 UTC 2026","Mon Jul 27 03:17:55 UTC 2026","13","1.1 Team Hummingbird - BFF | WLW app","Technical Tests","purchaser-user-setting-controller","GET /userSetting [NEG] Missing Auth/API-Key","","GET /userSetting [NEG] Missing Auth/API-Key",""
"passed","Mon Jul 27 03:25:50 UTC 2026","Mon Jul 27 03:25:51 UTC 2026","92","Dolphin","Functional","","","EPSameStoreProductRecommendTest","product same store recommend -- ep",""
"failed","Mon Jul 27 03:17:56 UTC 2026","Mon Jul 27 03:17:56 UTC 2026","13","1.1 Team Hummingbird - BFF | WLW app","Technical Tests","push-notification-by-email-controller","PUT /v1/pushNotification [NEG] Missing Auth/API-Key","","PUT /v1/pushNotification [NEG] Missing Auth/API-Key",""
"broken","Mon Jul 27 03:16:19 UTC 2026","Mon Jul 27 03:16:20 UTC 2026","553","Bamboo","Technical","","","leafCategoryPredictTest","leafCategoryPredict",""
"skipped","Mon Jul 27 03:15:05 UTC 2026","Mon Jul 27 03:15:05 UTC 2026","0","7. Team Pegasus | Pegasus Staging","Endpoints Tests","Business Insights","Graph","","Graph",""
"passed","Mon Jul 27 03:17:56 UTC 2026","Mon Jul 27 03:17:56 UTC 2026","196","4. Team CRM |CRM Staging","Business Scenarios Tests","Lead","Lead-duplicateCheck - with dulicates","","Lead-duplicateCheck - with dulicates",""
"skipped","Mon Jul 27 03:15:05 UTC 2026","Mon Jul 27 03:15:05 UTC 2026","0","7. Team Pegasus | Pegasus Staging","Endpoints Tests","Shop Import & Onboarding Backend","/categories/suggest","","/categories/suggest",""
"failed","Mon Jul 27 03:17:53 UTC 2026","Mon Jul 27 03:17:53 UTC 2026","10","1.1 Team Hummingbird - BFF | WLW app","Technical Tests","purchaser-support-controller","GET /support-faq [NEG] Expired Token","","GET /support-faq [NEG] Expired Token",""
"passed","Mon Jul 27 03:17:51 UTC 2026","Mon Jul 27 03:17:51 UTC 2026","117","4. Team CRM |CRM Staging","Business Scenarios Tests","Tasks","Verify Change","","Verify Change",""
"passed","Mon Jul 27 03:17:51 UTC 2026","Mon Jul 27 03:17:51 UTC 2026","117","4. Team CRM |CRM Staging","Business Scenarios Tests","Tasks","Verify Change","","Verify Change",""
"failed","Mon Jul 27 03:17:27 UTC 2026","Mon Jul 27 03:17:27 UTC 2026","47","1.1 Team Hummingbird - BFF | WLW app","Endpoint tests","Company","Companies / products EN","","Companies / products EN",""
"failed","Mon Jul 27 03:18:00 UTC 2026","Mon Jul 27 03:18:00 UTC 2026","12","1.1 Team Hummingbird - BFF | WLW app","Technical Tests","search-controller","GET /public_api/search/ai/termRecommend","","GET /public_api/search/ai/termRecommend",""
"broken","Mon Jul 27 03:16:54 UTC 2026","Mon Jul 27 03:17:14 UTC 2026","20006","Dolphin","Functional","","","inferenceTest","AI Search inference API (SSE stream)",""
"passed","Mon Jul 27 03:16:30 UTC 2026","Mon Jul 27 03:16:30 UTC 2026","487","1 Team Hummingbird - BFF | EP app","Endpoint tests","Login","native email login purchaser","","native email login purchaser",""
"broken","Mon Jul 27 03:18:14 UTC 2026","Mon Jul 27 03:18:34 UTC 2026","20025","Dolphin","Technical","","","recallAlternateSortTest","AI Search recall: alternate sort (order_num_desc)",""
"failed","Mon Jul 27 03:17:56 UTC 2026","Mon Jul 27 03:17:56 UTC 2026","13","1.1 Team Hummingbird - BFF | WLW app","Technical Tests","push-notification-by-email-controller","GET /v1/pushNotification [SEC] Injection Probe","","GET /v1/pushNotification [SEC] Injection Probe",""
"passed","Mon Jul 27 03:18:01 UTC 2026","Mon Jul 27 03:18:01 UTC 2026","30","1.1 Team Hummingbird - BFF | WLW app","Technical Tests","search-controller","GET /public_api/products/recommendations [SEC] Injection Probe","","GET /public_api/products/recommendations [SEC] Injection Probe",""
"passed","Mon Jul 27 03:25:50 UTC 2026","Mon Jul 27 03:25:50 UTC 2026","94","Dolphin","Technical","","","EPOtherStoreProductRecommendTest","product other store recommend",""
"passed","Mon Jul 27 03:17:58 UTC 2026","Mon Jul 27 03:17:59 UTC 2026","321","4. Team CRM |CRM Staging","Business Scenarios Tests","Platform Profile","Update Platform Profile","","Update Platform Profile",""
"passed","Mon Jul 27 03:17:55 UTC 2026","Mon Jul 27 03:17:55 UTC 2026","35","1.1 Team Hummingbird - BFF | WLW app","Technical Tests","purchaser-user-setting-controller","GET /userSetting [SEC] Injection Probe","","GET /userSetting [SEC] Injection Probe",""
"failed","Mon Jul 27 03:18:00 UTC 2026","Mon Jul 27 03:18:00 UTC 2026","497","4. Team CRM |CRM Staging","Endpoints Tests","Accounts","Get Account Information","","Get Account Information",""
"failed","Mon Jul 27 03:17:44 UTC 2026","Mon Jul 27 03:17:44 UTC 2026","12","1.1 Team Hummingbird - BFF | WLW app","Technical Tests","conversation-controller","GET /public_api/conversation/userConversations/{conversationId}/file/ [NEG] Forbidden Role Token","","GET /public_api/conversation/userConversations/{conversationId}/file/ [NEG] Forbidden Role Token",""
"passed","Mon Jul 27 03:17:56 UTC 2026","Mon Jul 27 03:17:56 UTC 2026","251","4. Team CRM |CRM Staging","Business Scenarios Tests","Disable Hubspot","Check hubspot is false","","Check hubspot is false",""
"passed","Mon Jul 27 03:17:53 UTC 2026","Mon Jul 27 03:17:54 UTC 2026","1025","4. Team CRM |CRM Staging","Business Scenarios Tests","Account","Account for Contact","","Account for Contact",""
"passed","Mon Jul 27 03:17:49 UTC 2026","Mon Jul 27 03:17:49 UTC 2026","14","1.1 Team Hummingbird - BFF | WLW app","Technical Tests","login-controller","POST /public_api/auth/resetPassword [NEG] Missing Auth/API-Key","","POST /public_api/auth/resetPassword [NEG] Missing Auth/API-Key",""
"passed","Mon Jul 27 03:17:50 UTC 2026","Mon Jul 27 03:17:50 UTC 2026","28","1.1 Team Hummingbird - BFF | WLW app","Technical Tests","login-controller","POST /public_api/auth/code/resend [NEG] Forbidden Role Token","","POST /public_api/auth/code/resend [NEG] Forbidden Role Token",""
"skipped","Mon Jul 27 03:15:05 UTC 2026","Mon Jul 27 03:15:05 UTC 2026","0","7. Team Pegasus | Pegasus Staging","Endpoints Tests","Membership Management (PGS-861)","POST /companies — create with UTM (PGS-861)","","POST /companies — create with UTM (PGS-861)",""
"failed","Mon Jul 27 03:17:42 UTC 2026","Mon Jul 27 03:17:42 UTC 2026","14","1.1 Team Hummingbird - BFF | WLW app","Technical Tests","conversation-controller","GET /public_api/conversation/userConversations/{userId}/unreadCount/ [NEG] Missing Auth/API-Key","","GET /public_api/conversation/userConversations/{userId}/unreadCount/ [NEG] Missing Auth/API-Key",""
"passed","Mon Jul 27 03:25:46 UTC 2026","Mon Jul 27 03:25:47 UTC 2026","1230","Dolphin","Functional","","","productTextSearchSecondPageTest","AI product text search recall: pagination page 2",""
"skipped","Mon Jul 27 03:20:35 UTC 2026","Mon Jul 27 03:20:35 UTC 2026","0","3 Team Techno - UCL","Technical Tests","Membership","GET /unified_commercial_logic/internal_api/api/membership/find_by_id/{id} - Retrieve Membership By ID","","GET /unified_commercial_logic/internal_api/api/membership/find_by_id/{id} - Retrieve Membership By ID",""
"passed","Mon Jul 27 03:14:57 UTC 2026","Mon Jul 27 03:14:58 UTC 2026","456","2 Team Dragon - BFF | RFQ Backend","Functional Tests","(root)","GET /v1/user - Success","","GET /v1/user - Success",""
"passed","Mon Jul 27 03:17:59 UTC 2026","Mon Jul 27 03:18:00 UTC 2026","561","4. Team CRM |CRM Staging","Business Scenarios Tests","Cases","Smoke Test for Case Creation","","Smoke Test for Case Creation",""
"passed","Mon Jul 27 03:17:59 UTC 2026","Mon Jul 27 03:18:00 UTC 2026","658","4. Team CRM |CRM Staging","Business Scenarios Tests","Calls","Smoke test for call","","Smoke test for call",""
"passed","Mon Jul 27 03:17:52 UTC 2026","Mon Jul 27 03:17:52 UTC 2026","31","1.1 Team Hummingbird - BFF | WLW app","Technical Tests","product-controller","GET /public_api/products/{productId} [NEG] Forbidden Role Token","","GET /public_api/products/{productId} [NEG] Forbidden Role Token",""
"passed","Mon Jul 27 03:17:44 UTC 2026","Mon Jul 27 03:17:44 UTC 2026","34","1.1 Team Hummingbird - BFF | WLW app","Technical Tests","currency-exchange-controller","GET /exchange/fetch-rates [NEG] Forbidden Role Token","","GET /exchange/fetch-rates [NEG] Forbidden Role Token",""
"passed","Mon Jul 27 03:16:35 UTC 2026","Mon Jul 27 03:16:35 UTC 2026","26","1 Team Hummingbird - BFF | EP app","Endpoint tests","Homepage, products","categories/homepage","","categories/homepage",""
"passed","Mon Jul 27 03:17:59 UTC 2026","Mon Jul 27 03:18:00 UTC 2026","883","4. Team CRM |CRM Staging","Business Scenarios Tests","Products","Update Product","","Update Product",""
"skipped","Mon Jul 27 03:16:29 UTC 2026","Mon Jul 27 03:16:29 UTC 2026","0","1 Team Hummingbird - BFF | EP app","Technical Tests","(empty)","(empty)","","Technical Tests - empty",""
"passed","Mon Jul 27 03:25:42 UTC 2026","Mon Jul 27 03:25:43 UTC 2026","806","Dolphin","Technical","","","productTextSearchPageSizeCapTest","AI product text search recall: pageSize over max capped",""
"failed","Mon Jul 27 03:17:58 UTC 2026","Mon Jul 27 03:17:58 UTC 2026","11","1.1 Team Hummingbird - BFF | WLW app","Technical Tests","search-controller","GET /public_api/suppliers/recommendations [SEC] Injection Probe","","GET /public_api/suppliers/recommendations [SEC] Injection Probe",""
"passed","Mon Jul 27 03:18:04 UTC 2026","Mon Jul 27 03:18:04 UTC 2026","19","1.1 Team Hummingbird - BFF | WLW app","Technical Tests","supplier-visitors-controller","GET /","","GET /",""
"passed","Mon Jul 27 03:17:47 UTC 2026","Mon Jul 27 03:17:47 UTC 2026","31","1.1 Team Hummingbird - BFF | WLW app","Technical Tests","help-and-support-controller","POST /help [NEG] Expired Token","","POST /help [NEG] Expired Token",""
"failed","Mon Jul 27 03:17:59 UTC 2026","Mon Jul 27 03:17:59 UTC 2026","13","1.1 Team Hummingbird - BFF | WLW app","Technical Tests","search-controller","GET /public_api/search/autoComplete [NEG] Expired Token","","GET /public_api/search/autoComplete [NEG] Expired Token",""
"skipped","Mon Jul 27 03:20:35 UTC 2026","Mon Jul 27 03:20:35 UTC 2026","0","3 Team Techno - UCL","Technical Tests","TopRanking","GET /unified_commercial_logic/internal_api/api/top_ranking_v1/ - Retrieve TopRankingV1 List","","GET /unified_commercial_logic/internal_api/api/top_ranking_v1/ - Retrieve TopRankingV1 List",""
"skipped","Mon Jul 27 03:15:05 UTC 2026","Mon Jul 27 03:15:05 UTC 2026","0","7. Team Pegasus | Pegasus Staging","Endpoints Tests","Business Insights","Admin BIOPS imports","","Admin BIOPS imports",""
"passed","Mon Jul 27 03:17:48 UTC 2026","Mon Jul 27 03:17:48 UTC 2026","31","1.1 Team Hummingbird - BFF | WLW app","Technical Tests","login-controller","POST /public_api/auth/session/extend","","POST /public_api/auth/session/extend",""
"passed","Mon Jul 27 03:17:32 UTC 2026","Mon Jul 27 03:17:32 UTC 2026","31","1.1 Team Hummingbird - BFF | WLW app","Technical Tests","ai-company-search-controller","POST /public_api/search/ai/supplier/recall","","POST /public_api/search/ai/supplier/recall",""
"failed","Mon Jul 27 03:15:13 UTC 2026","Mon Jul 27 03:15:13 UTC 2026","31","Arise","Functional","","","skwdAll","skwdAll",""
"passed","Mon Jul 27 03:17:29 UTC 2026","Mon Jul 27 03:17:29 UTC 2026","146","1.1 Team Hummingbird - BFF | WLW app","Endpoint tests","Homepage, products","product recommendations EN","","product recommendations EN",""
"failed","Mon Jul 27 03:16:30 UTC 2026","Mon Jul 27 03:16:30 UTC 2026","85","1 Team Hummingbird - BFF | EP app","Endpoint tests","Login","user Info","","user Info",""
"skipped","Mon Jul 27 03:15:05 UTC 2026","Mon Jul 27 03:15:05 UTC 2026","0","7. Team Pegasus | Pegasus Staging","Endpoints Tests","Shop Import & Onboarding Backend","/offers/searchCategories","","/offers/searchCategories",""
"passed","Mon Jul 27 03:16:34 UTC 2026","Mon Jul 27 03:16:34 UTC 2026","152","1 Team Hummingbird - BFF | EP app","Endpoint tests","Homepage, products","product recommendations FR","","product recommendations FR",""
"passed","Mon Jul 27 03:18:01 UTC 2026","Mon Jul 27 03:18:01 UTC 2026","447","4. Team CRM |CRM Staging","Endpoints Tests","(root)","sync event to trigger the RFC lead process","","sync event to trigger the RFC lead process",""
"passed","Mon Jul 27 03:17:39 UTC 2026","Mon Jul 27 03:17:39 UTC 2026","31","1.1 Team Hummingbird - BFF | WLW app","Technical Tests","conversation-controller","PUT /public_api/conversation/userConversations/{conversationId}/decline","","PUT /public_api/conversation/userConversations/{conversationId}/decline",""
"failed","Mon Jul 27 03:16:32 UTC 2026","Mon Jul 27 03:16:32 UTC 2026","62","1 Team Hummingbird - BFF | EP app","Endpoint tests","Company","Company ID DE","","Company ID DE",""
"broken","Mon Jul 27 03:17:54 UTC 2026","Mon Jul 27 03:18:14 UTC 2026","20021","Dolphin","Functional","","","pvMatchTest","AI Search PV match (supplierAiMatch) API",""
"passed","Mon Jul 27 03:17:50 UTC 2026","Mon Jul 27 03:17:50 UTC 2026","35","1.1 Team Hummingbird - BFF | WLW app","Technical Tests","login-controller","POST /public_api/auth/code/verify [NEG] Forbidden Role Token","","POST /public_api/auth/code/verify [NEG] Forbidden Role Token",""
"passed","Mon Jul 27 03:17:36 UTC 2026","Mon Jul 27 03:17:36 UTC 2026","30","1.1 Team Hummingbird - BFF | WLW app","Technical Tests","categories-controller","GET /public_api/categories/homepage","","GET /public_api/categories/homepage",""
"skipped","Mon Jul 27 03:17:50 UTC 2026","Mon Jul 27 03:17:50 UTC 2026","0","4. Team CRM |CRM Staging","Endpoints Tests","Activities","(empty)","","Endpoints Tests / Activities - empty",""
"passed","Mon Jul 27 03:16:36 UTC 2026","Mon Jul 27 03:16:37 UTC 2026","772","1 Team Hummingbird - BFF | EP app","Endpoint tests","Conversations","decline QDR","","decline QDR",""
"passed","Mon Jul 27 03:16:20 UTC 2026","Mon Jul 27 03:16:20 UTC 2026","39","Bamboo","Functional","","","listTopCategoriesTest","list top Categories",""
"failed","Mon Jul 27 03:17:37 UTC 2026","Mon Jul 27 03:17:37 UTC 2026","14","1.1 Team Hummingbird - BFF | WLW app","Technical Tests","company-controller","GET /public_api/company [SEC] Injection Probe","","GET /public_api/company [SEC] Injection Probe",""
"broken","Mon Jul 27 03:21:15 UTC 2026","Mon Jul 27 03:21:35 UTC 2026","20004","Dolphin","Technical","","","recallPageZeroNormalizedTest","AI Search recall: page=0 normalized, still success",""
"passed","Mon Jul 27 03:16:33 UTC 2026","Mon Jul 27 03:16:33 UTC 2026","238","1 Team Hummingbird - BFF | EP app","Endpoint tests","Search","search autoComplete DE","","search autoComplete DE",""
"passed","Mon Jul 27 03:16:36 UTC 2026","Mon Jul 27 03:16:36 UTC 2026","110","1 Team Hummingbird - BFF | EP app","Endpoint tests","Conversations","conversation/messages","","conversation/messages",""
"passed","Mon Jul 27 03:17:48 UTC 2026","Mon Jul 27 03:17:48 UTC 2026","31","1.1 Team Hummingbird - BFF | WLW app","Technical Tests","login-controller","POST /public_api/auth/session/extend [NEG] Missing Auth/API-Key","","POST /public_api/auth/session/extend [NEG] Missing Auth/API-Key",""
"passed","Mon Jul 27 03:17:26 UTC 2026","Mon Jul 27 03:17:26 UTC 2026","16","1.1 Team Hummingbird - BFF | WLW app","Endpoint tests","Support","Support FAQ_FR","","Support FAQ_FR",""
"skipped","Mon Jul 27 03:15:05 UTC 2026","Mon Jul 27 03:15:05 UTC 2026","0","7. Team Pegasus | Pegasus Staging","Business Scenarios Tests","Supplier Registration","WLW - Lead create and update","","leads - Create a lead",""
"failed","Mon Jul 27 03:17:58 UTC 2026","Mon Jul 27 03:17:58 UTC 2026","12","1.1 Team Hummingbird - BFF | WLW app","Technical Tests","search-controller","GET /public_api/suppliers/recommendations","","GET /public_api/suppliers/recommendations",""
"passed","Mon Jul 27 03:25:39 UTC 2026","Mon Jul 27 03:25:40 UTC 2026","1363","Dolphin","Technical","","","productTextSearchLongQueryTest","AI product text search recall: long query truncated",""
"passed","Mon Jul 27 03:17:50 UTC 2026","Mon Jul 27 03:17:50 UTC 2026","35","1.1 Team Hummingbird - BFF | WLW app","Technical Tests","login-controller","POST /public_api/auth/code/resend [NEG] Expired Token","","POST /public_api/auth/code/resend [NEG] Expired Token",""
"failed","Mon Jul 27 03:18:00 UTC 2026","Mon Jul 27 03:18:00 UTC 2026","13","1.1 Team Hummingbird - BFF | WLW app","Technical Tests","search-controller","GET /public_api/search/ai/termRecommend [NEG] Missing Auth/API-Key","","GET /public_api/search/ai/termRecommend [NEG] Missing Auth/API-Key",""
"passed","Mon Jul 27 03:17:52 UTC 2026","Mon Jul 27 03:17:54 UTC 2026","2117","4. Team CRM |CRM Staging","Business Scenarios Tests","Quote","Smoke Test Create new quote","","Smoke Test Create new quote",""
"passed","Mon Jul 27 03:17:29 UTC 2026","Mon Jul 27 03:17:29 UTC 2026","484","1.1 Team Hummingbird - BFF | WLW app","Endpoint tests","Search","Product Search DE","","Product Search DE",""
"passed","Mon Jul 27 03:17:53 UTC 2026","Mon Jul 27 03:17:53 UTC 2026","18","1.1 Team Hummingbird - BFF | WLW app","Technical Tests","purchaser-support-controller","GET /support-master-data [NEG] Missing Auth/API-Key","","GET /support-master-data [NEG] Missing Auth/API-Key",""
"passed","Mon Jul 27 03:17:55 UTC 2026","Mon Jul 27 03:17:55 UTC 2026","120","4. Team CRM |CRM Staging","Business Scenarios Tests","Create and edit a contact","Check Contact","","Check Contact",""
"passed","Mon Jul 27 03:17:45 UTC 2026","Mon Jul 27 03:17:45 UTC 2026","24","1.1 Team Hummingbird - BFF | WLW app","Technical Tests","euro-pages-controller","PUT /public_api/euro-pages/auth/delete [NEG] Missing Auth/API-Key","","PUT /public_api/euro-pages/auth/delete [NEG] Missing Auth/API-Key",""
"passed","Mon Jul 27 03:17:57 UTC 2026","Mon Jul 27 03:17:57 UTC 2026","33","1.1 Team Hummingbird - BFF | WLW app","Technical Tests","rfq-controller","POST /public_api/connect/purchaser/tenders/","","POST /public_api/connect/purchaser/tenders/",""
"passed","Mon Jul 27 03:17:53 UTC 2026","Mon Jul 27 03:17:54 UTC 2026","1025","4. Team CRM |CRM Staging","Business Scenarios Tests","Account","Account for Contact","","Account for Contact",""
"failed","Mon Jul 27 03:17:55 UTC 2026","Mon Jul 27 03:17:55 UTC 2026","13","1.1 Team Hummingbird - BFF | WLW app","Technical Tests","push-notification-by-email-controller","GET /v1/pushNotification","","GET /v1/pushNotification",""
"failed","Mon Jul 27 03:17:59 UTC 2026","Mon Jul 27 03:18:00 UTC 2026","497","4. Team CRM |CRM Staging","Endpoints Tests","Accounts","Get Account Information","","Get Account Information",""
"passed","Mon Jul 27 03:18:02 UTC 2026","Mon Jul 27 03:18:02 UTC 2026","80","4. Team CRM |CRM Staging","Endpoints Tests","(root)","Update Website Leads Fields with sf_id","","Update Website Leads Fields with sf_id",""
"skipped","Mon Jul 27 03:17:50 UTC 2026","Mon Jul 27 03:17:50 UTC 2026","0","4. Team CRM |CRM Staging","Endpoints Tests","Users","Quotes","","Endpoints Tests / Users / Quotes - empty",""
"skipped","Mon Jul 27 03:15:05 UTC 2026","Mon Jul 27 03:15:05 UTC 2026","0","7. Team Pegasus | Pegasus Staging","Business Scenarios Tests","Supplier Facts","API register, publish, and verify in UI","","1. Create registration lead",""
"passed","Mon Jul 27 03:14:58 UTC 2026","Mon Jul 27 03:14:58 UTC 2026","4","2 Team Dragon - BFF | RFQ Backend","Functional Tests","(root)","Assertions Summary (Doc)","","Assertions Summary (Doc)",""
"passed","Mon Jul 27 03:18:05 UTC 2026","Mon Jul 27 03:18:05 UTC 2026","15","1.1 Team Hummingbird - BFF | WLW app","Technical Tests","trending-products-controller","GET /public_api/trending/notifications [NEG] Missing Auth/API-Key","","GET /public_api/trending/notifications [NEG] Missing Auth/API-Key",""
"failed","Mon Jul 27 03:14:58 UTC 2026","Mon Jul 27 03:14:58 UTC 2026","16","2 Team Dragon - BFF | RFQ Backend","Technical Tests","(root)","POST /v1/rfqs/{rfqId}/respond - Multipart Upload + Schema + Security","","POST /v1/rfqs/{rfqId}/respond - Multipart Upload + Schema + Security",""
"passed","Mon Jul 27 03:15:12 UTC 2026","Mon Jul 27 03:15:12 UTC 2026","548","Arise","Technical","","","getAllElementsByUrlTest","getAllElementsByUrlTest",""
"failed","Mon Jul 27 03:17:37 UTC 2026","Mon Jul 27 03:17:37 UTC 2026","19","1.1 Team Hummingbird - BFF | WLW app","Technical Tests","company-controller","GET /public_api/company [NEG] Missing Auth/API-Key","","GET /public_api/company [NEG] Missing Auth/API-Key",""
"failed","Mon Jul 27 03:17:34 UTC 2026","Mon Jul 27 03:17:34 UTC 2026","16","1.1 Team Hummingbird - BFF | WLW app","Technical Tests","ai-company-search-controller","GET /public_api/search/ai/company/stream/mock [SEC] Injection Probe","","GET /public_api/search/ai/company/stream/mock [SEC] Injection Probe",""
"failed","Mon Jul 27 03:17:41 UTC 2026","Mon Jul 27 03:17:41 UTC 2026","12","1.1 Team Hummingbird - BFF | WLW app","Technical Tests","conversation-controller","GET /public_api/conversation/userConversations [NEG] Missing Auth/API-Key","","GET /public_api/conversation/userConversations [NEG] Missing Auth/API-Key",""
"passed","Mon Jul 27 03:17:31 UTC 2026","Mon Jul 27 03:17:33 UTC 2026","1796","1.1 Team Hummingbird - BFF | WLW app","Endpoint tests","Visitor profiler","Visits","","Visits",""
"passed","Mon Jul 27 03:25:51 UTC 2026","Mon Jul 27 03:25:51 UTC 2026","27","Dolphin","Functional","","","getLandingPageProductListTest","get Landing page Product List for seo",""
"passed","Mon Jul 27 03:17:54 UTC 2026","Mon Jul 27 03:17:55 UTC 2026","1052","4. Team CRM |CRM Staging","Business Scenarios Tests","Account","Create Account","","Create Account",""
"skipped","Mon Jul 27 03:15:05 UTC 2026","Mon Jul 27 03:15:05 UTC 2026","0","7. Team Pegasus | Pegasus Staging","Endpoints Tests","User & Company Context","User Profile Storage by email","","User Profile Storage by email",""
"failed","Mon Jul 27 03:18:04 UTC 2026","Mon Jul 27 03:18:04 UTC 2026","13","1.1 Team Hummingbird - BFF | WLW app","Technical Tests","supplier-visitors-controller","GET /public_api/suppliers/{supplier_id}/visits/csv [SEC] Injection Probe","","GET /public_api/suppliers/{supplier_id}/visits/csv [SEC] Injection Probe",""
"passed","Mon Jul 27 03:17:54 UTC 2026","Mon Jul 27 03:17:54 UTC 2026","115","4. Team CRM |CRM Staging","Business Scenarios Tests","Account","Smoke test : Account + Contact + SAP","","Smoke test : Account + Contact + SAP",""
"skipped","Mon Jul 27 03:15:05 UTC 2026","Mon Jul 27 03:15:05 UTC 2026","0","7. Team Pegasus | Pegasus Staging","Business Scenarios Tests","Business Insights","Dashboard smoke flow","","Traffic",""
"passed","Mon Jul 27 03:17:53 UTC 2026","Mon Jul 27 03:17:54 UTC 2026","822","4. Team CRM |CRM Staging","Business Scenarios Tests","Account","Smoke Test Create Account with All Fields","","Smoke Test Create Account with All Fields",""
"skipped","Mon Jul 27 03:15:05 UTC 2026","Mon Jul 27 03:15:05 UTC 2026","0","7. Team Pegasus | Pegasus Staging","Endpoints Tests","Shop Import & Onboarding Backend","/offers/{offerId}","","/offers/{offerId}",""
"broken","Mon Jul 27 03:16:19 UTC 2026","Mon Jul 27 03:16:19 UTC 2026","473","Bamboo","Functional","","","findCategoryByIdTest","findCategoryById",""
"skipped","Mon Jul 27 03:15:05 UTC 2026","Mon Jul 27 03:15:05 UTC 2026","0","7. Team Pegasus | Pegasus Staging","Business Scenarios Tests","Visitors","Statistics visitor drill-down","","Countries",""
"skipped","Mon Jul 27 03:20:35 UTC 2026","Mon Jul 27 03:20:35 UTC 2026","0","3 Team Techno - UCL","Functional Tests","Endpoint Tests","membership","","get all active membership for business_partner_id",""
"failed","Mon Jul 27 03:18:04 UTC 2026","Mon Jul 27 03:18:04 UTC 2026","12","1.1 Team Hummingbird - BFF | WLW app","Technical Tests","trending-products-controller","GET /public_api/trending/products","","GET /public_api/trending/products",""
"passed","Mon Jul 27 03:17:34 UTC 2026","Mon Jul 27 03:17:34 UTC 2026","30","1.1 Team Hummingbird - BFF | WLW app","Technical Tests","ai-company-search-controller","POST /public_api/search/ai/company/search [NEG] Missing Auth/API-Key","","POST /public_api/search/ai/company/search [NEG] Missing Auth/API-Key",""
"failed","Mon Jul 27 03:17:53 UTC 2026","Mon Jul 27 03:17:53 UTC 2026","506","4. Team CRM |CRM Staging","Business Scenarios Tests","Account","Verify HubSpot Sync","","Verify HubSpot Sync",""
"failed","Mon Jul 27 03:17:58 UTC 2026","Mon Jul 27 03:17:58 UTC 2026","10","1.1 Team Hummingbird - BFF | WLW app","Technical Tests","search-controller","GET /public_api/search [NEG] Forbidden Role Token","","GET /public_api/search [NEG] Forbidden Role Token",""
"skipped","Mon Jul 27 03:15:05 UTC 2026","Mon Jul 27 03:15:05 UTC 2026","0","7. Team Pegasus | Pegasus Staging","Business Scenarios Tests","Visitors","Statistics visitor drill-down","","CSV status",""
"failed","Mon Jul 27 03:17:34 UTC 2026","Mon Jul 27 03:17:34 UTC 2026","10","1.1 Team Hummingbird - BFF | WLW app","Technical Tests","ai-company-search-controller","GET /public_api/search/ai/company/stream/mock","","GET /public_api/search/ai/company/stream/mock",""
"skipped","Mon Jul 27 03:20:35 UTC 2026","Mon Jul 27 03:20:35 UTC 2026","0","3 Team Techno - UCL","Technical Tests","WebsiteLead","GET /unified_commercial_logic/internal_api/api/website_lead/ - Retrieve WebsiteLead List","","GET /unified_commercial_logic/internal_api/api/website_lead/ - Retrieve WebsiteLead List",""
"failed","Mon Jul 27 03:17:35 UTC 2026","Mon Jul 27 03:17:35 UTC 2026","12","1.1 Team Hummingbird - BFF | WLW app","Technical Tests","categories-controller","PUT /preferred/categories [NEG] Forbidden Role Token","","PUT /preferred/categories [NEG] Forbidden Role Token",""
"failed","Mon Jul 27 03:17:35 UTC 2026","Mon Jul 27 03:17:35 UTC 2026","14","1.1 Team Hummingbird - BFF | WLW app","Technical Tests","categories-controller","PUT /preferred/categories [NEG] Expired Token","","PUT /preferred/categories [NEG] Expired Token",""
"passed","Mon Jul 27 03:17:55 UTC 2026","Mon Jul 27 03:17:55 UTC 2026","120","4. Team CRM |CRM Staging","Business Scenarios Tests","Create and edit a contact","Check Contact","","Check Contact",""
"passed","Mon Jul 27 03:25:51 UTC 2026","Mon Jul 27 03:25:51 UTC 2026","97","Dolphin","Technical","","","EPZeroResultProductRecommendTest","Recommend products in 0 result search list page v1 -- ep",""
"failed","Mon Jul 27 03:17:58 UTC 2026","Mon Jul 27 03:17:58 UTC 2026","13","1.1 Team Hummingbird - BFF | WLW app","Technical Tests","search-controller","GET /public_api/suppliers/recommendations [NEG] Forbidden Role Token","","GET /public_api/suppliers/recommendations [NEG] Forbidden Role Token",""
"passed","Mon Jul 27 03:18:03 UTC 2026","Mon Jul 27 03:18:03 UTC 2026","31","1.1 Team Hummingbird - BFF | WLW app","Technical Tests","supplier-visitors-controller","GET /public_api/suppliers/{supplier_id}/visits/{id}","","GET /public_api/suppliers/{supplier_id}/visits/{id}",""
"failed","Mon Jul 27 03:14:59 UTC 2026","Mon Jul 27 03:14:59 UTC 2026","16","2 Team Dragon - BFF | RFQ Backend","Technical Tests","(root)","POST /v1/rfqs/{rfqId}/respond - Multipart Upload + Schema + Security","","POST /v1/rfqs/{rfqId}/respond - Multipart Upload + Schema + Security",""
"skipped","Mon Jul 27 03:15:05 UTC 2026","Mon Jul 27 03:15:05 UTC 2026","0","7. Team Pegasus | Pegasus Staging","Endpoints Tests","Business Insights","Company Overview","","Company Overview",""
"skipped","Mon Jul 27 03:15:05 UTC 2026","Mon Jul 27 03:15:05 UTC 2026","0","7. Team Pegasus | Pegasus Staging","Endpoints Tests","User & Company Context","UCL Organizations","","UCL Organizations",""
"passed","Mon Jul 27 03:25:49 UTC 2026","Mon Jul 27 03:25:49 UTC 2026","762","Dolphin","Functional","","","productTextSearchTest","AI product text search recall API",""
"passed","Mon Jul 27 03:16:30 UTC 2026","Mon Jul 27 03:16:30 UTC 2026","186","1 Team Hummingbird - BFF | EP app","Endpoint tests","Login","forgot password","","forgot password",""
"broken","Mon Jul 27 03:24:36 UTC 2026","Mon Jul 27 03:24:56 UTC 2026","20023","Dolphin","Functional","","","termRecommendTest","AI Search term recommend API",""
"passed","Mon Jul 27 03:16:31 UTC 2026","Mon Jul 27 03:16:31 UTC 2026","33","1 Team Hummingbird - BFF | EP app","Endpoint tests","Support","Support FAQ_FR","","Support FAQ_FR",""
"passed","Mon Jul 27 03:17:38 UTC 2026","Mon Jul 27 03:17:38 UTC 2026","31","1.1 Team Hummingbird - BFF | WLW app","Technical Tests","conversation-controller","PUT /public_api/conversation/userConversations/{conversationId}/tag [NEG] Forbidden Role Token","","PUT /public_api/conversation/userConversations/{conversationId}/tag [NEG] Forbidden Role Token",""
"passed","Mon Jul 27 03:17:54 UTC 2026","Mon Jul 27 03:17:55 UTC 2026","1052","4. Team CRM |CRM Staging","Business Scenarios Tests","Account","Create Account","","Create Account",""
"passed","Mon Jul 27 03:16:34 UTC 2026","Mon Jul 27 03:16:35 UTC 2026","185","1 Team Hummingbird - BFF | EP app","Endpoint tests","Homepage, products","product recommendations DE","","product recommendations DE",""
"skipped","Mon Jul 27 03:15:05 UTC 2026","Mon Jul 27 03:15:05 UTC 2026","0","7. Team Pegasus | Pegasus Staging","Endpoints Tests","Business Insights","User Activity","","User Activity",""
"passed","Mon Jul 27 03:16:31 UTC 2026","Mon Jul 27 03:16:31 UTC 2026","18","1 Team Hummingbird - BFF | EP app","Endpoint tests","Support","Support FAQ_EN","","Support FAQ_EN",""
"skipped","Mon Jul 27 03:15:05 UTC 2026","Mon Jul 27 03:15:05 UTC 2026","0","7. Team Pegasus | Pegasus Staging","Business Scenarios Tests","Business Insights","Dashboard smoke flow","","Scoring",""
"passed","Mon Jul 27 03:17:26 UTC 2026","Mon Jul 27 03:17:26 UTC 2026","16","1.1 Team Hummingbird - BFF | WLW app","Endpoint tests","Support","Support FAQ_EN","","Support FAQ_EN",""
"passed","Mon Jul 27 03:17:55 UTC 2026","Mon Jul 27 03:17:55 UTC 2026","16","1.1 Team Hummingbird - BFF | WLW app","Technical Tests","purchaser-user-setting-controller","POST /userSetting [NEG] Missing Auth/API-Key","","POST /userSetting [NEG] Missing Auth/API-Key",""
"passed","Mon Jul 27 03:16:37 UTC 2026","Mon Jul 27 03:16:37 UTC 2026","98","1 Team Hummingbird - BFF | EP app","Endpoint tests","Visitor profiler","download visitors csv","","download visitors csv",""
"broken","Mon Jul 27 03:25:16 UTC 2026","Mon Jul 27 03:25:36 UTC 2026","20022","Dolphin","Technical","","","productInferenceTest","AI product search inference stream API",""
"passed","Mon Jul 27 03:17:40 UTC 2026","Mon Jul 27 03:17:40 UTC 2026","53","1.1 Team Hummingbird - BFF | WLW app","Technical Tests","conversation-controller","POST /public_api/conversation/userConversations/{conversationId}/messages [NEG] Missing Auth/API-Key","","POST /public_api/conversation/userConversations/{conversationId}/messages [NEG] Missing Auth/API-Key",""
"failed","Mon Jul 27 03:18:01 UTC 2026","Mon Jul 27 03:18:01 UTC 2026","11","1.1 Team Hummingbird - BFF | WLW app","Technical Tests","search-controller","GET /public_api/products/recommendations [NEG] Expired Token","","GET /public_api/products/recommendations [NEG] Expired Token",""
"passed","Mon Jul 27 03:17:50 UTC 2026","Mon Jul 27 03:17:50 UTC 2026","31","1.1 Team Hummingbird - BFF | WLW app","Technical Tests","login-controller","POST /public_api/auth/code/verify","","POST /public_api/auth/code/verify",""
"passed","Mon Jul 27 03:25:50 UTC 2026","Mon Jul 27 03:25:50 UTC 2026","89","Dolphin","Technical","","","EPPCppProductRecommendTest","recommend products in CPP -- ep",""
"failed","Mon Jul 27 03:17:42 UTC 2026","Mon Jul 27 03:17:42 UTC 2026","14","1.1 Team Hummingbird - BFF | WLW app","Technical Tests","conversation-controller","GET /public_api/conversation/userConversations/{userId}/unreadCount/ [NEG] Forbidden Role Token","","GET /public_api/conversation/userConversations/{userId}/unreadCount/ [NEG] Forbidden Role Token",""
"failed","Mon Jul 27 03:17:51 UTC 2026","Mon Jul 27 03:17:51 UTC 2026","12","1.1 Team Hummingbird - BFF | WLW app","Technical Tests","product-controller","GET /public_api/products","","GET /public_api/products",""
"skipped","Mon Jul 27 03:15:05 UTC 2026","Mon Jul 27 03:15:05 UTC 2026","0","7. Team Pegasus | Pegasus Staging","Endpoints Tests","Business Insights","User by uuid","","User by uuid",""
"passed","Mon Jul 27 03:17:47 UTC 2026","Mon Jul 27 03:17:47 UTC 2026","27","1.1 Team Hummingbird - BFF | WLW app","Technical Tests","feedback-controller","GET /feedback/subject [NEG] Forbidden Role Token","","GET /feedback/subject [NEG] Forbidden Role Token",""
"passed","Mon Jul 27 03:17:55 UTC 2026","Mon Jul 27 03:17:55 UTC 2026","33","1.1 Team Hummingbird - BFF | WLW app","Technical Tests","purchaser-user-setting-controller","POST /userSetting","","POST /userSetting",""
"passed","Mon Jul 27 03:17:57 UTC 2026","Mon Jul 27 03:17:57 UTC 2026","135","4. Team CRM |CRM Staging","Business Scenarios Tests","Lead","Smoke test for Conversion","","Smoke test for Conversion",""
"passed","Mon Jul 27 03:17:51 UTC 2026","Mon Jul 27 03:17:51 UTC 2026","29","1.1 Team Hummingbird - BFF | WLW app","Technical Tests","login-controller","DELETE /public_api/auth/sso/logout [NEG] Forbidden Role Token","","DELETE /public_api/auth/sso/logout [NEG] Forbidden Role Token",""
"passed","Mon Jul 27 03:17:53 UTC 2026","Mon Jul 27 03:17:54 UTC 2026","822","4. Team CRM |CRM Staging","Business Scenarios Tests","Account","Smoke Test Create Account with All Fields","","Smoke Test Create Account with All Fields",""
"broken","Mon Jul 27 03:24:36 UTC 2026","Mon Jul 27 03:24:56 UTC 2026","20023","Dolphin","Technical","","","termRecommendTest","AI Search term recommend API",""
"passed","Mon Jul 27 03:17:56 UTC 2026","Mon Jul 27 03:17:56 UTC 2026","21","1.1 Team Hummingbird - BFF | WLW app","Technical Tests","rfq-controller","POST /public_api/connect/purchaser/tenders [NEG] Missing Auth/API-Key","","POST /public_api/connect/purchaser/tenders [NEG] Missing Auth/API-Key",""
"passed","Mon Jul 27 03:17:37 UTC 2026","Mon Jul 27 03:17:37 UTC 2026","43","1.1 Team Hummingbird - BFF | WLW app","Technical Tests","company-controller","GET /public_api/company/{id}","","GET /public_api/company/{id}",""
"failed","Mon Jul 27 03:16:36 UTC 2026","Mon Jul 27 03:16:36 UTC 2026","149","1 Team Hummingbird - BFF | EP app","Endpoint tests","Conversations","File","","File",""
"passed","Mon Jul 27 03:18:00 UTC 2026","Mon Jul 27 03:18:00 UTC 2026","120","4. Team CRM |CRM Staging","Endpoints Tests","(root)","duplicate records","","duplicate records",""
"passed","Mon Jul 27 03:17:49 UTC 2026","Mon Jul 27 03:17:49 UTC 2026","17","1.1 Team Hummingbird - BFF | WLW app","Technical Tests","login-controller","POST /public_api/auth/registration [NEG] Missing Auth/API-Key","","POST /public_api/auth/registration [NEG] Missing Auth/API-Key",""
"passed","Mon Jul 27 03:17:54 UTC 2026","Mon Jul 27 03:17:56 UTC 2026","2600","4. Team CRM |CRM Staging","Business Scenarios Tests","Account","Contact for Account","","Contact for Account",""
"passed","Mon Jul 27 03:16:32 UTC 2026","Mon Jul 27 03:16:32 UTC 2026","22","1 Team Hummingbird - BFF | EP app","Endpoint tests","Mobile_Feedback","Feedback Subject_FR","","Feedback Subject_FR",""
"passed","Mon Jul 27 03:16:33 UTC 2026","Mon Jul 27 03:16:33 UTC 2026","182","1 Team Hummingbird - BFF | EP app","Endpoint tests","Company","branchIO dynamic link, share PDP","","branchIO dynamic link, share PDP",""
"failed","Mon Jul 27 03:17:37 UTC 2026","Mon Jul 27 03:17:37 UTC 2026","13","1.1 Team Hummingbird - BFF | WLW app","Technical Tests","company-controller","GET /public_api/company [NEG] Expired Token","","GET /public_api/company [NEG] Expired Token",""
"passed","Mon Jul 27 03:17:59 UTC 2026","Mon Jul 27 03:18:00 UTC 2026","1873","4. Team CRM |CRM Staging","Business Scenarios Tests","Platform Profile","Smoke Test Create Platform Profile","","Smoke Test Create Platform Profile",""
"skipped","Mon Jul 27 03:15:05 UTC 2026","Mon Jul 27 03:15:05 UTC 2026","0","7. Team Pegasus | Pegasus Staging","Business Scenarios Tests","Business Insights","Dashboard smoke flow","","Admin BI",""
"failed","Mon Jul 27 03:17:33 UTC 2026","Mon Jul 27 03:17:33 UTC 2026","18","1.1 Team Hummingbird - BFF | WLW app","Technical Tests","ai-company-search-controller","GET /public_api/search/ai/company/search","","GET /public_api/search/ai/company/search",""
"passed","Mon Jul 27 03:17:54 UTC 2026","Mon Jul 27 03:17:58 UTC 2026","3957","4. Team CRM |CRM Staging","Business Scenarios Tests","Account","Trigger SAP Customer number","","Trigger SAP Customer number",""
"skipped","Mon Jul 27 03:15:05 UTC 2026","Mon Jul 27 03:15:05 UTC 2026","0","7. Team Pegasus | Pegasus Staging","Endpoints Tests","Supplier Registration","EP","","leads/get - Get a lead",""
"passed","Mon Jul 27 03:17:27 UTC 2026","Mon Jul 27 03:17:27 UTC 2026","34","1.1 Team Hummingbird - BFF | WLW app","Endpoint tests","Company","Company ID EN","","Company ID EN",""
"passed","Mon Jul 27 03:17:53 UTC 2026","Mon Jul 27 03:17:53 UTC 2026","31","1.1 Team Hummingbird - BFF | WLW app","Technical Tests","purchaser-support-controller","GET /support-master-data [NEG] Expired Token","","GET /support-master-data [NEG] Expired Token",""
"passed","Mon Jul 27 03:17:56 UTC 2026","Mon Jul 27 03:18:00 UTC 2026","4255","4. Team CRM |CRM Staging","Business Scenarios Tests","Disable Hubspot","Change Hubspot to true","","Change Hubspot to true",""
"failed","Mon Jul 27 03:17:53 UTC 2026","Mon Jul 27 03:17:53 UTC 2026","12","1.1 Team Hummingbird - BFF | WLW app","Technical Tests","product-controller","GET /public_api/companies/{supplierPublicId}/products [SEC] Injection Probe","","GET /public_api/companies/{supplierPublicId}/products [SEC] Injection Probe",""
