"Status","Start Time","Stop Time","Duration in ms","Parent Suite","Suite","Sub Suite","Test Class","Test Method","Name","Description"
"skipped","Sun Aug 09 02:50:42 UTC 2026","Sun Aug 09 02:50:42 UTC 2026","0","7. Team Pegasus | Pegasus Staging","Spike | Profiles link user to company","(root)","07 GET — Verify profile after PATCH","","07 GET — Verify profile after PATCH",""
"skipped","Sun Aug 09 02:50:42 UTC 2026","Sun Aug 09 02:50:42 UTC 2026","0","7. Team Pegasus | Pegasus Staging","Endpoints Tests","Supplier Registration","Manual VAT check","","Import vat",""
"passed","Sun Aug 09 02:50:32 UTC 2026","Sun Aug 09 02:50:32 UTC 2026","90","1 Team Hummingbird - BFF | EP app","Endpoint tests","Support","notifications list","","notifications list",""
"skipped","Sun Aug 09 02:50:42 UTC 2026","Sun Aug 09 02:50:42 UTC 2026","0","7. Team Pegasus | Pegasus Staging","Endpoints Tests","Business Insights","Subscription","","Subscription",""
"broken","Sun Aug 09 02:53:14 UTC 2026","Sun Aug 09 02:53:34 UTC 2026","20016","Dolphin","Technical","","","recallLongQueryTruncationTest","AI Search recall: long query truncated, still success",""
"passed","Sun Aug 09 02:49:52 UTC 2026","Sun Aug 09 02:49:52 UTC 2026","33","Bamboo","Functional","","","searchCategoryByNameTest","searchCategoryByName",""
"passed","Sun Aug 09 02:51:44 UTC 2026","Sun Aug 09 02:51:44 UTC 2026","13","1.1 Team Hummingbird - BFF | WLW app","Technical Tests","login-controller","POST /public_api/auth/registration [NEG] Missing Auth/API-Key","","POST /public_api/auth/registration [NEG] Missing Auth/API-Key",""
"passed","Sun Aug 09 02:59:31 UTC 2026","Sun Aug 09 02:59:31 UTC 2026","87","Dolphin","Functional","","","EPPCppProductRecommendTest","recommend products in CPP -- ep",""
"passed","Sun Aug 09 02:51:46 UTC 2026","Sun Aug 09 02:51:46 UTC 2026","36","1.1 Team Hummingbird - BFF | WLW app","Technical Tests","login-controller","POST /public_api/auth/code/resend [NEG] Forbidden Role Token","","POST /public_api/auth/code/resend [NEG] Forbidden Role Token",""
"passed","Sun Aug 09 02:51:21 UTC 2026","Sun Aug 09 02:51:21 UTC 2026","16","1.1 Team Hummingbird - BFF | WLW app","Endpoint tests","Support","Supportmasterdata_FR","","Supportmasterdata_FR",""
"failed","Sun Aug 09 02:49:53 UTC 2026","Sun Aug 09 02:49:53 UTC 2026","74","4. Team CRM |CRM Staging","Business Scenarios Tests","Account","Update Account","","Update Account",""
"skipped","Sun Aug 09 02:50:42 UTC 2026","Sun Aug 09 02:50:42 UTC 2026","0","7. Team Pegasus | Pegasus Staging","Business Scenarios Tests","Supplier Registration","WLW - Lead create and update","","leads - Create a lead",""
"passed","Sun Aug 09 02:51:04 UTC 2026","Sun Aug 09 02:51:04 UTC 2026","6","2 Team Dragon - BFF | RFQ Backend","Technical Tests","(root)","GET /v1/user - User Info + Roles + Negative Auth","","GET /v1/user - User Info + Roles + Negative Auth",""
"passed","Sun Aug 09 02:51:55 UTC 2026","Sun Aug 09 02:51:55 UTC 2026","32","1.1 Team Hummingbird - BFF | WLW app","Technical Tests","search-controller","GET /public_api/search/ai/tabChange","","GET /public_api/search/ai/tabChange",""
"passed","Sun Aug 09 02:50:34 UTC 2026","Sun Aug 09 02:50:35 UTC 2026","699","1 Team Hummingbird - BFF | EP app","Endpoint tests","Search","search companies DE","","search companies DE",""
"passed","Sun Aug 09 02:49:58 UTC 2026","Sun Aug 09 02:49:58 UTC 2026","59","4. Team CRM |CRM Staging","Business Scenarios Tests","Calls","Smoke test for call","","Smoke test for call",""
"skipped","Sun Aug 09 02:50:42 UTC 2026","Sun Aug 09 02:50:42 UTC 2026","0","7. Team Pegasus | Pegasus Staging","Business Scenarios Tests","Supplier Facts","API register, publish, and verify in UI","","5. UI login reminder",""
"failed","Sun Aug 09 02:50:37 UTC 2026","Sun Aug 09 02:50:37 UTC 2026","86","1 Team Hummingbird - BFF | EP app","Endpoint tests","Conversations","File","","File",""
"passed","Sun Aug 09 02:59:32 UTC 2026","Sun Aug 09 02:59:32 UTC 2026","81","Dolphin","Functional","","","homepageProductRecommendTest","homepage product recommend -- wlw",""
"passed","Sun Aug 09 02:51:27 UTC 2026","Sun Aug 09 02:51:28 UTC 2026","1570","1.1 Team Hummingbird - BFF | WLW app","Endpoint tests","Visitor profiler","Visits","","Visits",""
"failed","Sun Aug 09 02:51:31 UTC 2026","Sun Aug 09 02:51:31 UTC 2026","11","1.1 Team Hummingbird - BFF | WLW app","Technical Tests","company-controller","GET /public_api/suppliers/{companyID}/listings","","GET /public_api/suppliers/{companyID}/listings",""
"failed","Sun Aug 09 02:51:35 UTC 2026","Sun Aug 09 02:51:35 UTC 2026","14","1.1 Team Hummingbird - BFF | WLW app","Technical Tests","conversation-controller","GET /public_api/conversation/userConversations/{conversationId}/messages [NEG] Forbidden Role Token","","GET /public_api/conversation/userConversations/{conversationId}/messages [NEG] Forbidden Role Token",""
"skipped","Sun Aug 09 02:50:42 UTC 2026","Sun Aug 09 02:50:42 UTC 2026","0","7. Team Pegasus | Pegasus Staging","Endpoints Tests","Business Insights","User Activity","","User Activity",""
"skipped","Sun Aug 09 02:50:42 UTC 2026","Sun Aug 09 02:50:42 UTC 2026","0","7. Team Pegasus | Pegasus Staging","Endpoints Tests","User & Company Context","User Profile Storage by email","","User Profile Storage by email",""
"skipped","Sun Aug 09 02:50:42 UTC 2026","Sun Aug 09 02:50:42 UTC 2026","0","7. Team Pegasus | Pegasus Staging","Business Scenarios Tests","Supplier Facts","Company create and update for UI","","Update company",""
"failed","Sun Aug 09 02:49:52 UTC 2026","Sun Aug 09 02:49:52 UTC 2026","38","4. Team CRM |CRM Staging","Business Scenarios Tests","Quote","Check Quote","","Check Quote",""
"passed","Sun Aug 09 02:51:33 UTC 2026","Sun Aug 09 02:51:33 UTC 2026","56","1.1 Team Hummingbird - BFF | WLW app","Technical Tests","company-controller","GET /public_api/company/{id} [NEG] Forbidden Role Token","","GET /public_api/company/{id} [NEG] Forbidden Role Token",""
"passed","Sun Aug 09 02:51:42 UTC 2026","Sun Aug 09 02:51:42 UTC 2026","30","1.1 Team Hummingbird - BFF | WLW app","Technical Tests","feedback-controller","GET /feedback/subject [NEG] Forbidden Role Token","","GET /feedback/subject [NEG] Forbidden Role Token",""
"passed","Sun Aug 09 02:51:44 UTC 2026","Sun Aug 09 02:51:44 UTC 2026","54","1.1 Team Hummingbird - BFF | WLW app","Technical Tests","login-controller","POST /public_api/auth/session/extend [NEG] Missing Auth/API-Key","","POST /public_api/auth/session/extend [NEG] Missing Auth/API-Key",""
"passed","Sun Aug 09 02:51:49 UTC 2026","Sun Aug 09 02:51:49 UTC 2026","17","1.1 Team Hummingbird - BFF | WLW app","Technical Tests","purchaser-user-setting-controller","PUT /userSetting/{id} [NEG] Missing Auth/API-Key","","PUT /userSetting/{id} [NEG] Missing Auth/API-Key",""
"failed","Sun Aug 09 02:51:37 UTC 2026","Sun Aug 09 02:51:37 UTC 2026","13","1.1 Team Hummingbird - BFF | WLW app","Technical Tests","conversation-controller","GET /public_api/conversation/userConversations/{userId}/unreadCount","","GET /public_api/conversation/userConversations/{userId}/unreadCount",""
"failed","Sun Aug 09 02:51:58 UTC 2026","Sun Aug 09 02:51:58 UTC 2026","10","1.1 Team Hummingbird - BFF | WLW app","Technical Tests","supplier-visitors-controller","GET /public_api/suppliers/{supplier_id}/visits [NEG] Expired Token","","GET /public_api/suppliers/{supplier_id}/visits [NEG] Expired Token",""
"passed","Sun Aug 09 02:51:45 UTC 2026","Sun Aug 09 02:51:45 UTC 2026","15","1.1 Team Hummingbird - BFF | WLW app","Technical Tests","login-controller","POST /public_api/auth/password/login [NEG] Missing Auth/API-Key","","POST /public_api/auth/password/login [NEG] Missing Auth/API-Key",""
"failed","Sun Aug 09 02:51:48 UTC 2026","Sun Aug 09 02:51:48 UTC 2026","12","1.1 Team Hummingbird - BFF | WLW app","Technical Tests","product-controller","GET /public_api/companies/{supplierPublicId}/products [NEG] Forbidden Role Token","","GET /public_api/companies/{supplierPublicId}/products [NEG] Forbidden Role Token",""
"passed","Sun Aug 09 02:50:34 UTC 2026","Sun Aug 09 02:50:34 UTC 2026","128","1 Team Hummingbird - BFF | EP app","Endpoint tests","Search","search autoComplete EN","","search autoComplete EN",""
"passed","Sun Aug 09 02:49:53 UTC 2026","Sun Aug 09 02:49:53 UTC 2026","60","4. Team CRM |CRM Staging","Business Scenarios Tests","Account","Verify HubSpot Sync","","Verify HubSpot Sync",""
"failed","Sun Aug 09 02:50:37 UTC 2026","Sun Aug 09 02:50:37 UTC 2026","24","1 Team Hummingbird - BFF | EP app","Endpoint tests","Conversations","dynamic link conversation","","dynamic link conversation",""
"failed","Sun Aug 09 02:51:57 UTC 2026","Sun Aug 09 02:51:57 UTC 2026","13","1.1 Team Hummingbird - BFF | WLW app","Technical Tests","search-controller","GET /public_api/categories/recommendations [NEG] Expired Token","","GET /public_api/categories/recommendations [NEG] Expired Token",""
"skipped","Sun Aug 09 02:55:48 UTC 2026","Sun Aug 09 02:55:48 UTC 2026","0","3 Team Techno - UCL","Functional Tests","Endpoint Tests","TopRanking","","get TR with the given existing id",""
"broken","Sun Aug 09 02:54:34 UTC 2026","Sun Aug 09 02:54:54 UTC 2026","20022","Dolphin","Technical","","","recallPageSizeZeroNormalizedTest","AI Search recall: pageSize=0 normalized to default",""
"passed","Sun Aug 09 02:51:43 UTC 2026","Sun Aug 09 02:51:43 UTC 2026","35","1.1 Team Hummingbird - BFF | WLW app","Technical Tests","inside-business-controller","GET /public_api/inside_business","","GET /public_api/inside_business",""
"failed","Sun Aug 09 02:49:51 UTC 2026","Sun Aug 09 02:49:51 UTC 2026","80","4. Team CRM |CRM Staging","Business Scenarios Tests","Contacts","Check Contact","","Check Contact",""
"failed","Sun Aug 09 02:51:38 UTC 2026","Sun Aug 09 02:51:38 UTC 2026","10","1.1 Team Hummingbird - BFF | WLW app","Technical Tests","conversation-controller","GET /public_api/conversation/userConversations/{conversationId} [NEG] Missing Auth/API-Key","","GET /public_api/conversation/userConversations/{conversationId} [NEG] Missing Auth/API-Key",""
"skipped","Sun Aug 09 02:49:50 UTC 2026","Sun Aug 09 02:49:50 UTC 2026","0","4. Team CRM |CRM Staging","Endpoints Tests","Activities","(empty)","","Endpoints Tests / Activities - empty",""
"failed","Sun Aug 09 02:50:00 UTC 2026","Sun Aug 09 02:50:00 UTC 2026","77","4. Team CRM |CRM Staging","Endpoints Tests","(root)","get connect receipient","","get connect receipient",""
"passed","Sun Aug 09 02:51:14 UTC 2026","Sun Aug 09 02:51:14 UTC 2026","598","Arise","Technical","","","getAllElementsByUrlTest","getAllElementsByUrlTest",""
"skipped","Sun Aug 09 02:50:42 UTC 2026","Sun Aug 09 02:50:42 UTC 2026","0","7. Team Pegasus | Pegasus Staging","Business Scenarios Tests","Supplier Facts","API register, publish, and verify in UI","","3. Resolve company uuid by email",""
"failed","Sun Aug 09 02:51:58 UTC 2026","Sun Aug 09 02:51:58 UTC 2026","13","1.1 Team Hummingbird - BFF | WLW app","Technical Tests","supplier-visitors-controller","GET /public_api/suppliers/{supplier_id}/visits [NEG] Missing Auth/API-Key","","GET /public_api/suppliers/{supplier_id}/visits [NEG] Missing Auth/API-Key",""
"skipped","Sun Aug 09 02:50:42 UTC 2026","Sun Aug 09 02:50:42 UTC 2026","0","7. Team Pegasus | Pegasus Staging","Endpoints Tests","Shop Import & Onboarding Backend","/offers/suggestCategory","","/offers/suggestCategory",""
"passed","Sun Aug 09 02:59:31 UTC 2026","Sun Aug 09 02:59:31 UTC 2026","150","Dolphin","Functional","","","EPHomepageProductRecommendTest","homepage product recommend -- ep",""
"passed","Sun Aug 09 02:50:35 UTC 2026","Sun Aug 09 02:50:35 UTC 2026","437","1 Team Hummingbird - BFF | EP app","Endpoint tests","Search","Product Search FR","","Product Search FR",""
"passed","Sun Aug 09 02:51:28 UTC 2026","Sun Aug 09 02:51:28 UTC 2026","40","1.1 Team Hummingbird - BFF | WLW app","Technical Tests","ai-company-search-controller","POST /public_api/search/ai/supplier/recall [NEG] Forbidden Role Token","","POST /public_api/search/ai/supplier/recall [NEG] Forbidden Role Token",""
"skipped","Sun Aug 09 02:50:42 UTC 2026","Sun Aug 09 02:50:42 UTC 2026","0","7. Team Pegasus | Pegasus Staging","Spike | Profiles link user to company","(root)","05 GET — Profile by email","","05 GET — Profile by email",""
"failed","Sun Aug 09 02:51:22 UTC 2026","Sun Aug 09 02:51:23 UTC 2026","71","1.1 Team Hummingbird - BFF | WLW app","Endpoint tests","Company","Companies / products EN","","Companies / products EN",""
"failed","Sun Aug 09 02:51:53 UTC 2026","Sun Aug 09 02:51:53 UTC 2026","11","1.1 Team Hummingbird - BFF | WLW app","Technical Tests","search-controller","GET /public_api/suppliers/recommendations [NEG] Expired Token","","GET /public_api/suppliers/recommendations [NEG] Expired Token",""
"passed","Sun Aug 09 02:51:45 UTC 2026","Sun Aug 09 02:51:45 UTC 2026","13","1.1 Team Hummingbird - BFF | WLW app","Technical Tests","login-controller","POST /public_api/auth/code/verify [NEG] Missing Auth/API-Key","","POST /public_api/auth/code/verify [NEG] Missing Auth/API-Key",""
"passed","Sun Aug 09 02:51:54 UTC 2026","Sun Aug 09 02:51:54 UTC 2026","33","1.1 Team Hummingbird - BFF | WLW app","Technical Tests","search-controller","GET /public_api/search/products [SEC] Injection Probe","","GET /public_api/search/products [SEC] Injection Probe",""
"passed","Sun Aug 09 02:51:47 UTC 2026","Sun Aug 09 02:51:47 UTC 2026","32","1.1 Team Hummingbird - BFF | WLW app","Technical Tests","product-controller","GET /public_api/products/{productId}","","GET /public_api/products/{productId}",""
"failed","Sun Aug 09 02:51:48 UTC 2026","Sun Aug 09 02:51:48 UTC 2026","13","1.1 Team Hummingbird - BFF | WLW app","Technical Tests","purchaser-support-controller","GET /support-faq","","GET /support-faq",""
"failed","Sun Aug 09 02:51:47 UTC 2026","Sun Aug 09 02:51:47 UTC 2026","13","1.1 Team Hummingbird - BFF | WLW app","Technical Tests","product-controller","GET /public_api/products [NEG] Forbidden Role Token","","GET /public_api/products [NEG] Forbidden Role Token",""
"passed","Sun Aug 09 02:51:37 UTC 2026","Sun Aug 09 02:51:37 UTC 2026","30","1.1 Team Hummingbird - BFF | WLW app","Technical Tests","conversation-controller","GET /public_api/conversation/userConversations/{userId}/unreadCount [SEC] Injection Probe","","GET /public_api/conversation/userConversations/{userId}/unreadCount [SEC] Injection Probe",""
"failed","Sun Aug 09 02:49:52 UTC 2026","Sun Aug 09 02:49:52 UTC 2026","60","4. Team CRM |CRM Staging","Business Scenarios Tests","Account","wlw salesorderitems link","","wlw salesorderitems link",""
"passed","Sun Aug 09 02:52:00 UTC 2026","Sun Aug 09 02:52:00 UTC 2026","33","1.1 Team Hummingbird - BFF | WLW app","Technical Tests","trending-products-controller","GET /public_api/trending/notifications [NEG] Expired Token","","GET /public_api/trending/notifications [NEG] Expired Token",""
"passed","Sun Aug 09 02:59:27 UTC 2026","Sun Aug 09 02:59:28 UTC 2026","1224","Dolphin","Functional","","","productTextSearchSecondPageTest","AI product text search recall: pagination page 2",""
"skipped","Sun Aug 09 02:50:42 UTC 2026","Sun Aug 09 02:50:42 UTC 2026","0","7. Team Pegasus | Pegasus Staging","Business Scenarios Tests","Business Insights","Dashboard smoke flow","","Set User Activity",""
"failed","Sun Aug 09 02:51:38 UTC 2026","Sun Aug 09 02:51:38 UTC 2026","11","1.1 Team Hummingbird - BFF | WLW app","Technical Tests","conversation-controller","GET /public_api/conversation/userConversations/{conversationId}/file","","GET /public_api/conversation/userConversations/{conversationId}/file",""
"passed","Sun Aug 09 02:59:33 UTC 2026","Sun Aug 09 02:59:33 UTC 2026","76","Dolphin","Functional","","","sameStoreProductRecommendTest","product same store recommend -- wlw",""
"passed","Sun Aug 09 02:50:35 UTC 2026","Sun Aug 09 02:50:35 UTC 2026","128","1 Team Hummingbird - BFF | EP app","Endpoint tests","Homepage, products","product recommendations DE","","product recommendations DE",""
"failed","Sun Aug 09 02:51:38 UTC 2026","Sun Aug 09 02:51:38 UTC 2026","13","1.1 Team Hummingbird - BFF | WLW app","Technical Tests","conversation-controller","GET /public_api/conversation/userConversations/{userId}/unreadCount/ [NEG] Expired Token","","GET /public_api/conversation/userConversations/{userId}/unreadCount/ [NEG] Expired Token",""
"failed","Sun Aug 09 02:51:56 UTC 2026","Sun Aug 09 02:51:56 UTC 2026","14","1.1 Team Hummingbird - BFF | WLW app","Technical Tests","search-controller","GET /public_api/products/recommendations [NEG] Expired Token","","GET /public_api/products/recommendations [NEG] Expired Token",""
"broken","Sun Aug 09 02:50:53 UTC 2026","Sun Aug 09 02:51:13 UTC 2026","20032","Dolphin","Technical","","","pvMatchEmptyCompanyListTest","AI Search PV match: empty companyList → business failure",""
"skipped","Sun Aug 09 02:55:48 UTC 2026","Sun Aug 09 02:55:48 UTC 2026","0","3 Team Techno - UCL","Technical Tests","SponsoredBrand","GET /unified_commercial_logic/internal_api/api/sponsored_brand_v1/{id} - Retrieve SponsoredBrandV1 By ID","","GET /unified_commercial_logic/internal_api/api/sponsored_brand_v1/{id} - Retrieve SponsoredBrandV1 By ID",""
"skipped","Sun Aug 09 02:50:42 UTC 2026","Sun Aug 09 02:50:42 UTC 2026","0","7. Team Pegasus | Pegasus Staging","Endpoints Tests","Business Insights","Company","","Company",""
"failed","Sun Aug 09 02:51:39 UTC 2026","Sun Aug 09 02:51:39 UTC 2026","13","1.1 Team Hummingbird - BFF | WLW app","Technical Tests","conversation-controller","GET /public_api/conversation/userConversations/{conversationId}/file/ [NEG] Missing Auth/API-Key","","GET /public_api/conversation/userConversations/{conversationId}/file/ [NEG] Missing Auth/API-Key",""
"passed","Sun Aug 09 02:51:42 UTC 2026","Sun Aug 09 02:51:42 UTC 2026","14","1.1 Team Hummingbird - BFF | WLW app","Technical Tests","feedback-controller","POST /feedback [NEG] Missing Auth/API-Key","","POST /feedback [NEG] Missing Auth/API-Key",""
"failed","Sun Aug 09 02:51:23 UTC 2026","Sun Aug 09 02:51:23 UTC 2026","41","1.1 Team Hummingbird - BFF | WLW app","Endpoint tests","Company","Companies / products DE","","Companies / products DE",""
"passed","Sun Aug 09 02:49:51 UTC 2026","Sun Aug 09 02:49:52 UTC 2026","81","4. Team CRM |CRM Staging","Business Scenarios Tests","Contacts","Edit Contact","","Edit Contact",""
"failed","Sun Aug 09 02:50:00 UTC 2026","Sun Aug 09 02:50:00 UTC 2026","77","4. Team CRM |CRM Staging","Endpoints Tests","(root)","get connect receipient","","get connect receipient",""
"failed","Sun Aug 09 02:49:52 UTC 2026","Sun Aug 09 02:49:52 UTC 2026","38","4. Team CRM |CRM Staging","Business Scenarios Tests","Quote","Check Quote","","Check Quote",""
"broken","Sun Aug 09 02:52:14 UTC 2026","Sun Aug 09 02:52:34 UTC 2026","20015","Dolphin","Technical","","","recallBlankQueryTest","AI Search recall: blank query and imageUrl → business failure",""
"passed","Sun Aug 09 02:51:41 UTC 2026","Sun Aug 09 02:51:41 UTC 2026","32","1.1 Team Hummingbird - BFF | WLW app","Technical Tests","euro-pages-controller","DELETE /public_api/euro-pages/auth/delete [NEG] Forbidden Role Token","","DELETE /public_api/euro-pages/auth/delete [NEG] Forbidden Role Token",""
"skipped","Sun Aug 09 02:50:42 UTC 2026","Sun Aug 09 02:50:42 UTC 2026","0","7. Team Pegasus | Pegasus Staging","Spike | Profiles link user to company","(root)","09 MANUAL — my-account supplier page (browser)","","09 MANUAL — my-account supplier page (browser)",""
"passed","Sun Aug 09 02:51:44 UTC 2026","Sun Aug 09 02:51:44 UTC 2026","33","1.1 Team Hummingbird - BFF | WLW app","Technical Tests","login-controller","POST /public_api/auth/resetPassword [NEG] Expired Token","","POST /public_api/auth/resetPassword [NEG] Expired Token",""
"passed","Sun Aug 09 02:59:32 UTC 2026","Sun Aug 09 02:59:32 UTC 2026","75","Dolphin","Technical","","","cppProductRecommendTest","recommend products in CPP -- wlw",""
"failed","Sun Aug 09 02:50:01 UTC 2026","Sun Aug 09 02:50:01 UTC 2026","59","4. Team CRM |CRM Staging","Endpoints Tests","(root)","trigger from SF Platform Profile","","trigger from SF Platform Profile",""
"passed","Sun Aug 09 02:51:59 UTC 2026","Sun Aug 09 02:51:59 UTC 2026","32","1.1 Team Hummingbird - BFF | WLW app","Technical Tests","trending-products-controller","POST /public_api/trending/import [NEG] Expired Token","","POST /public_api/trending/import [NEG] Expired Token",""
"skipped","Sun Aug 09 02:55:48 UTC 2026","Sun Aug 09 02:55:48 UTC 2026","0","3 Team Techno - UCL","Functional Tests","Endpoint Tests","membership","","get all membership for non-existing uuid",""
"passed","Sun Aug 09 02:51:40 UTC 2026","Sun Aug 09 02:51:40 UTC 2026","22","1.1 Team Hummingbird - BFF | WLW app","Technical Tests","euro-pages-controller","PUT /public_api/euro-pages/auth/delete [NEG] Missing Auth/API-Key","","PUT /public_api/euro-pages/auth/delete [NEG] Missing Auth/API-Key",""
"failed","Sun Aug 09 02:51:32 UTC 2026","Sun Aug 09 02:51:32 UTC 2026","13","1.1 Team Hummingbird - BFF | WLW app","Technical Tests","company-controller","GET /public_api/company [NEG] Missing Auth/API-Key","","GET /public_api/company [NEG] Missing Auth/API-Key",""
"passed","Sun Aug 09 02:51:24 UTC 2026","Sun Aug 09 02:51:24 UTC 2026","701","1.1 Team Hummingbird - BFF | WLW app","Endpoint tests","Search","search companies DE","","search companies DE",""
"skipped","Sun Aug 09 02:55:48 UTC 2026","Sun Aug 09 02:55:48 UTC 2026","0","3 Team Techno - UCL","Technical Tests","Organization","GET /unified_commercial_logic/internal_api/api/organization/{id} - Retrieve Organization By ID","","GET /unified_commercial_logic/internal_api/api/organization/{id} - Retrieve Organization By ID",""
"passed","Sun Aug 09 02:51:32 UTC 2026","Sun Aug 09 02:51:32 UTC 2026","37","1.1 Team Hummingbird - BFF | WLW app","Technical Tests","company-controller","GET /public_api/company/{id} [NEG] Expired Token","","GET /public_api/company/{id} [NEG] Expired Token",""
"passed","Sun Aug 09 02:51:03 UTC 2026","Sun Aug 09 02:51:04 UTC 2026","312","2 Team Dragon - BFF | RFQ Backend","Functional Tests","(root)","POST /v1/rfqs/{rfqId}/respond - Error Case (400)","","POST /v1/rfqs/{rfqId}/respond - Error Case (400)",""
"skipped","Sun Aug 09 02:50:42 UTC 2026","Sun Aug 09 02:50:42 UTC 2026","0","7. Team Pegasus | Pegasus Staging","Endpoints Tests","User & Company Context","User Profile Storage by uuid","","User Profile Storage by uuid",""
"passed","Sun Aug 09 02:59:33 UTC 2026","Sun Aug 09 02:59:33 UTC 2026","68","Dolphin","Functional","","","zeroResultProductRecommendTest","Recommend products in 0 result search list page v1 -- wlw",""
"failed","Sun Aug 09 02:51:39 UTC 2026","Sun Aug 09 02:51:39 UTC 2026","12","1.1 Team Hummingbird - BFF | WLW app","Technical Tests","conversation-controller","GET /public_api/conversation/userConversations/{conversationId}/file/ [NEG] Expired Token","","GET /public_api/conversation/userConversations/{conversationId}/file/ [NEG] Expired Token",""
"failed","Sun Aug 09 02:51:39 UTC 2026","Sun Aug 09 02:51:39 UTC 2026","14","1.1 Team Hummingbird - BFF | WLW app","Technical Tests","conversation-controller","GET /public_api/conversation/userConversations/{conversationId}/file [NEG] Expired Token","","GET /public_api/conversation/userConversations/{conversationId}/file [NEG] Expired Token",""
"passed","Sun Aug 09 02:51:14 UTC 2026","Sun Aug 09 02:51:15 UTC 2026","489","Arise","Technical","","","psearchProxySearch","psearchProxySearch",""
"passed","Sun Aug 09 02:50:32 UTC 2026","Sun Aug 09 02:50:32 UTC 2026","18","1 Team Hummingbird - BFF | EP app","Endpoint tests","Mobile_Feedback","Feedback Subject_FR","","Feedback Subject_FR",""
"failed","Sun Aug 09 02:50:33 UTC 2026","Sun Aug 09 02:50:33 UTC 2026","46","1 Team Hummingbird - BFF | EP app","Endpoint tests","Company","Company ID DE","","Company ID DE",""
"failed","Sun Aug 09 02:51:50 UTC 2026","Sun Aug 09 02:51:50 UTC 2026","12","1.1 Team Hummingbird - BFF | WLW app","Technical Tests","purchaser-user-setting-controller","GET /userSetting","","GET /userSetting",""
"passed","Sun Aug 09 02:49:51 UTC 2026","Sun Aug 09 02:49:51 UTC 2026","61","4. Team CRM |CRM Staging","Business Scenarios Tests","Tasks","Verify Change","","Verify Change",""
"skipped","Sun Aug 09 02:55:48 UTC 2026","Sun Aug 09 02:55:48 UTC 2026","0","3 Team Techno - UCL","Technical Tests","Retargeting","GET /unified_commercial_logic/internal_api/api/retargeting/{id} - Retrieve Retargeting By ID","","GET /unified_commercial_logic/internal_api/api/retargeting/{id} - Retrieve Retargeting By ID",""
"broken","Sun Aug 09 02:51:33 UTC 2026","Sun Aug 09 02:51:53 UTC 2026","20009","Dolphin","Technical","","","pvMatchTest","AI Search PV match (supplierAiMatch) API",""
"passed","Sun Aug 09 02:49:52 UTC 2026","Sun Aug 09 02:49:52 UTC 2026","112","4. Team CRM |CRM Staging","Business Scenarios Tests","Quote","Smoke Test Create new quote","","Smoke Test Create new quote",""
"passed","Sun Aug 09 02:51:20 UTC 2026","Sun Aug 09 02:51:21 UTC 2026","550","1.1 Team Hummingbird - BFF | WLW app","Endpoint tests","Login","registration","","registration",""
"passed","Sun Aug 09 02:51:15 UTC 2026","Sun Aug 09 02:51:15 UTC 2026","192","Arise","Functional","","","skwd","skwd",""
"passed","Sun Aug 09 02:50:35 UTC 2026","Sun Aug 09 02:50:35 UTC 2026","23","1 Team Hummingbird - BFF | EP app","Endpoint tests","Homepage, products","preferred categories","","preferred categories",""
"skipped","Sun Aug 09 02:51:20 UTC 2026","Sun Aug 09 02:51:20 UTC 2026","0","1.1 Team Hummingbird - BFF | WLW app","Business Scenario Tests","(empty)","(empty)","","Business Scenario Tests - empty",""
"passed","Sun Aug 09 02:51:58 UTC 2026","Sun Aug 09 02:51:58 UTC 2026","16","1.1 Team Hummingbird - BFF | WLW app","Technical Tests","supplier-visitors-controller","GET /public_api/suppliers/{supplier_id}/visits/{id} [NEG] Missing Auth/API-Key","","GET /public_api/suppliers/{supplier_id}/visits/{id} [NEG] Missing Auth/API-Key",""
"passed","Sun Aug 09 02:51:59 UTC 2026","Sun Aug 09 02:51:59 UTC 2026","35","1.1 Team Hummingbird - BFF | WLW app","Technical Tests","trending-products-controller","POST /public_api/trending/import","","POST /public_api/trending/import",""
"broken","Sun Aug 09 02:49:51 UTC 2026","Sun Aug 09 02:49:52 UTC 2026","553","Bamboo","Technical","","","leafCategoryPredictTest","leafCategoryPredict",""
"passed","Sun Aug 09 02:51:46 UTC 2026","Sun Aug 09 02:51:46 UTC 2026","53","1.1 Team Hummingbird - BFF | WLW app","Technical Tests","login-controller","DELETE /public_api/auth/sso/logout","","DELETE /public_api/auth/sso/logout",""
"passed","Sun Aug 09 02:51:41 UTC 2026","Sun Aug 09 02:51:41 UTC 2026","31","1.1 Team Hummingbird - BFF | WLW app","Technical Tests","feedback-controller","POST /v1/feedback [NEG] Expired Token","","POST /v1/feedback [NEG] Expired Token",""
"failed","Sun Aug 09 02:51:59 UTC 2026","Sun Aug 09 02:51:59 UTC 2026","12","1.1 Team Hummingbird - BFF | WLW app","Technical Tests","supplier-visitors-controller","GET /public_api/suppliers/{supplier_id}/visits/csv [NEG] Missing Auth/API-Key","","GET /public_api/suppliers/{supplier_id}/visits/csv [NEG] Missing Auth/API-Key",""
"failed","Sun Aug 09 02:51:58 UTC 2026","Sun Aug 09 02:51:58 UTC 2026","13","1.1 Team Hummingbird - BFF | WLW app","Technical Tests","supplier-visitors-controller","GET /public_api/suppliers/{supplier_id}/visits","","GET /public_api/suppliers/{supplier_id}/visits",""
"broken","Sun Aug 09 02:52:54 UTC 2026","Sun Aug 09 02:53:14 UTC 2026","20021","Dolphin","Technical","","","recallIllegalSortPassthroughTest","AI Search recall: illegal sort passthrough (no param fail)",""
"passed","Sun Aug 09 02:51:04 UTC 2026","Sun Aug 09 02:51:04 UTC 2026","463","2 Team Dragon - BFF | RFQ Backend","Technical Tests","(root)","GET /v1/rfqs (list) - Compliance + Schema + Perf","","GET /v1/rfqs (list) - Compliance + Schema + Perf",""
"passed","Sun Aug 09 02:51:42 UTC 2026","Sun Aug 09 02:51:42 UTC 2026","16","1.1 Team Hummingbird - BFF | WLW app","Technical Tests","feedback-controller","GET /feedback/subject [NEG] Missing Auth/API-Key","","GET /feedback/subject [NEG] Missing Auth/API-Key",""
"failed","Sun Aug 09 02:51:54 UTC 2026","Sun Aug 09 02:51:54 UTC 2026","12","1.1 Team Hummingbird - BFF | WLW app","Technical Tests","search-controller","GET /public_api/search [NEG] Forbidden Role Token","","GET /public_api/search [NEG] Forbidden Role Token",""
"passed","Sun Aug 09 02:49:57 UTC 2026","Sun Aug 09 02:49:57 UTC 2026","43","4. Team CRM |CRM Staging","Business Scenarios Tests","Contacts","Create Contact","","Create Contact",""
"passed","Sun Aug 09 02:59:32 UTC 2026","Sun Aug 09 02:59:32 UTC 2026","546","Dolphin","Functional","","","getproductRecommendByQueryOnCserpTest","getproductRecommendByQueryOnCserpTest",""
"broken","Sun Aug 09 02:51:33 UTC 2026","Sun Aug 09 02:51:53 UTC 2026","20009","Dolphin","Functional","","","pvMatchTest","AI Search PV match (supplierAiMatch) API",""
"passed","Sun Aug 09 02:51:27 UTC 2026","Sun Aug 09 02:51:27 UTC 2026","33","1.1 Team Hummingbird - BFF | WLW app","Technical Tests","ab-test-record-controller","POST /public_api/abtest/record [NEG] Missing Auth/API-Key","","POST /public_api/abtest/record [NEG] Missing Auth/API-Key",""
"skipped","Sun Aug 09 02:50:30 UTC 2026","Sun Aug 09 02:50:30 UTC 2026","0","1 Team Hummingbird - BFF | EP app","Technical Tests","(empty)","(empty)","","Technical Tests - empty",""
"failed","Sun Aug 09 02:51:51 UTC 2026","Sun Aug 09 02:51:51 UTC 2026","13","1.1 Team Hummingbird - BFF | WLW app","Technical Tests","push-notification-by-email-controller","GET /v1/pushNotification [SEC] Injection Probe","","GET /v1/pushNotification [SEC] Injection Probe",""
"passed","Sun Aug 09 02:49:54 UTC 2026","Sun Aug 09 02:49:54 UTC 2026","46","4. Team CRM |CRM Staging","Business Scenarios Tests","Account","Smoke test : Account + Contact + SAP","","Smoke test : Account + Contact + SAP",""
"passed","Sun Aug 09 02:59:32 UTC 2026","Sun Aug 09 02:59:32 UTC 2026","109","Dolphin","Technical","","","getProductsByCategoryTest","popular in category -- getProductsByCategory",""
"failed","Sun Aug 09 02:51:15 UTC 2026","Sun Aug 09 02:51:15 UTC 2026","26","Arise","Technical","","","skwdAll","skwdAll",""
"passed","Sun Aug 09 02:59:32 UTC 2026","Sun Aug 09 02:59:32 UTC 2026","32","Dolphin","Technical","","","getCategoryListWlwWithPreferredSuperCategoryIdsTest","v-recommend category list -- wlw, with preferredSuperCategoryIds",""
"skipped","Sun Aug 09 02:50:42 UTC 2026","Sun Aug 09 02:50:42 UTC 2026","0","7. Team Pegasus | Pegasus Staging","Spike | Profiles link user to company","(root)","01 OAuth — Supplier Facts token","","01 OAuth — Supplier Facts token",""
"passed","Sun Aug 09 02:49:50 UTC 2026","Sun Aug 09 02:49:50 UTC 2026","99","4. Team CRM |CRM Staging","Business Scenarios Tests","Tasks","Smoke test Create task","","Smoke test Create task",""
"passed","Sun Aug 09 02:49:51 UTC 2026","Sun Aug 09 02:49:51 UTC 2026","61","4. Team CRM |CRM Staging","Business Scenarios Tests","Tasks","Verify Change","","Verify Change",""
"passed","Sun Aug 09 02:51:48 UTC 2026","Sun Aug 09 02:51:48 UTC 2026","31","1.1 Team Hummingbird - BFF | WLW app","Technical Tests","purchaser-support-controller","GET /support-master-data","","GET /support-master-data",""
"broken","Sun Aug 09 02:51:13 UTC 2026","Sun Aug 09 02:51:33 UTC 2026","20017","Dolphin","Technical","","","pvMatchMissingQpInfoTest","AI Search PV match: missing qpInfo → business failure",""
"passed","Sun Aug 09 02:51:04 UTC 2026","Sun Aug 09 02:51:04 UTC 2026","19","2 Team Dragon - BFF | RFQ Backend","Technical Tests","(root)","GET /v1/rfqs/{rfqId} - Details (Schema + Auth Orchestration)","","GET /v1/rfqs/{rfqId} - Details (Schema + Auth Orchestration)",""
"failed","Sun Aug 09 02:52:00 UTC 2026","Sun Aug 09 02:52:00 UTC 2026","14","1.1 Team Hummingbird - BFF | WLW app","Technical Tests","trending-products-controller","GET /public_api/trending/products [SEC] Injection Probe","","GET /public_api/trending/products [SEC] Injection Probe",""
"failed","Sun Aug 09 02:49:54 UTC 2026","Sun Aug 09 02:49:54 UTC 2026","65","4. Team CRM |CRM Staging","Business Scenarios Tests","Feedback","Trigger Feedback","","Trigger Feedback",""
"passed","Sun Aug 09 02:49:56 UTC 2026","Sun Aug 09 02:49:56 UTC 2026","68","4. Team CRM |CRM Staging","Business Scenarios Tests","Disable Hubspot","Check hubspot is true","","Check hubspot is true",""
"passed","Sun Aug 09 02:51:31 UTC 2026","Sun Aug 09 02:51:31 UTC 2026","18","1.1 Team Hummingbird - BFF | WLW app","Technical Tests","categories-controller","GET /public_api/categories/homepage [NEG] Missing Auth/API-Key","","GET /public_api/categories/homepage [NEG] Missing Auth/API-Key",""
"failed","Sun Aug 09 02:51:34 UTC 2026","Sun Aug 09 02:51:34 UTC 2026","11","1.1 Team Hummingbird - BFF | WLW app","Technical Tests","conversation-controller","PUT /public_api/conversation/userConversations/{conversationId}/messages/markAsRead [NEG] Forbidden Role Token","","PUT /public_api/conversation/userConversations/{conversationId}/messages/markAsRead [NEG] Forbidden Role Token",""
"failed","Sun Aug 09 02:51:27 UTC 2026","Sun Aug 09 02:51:28 UTC 2026","800","1.1 Team Hummingbird - BFF | WLW app","Endpoint tests","Visitor profiler","Visitor ID","","Visitor ID",""
"failed","Sun Aug 09 02:51:24 UTC 2026","Sun Aug 09 02:51:25 UTC 2026","135","1.1 Team Hummingbird - BFF | WLW app","Endpoint tests","Homepage, products","product recommendations FR","","product recommendations FR",""
"skipped","Sun Aug 09 02:55:48 UTC 2026","Sun Aug 09 02:55:48 UTC 2026","0","3 Team Techno - UCL","Technical Tests","Organization","GET /unified_commercial_logic/internal_api/api/organization - Retrieve Organization List","","GET /unified_commercial_logic/internal_api/api/organization - Retrieve Organization List",""
"passed","Sun Aug 09 02:51:23 UTC 2026","Sun Aug 09 02:51:23 UTC 2026","56","1.1 Team Hummingbird - BFF | WLW app","Endpoint tests","Search","search autoComplete DE","","search autoComplete DE",""
"broken","Sun Aug 09 02:56:15 UTC 2026","Sun Aug 09 02:56:35 UTC 2026","20022","Dolphin","Technical","","","recallSpecialCharQueryTest","AI Search recall: special-character query structure OK",""
"skipped","Sun Aug 09 02:49:50 UTC 2026","Sun Aug 09 02:49:50 UTC 2026","0","4. Team CRM |CRM Staging","Endpoints Tests","Leads","(empty)","","Endpoints Tests / Leads - empty",""
"passed","Sun Aug 09 02:51:24 UTC 2026","Sun Aug 09 02:51:24 UTC 2026","588","1.1 Team Hummingbird - BFF | WLW app","Endpoint tests","Search","search companies FR","","search companies FR",""
"passed","Sun Aug 09 02:49:55 UTC 2026","Sun Aug 09 02:49:55 UTC 2026","69","4. Team CRM |CRM Staging","Business Scenarios Tests","Disable Hubspot","Change Hubspot to false","","Change Hubspot to false",""
"broken","Sun Aug 09 02:51:53 UTC 2026","Sun Aug 09 02:52:14 UTC 2026","20652","Dolphin","Technical","","","recallAlternateSortTest","AI Search recall: alternate sort (order_num_desc)",""
"passed","Sun Aug 09 02:51:56 UTC 2026","Sun Aug 09 02:51:56 UTC 2026","39","1.1 Team Hummingbird - BFF | WLW app","Technical Tests","search-controller","GET /public_api/search/ai/tabChange [SEC] Injection Probe","","GET /public_api/search/ai/tabChange [SEC] Injection Probe",""
"passed","Sun Aug 09 02:59:31 UTC 2026","Sun Aug 09 02:59:31 UTC 2026","87","Dolphin","Technical","","","EPPCppProductRecommendTest","recommend products in CPP -- ep",""
"passed","Sun Aug 09 02:51:31 UTC 2026","Sun Aug 09 02:51:31 UTC 2026","36","1.1 Team Hummingbird - BFF | WLW app","Technical Tests","categories-controller","PUT /preferred/categories [SEC] Injection Probe","","PUT /preferred/categories [SEC] Injection Probe",""
"passed","Sun Aug 09 02:50:02 UTC 2026","Sun Aug 09 02:50:02 UTC 2026","59","4. Team CRM |CRM Staging","Endpoints Tests","(root)","get company data via CRM id","","get company data via CRM id",""
"passed","Sun Aug 09 02:59:25 UTC 2026","Sun Aug 09 02:59:25 UTC 2026","703","Dolphin","Technical","","","productTextSearchPageZeroTest","AI product text search recall: page=0 normalized",""
"passed","Sun Aug 09 02:51:20 UTC 2026","Sun Aug 09 02:51:20 UTC 2026","207","1.1 Team Hummingbird - BFF | WLW app","Endpoint tests","Login","user Info","","user Info",""
"failed","Sun Aug 09 02:49:58 UTC 2026","Sun Aug 09 02:49:58 UTC 2026","75","4. Team CRM |CRM Staging","Business Scenarios Tests","Products","Update Product","","Update Product",""
"skipped","Sun Aug 09 02:50:42 UTC 2026","Sun Aug 09 02:50:42 UTC 2026","0","7. Team Pegasus | Pegasus Staging","Business Scenarios Tests","Business Insights","Dashboard smoke flow","","Health status",""
"passed","Sun Aug 09 02:52:01 UTC 2026","Sun Aug 09 02:52:01 UTC 2026","14","1.1 Team Hummingbird - BFF | WLW app","Technical Tests","user-controller","GET /public_api/user/userInfo [NEG] Missing Auth/API-Key","","GET /public_api/user/userInfo [NEG] Missing Auth/API-Key",""
"failed","Sun Aug 09 02:49:52 UTC 2026","Sun Aug 09 02:49:52 UTC 2026","79","4. Team CRM |CRM Staging","Business Scenarios Tests","Account","Dunning level 1","","Dunning level 1",""
"passed","Sun Aug 09 02:51:21 UTC 2026","Sun Aug 09 02:51:21 UTC 2026","66","1.1 Team Hummingbird - BFF | WLW app","Endpoint tests","Support","Supportmasterdata_DE","","Supportmasterdata_DE",""
"failed","Sun Aug 09 02:50:02 UTC 2026","Sun Aug 09 02:50:02 UTC 2026","58","4. Team CRM |CRM Staging","Endpoints Tests","(root)","Update WLW Connect Counters with id","","Update WLW Connect Counters with id",""
"skipped","Sun Aug 09 02:50:42 UTC 2026","Sun Aug 09 02:50:42 UTC 2026","0","7. Team Pegasus | Pegasus Staging","Endpoints Tests","Supplier Registration","WLW","","categories - Endpoints for retrieving categories",""
"failed","Sun Aug 09 02:51:39 UTC 2026","Sun Aug 09 02:51:39 UTC 2026","9","1.1 Team Hummingbird - BFF | WLW app","Technical Tests","conversation-controller","GET /public_api/conversation/userConversations/{conversationId}/file/","","GET /public_api/conversation/userConversations/{conversationId}/file/",""
"passed","Sun Aug 09 02:51:28 UTC 2026","Sun Aug 09 02:51:28 UTC 2026","43","1.1 Team Hummingbird - BFF | WLW app","Technical Tests","ai-company-search-controller","POST /public_api/search/ai/supplier/recall [NEG] Missing Auth/API-Key","","POST /public_api/search/ai/supplier/recall [NEG] Missing Auth/API-Key",""
"passed","Sun Aug 09 02:50:31 UTC 2026","Sun Aug 09 02:50:31 UTC 2026","17","1 Team Hummingbird - BFF | EP app","Endpoint tests","User settings","push-notification-by-email-controller","","push-notification-by-email-controller",""
"passed","Sun Aug 09 02:52:01 UTC 2026","Sun Aug 09 02:52:01 UTC 2026","31","1.1 Team Hummingbird - BFF | WLW app","Technical Tests","user-controller","GET /public_api/user/userInfo [NEG] Expired Token","","GET /public_api/user/userInfo [NEG] Expired Token",""
"failed","Sun Aug 09 02:51:04 UTC 2026","Sun Aug 09 02:51:04 UTC 2026","25","2 Team Dragon - BFF | RFQ Backend","Technical Tests","(root)","POST /v1/rfqs/{rfqId}/respond - Multipart Upload + Schema + Security","","POST /v1/rfqs/{rfqId}/respond - Multipart Upload + Schema + Security",""
"passed","Sun Aug 09 02:51:52 UTC 2026","Sun Aug 09 02:51:52 UTC 2026","31","1.1 Team Hummingbird - BFF | WLW app","Technical Tests","rfq-controller","POST /public_api/connect/purchaser/tenders [NEG] Forbidden Role Token","","POST /public_api/connect/purchaser/tenders [NEG] Forbidden Role Token",""
"passed","Sun Aug 09 02:51:28 UTC 2026","Sun Aug 09 02:51:28 UTC 2026","31","1.1 Team Hummingbird - BFF | WLW app","Technical Tests","ai-company-search-controller","POST /public_api/search/ai/supplier/pv-match [NEG] Forbidden Role Token","","POST /public_api/search/ai/supplier/pv-match [NEG] Forbidden Role Token",""
"passed","Sun Aug 09 02:50:33 UTC 2026","Sun Aug 09 02:50:34 UTC 2026","104","1 Team Hummingbird - BFF | EP app","Endpoint tests","Company","search company products","","search company products",""
"failed","Sun Aug 09 02:51:54 UTC 2026","Sun Aug 09 02:51:54 UTC 2026","16","1.1 Team Hummingbird - BFF | WLW app","Technical Tests","search-controller","GET /public_api/search/autoComplete","","GET /public_api/search/autoComplete",""
"failed","Sun Aug 09 02:49:51 UTC 2026","Sun Aug 09 02:49:51 UTC 2026","100","4. Team CRM |CRM Staging","Business Scenarios Tests","Contacts","Create Contact","","Create Contact",""
"passed","Sun Aug 09 02:49:59 UTC 2026","Sun Aug 09 02:49:59 UTC 2026","59","4. Team CRM |CRM Staging","Business Scenarios Tests","Meetings","Smoke Test for Meeting","","Smoke Test for Meeting",""
"failed","Sun Aug 09 02:51:56 UTC 2026","Sun Aug 09 02:51:56 UTC 2026","16","1.1 Team Hummingbird - BFF | WLW app","Technical Tests","search-controller","GET /public_api/categories/recommendations [NEG] Missing Auth/API-Key","","GET /public_api/categories/recommendations [NEG] Missing Auth/API-Key",""
"passed","Sun Aug 09 02:51:35 UTC 2026","Sun Aug 09 02:51:35 UTC 2026","31","1.1 Team Hummingbird - BFF | WLW app","Technical Tests","conversation-controller","POST /public_api/conversation/userConversations/{conversationId}/messages/{messageId}/translate [NEG] Expired Token","","POST /public_api/conversation/userConversations/{conversationId}/messages/{messageId}/translate [NEG] Expired Token",""
"passed","Sun Aug 09 02:49:52 UTC 2026","Sun Aug 09 02:49:52 UTC 2026","81","4. Team CRM |CRM Staging","Business Scenarios Tests","Contacts","Edit Contact","","Edit Contact",""
"passed","Sun Aug 09 02:51:39 UTC 2026","Sun Aug 09 02:51:39 UTC 2026","32","1.1 Team Hummingbird - BFF | WLW app","Technical Tests","currency-exchange-controller","GET /exchange/fetch-rates","","GET /exchange/fetch-rates",""
"passed","Sun Aug 09 02:49:51 UTC 2026","Sun Aug 09 02:49:51 UTC 2026","120","4. Team CRM |CRM Staging","Business Scenarios Tests","Tasks","Change  Assigned To","","Change  Assigned To",""
"failed","Sun Aug 09 02:49:52 UTC 2026","Sun Aug 09 02:49:52 UTC 2026","13","Bamboo","Functional","","","listSubCategoriesTest","list sub Categories",""
"passed","Sun Aug 09 02:51:28 UTC 2026","Sun Aug 09 02:51:28 UTC 2026","60","1.1 Team Hummingbird - BFF | WLW app","Technical Tests","ab-test-record-controller","POST /public_api/abtest/record [NEG] Forbidden Role Token","","POST /public_api/abtest/record [NEG] Forbidden Role Token",""
"passed","Sun Aug 09 02:51:53 UTC 2026","Sun Aug 09 02:51:53 UTC 2026","14","1.1 Team Hummingbird - BFF | WLW app","Technical Tests","rfq-marketing-controller","POST /public_api/rfq-marketing/trigger [NEG] Missing Auth/API-Key","","POST /public_api/rfq-marketing/trigger [NEG] Missing Auth/API-Key",""
"passed","Sun Aug 09 02:51:46 UTC 2026","Sun Aug 09 02:51:46 UTC 2026","30","1.1 Team Hummingbird - BFF | WLW app","Technical Tests","login-controller","DELETE /public_api/auth/sso/logout [NEG] Missing Auth/API-Key","","DELETE /public_api/auth/sso/logout [NEG] Missing Auth/API-Key",""
"passed","Sun Aug 09 02:51:57 UTC 2026","Sun Aug 09 02:51:57 UTC 2026","35","1.1 Team Hummingbird - BFF | WLW app","Technical Tests","search-term-controller","PUT /public_api/search/notification-opened [NEG] Expired Token","","PUT /public_api/search/notification-opened [NEG] Expired Token",""
"broken","Sun Aug 09 02:52:34 UTC 2026","Sun Aug 09 02:52:54 UTC 2026","20020","Dolphin","Functional","","","recallCountryFilterTest","AI Search recall: country filter DE",""
"passed","Sun Aug 09 02:51:46 UTC 2026","Sun Aug 09 02:51:46 UTC 2026","15","1.1 Team Hummingbird - BFF | WLW app","Technical Tests","login-controller","POST /public_api/auth/changePassword [NEG] Missing Auth/API-Key","","POST /public_api/auth/changePassword [NEG] Missing Auth/API-Key",""
"passed","Sun Aug 09 02:51:35 UTC 2026","Sun Aug 09 02:51:35 UTC 2026","31","1.1 Team Hummingbird - BFF | WLW app","Technical Tests","conversation-controller","GET /public_api/conversation/userConversations/{conversationId}/messages [SEC] Injection Probe","","GET /public_api/conversation/userConversations/{conversationId}/messages [SEC] Injection Probe",""
"failed","Sun Aug 09 02:50:02 UTC 2026","Sun Aug 09 02:50:02 UTC 2026","60","4. Team CRM |CRM Staging","Endpoints Tests","(root)","trigger a Buyer lead","","trigger a Buyer lead",""
"passed","Sun Aug 09 02:51:20 UTC 2026","Sun Aug 09 02:51:21 UTC 2026","118","1.1 Team Hummingbird - BFF | WLW app","Endpoint tests","User settings","user setting","","user setting",""
"passed","Sun Aug 09 02:51:36 UTC 2026","Sun Aug 09 02:51:36 UTC 2026","35","1.1 Team Hummingbird - BFF | WLW app","Technical Tests","conversation-controller","POST /public_api/conversation/userConversations/{conversationId}/messages/file/","","POST /public_api/conversation/userConversations/{conversationId}/messages/file/",""
"skipped","Sun Aug 09 02:50:42 UTC 2026","Sun Aug 09 02:50:42 UTC 2026","0","7. Team Pegasus | Pegasus Staging","Endpoints Tests","Shop Import & Onboarding Backend","/offers - get offers","","/offers - get offers",""
"skipped","Sun Aug 09 02:50:30 UTC 2026","Sun Aug 09 02:50:30 UTC 2026","0","1 Team Hummingbird - BFF | EP app","Business Scenario Tests","(empty)","(empty)","","Business Scenario Tests - empty",""
"passed","Sun Aug 09 02:51:37 UTC 2026","Sun Aug 09 02:51:37 UTC 2026","31","1.1 Team Hummingbird - BFF | WLW app","Technical Tests","conversation-controller","GET /public_api/conversation/userConversations [SEC] Injection Probe","","GET /public_api/conversation/userConversations [SEC] Injection Probe",""
"passed","Sun Aug 09 02:51:56 UTC 2026","Sun Aug 09 02:51:56 UTC 2026","30","1.1 Team Hummingbird - BFF | WLW app","Technical Tests","search-controller","GET /public_api/search/ai/tabChange [NEG] Expired Token","","GET /public_api/search/ai/tabChange [NEG] Expired Token",""
"failed","Sun Aug 09 02:51:53 UTC 2026","Sun Aug 09 02:51:53 UTC 2026","13","1.1 Team Hummingbird - BFF | WLW app","Technical Tests","search-controller","GET /public_api/suppliers/recommendations","","GET /public_api/suppliers/recommendations",""
"skipped","Sun Aug 09 02:50:42 UTC 2026","Sun Aug 09 02:50:42 UTC 2026","0","7. Team Pegasus | Pegasus Staging","Endpoints Tests","Supplier Registration","One Platform — User Profile API","","Get Profile by ID",""
"failed","Sun Aug 09 02:49:56 UTC 2026","Sun Aug 09 02:49:56 UTC 2026","54","4. Team CRM |CRM Staging","Business Scenarios Tests","Lead","Lead-duplicateCheck - without dupicates","","Lead-duplicateCheck - without dupicates",""
"passed","Sun Aug 09 02:50:38 UTC 2026","Sun Aug 09 02:50:38 UTC 2026","146","1 Team Hummingbird - BFF | EP app","Endpoint tests","(root)","Log out","","Log out",""
"passed","Sun Aug 09 02:51:47 UTC 2026","Sun Aug 09 02:51:47 UTC 2026","33","1.1 Team Hummingbird - BFF | WLW app","Technical Tests","login-controller","DELETE /public_api/auth/sso/logout [NEG] Forbidden Role Token","","DELETE /public_api/auth/sso/logout [NEG] Forbidden Role Token",""
"passed","Sun Aug 09 02:51:42 UTC 2026","Sun Aug 09 02:51:42 UTC 2026","31","1.1 Team Hummingbird - BFF | WLW app","Technical Tests","help-and-support-controller","POST /help [NEG] Expired Token","","POST /help [NEG] Expired Token",""
"failed","Sun Aug 09 02:51:55 UTC 2026","Sun Aug 09 02:51:55 UTC 2026","22","1.1 Team Hummingbird - BFF | WLW app","Technical Tests","search-controller","GET /public_api/search/autoComplete [NEG] Expired Token","","GET /public_api/search/autoComplete [NEG] Expired Token",""
"passed","Sun Aug 09 02:59:31 UTC 2026","Sun Aug 09 02:59:31 UTC 2026","70","Dolphin","Functional","","","EPZeroResultProductRecommendTest","Recommend products in 0 result search list page v1 -- ep",""
"passed","Sun Aug 09 02:51:21 UTC 2026","Sun Aug 09 02:51:21 UTC 2026","90","1.1 Team Hummingbird - BFF | WLW app","Endpoint tests","User settings","user setting","","user setting",""
"broken","Sun Aug 09 02:49:50 UTC 2026","Sun Aug 09 02:49:51 UTC 2026","532","Bamboo","Technical","","","findCategoryByIdTest","findCategoryById",""
"failed","Sun Aug 09 02:51:38 UTC 2026","Sun Aug 09 02:51:38 UTC 2026","13","1.1 Team Hummingbird - BFF | WLW app","Technical Tests","conversation-controller","GET /public_api/conversation/userConversations/{conversationId} [NEG] Forbidden Role Token","","GET /public_api/conversation/userConversations/{conversationId} [NEG] Forbidden Role Token",""
"skipped","Sun Aug 09 02:50:42 UTC 2026","Sun Aug 09 02:50:42 UTC 2026","0","7. Team Pegasus | Pegasus Staging","Endpoints Tests","Supplier Registration","EP","","leads/get - Get a lead",""
"passed","Sun Aug 09 02:50:34 UTC 2026","Sun Aug 09 02:50:35 UTC 2026","483","1 Team Hummingbird - BFF | EP app","Endpoint tests","Search","search companies FR","","search companies FR",""
"failed","Sun Aug 09 02:49:51 UTC 2026","Sun Aug 09 02:49:51 UTC 2026","100","4. Team CRM |CRM Staging","Business Scenarios Tests","Contacts","Create Contact","","Create Contact",""
"skipped","Sun Aug 09 02:50:42 UTC 2026","Sun Aug 09 02:50:42 UTC 2026","0","7. Team Pegasus | Pegasus Staging","Endpoints Tests","Business Insights","Sister platform","","Sister platform",""
"skipped","Sun Aug 09 02:50:42 UTC 2026","Sun Aug 09 02:50:42 UTC 2026","0","7. Team Pegasus | Pegasus Staging","Endpoints Tests","Business Insights","PGS-890 Admin company refresh","","PGS-890 Admin company refresh",""
"failed","Sun Aug 09 02:51:51 UTC 2026","Sun Aug 09 02:51:51 UTC 2026","11","1.1 Team Hummingbird - BFF | WLW app","Technical Tests","push-notification-by-email-controller","GET /v1/pushNotification [NEG] Missing Auth/API-Key","","GET /v1/pushNotification [NEG] Missing Auth/API-Key",""
"skipped","Sun Aug 09 02:50:42 UTC 2026","Sun Aug 09 02:50:42 UTC 2026","0","7. Team Pegasus | Pegasus Staging","Endpoints Tests","Supplier Registration","EP","","email/check - Validate email domain for a specified country",""
"passed","Sun Aug 09 02:50:36 UTC 2026","Sun Aug 09 02:50:36 UTC 2026","121","1 Team Hummingbird - BFF | EP app","Endpoint tests","Conversations","conversation/messages","","conversation/messages",""
"passed","Sun Aug 09 02:50:35 UTC 2026","Sun Aug 09 02:50:35 UTC 2026","483","1 Team Hummingbird - BFF | EP app","Endpoint tests","RFQ","post RFQ","","post RFQ",""
"failed","Sun Aug 09 02:51:49 UTC 2026","Sun Aug 09 02:51:49 UTC 2026","12","1.1 Team Hummingbird - BFF | WLW app","Technical Tests","purchaser-support-controller","GET /support-faq [NEG] Forbidden Role Token","","GET /support-faq [NEG] Forbidden Role Token",""
"passed","Sun Aug 09 02:59:25 UTC 2026","Sun Aug 09 02:59:27 UTC 2026","1171","Dolphin","Technical","","","productTextSearchPaidSupplierFilterTest","AI product text search recall: paid/verified supplier filter",""
"failed","Sun Aug 09 02:49:54 UTC 2026","Sun Aug 09 02:49:54 UTC 2026","45","4. Team CRM |CRM Staging","Business Scenarios Tests","Account","Create Account","","Create Account",""
"passed","Sun Aug 09 02:49:55 UTC 2026","Sun Aug 09 02:49:55 UTC 2026","69","4. Team CRM |CRM Staging","Business Scenarios Tests","Disable Hubspot","Check hubspot is false","","Check hubspot is false",""
"skipped","Sun Aug 09 02:50:42 UTC 2026","Sun Aug 09 02:50:42 UTC 2026","0","7. Team Pegasus | Pegasus Staging","Endpoints Tests","Membership Management (PGS-861)","GET — Verify UTM in supplier-facts","","GET — Verify UTM in supplier-facts",""
"failed","Sun Aug 09 02:51:29 UTC 2026","Sun Aug 09 02:51:29 UTC 2026","12","1.1 Team Hummingbird - BFF | WLW app","Technical Tests","ai-company-search-controller","GET /public_api/search/ai/company/search [NEG] Expired Token","","GET /public_api/search/ai/company/search [NEG] Expired Token",""
"failed","Sun Aug 09 02:51:29 UTC 2026","Sun Aug 09 02:51:29 UTC 2026","12","1.1 Team Hummingbird - BFF | WLW app","Technical Tests","ai-company-search-controller","GET /public_api/search/ai/company/search [SEC] Injection Probe","","GET /public_api/search/ai/company/search [SEC] Injection Probe",""
"failed","Sun Aug 09 02:50:01 UTC 2026","Sun Aug 09 02:50:01 UTC 2026","59","4. Team CRM |CRM Staging","Endpoints Tests","(root)","Update Website Leads Fields with sf_id","","Update Website Leads Fields with sf_id",""
"skipped","Sun Aug 09 02:55:48 UTC 2026","Sun Aug 09 02:55:48 UTC 2026","0","3 Team Techno - UCL","Technical Tests","Membership","GET /unified_commercial_logic/internal_api/api/membership/ - Retrieve Membership List","","GET /unified_commercial_logic/internal_api/api/membership/ - Retrieve Membership List",""
"failed","Sun Aug 09 02:51:25 UTC 2026","Sun Aug 09 02:51:25 UTC 2026","131","1.1 Team Hummingbird - BFF | WLW app","Endpoint tests","Homepage, products","product recommendations DE","","product recommendations DE",""
"failed","Sun Aug 09 02:50:35 UTC 2026","Sun Aug 09 02:50:35 UTC 2026","69","1 Team Hummingbird - BFF | EP app","Endpoint tests","Search","search track","","search track",""
"passed","Sun Aug 09 02:49:55 UTC 2026","Sun Aug 09 02:49:55 UTC 2026","61","4. Team CRM |CRM Staging","Business Scenarios Tests","Create and edit a contact","Check Contact","","Check Contact",""
"skipped","Sun Aug 09 02:55:48 UTC 2026","Sun Aug 09 02:55:48 UTC 2026","0","3 Team Techno - UCL","Technical Tests","Membership","GET /unified_commercial_logic/internal_api/api/membership/v2 - Retrieve Membership V2 List","","GET /unified_commercial_logic/internal_api/api/membership/v2 - Retrieve Membership V2 List",""
"failed","Sun Aug 09 02:51:56 UTC 2026","Sun Aug 09 02:51:56 UTC 2026","15","1.1 Team Hummingbird - BFF | WLW app","Technical Tests","search-controller","GET /public_api/products/recommendations [NEG] Forbidden Role Token","","GET /public_api/products/recommendations [NEG] Forbidden Role Token",""
"passed","Sun Aug 09 02:52:00 UTC 2026","Sun Aug 09 02:52:00 UTC 2026","31","1.1 Team Hummingbird - BFF | WLW app","Technical Tests","trending-products-controller","POST /public_api/trending/import [NEG] Forbidden Role Token","","POST /public_api/trending/import [NEG] Forbidden Role Token",""
"passed","Sun Aug 09 02:51:45 UTC 2026","Sun Aug 09 02:51:45 UTC 2026","30","1.1 Team Hummingbird - BFF | WLW app","Technical Tests","login-controller","POST /public_api/auth/password/login","","POST /public_api/auth/password/login",""
"failed","Sun Aug 09 02:51:57 UTC 2026","Sun Aug 09 02:51:57 UTC 2026","12","1.1 Team Hummingbird - BFF | WLW app","Technical Tests","search-term-controller","POST /public_api/search/track [NEG] Missing Auth/API-Key","","POST /public_api/search/track [NEG] Missing Auth/API-Key",""
"failed","Sun Aug 09 02:50:37 UTC 2026","Sun Aug 09 02:50:37 UTC 2026","36","1 Team Hummingbird - BFF | EP app","Endpoint tests","Conversations","mark as read","","mark as read",""
"failed","Sun Aug 09 02:51:48 UTC 2026","Sun Aug 09 02:51:48 UTC 2026","10","1.1 Team Hummingbird - BFF | WLW app","Technical Tests","product-controller","GET /public_api/companies/{supplierPublicId}/products","","GET /public_api/companies/{supplierPublicId}/products",""
"passed","Sun Aug 09 02:51:29 UTC 2026","Sun Aug 09 02:51:29 UTC 2026","19","1.1 Team Hummingbird - BFF | WLW app","Technical Tests","ai-company-search-controller","POST /public_api/search/ai/company/search [NEG] Missing Auth/API-Key","","POST /public_api/search/ai/company/search [NEG] Missing Auth/API-Key",""
"failed","Sun Aug 09 02:49:57 UTC 2026","Sun Aug 09 02:49:57 UTC 2026","61","4. Team CRM |CRM Staging","Business Scenarios Tests","Lead","Get a Lead","","Get a Lead",""
"failed","Sun Aug 09 02:50:00 UTC 2026","Sun Aug 09 02:50:00 UTC 2026","59","4. Team CRM |CRM Staging","Endpoints Tests","(root)","sync event to trigger the RFC lead process","","sync event to trigger the RFC lead process",""
"passed","Sun Aug 09 02:51:41 UTC 2026","Sun Aug 09 02:51:41 UTC 2026","19","1.1 Team Hummingbird - BFF | WLW app","Technical Tests","feedback-controller","POST /v1/feedback [NEG] Missing Auth/API-Key","","POST /v1/feedback [NEG] Missing Auth/API-Key",""
"passed","Sun Aug 09 02:51:28 UTC 2026","Sun Aug 09 02:51:28 UTC 2026","37","1.1 Team Hummingbird - BFF | WLW app","Technical Tests","ai-company-search-controller","POST /public_api/search/ai/supplier/pv-match","","POST /public_api/search/ai/supplier/pv-match",""
"passed","Sun Aug 09 02:51:04 UTC 2026","Sun Aug 09 02:51:04 UTC 2026","19","2 Team Dragon - BFF | RFQ Backend","Technical Tests","(root)","GET /v1/rfqs/{rfqId} - Details (Schema + Auth Orchestration)","","GET /v1/rfqs/{rfqId} - Details (Schema + Auth Orchestration)",""
"passed","Sun Aug 09 02:51:46 UTC 2026","Sun Aug 09 02:51:46 UTC 2026","15","1.1 Team Hummingbird - BFF | WLW app","Technical Tests","login-controller","POST /public_api/auth/code/resend [NEG] Missing Auth/API-Key","","POST /public_api/auth/code/resend [NEG] Missing Auth/API-Key",""
"passed","Sun Aug 09 02:51:41 UTC 2026","Sun Aug 09 02:51:41 UTC 2026","15","1.1 Team Hummingbird - BFF | WLW app","Technical Tests","euro-pages-controller","DELETE /public_api/euro-pages/auth/delete [NEG] Missing Auth/API-Key","","DELETE /public_api/euro-pages/auth/delete [NEG] Missing Auth/API-Key",""
"failed","Sun Aug 09 02:49:57 UTC 2026","Sun Aug 09 02:49:57 UTC 2026","44","4. Team CRM |CRM Staging","Business Scenarios Tests","WLW Price Compaigns","WLW_Price Compaigns","","WLW_Price Compaigns",""
"skipped","Sun Aug 09 02:55:48 UTC 2026","Sun Aug 09 02:55:48 UTC 2026","0","3 Team Techno - UCL","Technical Tests","Retargeting","GET /unified_commercial_logic/internal_api/api/retargeting - Retrieve Retargeting List","","GET /unified_commercial_logic/internal_api/api/retargeting - Retrieve Retargeting List",""
"broken","Sun Aug 09 02:53:34 UTC 2026","Sun Aug 09 02:53:54 UTC 2026","20022","Dolphin","Technical","","","recallMissingRequestIdTest","AI Search recall: missing requestId still success",""
"passed","Sun Aug 09 02:51:24 UTC 2026","Sun Aug 09 02:51:24 UTC 2026","469","1.1 Team Hummingbird - BFF | WLW app","Endpoint tests","Search","Product Search FR","","Product Search FR",""
"passed","Sun Aug 09 02:51:23 UTC 2026","Sun Aug 09 02:51:23 UTC 2026","42","1.1 Team Hummingbird - BFF | WLW app","Endpoint tests","Company","Companies / products FR","","Companies / products FR",""
"passed","Sun Aug 09 02:51:52 UTC 2026","Sun Aug 09 02:51:52 UTC 2026","31","1.1 Team Hummingbird - BFF | WLW app","Technical Tests","rfq-controller","POST /public_api/connect/purchaser/tenders/ [NEG] Missing Auth/API-Key","","POST /public_api/connect/purchaser/tenders/ [NEG] Missing Auth/API-Key",""
"passed","Sun Aug 09 02:51:58 UTC 2026","Sun Aug 09 02:51:58 UTC 2026","31","1.1 Team Hummingbird - BFF | WLW app","Technical Tests","supplier-visitors-controller","GET /public_api/suppliers/{supplier_id}/visits/{id}","","GET /public_api/suppliers/{supplier_id}/visits/{id}",""
"passed","Sun Aug 09 02:51:36 UTC 2026","Sun Aug 09 02:51:36 UTC 2026","32","1.1 Team Hummingbird - BFF | WLW app","Technical Tests","conversation-controller","POST /public_api/conversation/userConversations/{conversationId}/messages/file [NEG] Expired Token","","POST /public_api/conversation/userConversations/{conversationId}/messages/file [NEG] Expired Token",""
"passed","Sun Aug 09 02:49:54 UTC 2026","Sun Aug 09 02:49:54 UTC 2026","46","4. Team CRM |CRM Staging","Business Scenarios Tests","Account","Smoke test : Account + Contact + SAP","","Smoke test : Account + Contact + SAP",""
"passed","Sun Aug 09 02:51:31 UTC 2026","Sun Aug 09 02:51:31 UTC 2026","38","1.1 Team Hummingbird - BFF | WLW app","Technical Tests","categories-controller","GET /public_api/categories/homepage [NEG] Expired Token","","GET /public_api/categories/homepage [NEG] Expired Token",""
"skipped","Sun Aug 09 02:50:42 UTC 2026","Sun Aug 09 02:50:42 UTC 2026","0","7. Team Pegasus | Pegasus Staging","Endpoints Tests","Supplier Registration","EP","","{{supplierRegistrationBackendBaseUrlForGetRequests}}/api/business_sectors/index?lang=en&query=Biscuits",""
"passed","Sun Aug 09 02:49:53 UTC 2026","Sun Aug 09 02:49:53 UTC 2026","74","4. Team CRM |CRM Staging","Business Scenarios Tests","Account","Smoke Test Create Account with All Fields","","Smoke Test Create Account with All Fields",""
"failed","Sun Aug 09 02:51:37 UTC 2026","Sun Aug 09 02:51:37 UTC 2026","9","1.1 Team Hummingbird - BFF | WLW app","Technical Tests","conversation-controller","GET /public_api/conversation/userConversations [NEG] Forbidden Role Token","","GET /public_api/conversation/userConversations [NEG] Forbidden Role Token",""
"passed","Sun Aug 09 02:49:53 UTC 2026","Sun Aug 09 02:49:53 UTC 2026","47","4. Team CRM |CRM Staging","Business Scenarios Tests","Account","Smoke Test Basic Account Creation","","Smoke Test Basic Account Creation",""
"failed","Sun Aug 09 02:49:56 UTC 2026","Sun Aug 09 02:49:56 UTC 2026","58","4. Team CRM |CRM Staging","Business Scenarios Tests","Lead","Update a Lead","","Update a Lead",""
"skipped","Sun Aug 09 02:50:42 UTC 2026","Sun Aug 09 02:50:42 UTC 2026","0","7. Team Pegasus | Pegasus Staging","Endpoints Tests","Shop Import & Onboarding Backend","/offers/keywordSuggestion","","/offers/keywordSuggestion",""
"failed","Sun Aug 09 02:51:38 UTC 2026","Sun Aug 09 02:51:38 UTC 2026","10","1.1 Team Hummingbird - BFF | WLW app","Technical Tests","conversation-controller","GET /public_api/conversation/userConversations/{userId}/unreadCount/ [NEG] Missing Auth/API-Key","","GET /public_api/conversation/userConversations/{userId}/unreadCount/ [NEG] Missing Auth/API-Key",""
"passed","Sun Aug 09 02:51:45 UTC 2026","Sun Aug 09 02:51:45 UTC 2026","32","1.1 Team Hummingbird - BFF | WLW app","Technical Tests","login-controller","POST /public_api/auth/code/resend","","POST /public_api/auth/code/resend",""
"failed","Sun Aug 09 02:50:31 UTC 2026","Sun Aug 09 02:50:31 UTC 2026","67","1 Team Hummingbird - BFF | EP app","Endpoint tests","Login","resend code","","resend code",""
"failed","Sun Aug 09 02:51:04 UTC 2026","Sun Aug 09 02:51:04 UTC 2026","109","2 Team Dragon - BFF | RFQ Backend","Technical Tests","(root)","GET /v1/rfqs/attachments/{attachmentId} - Download + Cache + Perf","","GET /v1/rfqs/attachments/{attachmentId} - Download + Cache + Perf",""
"failed","Sun Aug 09 02:50:01 UTC 2026","Sun Aug 09 02:50:01 UTC 2026","73","4. Team CRM |CRM Staging","Endpoints Tests","(root)","trigger the Paid Media lead","","trigger the Paid Media lead",""
"passed","Sun Aug 09 02:59:32 UTC 2026","Sun Aug 09 02:59:32 UTC 2026","25","Dolphin","Functional","","","getLandingPageProductListTest","get Landing page Product List for seo",""
"passed","Sun Aug 09 02:49:51 UTC 2026","Sun Aug 09 02:49:51 UTC 2026","120","4. Team CRM |CRM Staging","Business Scenarios Tests","Tasks","Change  Assigned To","","Change  Assigned To",""
"failed","Sun Aug 09 02:50:00 UTC 2026","Sun Aug 09 02:50:00 UTC 2026","44","4. Team CRM |CRM Staging","Endpoints Tests","(root)","update SF","","update SF",""
"passed","Sun Aug 09 02:51:52 UTC 2026","Sun Aug 09 02:51:52 UTC 2026","29","1.1 Team Hummingbird - BFF | WLW app","Technical Tests","rfq-controller","POST /public_api/connect/purchaser/tenders","","POST /public_api/connect/purchaser/tenders",""
"passed","Sun Aug 09 02:51:35 UTC 2026","Sun Aug 09 02:51:35 UTC 2026","34","1.1 Team Hummingbird - BFF | WLW app","Technical Tests","conversation-controller","POST /public_api/conversation/userConversations/{conversationId}/messages/{messageId}/translate","","POST /public_api/conversation/userConversations/{conversationId}/messages/{messageId}/translate",""
"broken","Sun Aug 09 02:52:34 UTC 2026","Sun Aug 09 02:52:54 UTC 2026","20020","Dolphin","Technical","","","recallCountryFilterTest","AI Search recall: country filter DE",""
"passed","Sun Aug 09 02:50:33 UTC 2026","Sun Aug 09 02:50:33 UTC 2026","98","1 Team Hummingbird - BFF | EP app","Endpoint tests","Company","Companies / products FR","","Companies / products FR",""
"passed","Sun Aug 09 02:51:21 UTC 2026","Sun Aug 09 02:51:21 UTC 2026","18","1.1 Team Hummingbird - BFF | WLW app","Endpoint tests","Support","Support FAQ_FR","","Support FAQ_FR",""
"passed","Sun Aug 09 02:51:33 UTC 2026","Sun Aug 09 02:51:33 UTC 2026","46","1.1 Team Hummingbird - BFF | WLW app","Technical Tests","contact-form-controller","POST /public_api/contact-form/messages [NEG] Expired Token","","POST /public_api/contact-form/messages [NEG] Expired Token",""
"broken","Sun Aug 09 02:53:54 UTC 2026","Sun Aug 09 02:54:14 UTC 2026","20612","Dolphin","Technical","","","recallNoResultQueryTest","AI Search recall: no-result query (empty offers or zero total)",""
"passed","Sun Aug 09 02:59:28 UTC 2026","Sun Aug 09 02:59:29 UTC 2026","738","Dolphin","Functional","","","productTextSearchSortTest","AI product text search recall: alternate sort",""
"passed","Sun Aug 09 02:51:45 UTC 2026","Sun Aug 09 02:51:45 UTC 2026","36","1.1 Team Hummingbird - BFF | WLW app","Technical Tests","login-controller","POST /public_api/auth/code/verify [NEG] Forbidden Role Token","","POST /public_api/auth/code/verify [NEG] Forbidden Role Token",""
"passed","Sun Aug 09 02:51:49 UTC 2026","Sun Aug 09 02:51:49 UTC 2026","33","1.1 Team Hummingbird - BFF | WLW app","Technical Tests","purchaser-support-controller","GET /support-faq [SEC] Injection Probe","","GET /support-faq [SEC] Injection Probe",""
"failed","Sun Aug 09 02:51:33 UTC 2026","Sun Aug 09 02:51:33 UTC 2026","14","1.1 Team Hummingbird - BFF | WLW app","Technical Tests","conversation-controller","PUT /public_api/conversation/userConversations/{conversationId}/messages/markAsRead","","PUT /public_api/conversation/userConversations/{conversationId}/messages/markAsRead",""
"passed","Sun Aug 09 02:51:34 UTC 2026","Sun Aug 09 02:51:34 UTC 2026","30","1.1 Team Hummingbird - BFF | WLW app","Technical Tests","conversation-controller","PUT /public_api/conversation/userConversations/{conversationId}/decline [NEG] Forbidden Role Token","","PUT /public_api/conversation/userConversations/{conversationId}/decline [NEG] Forbidden Role Token",""
"passed","Sun Aug 09 02:49:58 UTC 2026","Sun Aug 09 02:49:58 UTC 2026","73","4. Team CRM |CRM Staging","Business Scenarios Tests","Contacts","Smoke test for Create Contact & Verify HubSpot Sync","","Smoke test for Create Contact & Verify HubSpot Sync",""
"passed","Sun Aug 09 02:49:59 UTC 2026","Sun Aug 09 02:49:59 UTC 2026","62","4. Team CRM |CRM Staging","Business Scenarios Tests","Cases","Smoke Test for Case Creation","","Smoke Test for Case Creation",""
"passed","Sun Aug 09 02:59:31 UTC 2026","Sun Aug 09 02:59:31 UTC 2026","106","Dolphin","Technical","","","EPOtherStoreProductRecommendTest","product other store recommend",""
"passed","Sun Aug 09 02:51:26 UTC 2026","Sun Aug 09 02:51:26 UTC 2026","94","1.1 Team Hummingbird - BFF | WLW app","Endpoint tests","Conversations","translate message","","translate message",""
"passed","Sun Aug 09 02:51:44 UTC 2026","Sun Aug 09 02:51:44 UTC 2026","33","1.1 Team Hummingbird - BFF | WLW app","Technical Tests","login-controller","POST /public_api/auth/registration [NEG] Expired Token","","POST /public_api/auth/registration [NEG] Expired Token",""
"passed","Sun Aug 09 02:51:15 UTC 2026","Sun Aug 09 02:51:15 UTC 2026","192","Arise","Technical","","","skwd","skwd",""
"passed","Sun Aug 09 02:59:25 UTC 2026","Sun Aug 09 02:59:27 UTC 2026","1171","Dolphin","Functional","","","productTextSearchPaidSupplierFilterTest","AI product text search recall: paid/verified supplier filter",""
"skipped","Sun Aug 09 02:55:48 UTC 2026","Sun Aug 09 02:55:48 UTC 2026","0","3 Team Techno - UCL","Functional Tests","Endpoint Tests","SponsoredBrand","","get active SPB by uuid",""
"passed","Sun Aug 09 02:51:59 UTC 2026","Sun Aug 09 02:51:59 UTC 2026","32","1.1 Team Hummingbird - BFF | WLW app","Technical Tests","supplier-visitors-controller","GET /public_api/suppliers/{supplier_id}/visits/{id} [NEG] Forbidden Role Token","","GET /public_api/suppliers/{supplier_id}/visits/{id} [NEG] Forbidden Role Token",""
"failed","Sun Aug 09 02:51:34 UTC 2026","Sun Aug 09 02:51:34 UTC 2026","11","1.1 Team Hummingbird - BFF | WLW app","Technical Tests","conversation-controller","GET /public_api/conversation/userConversations/{conversationId}/messages","","GET /public_api/conversation/userConversations/{conversationId}/messages",""
"failed","Sun Aug 09 02:49:52 UTC 2026","Sun Aug 09 02:49:52 UTC 2026","74","4. Team CRM |CRM Staging","Business Scenarios Tests","Account","Update Account","","Update Account",""
"passed","Sun Aug 09 02:51:45 UTC 2026","Sun Aug 09 02:51:45 UTC 2026","32","1.1 Team Hummingbird - BFF | WLW app","Technical Tests","login-controller","POST /public_api/auth/password/login [NEG] Forbidden Role Token","","POST /public_api/auth/password/login [NEG] Forbidden Role Token",""
"passed","Sun Aug 09 02:50:30 UTC 2026","Sun Aug 09 02:50:31 UTC 2026","550","1 Team Hummingbird - BFF | EP app","Endpoint tests","Login","native email login purchaser","","native email login purchaser",""
"failed","Sun Aug 09 02:51:59 UTC 2026","Sun Aug 09 02:51:59 UTC 2026","12","1.1 Team Hummingbird - BFF | WLW app","Technical Tests","supplier-visitors-controller","GET /public_api/suppliers/{supplier_id}/visits/csv [NEG] Forbidden Role Token","","GET /public_api/suppliers/{supplier_id}/visits/csv [NEG] Forbidden Role Token",""
"broken","Sun Aug 09 02:56:55 UTC 2026","Sun Aug 09 02:57:15 UTC 2026","20018","Dolphin","Technical","","","recallTopRankingScenarioTest","AI Search recall: wlw-staging.de cnc top-ranking scenario",""
"passed","Sun Aug 09 02:49:59 UTC 2026","Sun Aug 09 02:49:59 UTC 2026","59","4. Team CRM |CRM Staging","Endpoints Tests","(root)","duplicate records","","duplicate records",""
"passed","Sun Aug 09 02:49:59 UTC 2026","Sun Aug 09 02:49:59 UTC 2026","59","4. Team CRM |CRM Staging","Business Scenarios Tests","Meetings","Smoke Test for Meeting","","Smoke Test for Meeting",""
"skipped","Sun Aug 09 02:55:48 UTC 2026","Sun Aug 09 02:55:48 UTC 2026","0","3 Team Techno - UCL","Functional Tests","Endpoint Tests","Organization","","get organization for the given supplier_facts_uuid",""
"passed","Sun Aug 09 02:51:44 UTC 2026","Sun Aug 09 02:51:44 UTC 2026","34","1.1 Team Hummingbird - BFF | WLW app","Technical Tests","login-controller","POST /public_api/auth/session/extend [NEG] Expired Token","","POST /public_api/auth/session/extend [NEG] Expired Token",""
"failed","Sun Aug 09 02:51:48 UTC 2026","Sun Aug 09 02:51:48 UTC 2026","13","1.1 Team Hummingbird - BFF | WLW app","Technical Tests","product-controller","GET /public_api/companies/{supplierPublicId}/products [NEG] Missing Auth/API-Key","","GET /public_api/companies/{supplierPublicId}/products [NEG] Missing Auth/API-Key",""
"failed","Sun Aug 09 02:51:29 UTC 2026","Sun Aug 09 02:51:29 UTC 2026","11","1.1 Team Hummingbird - BFF | WLW app","Technical Tests","ai-company-search-controller","GET /public_api/search/ai/company/search [NEG] Forbidden Role Token","","GET /public_api/search/ai/company/search [NEG] Forbidden Role Token",""
"passed","Sun Aug 09 02:59:30 UTC 2026","Sun Aug 09 02:59:30 UTC 2026","720","Dolphin","Technical","","","productTextSearchTest","AI product text search recall API",""
"passed","Sun Aug 09 02:59:30 UTC 2026","Sun Aug 09 02:59:31 UTC 2026","733","Dolphin","Technical","","","productTextSearchTopRankingScenarioTest","AI product text search recall: wlw-staging cnc top-ranking scenario",""
"skipped","Sun Aug 09 02:55:48 UTC 2026","Sun Aug 09 02:55:48 UTC 2026","0","3 Team Techno - UCL","Functional Tests","Endpoint Tests","membership","","get all active membership for business_partner_id",""
"failed","Sun Aug 09 02:51:56 UTC 2026","Sun Aug 09 02:51:56 UTC 2026","14","1.1 Team Hummingbird - BFF | WLW app","Technical Tests","search-controller","GET /public_api/products/recommendations [NEG] Missing Auth/API-Key","","GET /public_api/products/recommendations [NEG] Missing Auth/API-Key",""
"passed","Sun Aug 09 02:49:53 UTC 2026","Sun Aug 09 02:49:53 UTC 2026","60","4. Team CRM |CRM Staging","Business Scenarios Tests","Account","Verify HubSpot Sync","","Verify HubSpot Sync",""
"failed","Sun Aug 09 02:51:39 UTC 2026","Sun Aug 09 02:51:39 UTC 2026","13","1.1 Team Hummingbird - BFF | WLW app","Technical Tests","conversation-controller","GET /public_api/conversation/userConversations/{conversationId}/file [NEG] Forbidden Role Token","","GET /public_api/conversation/userConversations/{conversationId}/file [NEG] Forbidden Role Token",""
"failed","Sun Aug 09 02:51:37 UTC 2026","Sun Aug 09 02:51:37 UTC 2026","10","1.1 Team Hummingbird - BFF | WLW app","Technical Tests","conversation-controller","GET /public_api/conversation/userConversations/{userId}/unreadCount [NEG] Forbidden Role Token","","GET /public_api/conversation/userConversations/{userId}/unreadCount [NEG] Forbidden Role Token",""
"passed","Sun Aug 09 02:59:28 UTC 2026","Sun Aug 09 02:59:29 UTC 2026","738","Dolphin","Technical","","","productTextSearchSortTest","AI product text search recall: alternate sort",""
"skipped","Sun Aug 09 02:50:42 UTC 2026","Sun Aug 09 02:50:42 UTC 2026","0","7. Team Pegasus | Pegasus Staging","Endpoints Tests","Shop Import & Onboarding Backend","/offers/{offerId}","","/offers/{offerId}",""
"passed","Sun Aug 09 02:51:51 UTC 2026","Sun Aug 09 02:51:51 UTC 2026","31","1.1 Team Hummingbird - BFF | WLW app","Technical Tests","purchaser-user-setting-controller","POST /userSetting [NEG] Forbidden Role Token","","POST /userSetting [NEG] Forbidden Role Token",""
"failed","Sun Aug 09 02:49:52 UTC 2026","Sun Aug 09 02:49:52 UTC 2026","60","4. Team CRM |CRM Staging","Business Scenarios Tests","Account","wlw salesorderitems link","","wlw salesorderitems link",""
"passed","Sun Aug 09 02:49:50 UTC 2026","Sun Aug 09 02:49:50 UTC 2026","99","4. Team CRM |CRM Staging","Business Scenarios Tests","Tasks","Smoke test Create task","","Smoke test Create task",""
"passed","Sun Aug 09 02:52:01 UTC 2026","Sun Aug 09 02:52:01 UTC 2026","33","1.1 Team Hummingbird - BFF | WLW app","Technical Tests","user-controller","GET /public_api/user/userInfo","","GET /public_api/user/userInfo",""
"passed","Sun Aug 09 02:51:27 UTC 2026","Sun Aug 09 02:51:30 UTC 2026","3138","1.1 Team Hummingbird - BFF | WLW app","Endpoint tests","Visitor profiler","csv get","","csv get",""
"passed","Sun Aug 09 02:51:58 UTC 2026","Sun Aug 09 02:51:58 UTC 2026","31","1.1 Team Hummingbird - BFF | WLW app","Technical Tests","search-term-controller","POST /public_api/search/track [SEC] Injection Probe","","POST /public_api/search/track [SEC] Injection Probe",""
"failed","Sun Aug 09 02:51:37 UTC 2026","Sun Aug 09 02:51:37 UTC 2026","9","1.1 Team Hummingbird - BFF | WLW app","Technical Tests","conversation-controller","GET /public_api/conversation/userConversations [NEG] Missing Auth/API-Key","","GET /public_api/conversation/userConversations [NEG] Missing Auth/API-Key",""
"passed","Sun Aug 09 02:52:00 UTC 2026","Sun Aug 09 02:52:00 UTC 2026","30","1.1 Team Hummingbird - BFF | WLW app","Technical Tests","trending-products-controller","GET /public_api/trending/notifications","","GET /public_api/trending/notifications",""
"passed","Sun Aug 09 02:49:52 UTC 2026","Sun Aug 09 02:49:52 UTC 2026","39","Bamboo","Functional","","","listTopCategoriesTest","list top Categories",""
"failed","Sun Aug 09 02:51:36 UTC 2026","Sun Aug 09 02:51:36 UTC 2026","13","1.1 Team Hummingbird - BFF | WLW app","Technical Tests","conversation-controller","GET /public_api/conversation/userConversations","","GET /public_api/conversation/userConversations",""
"failed","Sun Aug 09 02:50:00 UTC 2026","Sun Aug 09 02:50:00 UTC 2026","59","4. Team CRM |CRM Staging","Endpoints Tests","(root)","sync event to trigger the RFC lead process","","sync event to trigger the RFC lead process",""
"passed","Sun Aug 09 02:51:43 UTC 2026","Sun Aug 09 02:51:43 UTC 2026","32","1.1 Team Hummingbird - BFF | WLW app","Technical Tests","login-controller","POST /public_api/auth/sso/login","","POST /public_api/auth/sso/login",""
"failed","Sun Aug 09 02:51:52 UTC 2026","Sun Aug 09 02:51:52 UTC 2026","13","1.1 Team Hummingbird - BFF | WLW app","Technical Tests","push-notification-by-email-controller","PUT /v1/pushNotification [SEC] Injection Probe","","PUT /v1/pushNotification [SEC] Injection Probe",""
"passed","Sun Aug 09 02:51:34 UTC 2026","Sun Aug 09 02:51:34 UTC 2026","34","1.1 Team Hummingbird - BFF | WLW app","Technical Tests","conversation-controller","PUT /public_api/conversation/userConversations/{conversationId}/messages/markAsRead [SEC] Injection Probe","","PUT /public_api/conversation/userConversations/{conversationId}/messages/markAsRead [SEC] Injection Probe",""
"passed","Sun Aug 09 02:51:24 UTC 2026","Sun Aug 09 02:51:24 UTC 2026","155","1.1 Team Hummingbird - BFF | WLW app","Endpoint tests","Homepage, products","trending products","","trending products",""
"passed","Sun Aug 09 02:59:24 UTC 2026","Sun Aug 09 02:59:25 UTC 2026","700","Dolphin","Technical","","","productTextSearchPageSizeZeroTest","AI product text search recall: pageSize=0 normalized to default",""
"skipped","Sun Aug 09 02:55:48 UTC 2026","Sun Aug 09 02:55:48 UTC 2026","0","3 Team Techno - UCL","Functional Tests","Endpoint Tests","GoogleAd","","get active googleAd for the given uuid",""
"failed","Sun Aug 09 02:50:02 UTC 2026","Sun Aug 09 02:50:02 UTC 2026","60","4. Team CRM |CRM Staging","Endpoints Tests","(root)","trigger a Buyer lead","","trigger a Buyer lead",""
"skipped","Sun Aug 09 02:55:48 UTC 2026","Sun Aug 09 02:55:48 UTC 2026","0","3 Team Techno - UCL","Technical Tests","Membership","GET /unified_commercial_logic/internal_api/api/membership/find_by_id/{id} - Retrieve Membership By ID","","GET /unified_commercial_logic/internal_api/api/membership/find_by_id/{id} - Retrieve Membership By ID",""
"passed","Sun Aug 09 02:51:45 UTC 2026","Sun Aug 09 02:51:45 UTC 2026","40","1.1 Team Hummingbird - BFF | WLW app","Technical Tests","login-controller","POST /public_api/auth/password/login [NEG] Expired Token","","POST /public_api/auth/password/login [NEG] Expired Token",""
"failed","Sun Aug 09 02:51:54 UTC 2026","Sun Aug 09 02:51:54 UTC 2026","11","1.1 Team Hummingbird - BFF | WLW app","Technical Tests","search-controller","GET /public_api/search [NEG] Expired Token","","GET /public_api/search [NEG] Expired Token",""
"passed","Sun Aug 09 02:51:52 UTC 2026","Sun Aug 09 02:51:52 UTC 2026","34","1.1 Team Hummingbird - BFF | WLW app","Technical Tests","rfq-controller","POST /public_api/connect/purchaser/tenders/","","POST /public_api/connect/purchaser/tenders/",""
"failed","Sun Aug 09 02:51:53 UTC 2026","Sun Aug 09 02:51:53 UTC 2026","12","1.1 Team Hummingbird - BFF | WLW app","Technical Tests","search-controller","GET /public_api/suppliers/recommendations [NEG] Missing Auth/API-Key","","GET /public_api/suppliers/recommendations [NEG] Missing Auth/API-Key",""
"failed","Sun Aug 09 02:50:00 UTC 2026","Sun Aug 09 02:50:00 UTC 2026","73","4. Team CRM |CRM Staging","Endpoints Tests","(root)","get responsible user","","get responsible user",""
"failed","Sun Aug 09 02:51:22 UTC 2026","Sun Aug 09 02:51:22 UTC 2026","27","1.1 Team Hummingbird - BFF | WLW app","Endpoint tests","Company","Company ID FR","","Company ID FR",""
"passed","Sun Aug 09 02:51:49 UTC 2026","Sun Aug 09 02:51:49 UTC 2026","18","1.1 Team Hummingbird - BFF | WLW app","Technical Tests","purchaser-user-setting-controller","POST /userSetting/ [NEG] Missing Auth/API-Key","","POST /userSetting/ [NEG] Missing Auth/API-Key",""
"passed","Sun Aug 09 02:51:21 UTC 2026","Sun Aug 09 02:51:21 UTC 2026","64","1.1 Team Hummingbird - BFF | WLW app","Endpoint tests","User settings","user setting","","user setting",""
"passed","Sun Aug 09 02:49:55 UTC 2026","Sun Aug 09 02:49:55 UTC 2026","61","4. Team CRM |CRM Staging","Business Scenarios Tests","Create and edit a contact","Edit contact","","Edit contact",""
"broken","Sun Aug 09 02:56:35 UTC 2026","Sun Aug 09 02:56:55 UTC 2026","20018","Dolphin","Functional","","","recallTest","AI Search recall (supplierTextSearch) API using params from inference",""
"passed","Sun Aug 09 02:51:42 UTC 2026","Sun Aug 09 02:51:42 UTC 2026","29","1.1 Team Hummingbird - BFF | WLW app","Technical Tests","feedback-controller","POST /feedback [NEG] Expired Token","","POST /feedback [NEG] Expired Token",""
"passed","Sun Aug 09 02:59:27 UTC 2026","Sun Aug 09 02:59:28 UTC 2026","1224","Dolphin","Technical","","","productTextSearchSecondPageTest","AI product text search recall: pagination page 2",""
"failed","Sun Aug 09 02:52:00 UTC 2026","Sun Aug 09 02:52:00 UTC 2026","15","1.1 Team Hummingbird - BFF | WLW app","Technical Tests","trending-products-controller","GET /public_api/trending/products [NEG] Forbidden Role Token","","GET /public_api/trending/products [NEG] Forbidden Role Token",""
"failed","Sun Aug 09 02:51:32 UTC 2026","Sun Aug 09 02:51:32 UTC 2026","15","1.1 Team Hummingbird - BFF | WLW app","Technical Tests","company-controller","GET /public_api/company [NEG] Expired Token","","GET /public_api/company [NEG] Expired Token",""
"failed","Sun Aug 09 02:51:22 UTC 2026","Sun Aug 09 02:51:22 UTC 2026","40","1.1 Team Hummingbird - BFF | WLW app","Endpoint tests","Company","Company ID DE","","Company ID DE",""
"passed","Sun Aug 09 02:49:55 UTC 2026","Sun Aug 09 02:49:55 UTC 2026","69","4. Team CRM |CRM Staging","Business Scenarios Tests","Disable Hubspot","Check hubspot is false","","Check hubspot is false",""
"skipped","Sun Aug 09 02:50:42 UTC 2026","Sun Aug 09 02:50:42 UTC 2026","0","7. Team Pegasus | Pegasus Staging","Endpoints Tests","Shop Import & Onboarding Backend","/offers/topCategories","","/offers/topCategories",""
"passed","Sun Aug 09 02:50:34 UTC 2026","Sun Aug 09 02:50:35 UTC 2026","426","1 Team Hummingbird - BFF | EP app","Endpoint tests","Search","Product Search DE","","Product Search DE",""
"failed","Sun Aug 09 02:51:50 UTC 2026","Sun Aug 09 02:51:50 UTC 2026","10","1.1 Team Hummingbird - BFF | WLW app","Technical Tests","purchaser-user-setting-controller","GET /userSetting [NEG] Missing Auth/API-Key","","GET /userSetting [NEG] Missing Auth/API-Key",""
"skipped","Sun Aug 09 02:50:42 UTC 2026","Sun Aug 09 02:50:42 UTC 2026","0","7. Team Pegasus | Pegasus Staging","Endpoints Tests","Supplier Facts (CPP)","Supplier Facts","","Supplier Facts",""
"passed","Sun Aug 09 02:51:50 UTC 2026","Sun Aug 09 02:51:50 UTC 2026","16","1.1 Team Hummingbird - BFF | WLW app","Technical Tests","purchaser-user-setting-controller","POST /userSetting [NEG] Missing Auth/API-Key","","POST /userSetting [NEG] Missing Auth/API-Key",""
"failed","Sun Aug 09 02:50:03 UTC 2026","Sun Aug 09 02:50:03 UTC 2026","45","4. Team CRM |CRM Staging","Endpoints Tests","(root)","resolve individual id bulk","","resolve individual id bulk",""
"failed","Sun Aug 09 02:51:49 UTC 2026","Sun Aug 09 02:51:49 UTC 2026","12","1.1 Team Hummingbird - BFF | WLW app","Technical Tests","purchaser-support-controller","GET /support-faq [NEG] Expired Token","","GET /support-faq [NEG] Expired Token",""
"failed","Sun Aug 09 02:49:54 UTC 2026","Sun Aug 09 02:49:54 UTC 2026","45","4. Team CRM |CRM Staging","Business Scenarios Tests","Account","Create Account","","Create Account",""
"failed","Sun Aug 09 02:51:55 UTC 2026","Sun Aug 09 02:51:55 UTC 2026","15","1.1 Team Hummingbird - BFF | WLW app","Technical Tests","search-controller","GET /public_api/search/ai/termRecommend [SEC] Injection Probe","","GET /public_api/search/ai/termRecommend [SEC] Injection Probe",""
"passed","Sun Aug 09 02:51:42 UTC 2026","Sun Aug 09 02:51:42 UTC 2026","31","1.1 Team Hummingbird - BFF | WLW app","Technical Tests","feedback-controller","POST /feedback [NEG] Forbidden Role Token","","POST /feedback [NEG] Forbidden Role Token",""
"passed","Sun Aug 09 02:50:34 UTC 2026","Sun Aug 09 02:50:34 UTC 2026","205","1 Team Hummingbird - BFF | EP app","Endpoint tests","Company","branchIO dynamic link, share CPP","","branchIO dynamic link, share CPP",""
"passed","Sun Aug 09 02:51:49 UTC 2026","Sun Aug 09 02:51:49 UTC 2026","32","1.1 Team Hummingbird - BFF | WLW app","Technical Tests","purchaser-user-setting-controller","PUT /userSetting/{id} [NEG] Expired Token","","PUT /userSetting/{id} [NEG] Expired Token",""
"passed","Sun Aug 09 02:51:36 UTC 2026","Sun Aug 09 02:51:36 UTC 2026","14","1.1 Team Hummingbird - BFF | WLW app","Technical Tests","conversation-controller","POST /public_api/conversation/userConversations/{conversationId}/messages/file [NEG] Missing Auth/API-Key","","POST /public_api/conversation/userConversations/{conversationId}/messages/file [NEG] Missing Auth/API-Key",""
"passed","Sun Aug 09 02:51:36 UTC 2026","Sun Aug 09 02:51:36 UTC 2026","30","1.1 Team Hummingbird - BFF | WLW app","Technical Tests","conversation-controller","POST /public_api/conversation/userConversations/{conversationId}/messages/{messageId}/translate [NEG] Forbidden Role Token","","POST /public_api/conversation/userConversations/{conversationId}/messages/{messageId}/translate [NEG] Forbidden Role Token",""
"failed","Sun Aug 09 02:49:57 UTC 2026","Sun Aug 09 02:49:57 UTC 2026","44","4. Team CRM |CRM Staging","Business Scenarios Tests","WLW Price Compaigns","WLW_Price Compaigns","","WLW_Price Compaigns",""
"passed","Sun Aug 09 02:51:41 UTC 2026","Sun Aug 09 02:51:41 UTC 2026","32","1.1 Team Hummingbird - BFF | WLW app","Technical Tests","feedback-controller","POST /v1/feedback","","POST /v1/feedback",""
"passed","Sun Aug 09 02:51:29 UTC 2026","Sun Aug 09 02:51:29 UTC 2026","32","1.1 Team Hummingbird - BFF | WLW app","Technical Tests","ai-company-search-controller","POST /public_api/search/ai/company/search","","POST /public_api/search/ai/company/search",""
"passed","Sun Aug 09 02:52:01 UTC 2026","Sun Aug 09 02:52:01 UTC 2026","33","1.1 Team Hummingbird - BFF | WLW app","Technical Tests","user-controller","GET /public_api/user/userInfo [NEG] Forbidden Role Token","","GET /public_api/user/userInfo [NEG] Forbidden Role Token",""
"failed","Sun Aug 09 02:51:55 UTC 2026","Sun Aug 09 02:51:55 UTC 2026","13","1.1 Team Hummingbird - BFF | WLW app","Technical Tests","search-controller","GET /public_api/search/autoComplete [NEG] Forbidden Role Token","","GET /public_api/search/autoComplete [NEG] Forbidden Role Token",""
"failed","Sun Aug 09 02:51:56 UTC 2026","Sun Aug 09 02:51:56 UTC 2026","13","1.1 Team Hummingbird - BFF | WLW app","Technical Tests","search-controller","GET /public_api/categories/recommendations","","GET /public_api/categories/recommendations",""
"failed","Sun Aug 09 02:51:27 UTC 2026","Sun Aug 09 02:51:27 UTC 2026","104","1.1 Team Hummingbird - BFF | WLW app","Endpoint tests","Conversations","Decline RFQ","","Decline RFQ",""
"skipped","Sun Aug 09 02:55:48 UTC 2026","Sun Aug 09 02:55:48 UTC 2026","0","3 Team Techno - UCL","Technical Tests","TopRanking","GET /unified_commercial_logic/internal_api/api/top_ranking_v1 - Retrieve TopRankingV1 List","","GET /unified_commercial_logic/internal_api/api/top_ranking_v1 - Retrieve TopRankingV1 List",""
"broken","Sun Aug 09 02:49:51 UTC 2026","Sun Aug 09 02:49:52 UTC 2026","553","Bamboo","Functional","","","leafCategoryPredictTest","leafCategoryPredict",""
"passed","Sun Aug 09 02:59:23 UTC 2026","Sun Aug 09 02:59:24 UTC 2026","1296","Dolphin","Technical","","","productTextSearchPageSizeCapTest","AI product text search recall: pageSize over max capped",""
"passed","Sun Aug 09 02:52:01 UTC 2026","Sun Aug 09 02:52:01 UTC 2026","54","1.1 Team Hummingbird - BFF | WLW app","Technical Tests","user-controller","PUT /public_api/user/userInfo [NEG] Forbidden Role Token","","PUT /public_api/user/userInfo [NEG] Forbidden Role Token",""
"passed","Sun Aug 09 02:50:36 UTC 2026","Sun Aug 09 02:50:39 UTC 2026","3258","1 Team Hummingbird - BFF | EP app","Endpoint tests","Conversations","user conversations","","user conversations",""
"skipped","Sun Aug 09 02:50:42 UTC 2026","Sun Aug 09 02:50:42 UTC 2026","0","7. Team Pegasus | Pegasus Staging","Business Scenarios Tests","Business Insights","Dashboard smoke flow","","Traffic",""
"failed","Sun Aug 09 02:49:56 UTC 2026","Sun Aug 09 02:49:56 UTC 2026","47","4. Team CRM |CRM Staging","Business Scenarios Tests","Lead","Create a  lead","","Create a  lead",""
"broken","Sun Aug 09 02:54:54 UTC 2026","Sun Aug 09 02:55:14 UTC 2026","20016","Dolphin","Technical","","","recallPageZeroNormalizedTest","AI Search recall: page=0 normalized, still success",""
"failed","Sun Aug 09 02:51:47 UTC 2026","Sun Aug 09 02:51:47 UTC 2026","10","1.1 Team Hummingbird - BFF | WLW app","Technical Tests","product-controller","GET /public_api/products [NEG] Missing Auth/API-Key","","GET /public_api/products [NEG] Missing Auth/API-Key",""
"passed","Sun Aug 09 02:59:31 UTC 2026","Sun Aug 09 02:59:31 UTC 2026","79","Dolphin","Technical","","","EPSameStoreProductRecommendTest","product same store recommend -- ep",""
"passed","Sun Aug 09 02:49:59 UTC 2026","Sun Aug 09 02:49:59 UTC 2026","45","4. Team CRM |CRM Staging","Endpoints Tests","Accounts","Get Account Information","","Get Account Information",""
"passed","Sun Aug 09 02:50:31 UTC 2026","Sun Aug 09 02:50:31 UTC 2026","109","1 Team Hummingbird - BFF | EP app","Endpoint tests","User settings","user setting","","user setting",""
"skipped","Sun Aug 09 02:55:48 UTC 2026","Sun Aug 09 02:55:48 UTC 2026","0","3 Team Techno - UCL","Technical Tests","Membership","GET /unified_commercial_logic/internal_api/api/membership/platform-profile-status/{sfuuid} - getStatus By SFUUID","","GET /unified_commercial_logic/internal_api/api/membership/platform-profile-status/{sfuuid} - getStatus By SFUUID",""
"failed","Sun Aug 09 02:51:25 UTC 2026","Sun Aug 09 02:51:25 UTC 2026","257","1.1 Team Hummingbird - BFF | WLW app","Endpoint tests","Contact request","Other request","","Other request",""
"failed","Sun Aug 09 02:49:57 UTC 2026","Sun Aug 09 02:49:57 UTC 2026","58","4. Team CRM |CRM Staging","Business Scenarios Tests","Lead","Update a Lead","","Update a Lead",""
"failed","Sun Aug 09 02:51:30 UTC 2026","Sun Aug 09 02:51:30 UTC 2026","13","1.1 Team Hummingbird - BFF | WLW app","Technical Tests","categories-controller","PUT /preferred/categories [NEG] Missing Auth/API-Key","","PUT /preferred/categories [NEG] Missing Auth/API-Key",""
"passed","Sun Aug 09 02:51:52 UTC 2026","Sun Aug 09 02:51:52 UTC 2026","36","1.1 Team Hummingbird - BFF | WLW app","Technical Tests","rfq-marketing-controller","POST /public_api/rfq-marketing/trigger","","POST /public_api/rfq-marketing/trigger",""
"passed","Sun Aug 09 02:51:23 UTC 2026","Sun Aug 09 02:51:23 UTC 2026","64","1.1 Team Hummingbird - BFF | WLW app","Endpoint tests","Company","search company products","","search company products",""
"passed","Sun Aug 09 02:51:45 UTC 2026","Sun Aug 09 02:51:45 UTC 2026","31","1.1 Team Hummingbird - BFF | WLW app","Technical Tests","login-controller","POST /public_api/auth/code/verify","","POST /public_api/auth/code/verify",""
"passed","Sun Aug 09 02:51:52 UTC 2026","Sun Aug 09 02:51:52 UTC 2026","32","1.1 Team Hummingbird - BFF | WLW app","Technical Tests","rfq-controller","POST /public_api/connect/purchaser/tenders/ [NEG] Expired Token","","POST /public_api/connect/purchaser/tenders/ [NEG] Expired Token",""
"skipped","Sun Aug 09 02:50:42 UTC 2026","Sun Aug 09 02:50:42 UTC 2026","0","7. Team Pegasus | Pegasus Staging","Spike | Profiles link user to company","(root)","10 MANUAL — company-editor basic-info (browser)","","10 MANUAL — company-editor basic-info (browser)",""
"failed","Sun Aug 09 02:51:25 UTC 2026","Sun Aug 09 02:51:25 UTC 2026","406","1.1 Team Hummingbird - BFF | WLW app","Endpoint tests","Contact request","Callback request","","Callback request",""
"skipped","Sun Aug 09 02:50:42 UTC 2026","Sun Aug 09 02:50:42 UTC 2026","0","7. Team Pegasus | Pegasus Staging","Business Scenarios Tests","Visitors","Statistics visitor drill-down","","Visitor details",""
"passed","Sun Aug 09 02:51:28 UTC 2026","Sun Aug 09 02:51:28 UTC 2026","43","1.1 Team Hummingbird - BFF | WLW app","Technical Tests","ai-company-search-controller","POST /public_api/search/ai/supplier/pv-match [NEG] Missing Auth/API-Key","","POST /public_api/search/ai/supplier/pv-match [NEG] Missing Auth/API-Key",""
"passed","Sun Aug 09 02:51:03 UTC 2026","Sun Aug 09 02:51:03 UTC 2026","34","2 Team Dragon - BFF | RFQ Backend","Functional Tests","(root)","GET /v1/categories - Success","","GET /v1/categories - Success",""
"skipped","Sun Aug 09 02:50:42 UTC 2026","Sun Aug 09 02:50:42 UTC 2026","0","7. Team Pegasus | Pegasus Staging","Endpoints Tests","Shop Import & Onboarding Backend","offers/subCategories","","offers/subCategories",""
"failed","Sun Aug 09 02:51:53 UTC 2026","Sun Aug 09 02:51:53 UTC 2026","12","1.1 Team Hummingbird - BFF | WLW app","Technical Tests","search-controller","GET /public_api/search [NEG] Missing Auth/API-Key","","GET /public_api/search [NEG] Missing Auth/API-Key",""
"passed","Sun Aug 09 02:50:32 UTC 2026","Sun Aug 09 02:50:32 UTC 2026","20","1 Team Hummingbird - BFF | EP app","Endpoint tests","Support","Supportmasterdata_EN","","Supportmasterdata_EN",""
"passed","Sun Aug 09 02:51:31 UTC 2026","Sun Aug 09 02:51:31 UTC 2026","47","1.1 Team Hummingbird - BFF | WLW app","Technical Tests","categories-controller","GET /public_api/categories/homepage","","GET /public_api/categories/homepage",""
"passed","Sun Aug 09 02:51:45 UTC 2026","Sun Aug 09 02:51:45 UTC 2026","34","1.1 Team Hummingbird - BFF | WLW app","Technical Tests","login-controller","POST /public_api/auth/registration [NEG] Forbidden Role Token","","POST /public_api/auth/registration [NEG] Forbidden Role Token",""
"skipped","Sun Aug 09 02:55:48 UTC 2026","Sun Aug 09 02:55:48 UTC 2026","0","3 Team Techno - UCL","Technical Tests","GoogleAd","GET /unified_commercial_logic/internal_api/api/google_ad/ - Retrieve GoogleAd List","","GET /unified_commercial_logic/internal_api/api/google_ad/ - Retrieve GoogleAd List",""
"failed","Sun Aug 09 02:51:25 UTC 2026","Sun Aug 09 02:51:25 UTC 2026","216","1.1 Team Hummingbird - BFF | WLW app","Endpoint tests","Contact request","QDR request","","QDR request",""
"failed","Sun Aug 09 02:51:31 UTC 2026","Sun Aug 09 02:51:31 UTC 2026","16","1.1 Team Hummingbird - BFF | WLW app","Technical Tests","categories-controller","PUT /preferred/categories [NEG] Forbidden Role Token","","PUT /preferred/categories [NEG] Forbidden Role Token",""
"passed","Sun Aug 09 02:51:22 UTC 2026","Sun Aug 09 02:51:22 UTC 2026","17","1.1 Team Hummingbird - BFF | WLW app","Endpoint tests","Mobile_Feedback","Feedback Subject_EN","","Feedback Subject_EN",""
"passed","Sun Aug 09 02:51:33 UTC 2026","Sun Aug 09 02:51:33 UTC 2026","36","1.1 Team Hummingbird - BFF | WLW app","Technical Tests","conversation-controller","PUT /public_api/conversation/userConversations/{conversationId}/tag","","PUT /public_api/conversation/userConversations/{conversationId}/tag",""
"passed","Sun Aug 09 02:51:22 UTC 2026","Sun Aug 09 02:51:22 UTC 2026","18","1.1 Team Hummingbird - BFF | WLW app","Endpoint tests","Mobile_Feedback","Feedback Subject_FR","","Feedback Subject_FR",""
"skipped","Sun Aug 09 02:50:42 UTC 2026","Sun Aug 09 02:50:42 UTC 2026","0","7. Team Pegasus | Pegasus Staging","Business Scenarios Tests","Supplier Registration","EP - Lead create and update","","leads - Create a lead",""
"failed","Sun Aug 09 02:51:54 UTC 2026","Sun Aug 09 02:51:54 UTC 2026","14","1.1 Team Hummingbird - BFF | WLW app","Technical Tests","search-controller","GET /public_api/search/autoComplete [NEG] Missing Auth/API-Key","","GET /public_api/search/autoComplete [NEG] Missing Auth/API-Key",""
"passed","Sun Aug 09 02:59:33 UTC 2026","Sun Aug 09 02:59:33 UTC 2026","68","Dolphin","Technical","","","zeroResultProductRecommendTest","Recommend products in 0 result search list page v1 -- wlw",""
"passed","Sun Aug 09 02:49:50 UTC 2026","Sun Aug 09 02:49:51 UTC 2026","94","4. Team CRM |CRM Staging","Business Scenarios Tests","Tasks","Check Task","","Check Task",""
"broken","Sun Aug 09 02:49:52 UTC 2026","Sun Aug 09 02:50:13 UTC 2026","20976","Dolphin","Technical","","","inferenceEmptySearchTextTest","AI Search inference: empty searchText still streams",""
"broken","Sun Aug 09 02:51:53 UTC 2026","Sun Aug 09 02:52:14 UTC 2026","20652","Dolphin","Functional","","","recallAlternateSortTest","AI Search recall: alternate sort (order_num_desc)",""
"passed","Sun Aug 09 02:50:32 UTC 2026","Sun Aug 09 02:50:32 UTC 2026","20","1 Team Hummingbird - BFF | EP app","Endpoint tests","Mobile_Feedback","Feedback Subject_DE","","Feedback Subject_DE",""
"skipped","Sun Aug 09 02:50:42 UTC 2026","Sun Aug 09 02:50:42 UTC 2026","0","7. Team Pegasus | Pegasus Staging","Spike | Profiles link user to company","(root)","06 PATCH — Link company to profile","","06 PATCH — Link company to profile",""
"passed","Sun Aug 09 02:51:04 UTC 2026","Sun Aug 09 02:51:04 UTC 2026","5","2 Team Dragon - BFF | RFQ Backend","Functional Tests","(root)","Assertions Summary (Doc)","","Assertions Summary (Doc)",""
"passed","Sun Aug 09 02:51:31 UTC 2026","Sun Aug 09 02:51:31 UTC 2026","33","1.1 Team Hummingbird - BFF | WLW app","Technical Tests","categories-controller","GET /public_api/categories/homepage [NEG] Forbidden Role Token","","GET /public_api/categories/homepage [NEG] Forbidden Role Token",""
"passed","Sun Aug 09 02:51:40 UTC 2026","Sun Aug 09 02:51:40 UTC 2026","34","1.1 Team Hummingbird - BFF | WLW app","Technical Tests","dynamic-links-controller","POST /public_api/branchio/dynamiclink [NEG] Forbidden Role Token","","POST /public_api/branchio/dynamiclink [NEG] Forbidden Role Token",""
"skipped","Sun Aug 09 02:50:42 UTC 2026","Sun Aug 09 02:50:42 UTC 2026","0","7. Team Pegasus | Pegasus Staging","Endpoints Tests","Business Insights","Graph","","Graph",""
"passed","Sun Aug 09 02:52:01 UTC 2026","Sun Aug 09 02:52:01 UTC 2026","30","1.1 Team Hummingbird - BFF | WLW app","Technical Tests","user-controller","PUT /public_api/user/userInfo [NEG] Expired Token","","PUT /public_api/user/userInfo [NEG] Expired Token",""
"failed","Sun Aug 09 02:50:31 UTC 2026","Sun Aug 09 02:50:31 UTC 2026","61","1 Team Hummingbird - BFF | EP app","Endpoint tests","Login","extend session","","extend session",""
"passed","Sun Aug 09 02:59:33 UTC 2026","Sun Aug 09 02:59:33 UTC 2026","76","Dolphin","Technical","","","sameStoreProductRecommendTest","product same store recommend -- wlw",""
"passed","Sun Aug 09 02:51:43 UTC 2026","Sun Aug 09 02:51:43 UTC 2026","33","1.1 Team Hummingbird - BFF | WLW app","Technical Tests","inside-business-controller","GET /public_api/inside_business [NEG] Forbidden Role Token","","GET /public_api/inside_business [NEG] Forbidden Role Token",""
"passed","Sun Aug 09 02:51:43 UTC 2026","Sun Aug 09 02:51:43 UTC 2026","34","1.1 Team Hummingbird - BFF | WLW app","Technical Tests","inside-business-controller","GET /public_api/inside_business [NEG] Expired Token","","GET /public_api/inside_business [NEG] Expired Token",""
"failed","Sun Aug 09 02:51:37 UTC 2026","Sun Aug 09 02:51:37 UTC 2026","12","1.1 Team Hummingbird - BFF | WLW app","Technical Tests","conversation-controller","GET /public_api/conversation/userConversations [NEG] Expired Token","","GET /public_api/conversation/userConversations [NEG] Expired Token",""
"passed","Sun Aug 09 02:49:58 UTC 2026","Sun Aug 09 02:49:58 UTC 2026","73","4. Team CRM |CRM Staging","Business Scenarios Tests","Contacts","Smoke test for Create Contact & Verify HubSpot Sync","","Smoke test for Create Contact & Verify HubSpot Sync",""
"skipped","Sun Aug 09 02:55:48 UTC 2026","Sun Aug 09 02:55:48 UTC 2026","0","3 Team Techno - UCL","Technical Tests","Membership","GET /unified_commercial_logic/internal_api/api/membership/{id} - Retrieve Membership fields By ID","","GET /unified_commercial_logic/internal_api/api/membership/{id} - Retrieve Membership fields By ID",""
"broken","Sun Aug 09 02:57:56 UTC 2026","Sun Aug 09 02:58:16 UTC 2026","20022","Dolphin","Technical","","","termRecommendNoMockTest","AI Search term recommend API without mock",""
"failed","Sun Aug 09 02:51:32 UTC 2026","Sun Aug 09 02:51:32 UTC 2026","14","1.1 Team Hummingbird - BFF | WLW app","Technical Tests","company-controller","GET /public_api/company [SEC] Injection Probe","","GET /public_api/company [SEC] Injection Probe",""
"skipped","Sun Aug 09 02:50:42 UTC 2026","Sun Aug 09 02:50:42 UTC 2026","0","7. Team Pegasus | Pegasus Staging","Business Scenarios Tests","Supplier Registration","EP - Lead create and update","","leads/{lead_id} - Update a lead",""
"broken","Sun Aug 09 02:56:35 UTC 2026","Sun Aug 09 02:56:55 UTC 2026","20018","Dolphin","Technical","","","recallTest","AI Search recall (supplierTextSearch) API using params from inference",""
"failed","Sun Aug 09 02:51:51 UTC 2026","Sun Aug 09 02:51:51 UTC 2026","13","1.1 Team Hummingbird - BFF | WLW app","Technical Tests","push-notification-by-email-controller","GET /v1/pushNotification","","GET /v1/pushNotification",""
"passed","Sun Aug 09 02:59:33 UTC 2026","Sun Aug 09 02:59:33 UTC 2026","80","Dolphin","Technical","","","otherStoreProductRecommendTest","similar products recommend -- wlw pdp",""
"skipped","Sun Aug 09 02:55:48 UTC 2026","Sun Aug 09 02:55:48 UTC 2026","0","3 Team Techno - UCL","Technical Tests","SponsoredBrand","GET /unified_commercial_logic/internal_api/api/sponsored_brand_v1/ - Retrieve SponsoredBrandV1 List","","GET /unified_commercial_logic/internal_api/api/sponsored_brand_v1/ - Retrieve SponsoredBrandV1 List",""
"failed","Sun Aug 09 02:49:54 UTC 2026","Sun Aug 09 02:49:54 UTC 2026","65","4. Team CRM |CRM Staging","Business Scenarios Tests","Feedback","Trigger Feedback","","Trigger Feedback",""
"passed","Sun Aug 09 02:51:33 UTC 2026","Sun Aug 09 02:51:33 UTC 2026","19","1.1 Team Hummingbird - BFF | WLW app","Technical Tests","conversation-controller","PUT /public_api/conversation/userConversations/{conversationId}/tag [NEG] Missing Auth/API-Key","","PUT /public_api/conversation/userConversations/{conversationId}/tag [NEG] Missing Auth/API-Key",""
"failed","Sun Aug 09 02:52:00 UTC 2026","Sun Aug 09 02:52:00 UTC 2026","13","1.1 Team Hummingbird - BFF | WLW app","Technical Tests","trending-products-controller","GET /public_api/trending/products","","GET /public_api/trending/products",""
"passed","Sun Aug 09 02:51:03 UTC 2026","Sun Aug 09 02:51:04 UTC 2026","584","2 Team Dragon - BFF | RFQ Backend","Functional Tests","(root)","GET /v1/rfqs - Success","","GET /v1/rfqs - Success",""
"passed","Sun Aug 09 02:49:54 UTC 2026","Sun Aug 09 02:49:54 UTC 2026","63","4. Team CRM |CRM Staging","Business Scenarios Tests","Account","Contact for Account","","Contact for Account",""
"skipped","Sun Aug 09 02:55:48 UTC 2026","Sun Aug 09 02:55:48 UTC 2026","0","3 Team Techno - UCL","Technical Tests","WebsiteLead","GET /unified_commercial_logic/internal_api/api/website_lead - Retrieve WebsiteLead List","","GET /unified_commercial_logic/internal_api/api/website_lead - Retrieve WebsiteLead List",""
"passed","Sun Aug 09 02:51:29 UTC 2026","Sun Aug 09 02:51:29 UTC 2026","36","1.1 Team Hummingbird - BFF | WLW app","Technical Tests","ai-company-search-controller","POST /public_api/search/ai/company/search [NEG] Forbidden Role Token","","POST /public_api/search/ai/company/search [NEG] Forbidden Role Token",""
"passed","Sun Aug 09 02:49:57 UTC 2026","Sun Aug 09 02:49:57 UTC 2026","63","4. Team CRM |CRM Staging","Business Scenarios Tests","Lead","Smoke test for Conversion","","Smoke test for Conversion",""
"failed","Sun Aug 09 02:51:37 UTC 2026","Sun Aug 09 02:51:37 UTC 2026","10","1.1 Team Hummingbird - BFF | WLW app","Technical Tests","conversation-controller","GET /public_api/conversation/userConversations/{userId}/unreadCount [NEG] Missing Auth/API-Key","","GET /public_api/conversation/userConversations/{userId}/unreadCount [NEG] Missing Auth/API-Key",""
"broken","Sun Aug 09 02:50:13 UTC 2026","Sun Aug 09 02:50:33 UTC 2026","20021","Dolphin","Technical","","","inferenceShortQueryTest","AI Search inference: minimal searchText boundary",""
"failed","Sun Aug 09 02:51:38 UTC 2026","Sun Aug 09 02:51:38 UTC 2026","12","1.1 Team Hummingbird - BFF | WLW app","Technical Tests","conversation-controller","GET /public_api/conversation/userConversations/{userId}/unreadCount/ [NEG] Forbidden Role Token","","GET /public_api/conversation/userConversations/{userId}/unreadCount/ [NEG] Forbidden Role Token",""
"passed","Sun Aug 09 02:49:57 UTC 2026","Sun Aug 09 02:49:57 UTC 2026","63","4. Team CRM |CRM Staging","Business Scenarios Tests","Lead","Smoke test for Conversion","","Smoke test for Conversion",""
"broken","Sun Aug 09 02:55:54 UTC 2026","Sun Aug 09 02:56:15 UTC 2026","20638","Dolphin","Technical","","","recallSingleFilterTest","AI Search recall: single filter (verified=true)",""
"passed","Sun Aug 09 02:51:41 UTC 2026","Sun Aug 09 02:51:41 UTC 2026","33","1.1 Team Hummingbird - BFF | WLW app","Technical Tests","euro-pages-controller","DELETE /public_api/euro-pages/auth/delete","","DELETE /public_api/euro-pages/auth/delete",""
"passed","Sun Aug 09 02:49:52 UTC 2026","Sun Aug 09 02:49:52 UTC 2026","112","4. Team CRM |CRM Staging","Business Scenarios Tests","Quote","Smoke Test Create new quote","","Smoke Test Create new quote",""
"failed","Sun Aug 09 02:50:33 UTC 2026","Sun Aug 09 02:50:33 UTC 2026","31","1 Team Hummingbird - BFF | EP app","Endpoint tests","Company","Company ID FR","","Company ID FR",""
"passed","Sun Aug 09 02:51:48 UTC 2026","Sun Aug 09 02:51:48 UTC 2026","30","1.1 Team Hummingbird - BFF | WLW app","Technical Tests","purchaser-support-controller","GET /support-master-data [NEG] Forbidden Role Token","","GET /support-master-data [NEG] Forbidden Role Token",""
"failed","Sun Aug 09 02:49:59 UTC 2026","Sun Aug 09 02:49:59 UTC 2026","73","4. Team CRM |CRM Staging","Endpoints Tests","(root)","get responsible user","","get responsible user",""
"passed","Sun Aug 09 02:51:52 UTC 2026","Sun Aug 09 02:51:52 UTC 2026","20","1.1 Team Hummingbird - BFF | WLW app","Technical Tests","rfq-controller","POST /public_api/connect/purchaser/tenders [NEG] Missing Auth/API-Key","","POST /public_api/connect/purchaser/tenders [NEG] Missing Auth/API-Key",""
"passed","Sun Aug 09 02:51:35 UTC 2026","Sun Aug 09 02:51:35 UTC 2026","16","1.1 Team Hummingbird - BFF | WLW app","Technical Tests","conversation-controller","POST /public_api/conversation/userConversations/{conversationId}/messages/{messageId}/translate [NEG] Missing Auth/API-Key","","POST /public_api/conversation/userConversations/{conversationId}/messages/{messageId}/translate [NEG] Missing Auth/API-Key",""
"passed","Sun Aug 09 02:51:23 UTC 2026","Sun Aug 09 02:51:23 UTC 2026","71","1.1 Team Hummingbird - BFF | WLW app","Endpoint tests","Search","search autoComplete EN","","search autoComplete EN",""
"failed","Sun Aug 09 02:51:25 UTC 2026","Sun Aug 09 02:51:26 UTC 2026","371","1.1 Team Hummingbird - BFF | WLW app","Endpoint tests","Conversations","user conversations to decline request","","user conversations to decline request",""
"passed","Sun Aug 09 02:51:28 UTC 2026","Sun Aug 09 02:51:28 UTC 2026","58","1.1 Team Hummingbird - BFF | WLW app","Technical Tests","ai-company-search-controller","POST /public_api/search/ai/supplier/recall","","POST /public_api/search/ai/supplier/recall",""
"failed","Sun Aug 09 02:51:20 UTC 2026","Sun Aug 09 02:51:20 UTC 2026","45","1.1 Team Hummingbird - BFF | WLW app","Endpoint tests","Login","resend code","","resend code",""
"passed","Sun Aug 09 02:51:26 UTC 2026","Sun Aug 09 02:51:26 UTC 2026","257","1.1 Team Hummingbird - BFF | WLW app","Endpoint tests","Conversations","conversation id","","conversation id",""
"skipped","Sun Aug 09 02:50:42 UTC 2026","Sun Aug 09 02:50:42 UTC 2026","0","7. Team Pegasus | Pegasus Staging","Business Scenarios Tests","Business Insights","Dashboard smoke flow","","Activity",""
"passed","Sun Aug 09 02:51:40 UTC 2026","Sun Aug 09 02:51:40 UTC 2026","32","1.1 Team Hummingbird - BFF | WLW app","Technical Tests","currency-exchange-controller","GET /exchange/fetch-rates [NEG] Forbidden Role Token","","GET /exchange/fetch-rates [NEG] Forbidden Role Token",""
"failed","Sun Aug 09 02:51:03 UTC 2026","Sun Aug 09 02:51:03 UTC 2026","7","2 Team Dragon - BFF | RFQ Backend","Functional Tests","(root)","GET /v1/rfqs/attachments/{attachmentId} - Download","","GET /v1/rfqs/attachments/{attachmentId} - Download",""
"passed","Sun Aug 09 02:49:56 UTC 2026","Sun Aug 09 02:49:56 UTC 2026","68","4. Team CRM |CRM Staging","Business Scenarios Tests","Disable Hubspot","Check hubspot is true","","Check hubspot is true",""
"passed","Sun Aug 09 02:49:51 UTC 2026","Sun Aug 09 02:49:51 UTC 2026","94","4. Team CRM |CRM Staging","Business Scenarios Tests","Tasks","Check Task","","Check Task",""
"broken","Sun Aug 09 02:55:14 UTC 2026","Sun Aug 09 02:55:34 UTC 2026","20020","Dolphin","Functional","","","recallPaidSupplierFilterTest","AI Search recall: paid supplier filter (verified=true)",""
"passed","Sun Aug 09 02:49:55 UTC 2026","Sun Aug 09 02:49:55 UTC 2026","61","4. Team CRM |CRM Staging","Business Scenarios Tests","Create and edit a contact","Edit contact","","Edit contact",""
"passed","Sun Aug 09 02:51:04 UTC 2026","Sun Aug 09 02:51:04 UTC 2026","6","2 Team Dragon - BFF | RFQ Backend","Technical Tests","(root)","GET /v1/user - User Info + Roles + Negative Auth","","GET /v1/user - User Info + Roles + Negative Auth",""
"failed","Sun Aug 09 02:51:39 UTC 2026","Sun Aug 09 02:51:39 UTC 2026","13","1.1 Team Hummingbird - BFF | WLW app","Technical Tests","conversation-controller","GET /public_api/conversation/userConversations/{conversationId}/file/ [NEG] Forbidden Role Token","","GET /public_api/conversation/userConversations/{conversationId}/file/ [NEG] Forbidden Role Token",""
"passed","Sun Aug 09 02:50:32 UTC 2026","Sun Aug 09 02:50:32 UTC 2026","17","1 Team Hummingbird - BFF | EP app","Endpoint tests","Support","Support FAQ_FR","","Support FAQ_FR",""
"passed","Sun Aug 09 02:51:32 UTC 2026","Sun Aug 09 02:51:32 UTC 2026","36","1.1 Team Hummingbird - BFF | WLW app","Technical Tests","company-controller","GET /public_api/company/{id}","","GET /public_api/company/{id}",""
"failed","Sun Aug 09 02:49:56 UTC 2026","Sun Aug 09 02:49:56 UTC 2026","51","4. Team CRM |CRM Staging","Business Scenarios Tests","Lead","Lead-duplicateCheck - with dulicates","","Lead-duplicateCheck - with dulicates",""
"passed","Sun Aug 09 02:59:31 UTC 2026","Sun Aug 09 02:59:31 UTC 2026","70","Dolphin","Technical","","","EPZeroResultProductRecommendTest","Recommend products in 0 result search list page v1 -- ep",""
"failed","Sun Aug 09 02:51:51 UTC 2026","Sun Aug 09 02:51:51 UTC 2026","13","1.1 Team Hummingbird - BFF | WLW app","Technical Tests","push-notification-by-email-controller","GET /v1/pushNotification [NEG] Expired Token","","GET /v1/pushNotification [NEG] Expired Token",""
"skipped","Sun Aug 09 02:55:48 UTC 2026","Sun Aug 09 02:55:48 UTC 2026","0","3 Team Techno - UCL","Functional Tests","Endpoint Tests","TopRanking","","get all active on wlw for the given uuid",""
"failed","Sun Aug 09 02:50:02 UTC 2026","Sun Aug 09 02:50:02 UTC 2026","45","4. Team CRM |CRM Staging","Endpoints Tests","(root)","resolve individual id bulk","","resolve individual id bulk",""
"failed","Sun Aug 09 02:51:51 UTC 2026","Sun Aug 09 02:51:51 UTC 2026","14","1.1 Team Hummingbird - BFF | WLW app","Technical Tests","push-notification-by-email-controller","PUT /v1/pushNotification [NEG] Expired Token","","PUT /v1/pushNotification [NEG] Expired Token",""
"passed","Sun Aug 09 02:59:32 UTC 2026","Sun Aug 09 02:59:32 UTC 2026","32","Dolphin","Functional","","","getCategoryListWlwWithPreferredSuperCategoryIdsTest","v-recommend category list -- wlw, with preferredSuperCategoryIds",""
"skipped","Sun Aug 09 02:50:42 UTC 2026","Sun Aug 09 02:50:42 UTC 2026","0","7. Team Pegasus | Pegasus Staging","Endpoints Tests","Visitors","Elixir (supplier-app)","","Filters",""
"passed","Sun Aug 09 02:50:33 UTC 2026","Sun Aug 09 02:50:34 UTC 2026","229","1 Team Hummingbird - BFF | EP app","Endpoint tests","Company","Product ID","","Product ID",""
"passed","Sun Aug 09 02:51:54 UTC 2026","Sun Aug 09 02:51:54 UTC 2026","32","1.1 Team Hummingbird - BFF | WLW app","Technical Tests","search-controller","GET /public_api/search [SEC] Injection Probe","","GET /public_api/search [SEC] Injection Probe",""
"passed","Sun Aug 09 02:50:31 UTC 2026","Sun Aug 09 02:50:31 UTC 2026","137","1 Team Hummingbird - BFF | EP app","Endpoint tests","Login","forgot password","","forgot password",""
"passed","Sun Aug 09 02:50:36 UTC 2026","Sun Aug 09 02:50:37 UTC 2026","560","1 Team Hummingbird - BFF | EP app","Endpoint tests","Conversations","new message","","new message",""
"failed","Sun Aug 09 02:50:37 UTC 2026","Sun Aug 09 02:50:37 UTC 2026","223","1 Team Hummingbird - BFF | EP app","Endpoint tests","Conversations","Decline RFQ","","Decline RFQ",""
"broken","Sun Aug 09 02:58:16 UTC 2026","Sun Aug 09 02:58:36 UTC 2026","20003","Dolphin","Technical","","","termRecommendTest","AI Search term recommend API",""
"skipped","Sun Aug 09 02:50:42 UTC 2026","Sun Aug 09 02:50:42 UTC 2026","0","7. Team Pegasus | Pegasus Staging","Endpoints Tests","Supplier Registration","EP","","keywords - Search for keywords",""
"passed","Sun Aug 09 02:51:52 UTC 2026","Sun Aug 09 02:51:52 UTC 2026","32","1.1 Team Hummingbird - BFF | WLW app","Technical Tests","rfq-controller","POST /public_api/connect/purchaser/tenders/ [NEG] Forbidden Role Token","","POST /public_api/connect/purchaser/tenders/ [NEG] Forbidden Role Token",""
"passed","Sun Aug 09 02:51:59 UTC 2026","Sun Aug 09 02:51:59 UTC 2026","20","1.1 Team Hummingbird - BFF | WLW app","Technical Tests","supplier-visitors-controller","GET /","","GET /",""
"failed","Sun Aug 09 02:51:54 UTC 2026","Sun Aug 09 02:51:54 UTC 2026","15","1.1 Team Hummingbird - BFF | WLW app","Technical Tests","search-controller","GET /public_api/search/products","","GET /public_api/search/products",""
"passed","Sun Aug 09 02:49:55 UTC 2026","Sun Aug 09 02:49:55 UTC 2026","94","4. Team CRM |CRM Staging","Business Scenarios Tests","Create and edit a contact","Create contact","","Create contact",""
"failed","Sun Aug 09 02:49:52 UTC 2026","Sun Aug 09 02:49:52 UTC 2026","79","4. Team CRM |CRM Staging","Business Scenarios Tests","Account","Dunning level 1","","Dunning level 1",""
"passed","Sun Aug 09 02:50:31 UTC 2026","Sun Aug 09 02:50:31 UTC 2026","74","1 Team Hummingbird - BFF | EP app","Endpoint tests","User settings","user setting","","user setting",""
"failed","Sun Aug 09 02:51:26 UTC 2026","Sun Aug 09 02:51:26 UTC 2026","21","1.1 Team Hummingbird - BFF | WLW app","Endpoint tests","Conversations","dynamic link conversation","","dynamic link conversation",""
"skipped","Sun Aug 09 02:50:42 UTC 2026","Sun Aug 09 02:50:42 UTC 2026","0","7. Team Pegasus | Pegasus Staging","Spike | Profiles link user to company","(root)","03 GET — Verify company (Supplier Facts)","","03 GET — Verify company (Supplier Facts)",""
"skipped","Sun Aug 09 02:50:42 UTC 2026","Sun Aug 09 02:50:42 UTC 2026","0","7. Team Pegasus | Pegasus Staging","Spike | Profiles link user to company","(root)","08 MANUAL — supplier_api GET (needs browser session)","","08 MANUAL — supplier_api GET (needs browser session)",""
"failed","Sun Aug 09 02:51:31 UTC 2026","Sun Aug 09 02:51:31 UTC 2026","12","1.1 Team Hummingbird - BFF | WLW app","Technical Tests","categories-controller","PUT /preferred/categories [NEG] Expired Token","","PUT /preferred/categories [NEG] Expired Token",""
"passed","Sun Aug 09 02:51:27 UTC 2026","Sun Aug 09 02:51:27 UTC 2026","70","1.1 Team Hummingbird - BFF | WLW app","Endpoint tests","Visitor profiler","download visitors csv","","download visitors csv",""
"passed","Sun Aug 09 02:59:29 UTC 2026","Sun Aug 09 02:59:30 UTC 2026","994","Dolphin","Technical","","","productTextSearchSpecialCharTest","AI product text search recall: special-character query",""
"skipped","Sun Aug 09 02:55:48 UTC 2026","Sun Aug 09 02:55:48 UTC 2026","0","3 Team Techno - UCL","Technical Tests","TopRanking","GET /unified_commercial_logic/internal_api/api/top_ranking_v1/ - Retrieve TopRankingV1 List","","GET /unified_commercial_logic/internal_api/api/top_ranking_v1/ - Retrieve TopRankingV1 List",""
"failed","Sun Aug 09 02:50:35 UTC 2026","Sun Aug 09 02:50:35 UTC 2026","136","1 Team Hummingbird - BFF | EP app","Endpoint tests","Homepage, products","product recommendations EN","","product recommendations EN",""
"failed","Sun Aug 09 02:51:58 UTC 2026","Sun Aug 09 02:51:58 UTC 2026","12","1.1 Team Hummingbird - BFF | WLW app","Technical Tests","search-term-controller","POST /public_api/search/track [NEG] Forbidden Role Token","","POST /public_api/search/track [NEG] Forbidden Role Token",""
"skipped","Sun Aug 09 02:50:42 UTC 2026","Sun Aug 09 02:50:42 UTC 2026","0","7. Team Pegasus | Pegasus Staging","Endpoints Tests","Business Insights","Product search","","Product search",""
"passed","Sun Aug 09 02:51:40 UTC 2026","Sun Aug 09 02:51:40 UTC 2026","16","1.1 Team Hummingbird - BFF | WLW app","Technical Tests","currency-exchange-controller","GET /exchange/fetch-rates [NEG] Missing Auth/API-Key","","GET /exchange/fetch-rates [NEG] Missing Auth/API-Key",""
"failed","Sun Aug 09 02:51:47 UTC 2026","Sun Aug 09 02:51:47 UTC 2026","12","1.1 Team Hummingbird - BFF | WLW app","Technical Tests","product-controller","GET /public_api/products","","GET /public_api/products",""
"passed","Sun Aug 09 02:50:35 UTC 2026","Sun Aug 09 02:50:35 UTC 2026","28","1 Team Hummingbird - BFF | EP app","Endpoint tests","Homepage, products","categories/homepage","","categories/homepage",""
"passed","Sun Aug 09 02:51:44 UTC 2026","Sun Aug 09 02:51:44 UTC 2026","33","1.1 Team Hummingbird - BFF | WLW app","Technical Tests","login-controller","POST /public_api/auth/resetPassword [NEG] Forbidden Role Token","","POST /public_api/auth/resetPassword [NEG] Forbidden Role Token",""
"passed","Sun Aug 09 02:51:34 UTC 2026","Sun Aug 09 02:51:34 UTC 2026","15","1.1 Team Hummingbird - BFF | WLW app","Technical Tests","conversation-controller","PUT /public_api/conversation/userConversations/{conversationId}/decline [NEG] Missing Auth/API-Key","","PUT /public_api/conversation/userConversations/{conversationId}/decline [NEG] Missing Auth/API-Key",""
"passed","Sun Aug 09 02:51:35 UTC 2026","Sun Aug 09 02:51:35 UTC 2026","32","1.1 Team Hummingbird - BFF | WLW app","Technical Tests","conversation-controller","POST /public_api/conversation/userConversations/{conversationId}/messages","","POST /public_api/conversation/userConversations/{conversationId}/messages",""
"passed","Sun Aug 09 02:49:57 UTC 2026","Sun Aug 09 02:49:57 UTC 2026","43","4. Team CRM |CRM Staging","Business Scenarios Tests","Contacts","Create Contact","","Create Contact",""
"skipped","Sun Aug 09 02:50:42 UTC 2026","Sun Aug 09 02:50:42 UTC 2026","0","7. Team Pegasus | Pegasus Staging","Business Scenarios Tests","Supplier Registration","WLW - Lead create and update","","leads/{lead_id} - Update a lead",""
"skipped","Sun Aug 09 02:50:42 UTC 2026","Sun Aug 09 02:50:42 UTC 2026","0","7. Team Pegasus | Pegasus Staging","Business Scenarios Tests","Business Insights","Dashboard smoke flow","","Top products",""
"failed","Sun Aug 09 02:49:56 UTC 2026","Sun Aug 09 02:49:56 UTC 2026","51","4. Team CRM |CRM Staging","Business Scenarios Tests","Lead","Lead-duplicateCheck - with dulicates","","Lead-duplicateCheck - with dulicates",""
"failed","Sun Aug 09 02:51:54 UTC 2026","Sun Aug 09 02:51:54 UTC 2026","18","1.1 Team Hummingbird - BFF | WLW app","Technical Tests","search-controller","GET /public_api/search/products [NEG] Forbidden Role Token","","GET /public_api/search/products [NEG] Forbidden Role Token",""
"passed","Sun Aug 09 02:59:32 UTC 2026","Sun Aug 09 02:59:32 UTC 2026","39","Dolphin","Functional","","","getCategoryListEpTest","v-recommend category list -- ep",""
"passed","Sun Aug 09 02:50:35 UTC 2026","Sun Aug 09 02:50:35 UTC 2026","147","1 Team Hummingbird - BFF | EP app","Endpoint tests","Homepage, products","product recommendations FR","","product recommendations FR",""
"passed","Sun Aug 09 02:50:31 UTC 2026","Sun Aug 09 02:50:31 UTC 2026","209","1 Team Hummingbird - BFF | EP app","Endpoint tests","User settings","user setting","","user setting",""
"passed","Sun Aug 09 02:51:46 UTC 2026","Sun Aug 09 02:51:46 UTC 2026","36","1.1 Team Hummingbird - BFF | WLW app","Technical Tests","login-controller","POST /public_api/auth/code/resend [NEG] Expired Token","","POST /public_api/auth/code/resend [NEG] Expired Token",""
"passed","Sun Aug 09 02:51:27 UTC 2026","Sun Aug 09 02:51:27 UTC 2026","59","1.1 Team Hummingbird - BFF | WLW app","Technical Tests","ab-test-record-controller","POST /public_api/abtest/record [NEG] Expired Token","","POST /public_api/abtest/record [NEG] Expired Token",""
"passed","Sun Aug 09 02:50:30 UTC 2026","Sun Aug 09 02:50:31 UTC 2026","1187","1 Team Hummingbird - BFF | EP app","Endpoint tests","Login","native email login","","native email login",""
"skipped","Sun Aug 09 02:50:42 UTC 2026","Sun Aug 09 02:50:42 UTC 2026","0","7. Team Pegasus | Pegasus Staging","Business Scenarios Tests","Supplier Facts","API register, publish, and verify in UI","","1. Create registration lead",""
"skipped","Sun Aug 09 02:50:42 UTC 2026","Sun Aug 09 02:50:42 UTC 2026","0","7. Team Pegasus | Pegasus Staging","Endpoints Tests","Shop Import & Onboarding Backend","/categories/suggest","","/categories/suggest",""
"passed","Sun Aug 09 02:51:43 UTC 2026","Sun Aug 09 02:51:43 UTC 2026","35","1.1 Team Hummingbird - BFF | WLW app","Technical Tests","login-controller","POST /public_api/auth/session/extend","","POST /public_api/auth/session/extend",""
"passed","Sun Aug 09 02:50:02 UTC 2026","Sun Aug 09 02:50:02 UTC 2026","59","4. Team CRM |CRM Staging","Endpoints Tests","(root)","Create platform profile","","Create platform profile",""
"failed","Sun Aug 09 02:50:00 UTC 2026","Sun Aug 09 02:50:00 UTC 2026","44","4. Team CRM |CRM Staging","Endpoints Tests","(root)","resolve individual id","","resolve individual id",""
"passed","Sun Aug 09 02:59:32 UTC 2026","Sun Aug 09 02:59:32 UTC 2026","39","Dolphin","Technical","","","getCategoryListEpTest","v-recommend category list -- ep",""
"passed","Sun Aug 09 02:51:26 UTC 2026","Sun Aug 09 02:51:26 UTC 2026","380","1.1 Team Hummingbird - BFF | WLW app","Endpoint tests","Conversations","conversation/messages","","conversation/messages",""
"failed","Sun Aug 09 02:51:51 UTC 2026","Sun Aug 09 02:51:51 UTC 2026","12","1.1 Team Hummingbird - BFF | WLW app","Technical Tests","push-notification-by-email-controller","GET /v1/pushNotification [NEG] Forbidden Role Token","","GET /v1/pushNotification [NEG] Forbidden Role Token",""
"passed","Sun Aug 09 02:59:31 UTC 2026","Sun Aug 09 02:59:31 UTC 2026","79","Dolphin","Functional","","","EPSameStoreProductRecommendTest","product same store recommend -- ep",""
"failed","Sun Aug 09 02:50:37 UTC 2026","Sun Aug 09 02:50:42 UTC 2026","5125","1 Team Hummingbird - BFF | EP app","Endpoint tests","Visitor profiler","Visitor ID","","Visitor ID",""
"passed","Sun Aug 09 02:51:38 UTC 2026","Sun Aug 09 02:51:38 UTC 2026","33","1.1 Team Hummingbird - BFF | WLW app","Technical Tests","conversation-controller","GET /public_api/conversation/userConversations/{userId}/unreadCount/ [SEC] Injection Probe","","GET /public_api/conversation/userConversations/{userId}/unreadCount/ [SEC] Injection Probe",""
"passed","Sun Aug 09 02:51:14 UTC 2026","Sun Aug 09 02:51:15 UTC 2026","489","Arise","Functional","","","psearchProxySearch","psearchProxySearch",""
"failed","Sun Aug 09 02:50:01 UTC 2026","Sun Aug 09 02:50:01 UTC 2026","46","4. Team CRM |CRM Staging","Endpoints Tests","(root)","Create Note with sf id","","Create Note with sf id",""
"failed","Sun Aug 09 02:51:29 UTC 2026","Sun Aug 09 02:51:29 UTC 2026","17","1.1 Team Hummingbird - BFF | WLW app","Technical Tests","ai-company-search-controller","GET /public_api/search/ai/company/search [NEG] Missing Auth/API-Key","","GET /public_api/search/ai/company/search [NEG] Missing Auth/API-Key",""
"failed","Sun Aug 09 02:51:15 UTC 2026","Sun Aug 09 02:51:15 UTC 2026","26","Arise","Functional","","","skwdAll","skwdAll",""
"passed","Sun Aug 09 02:49:55 UTC 2026","Sun Aug 09 02:49:55 UTC 2026","61","4. Team CRM |CRM Staging","Business Scenarios Tests","Create and edit a contact","Check Contact","","Check Contact",""
"failed","Sun Aug 09 02:51:30 UTC 2026","Sun Aug 09 02:51:30 UTC 2026","13","1.1 Team Hummingbird - BFF | WLW app","Technical Tests","ai-company-search-controller","GET /public_api/search/ai/company/stream/mock [NEG] Expired Token","","GET /public_api/search/ai/company/stream/mock [NEG] Expired Token",""
"failed","Sun Aug 09 02:51:58 UTC 2026","Sun Aug 09 02:51:58 UTC 2026","14","1.1 Team Hummingbird - BFF | WLW app","Technical Tests","supplier-visitors-controller","GET /public_api/suppliers/{supplier_id}/visits [SEC] Injection Probe","","GET /public_api/suppliers/{supplier_id}/visits [SEC] Injection Probe",""
"passed","Sun Aug 09 02:50:37 UTC 2026","Sun Aug 09 02:50:37 UTC 2026","257","1 Team Hummingbird - BFF | EP app","Endpoint tests","Conversations","translate message","","translate message",""
"passed","Sun Aug 09 02:50:33 UTC 2026","Sun Aug 09 02:50:33 UTC 2026","17","1 Team Hummingbird - BFF | EP app","Endpoint tests","Company","Suppliers listings","","Suppliers listings",""
"skipped","Sun Aug 09 02:55:48 UTC 2026","Sun Aug 09 02:55:48 UTC 2026","0","3 Team Techno - UCL","Technical Tests","WebsiteLead","GET /unified_commercial_logic/internal_api/api/website_lead/{id} - Retrieve WebsiteLead By ID","","GET /unified_commercial_logic/internal_api/api/website_lead/{id} - Retrieve WebsiteLead By ID",""
"skipped","Sun Aug 09 02:50:42 UTC 2026","Sun Aug 09 02:50:42 UTC 2026","0","7. Team Pegasus | Pegasus Staging","Endpoints Tests","Visitors","Java (statistics-app)","","Filter types",""
"failed","Sun Aug 09 02:51:50 UTC 2026","Sun Aug 09 02:51:50 UTC 2026","13","1.1 Team Hummingbird - BFF | WLW app","Technical Tests","purchaser-user-setting-controller","GET /userSetting [NEG] Forbidden Role Token","","GET /userSetting [NEG] Forbidden Role Token",""
"passed","Sun Aug 09 02:51:34 UTC 2026","Sun Aug 09 02:51:34 UTC 2026","35","1.1 Team Hummingbird - BFF | WLW app","Technical Tests","conversation-controller","PUT /public_api/conversation/userConversations/{conversationId}/decline","","PUT /public_api/conversation/userConversations/{conversationId}/decline",""
"passed","Sun Aug 09 02:51:33 UTC 2026","Sun Aug 09 02:51:33 UTC 2026","31","1.1 Team Hummingbird - BFF | WLW app","Technical Tests","contact-form-controller","POST /public_api/contact-form/messages [NEG] Forbidden Role Token","","POST /public_api/contact-form/messages [NEG] Forbidden Role Token",""
"failed","Sun Aug 09 02:51:57 UTC 2026","Sun Aug 09 02:51:57 UTC 2026","11","1.1 Team Hummingbird - BFF | WLW app","Technical Tests","search-term-controller","POST /public_api/search/track [NEG] Expired Token","","POST /public_api/search/track [NEG] Expired Token",""
"failed","Sun Aug 09 02:50:02 UTC 2026","Sun Aug 09 02:50:02 UTC 2026","58","4. Team CRM |CRM Staging","Endpoints Tests","(root)","get company data via SF id","","get company data via SF id",""
"passed","Sun Aug 09 02:51:44 UTC 2026","Sun Aug 09 02:51:44 UTC 2026","31","1.1 Team Hummingbird - BFF | WLW app","Technical Tests","login-controller","POST /public_api/auth/session/extend [NEG] Forbidden Role Token","","POST /public_api/auth/session/extend [NEG] Forbidden Role Token",""
"passed","Sun Aug 09 02:50:37 UTC 2026","Sun Aug 09 02:50:39 UTC 2026","1725","1 Team Hummingbird - BFF | EP app","Endpoint tests","Visitor profiler","Visits","","Visits",""
"passed","Sun Aug 09 02:51:48 UTC 2026","Sun Aug 09 02:51:48 UTC 2026","15","1.1 Team Hummingbird - BFF | WLW app","Technical Tests","purchaser-support-controller","GET /support-master-data [NEG] Missing Auth/API-Key","","GET /support-master-data [NEG] Missing Auth/API-Key",""
"passed","Sun Aug 09 02:51:44 UTC 2026","Sun Aug 09 02:51:44 UTC 2026","54","1.1 Team Hummingbird - BFF | WLW app","Technical Tests","login-controller","POST /public_api/auth/resetPassword [NEG] Missing Auth/API-Key","","POST /public_api/auth/resetPassword [NEG] Missing Auth/API-Key",""
"failed","Sun Aug 09 02:49:56 UTC 2026","Sun Aug 09 02:49:56 UTC 2026","54","4. Team CRM |CRM Staging","Business Scenarios Tests","Lead","Lead-duplicateCheck - without dupicates","","Lead-duplicateCheck - without dupicates",""
"passed","Sun Aug 09 02:51:47 UTC 2026","Sun Aug 09 02:51:47 UTC 2026","31","1.1 Team Hummingbird - BFF | WLW app","Technical Tests","product-controller","GET /public_api/products/{productId} [NEG] Forbidden Role Token","","GET /public_api/products/{productId} [NEG] Forbidden Role Token",""
"passed","Sun Aug 09 02:51:53 UTC 2026","Sun Aug 09 02:51:53 UTC 2026","32","1.1 Team Hummingbird - BFF | WLW app","Technical Tests","rfq-marketing-controller","POST /public_api/rfq-marketing/trigger [NEG] Forbidden Role Token","","POST /public_api/rfq-marketing/trigger [NEG] Forbidden Role Token",""
"skipped","Sun Aug 09 02:50:42 UTC 2026","Sun Aug 09 02:50:42 UTC 2026","0","7. Team Pegasus | Pegasus Staging","Endpoints Tests","Business Insights","Company Overview","","Company Overview",""
"passed","Sun Aug 09 02:59:16 UTC 2026","Sun Aug 09 02:59:18 UTC 2026","1326","Dolphin","Technical","","","productTextSearchCountryFilterTest","AI product text search recall: country filter DE",""
"skipped","Sun Aug 09 02:50:42 UTC 2026","Sun Aug 09 02:50:42 UTC 2026","0","7. Team Pegasus | Pegasus Staging","Endpoints Tests","Shop Import & Onboarding Backend","/offers/fetchCategory","","/offers/fetchCategory",""
"passed","Sun Aug 09 02:51:04 UTC 2026","Sun Aug 09 02:51:04 UTC 2026","13","2 Team Dragon - BFF | RFQ Backend","Technical Tests","(root)","GET /v1/categories - CPV list (schema + contract)","","GET /v1/categories - CPV list (schema + contract)",""
"passed","Sun Aug 09 02:49:59 UTC 2026","Sun Aug 09 02:49:59 UTC 2026","62","4. Team CRM |CRM Staging","Business Scenarios Tests","Cases","Smoke Test for Case Creation","","Smoke Test for Case Creation",""
"passed","Sun Aug 09 02:49:53 UTC 2026","Sun Aug 09 02:49:53 UTC 2026","59","4. Team CRM |CRM Staging","Business Scenarios Tests","Account","Account for Contact","","Account for Contact",""
"passed","Sun Aug 09 02:51:22 UTC 2026","Sun Aug 09 02:51:22 UTC 2026","226","1.1 Team Hummingbird - BFF | WLW app","Endpoint tests","Mobile_Feedback","post feedback","","post feedback",""
"broken","Sun Aug 09 02:55:34 UTC 2026","Sun Aug 09 02:55:54 UTC 2026","20018","Dolphin","Functional","","","recallSecondPageTest","AI Search recall: pagination page 2",""
"failed","Sun Aug 09 02:51:48 UTC 2026","Sun Aug 09 02:51:48 UTC 2026","15","1.1 Team Hummingbird - BFF | WLW app","Technical Tests","product-controller","GET /public_api/companies/{supplierPublicId}/products [NEG] Expired Token","","GET /public_api/companies/{supplierPublicId}/products [NEG] Expired Token",""
"passed","Sun Aug 09 02:59:32 UTC 2026","Sun Aug 09 02:59:32 UTC 2026","81","Dolphin","Technical","","","homepageProductRecommendTest","homepage product recommend -- wlw",""
"failed","Sun Aug 09 02:51:39 UTC 2026","Sun Aug 09 02:51:39 UTC 2026","11","1.1 Team Hummingbird - BFF | WLW app","Technical Tests","conversation-controller","GET /public_api/conversation/userConversations/{conversationId}/file [SEC] Injection Probe","","GET /public_api/conversation/userConversations/{conversationId}/file [SEC] Injection Probe",""
"skipped","Sun Aug 09 02:50:42 UTC 2026","Sun Aug 09 02:50:42 UTC 2026","0","7. Team Pegasus | Pegasus Staging","Endpoints Tests","Shop Import & Onboarding Backend","/import/status","","/import/status",""
"failed","Sun Aug 09 02:51:57 UTC 2026","Sun Aug 09 02:51:57 UTC 2026","10","1.1 Team Hummingbird - BFF | WLW app","Technical Tests","search-controller","GET /public_api/categories/recommendations [NEG] Forbidden Role Token","","GET /public_api/categories/recommendations [NEG] Forbidden Role Token",""
"passed","Sun Aug 09 02:51:45 UTC 2026","Sun Aug 09 02:51:45 UTC 2026","32","1.1 Team Hummingbird - BFF | WLW app","Technical Tests","login-controller","POST /public_api/auth/code/verify [NEG] Expired Token","","POST /public_api/auth/code/verify [NEG] Expired Token",""
"broken","Sun Aug 09 02:58:16 UTC 2026","Sun Aug 09 02:58:36 UTC 2026","20003","Dolphin","Functional","","","termRecommendTest","AI Search term recommend API",""
"passed","Sun Aug 09 02:50:32 UTC 2026","Sun Aug 09 02:50:32 UTC 2026","18","1 Team Hummingbird - BFF | EP app","Endpoint tests","Mobile_Feedback","Feedback Subject_EN","","Feedback Subject_EN",""
"passed","Sun Aug 09 02:59:30 UTC 2026","Sun Aug 09 02:59:31 UTC 2026","733","Dolphin","Functional","","","productTextSearchTopRankingScenarioTest","AI product text search recall: wlw-staging cnc top-ranking scenario",""
"passed","Sun Aug 09 02:50:37 UTC 2026","Sun Aug 09 02:50:40 UTC 2026","2964","1 Team Hummingbird - BFF | EP app","Endpoint tests","Conversations","decline QDR","","decline QDR",""
"passed","Sun Aug 09 02:50:34 UTC 2026","Sun Aug 09 02:50:35 UTC 2026","865","1 Team Hummingbird - BFF | EP app","Endpoint tests","Search","search companies, EN","","search companies, EN",""
"broken","Sun Aug 09 02:56:55 UTC 2026","Sun Aug 09 02:57:15 UTC 2026","20018","Dolphin","Functional","","","recallTopRankingScenarioTest","AI Search recall: wlw-staging.de cnc top-ranking scenario",""
"passed","Sun Aug 09 02:51:49 UTC 2026","Sun Aug 09 02:51:49 UTC 2026","30","1.1 Team Hummingbird - BFF | WLW app","Technical Tests","purchaser-user-setting-controller","PUT /userSetting/{id}","","PUT /userSetting/{id}",""
"passed","Sun Aug 09 02:49:58 UTC 2026","Sun Aug 09 02:49:58 UTC 2026","59","4. Team CRM |CRM Staging","Business Scenarios Tests","Platform Profile","Smoke Test Create Platform Profile","","Smoke Test Create Platform Profile",""
"skipped","Sun Aug 09 02:50:42 UTC 2026","Sun Aug 09 02:50:42 UTC 2026","0","7. Team Pegasus | Pegasus Staging","Endpoints Tests","Visitors","Get Visits","","Get Visits",""
"passed","Sun Aug 09 02:51:33 UTC 2026","Sun Aug 09 02:51:33 UTC 2026","16","1.1 Team Hummingbird - BFF | WLW app","Technical Tests","contact-form-controller","POST /public_api/contact-form/messages [NEG] Missing Auth/API-Key","","POST /public_api/contact-form/messages [NEG] Missing Auth/API-Key",""
"failed","Sun Aug 09 02:50:01 UTC 2026","Sun Aug 09 02:50:01 UTC 2026","45","4. Team CRM |CRM Staging","Endpoints Tests","(root)","Create Note with sf id Copy","","Create Note with sf id Copy",""
"skipped","Sun Aug 09 02:50:42 UTC 2026","Sun Aug 09 02:50:42 UTC 2026","0","7. Team Pegasus | Pegasus Staging","Endpoints Tests","Visitors","Java (statistics-app)","","WSL pixel",""
"passed","Sun Aug 09 02:51:25 UTC 2026","Sun Aug 09 02:51:25 UTC 2026","21","1.1 Team Hummingbird - BFF | WLW app","Endpoint tests","Homepage, products","categories/homepage","","categories/homepage",""
"skipped","Sun Aug 09 02:50:42 UTC 2026","Sun Aug 09 02:50:42 UTC 2026","0","7. Team Pegasus | Pegasus Staging","Endpoints Tests","Business Insights","Dashboard","","Dashboard",""
"passed","Sun Aug 09 02:51:58 UTC 2026","Sun Aug 09 02:51:58 UTC 2026","33","1.1 Team Hummingbird - BFF | WLW app","Technical Tests","supplier-visitors-controller","GET /public_api/suppliers/{supplier_id}/visits/{id} [NEG] Expired Token","","GET /public_api/suppliers/{supplier_id}/visits/{id} [NEG] Expired Token",""
"failed","Sun Aug 09 02:50:36 UTC 2026","Sun Aug 09 02:50:37 UTC 2026","1171","1 Team Hummingbird - BFF | EP app","Endpoint tests","Contact request","Callback request","","Callback request",""
"passed","Sun Aug 09 02:51:50 UTC 2026","Sun Aug 09 02:51:50 UTC 2026","34","1.1 Team Hummingbird - BFF | WLW app","Technical Tests","purchaser-user-setting-controller","POST /userSetting [NEG] Expired Token","","POST /userSetting [NEG] Expired Token",""
"failed","Sun Aug 09 02:51:51 UTC 2026","Sun Aug 09 02:51:51 UTC 2026","10","1.1 Team Hummingbird - BFF | WLW app","Technical Tests","push-notification-by-email-controller","PUT /v1/pushNotification [NEG] Forbidden Role Token","","PUT /v1/pushNotification [NEG] Forbidden Role Token",""
"passed","Sun Aug 09 02:51:44 UTC 2026","Sun Aug 09 02:51:44 UTC 2026","32","1.1 Team Hummingbird - BFF | WLW app","Technical Tests","login-controller","POST /public_api/auth/registration","","POST /public_api/auth/registration",""
"passed","Sun Aug 09 02:51:20 UTC 2026","Sun Aug 09 02:51:20 UTC 2026","628","1.1 Team Hummingbird - BFF | WLW app","Endpoint tests","Login","native email login purchaser","","native email login purchaser",""
"passed","Sun Aug 09 02:49:53 UTC 2026","Sun Aug 09 02:49:53 UTC 2026","59","4. Team CRM |CRM Staging","Business Scenarios Tests","Account","Account for Contact","","Account for Contact",""
"failed","Sun Aug 09 02:51:32 UTC 2026","Sun Aug 09 02:51:32 UTC 2026","15","1.1 Team Hummingbird - BFF | WLW app","Technical Tests","company-controller","GET /public_api/suppliers/{companyID}/listings [NEG] Forbidden Role Token","","GET /public_api/suppliers/{companyID}/listings [NEG] Forbidden Role Token",""
"passed","Sun Aug 09 02:49:58 UTC 2026","Sun Aug 09 02:49:58 UTC 2026","73","4. Team CRM |CRM Staging","Business Scenarios Tests","Contacts","Smoke test for Create Contact & Verify HubSpot Sync","","Smoke test for Create Contact & Verify HubSpot Sync",""
"failed","Sun Aug 09 02:51:55 UTC 2026","Sun Aug 09 02:51:55 UTC 2026","10","1.1 Team Hummingbird - BFF | WLW app","Technical Tests","search-controller","GET /public_api/search/autoComplete [SEC] Injection Probe","","GET /public_api/search/autoComplete [SEC] Injection Probe",""
"passed","Sun Aug 09 02:59:16 UTC 2026","Sun Aug 09 02:59:18 UTC 2026","1326","Dolphin","Functional","","","productTextSearchCountryFilterTest","AI product text search recall: country filter DE",""
"passed","Sun Aug 09 02:51:33 UTC 2026","Sun Aug 09 02:51:33 UTC 2026","30","1.1 Team Hummingbird - BFF | WLW app","Technical Tests","conversation-controller","PUT /public_api/conversation/userConversations/{conversationId}/tag [NEG] Expired Token","","PUT /public_api/conversation/userConversations/{conversationId}/tag [NEG] Expired Token",""
"failed","Sun Aug 09 02:51:55 UTC 2026","Sun Aug 09 02:51:55 UTC 2026","11","1.1 Team Hummingbird - BFF | WLW app","Technical Tests","search-controller","GET /public_api/search/ai/termRecommend [NEG] Forbidden Role Token","","GET /public_api/search/ai/termRecommend [NEG] Forbidden Role Token",""
"passed","Sun Aug 09 02:50:34 UTC 2026","Sun Aug 09 02:50:34 UTC 2026","226","1 Team Hummingbird - BFF | EP app","Endpoint tests","Search","search autoComplete DE","","search autoComplete DE",""
"passed","Sun Aug 09 02:51:20 UTC 2026","Sun Aug 09 02:51:20 UTC 2026","493","1.1 Team Hummingbird - BFF | WLW app","Endpoint tests","Login","user Info","","user Info",""
"failed","Sun Aug 09 02:50:38 UTC 2026","Sun Aug 09 02:50:38 UTC 2026","0","1 Team Hummingbird - BFF | EP app","Endpoint tests","Visitor profiler","download visitors csv","","download visitors csv",""
"failed","Sun Aug 09 02:49:58 UTC 2026","Sun Aug 09 02:49:58 UTC 2026","75","4. Team CRM |CRM Staging","Business Scenarios Tests","Products","Update Product","","Update Product",""
"passed","Sun Aug 09 02:51:50 UTC 2026","Sun Aug 09 02:51:50 UTC 2026","30","1.1 Team Hummingbird - BFF | WLW app","Technical Tests","purchaser-user-setting-controller","POST /userSetting","","POST /userSetting",""
"passed","Sun Aug 09 02:59:33 UTC 2026","Sun Aug 09 02:59:33 UTC 2026","80","Dolphin","Functional","","","otherStoreProductRecommendTest","similar products recommend -- wlw pdp",""
"passed","Sun Aug 09 02:51:26 UTC 2026","Sun Aug 09 02:51:29 UTC 2026","2111","1.1 Team Hummingbird - BFF | WLW app","Endpoint tests","Conversations","decline QDR","","decline QDR",""
"passed","Sun Aug 09 02:51:24 UTC 2026","Sun Aug 09 02:51:24 UTC 2026","503","1.1 Team Hummingbird - BFF | WLW app","Endpoint tests","Search","Product Search EN","","Product Search EN",""
"failed","Sun Aug 09 02:51:51 UTC 2026","Sun Aug 09 02:51:51 UTC 2026","13","1.1 Team Hummingbird - BFF | WLW app","Technical Tests","push-notification-by-email-controller","PUT /v1/pushNotification","","PUT /v1/pushNotification",""
"failed","Sun Aug 09 02:51:30 UTC 2026","Sun Aug 09 02:51:30 UTC 2026","13","1.1 Team Hummingbird - BFF | WLW app","Technical Tests","categories-controller","GET /preferred/categories [NEG] Expired Token","","GET /preferred/categories [NEG] Expired Token",""
"passed","Sun Aug 09 02:50:02 UTC 2026","Sun Aug 09 02:50:02 UTC 2026","59","4. Team CRM |CRM Staging","Endpoints Tests","(root)","Create platform profile","","Create platform profile",""
"passed","Sun Aug 09 02:50:32 UTC 2026","Sun Aug 09 02:50:32 UTC 2026","21","1 Team Hummingbird - BFF | EP app","Endpoint tests","Support","Supportmasterdata_FR","","Supportmasterdata_FR",""
"passed","Sun Aug 09 02:59:18 UTC 2026","Sun Aug 09 02:59:19 UTC 2026","1559","Dolphin","Technical","","","productTextSearchIllegalSortTest","AI product text search recall: illegal sort passthrough",""
"passed","Sun Aug 09 02:59:31 UTC 2026","Sun Aug 09 02:59:31 UTC 2026","22","Dolphin","Technical","","","productTextSearchWhitespaceQueryTest","AI product text search recall: whitespace-only query → empty success",""
"failed","Sun Aug 09 02:51:24 UTC 2026","Sun Aug 09 02:51:24 UTC 2026","122","1.1 Team Hummingbird - BFF | WLW app","Endpoint tests","Homepage, products","product recommendations EN","","product recommendations EN",""
"passed","Sun Aug 09 02:52:00 UTC 2026","Sun Aug 09 02:52:00 UTC 2026","17","1.1 Team Hummingbird - BFF | WLW app","Technical Tests","trending-products-controller","GET /public_api/trending/notifications [NEG] Missing Auth/API-Key","","GET /public_api/trending/notifications [NEG] Missing Auth/API-Key",""
"skipped","Sun Aug 09 02:50:42 UTC 2026","Sun Aug 09 02:50:42 UTC 2026","0","7. Team Pegasus | Pegasus Staging","Endpoints Tests","Business Insights","Scoring by uuid","","Scoring by uuid",""
"failed","Sun Aug 09 02:51:53 UTC 2026","Sun Aug 09 02:51:53 UTC 2026","11","1.1 Team Hummingbird - BFF | WLW app","Technical Tests","search-controller","GET /public_api/search","","GET /public_api/search",""
"passed","Sun Aug 09 02:51:25 UTC 2026","Sun Aug 09 02:51:25 UTC 2026","22","1.1 Team Hummingbird - BFF | WLW app","Endpoint tests","Homepage, products","preferred categories","","preferred categories",""
"skipped","Sun Aug 09 02:55:48 UTC 2026","Sun Aug 09 02:55:48 UTC 2026","0","3 Team Techno - UCL","Functional Tests","Endpoint Tests","Retargeting","","get active retargeting for the given uuid",""
"passed","Sun Aug 09 02:51:53 UTC 2026","Sun Aug 09 02:51:53 UTC 2026","31","1.1 Team Hummingbird - BFF | WLW app","Technical Tests","rfq-marketing-controller","POST /public_api/rfq-marketing/trigger [NEG] Expired Token","","POST /public_api/rfq-marketing/trigger [NEG] Expired Token",""
"failed","Sun Aug 09 02:50:36 UTC 2026","Sun Aug 09 02:50:36 UTC 2026","336","1 Team Hummingbird - BFF | EP app","Endpoint tests","Contact request","Other request","","Other request",""
"failed","Sun Aug 09 02:51:38 UTC 2026","Sun Aug 09 02:51:38 UTC 2026","16","1.1 Team Hummingbird - BFF | WLW app","Technical Tests","conversation-controller","GET /public_api/conversation/userConversations/{conversationId}","","GET /public_api/conversation/userConversations/{conversationId}",""
"skipped","Sun Aug 09 02:50:42 UTC 2026","Sun Aug 09 02:50:42 UTC 2026","0","7. Team Pegasus | Pegasus Staging","Endpoints Tests","Supplier Registration","Manual VAT check","","vat/check - Validate VAT number",""
"passed","Sun Aug 09 02:51:46 UTC 2026","Sun Aug 09 02:51:46 UTC 2026","27","1.1 Team Hummingbird - BFF | WLW app","Technical Tests","login-controller","POST /public_api/auth/changePassword [NEG] Forbidden Role Token","","POST /public_api/auth/changePassword [NEG] Forbidden Role Token",""
"skipped","Sun Aug 09 02:55:48 UTC 2026","Sun Aug 09 02:55:48 UTC 2026","0","3 Team Techno - UCL","Functional Tests","Endpoint Tests","SponsoredBrand","","get SPB by id",""
"failed","Sun Aug 09 02:51:30 UTC 2026","Sun Aug 09 02:51:30 UTC 2026","12","1.1 Team Hummingbird - BFF | WLW app","Technical Tests","categories-controller","PUT /preferred/categories","","PUT /preferred/categories",""
"failed","Sun Aug 09 02:50:02 UTC 2026","Sun Aug 09 02:50:02 UTC 2026","58","4. Team CRM |CRM Staging","Endpoints Tests","(root)","get company data via SF id","","get company data via SF id",""
"passed","Sun Aug 09 02:59:31 UTC 2026","Sun Aug 09 02:59:31 UTC 2026","106","Dolphin","Functional","","","EPOtherStoreProductRecommendTest","product other store recommend",""
"passed","Sun Aug 09 02:49:59 UTC 2026","Sun Aug 09 02:49:59 UTC 2026","59","4. Team CRM |CRM Staging","Business Scenarios Tests","Calls","Smoke test for call","","Smoke test for call",""
"passed","Sun Aug 09 02:51:14 UTC 2026","Sun Aug 09 02:51:14 UTC 2026","28","Arise","Technical","","","pageElementsGet","pageElementsGet",""
"broken","Sun Aug 09 02:50:33 UTC 2026","Sun Aug 09 02:50:53 UTC 2026","20024","Dolphin","Functional","","","inferenceTest","AI Search inference API (SSE stream)",""
"failed","Sun Aug 09 02:51:30 UTC 2026","Sun Aug 09 02:51:30 UTC 2026","14","1.1 Team Hummingbird - BFF | WLW app","Technical Tests","ai-company-search-controller","GET /public_api/search/ai/company/stream/mock [NEG] Forbidden Role Token","","GET /public_api/search/ai/company/stream/mock [NEG] Forbidden Role Token",""
"failed","Sun Aug 09 02:51:38 UTC 2026","Sun Aug 09 02:51:38 UTC 2026","12","1.1 Team Hummingbird - BFF | WLW app","Technical Tests","conversation-controller","GET /public_api/conversation/userConversations/{conversationId} [NEG] Expired Token","","GET /public_api/conversation/userConversations/{conversationId} [NEG] Expired Token",""
"passed","Sun Aug 09 02:51:48 UTC 2026","Sun Aug 09 02:51:48 UTC 2026","29","1.1 Team Hummingbird - BFF | WLW app","Technical Tests","purchaser-support-controller","GET /support-master-data [NEG] Expired Token","","GET /support-master-data [NEG] Expired Token",""
"failed","Sun Aug 09 02:51:55 UTC 2026","Sun Aug 09 02:51:55 UTC 2026","15","1.1 Team Hummingbird - BFF | WLW app","Technical Tests","search-controller","GET /public_api/search/ai/termRecommend [NEG] Expired Token","","GET /public_api/search/ai/termRecommend [NEG] Expired Token",""
"failed","Sun Aug 09 02:51:48 UTC 2026","Sun Aug 09 02:51:48 UTC 2026","14","1.1 Team Hummingbird - BFF | WLW app","Technical Tests","product-controller","GET /public_api/companies/{supplierPublicId}/products [SEC] Injection Probe","","GET /public_api/companies/{supplierPublicId}/products [SEC] Injection Probe",""
"broken","Sun Aug 09 02:55:54 UTC 2026","Sun Aug 09 02:56:15 UTC 2026","20638","Dolphin","Functional","","","recallSingleFilterTest","AI Search recall: single filter (verified=true)",""
"skipped","Sun Aug 09 02:50:42 UTC 2026","Sun Aug 09 02:50:42 UTC 2026","0","7. Team Pegasus | Pegasus Staging","Business Scenarios Tests","Supplier Facts","API register, publish, and verify in UI","","4. Publish company (PATCH supplier-facts)",""
"passed","Sun Aug 09 02:49:59 UTC 2026","Sun Aug 09 02:49:59 UTC 2026","59","4. Team CRM |CRM Staging","Endpoints Tests","(root)","duplicate records","","duplicate records",""
"failed","Sun Aug 09 02:51:26 UTC 2026","Sun Aug 09 02:51:26 UTC 2026","57","1.1 Team Hummingbird - BFF | WLW app","Endpoint tests","Conversations","File","","File",""
"skipped","Sun Aug 09 02:50:42 UTC 2026","Sun Aug 09 02:50:42 UTC 2026","0","7. Team Pegasus | Pegasus Staging","Spike | Profiles link user to company","(root)","04 OAuth — User Storage token","","04 OAuth — User Storage token",""
"passed","Sun Aug 09 02:49:55 UTC 2026","Sun Aug 09 02:49:55 UTC 2026","69","4. Team CRM |CRM Staging","Business Scenarios Tests","Disable Hubspot","Change Hubspot to false","","Change Hubspot to false",""
"failed","Sun Aug 09 02:51:37 UTC 2026","Sun Aug 09 02:51:37 UTC 2026","12","1.1 Team Hummingbird - BFF | WLW app","Technical Tests","conversation-controller","GET /public_api/conversation/userConversations/{userId}/unreadCount [NEG] Expired Token","","GET /public_api/conversation/userConversations/{userId}/unreadCount [NEG] Expired Token",""
"passed","Sun Aug 09 02:59:30 UTC 2026","Sun Aug 09 02:59:30 UTC 2026","720","Dolphin","Functional","","","productTextSearchTest","AI product text search recall API",""
"passed","Sun Aug 09 02:51:43 UTC 2026","Sun Aug 09 02:51:43 UTC 2026","35","1.1 Team Hummingbird - BFF | WLW app","Technical Tests","login-controller","POST /public_api/auth/sso/login [NEG] Forbidden Role Token","","POST /public_api/auth/sso/login [NEG] Forbidden Role Token",""
"failed","Sun Aug 09 02:51:58 UTC 2026","Sun Aug 09 02:51:58 UTC 2026","13","1.1 Team Hummingbird - BFF | WLW app","Technical Tests","supplier-visitors-controller","GET /public_api/suppliers/{supplier_id}/visits [NEG] Forbidden Role Token","","GET /public_api/suppliers/{supplier_id}/visits [NEG] Forbidden Role Token",""
"skipped","Sun Aug 09 02:50:42 UTC 2026","Sun Aug 09 02:50:42 UTC 2026","0","7. Team Pegasus | Pegasus Staging","Business Scenarios Tests","Visitors","Statistics visitor drill-down","","Countries",""
"passed","Sun Aug 09 02:52:00 UTC 2026","Sun Aug 09 02:52:00 UTC 2026","34","1.1 Team Hummingbird - BFF | WLW app","Technical Tests","trending-products-controller","GET /public_api/trending/notifications [NEG] Forbidden Role Token","","GET /public_api/trending/notifications [NEG] Forbidden Role Token",""
"passed","Sun Aug 09 02:51:22 UTC 2026","Sun Aug 09 02:51:22 UTC 2026","42","1.1 Team Hummingbird - BFF | WLW app","Endpoint tests","Company","Company ID EN","","Company ID EN",""
"passed","Sun Aug 09 02:51:43 UTC 2026","Sun Aug 09 02:51:43 UTC 2026","34","1.1 Team Hummingbird - BFF | WLW app","Technical Tests","login-controller","POST /public_api/auth/sso/login [NEG] Expired Token","","POST /public_api/auth/sso/login [NEG] Expired Token",""
"failed","Sun Aug 09 02:51:34 UTC 2026","Sun Aug 09 02:51:34 UTC 2026","13","1.1 Team Hummingbird - BFF | WLW app","Technical Tests","conversation-controller","GET /public_api/conversation/userConversations/{conversationId}/messages [NEG] Missing Auth/API-Key","","GET /public_api/conversation/userConversations/{conversationId}/messages [NEG] Missing Auth/API-Key",""
"passed","Sun Aug 09 02:52:01 UTC 2026","Sun Aug 09 02:52:01 UTC 2026","15","1.1 Team Hummingbird - BFF | WLW app","Technical Tests","user-controller","PUT /public_api/user/userInfo [NEG] Missing Auth/API-Key","","PUT /public_api/user/userInfo [NEG] Missing Auth/API-Key",""
"failed","Sun Aug 09 02:49:57 UTC 2026","Sun Aug 09 02:49:57 UTC 2026","61","4. Team CRM |CRM Staging","Business Scenarios Tests","Lead","Get a Lead","","Get a Lead",""
"passed","Sun Aug 09 02:59:32 UTC 2026","Sun Aug 09 02:59:33 UTC 2026","227","Dolphin","Technical","","","instoreSearchTest","instore search -- cpp/pdp with sort and leaf filter",""
"failed","Sun Aug 09 02:51:37 UTC 2026","Sun Aug 09 02:51:37 UTC 2026","12","1.1 Team Hummingbird - BFF | WLW app","Technical Tests","conversation-controller","GET /public_api/conversation/userConversations/{userId}/unreadCount/","","GET /public_api/conversation/userConversations/{userId}/unreadCount/",""
"skipped","Sun Aug 09 02:50:42 UTC 2026","Sun Aug 09 02:50:42 UTC 2026","0","7. Team Pegasus | Pegasus Staging","Endpoints Tests","Visitors","Elixir (supplier-app)","","Visitor details",""
"failed","Sun Aug 09 02:51:57 UTC 2026","Sun Aug 09 02:51:57 UTC 2026","10","1.1 Team Hummingbird - BFF | WLW app","Technical Tests","search-term-controller","POST /public_api/search/track","","POST /public_api/search/track",""
"passed","Sun Aug 09 02:51:40 UTC 2026","Sun Aug 09 02:51:40 UTC 2026","34","1.1 Team Hummingbird - BFF | WLW app","Technical Tests","currency-exchange-controller","GET /exchange/fetch-rates [NEG] Expired Token","","GET /exchange/fetch-rates [NEG] Expired Token",""
"passed","Sun Aug 09 02:51:41 UTC 2026","Sun Aug 09 02:51:41 UTC 2026","28","1.1 Team Hummingbird - BFF | WLW app","Technical Tests","feedback-controller","POST /v1/feedback [NEG] Forbidden Role Token","","POST /v1/feedback [NEG] Forbidden Role Token",""
"skipped","Sun Aug 09 02:49:50 UTC 2026","Sun Aug 09 02:49:50 UTC 2026","0","4. Team CRM |CRM Staging","Endpoints Tests","Users","Quotes","","Endpoints Tests / Users / Quotes - empty",""
"passed","Sun Aug 09 02:51:20 UTC 2026","Sun Aug 09 02:51:20 UTC 2026","94","1.1 Team Hummingbird - BFF | WLW app","Endpoint tests","Login","forgot password","","forgot password",""
"failed","Sun Aug 09 02:50:01 UTC 2026","Sun Aug 09 02:50:01 UTC 2026","45","4. Team CRM |CRM Staging","Endpoints Tests","(root)","Create Note with sf id Copy","","Create Note with sf id Copy",""
"passed","Sun Aug 09 02:49:58 UTC 2026","Sun Aug 09 02:49:58 UTC 2026","59","4. Team CRM |CRM Staging","Business Scenarios Tests","Platform Profile","Smoke Test Create Platform Profile","","Smoke Test Create Platform Profile",""
"passed","Sun Aug 09 02:51:21 UTC 2026","Sun Aug 09 02:51:21 UTC 2026","17","1.1 Team Hummingbird - BFF | WLW app","Endpoint tests","Support","Support FAQ_EN","","Support FAQ_EN",""
"passed","Sun Aug 09 02:51:56 UTC 2026","Sun Aug 09 02:51:56 UTC 2026","34","1.1 Team Hummingbird - BFF | WLW app","Technical Tests","search-controller","GET /public_api/products/recommendations [SEC] Injection Probe","","GET /public_api/products/recommendations [SEC] Injection Probe",""
"passed","Sun Aug 09 02:51:22 UTC 2026","Sun Aug 09 02:51:22 UTC 2026","50","1.1 Team Hummingbird - BFF | WLW app","Endpoint tests","Company","Suppliers listings","","Suppliers listings",""
"skipped","Sun Aug 09 02:50:42 UTC 2026","Sun Aug 09 02:50:42 UTC 2026","0","7. Team Pegasus | Pegasus Staging","Business Scenarios Tests","Supplier Facts","Company create and update for UI","","Create company",""
"passed","Sun Aug 09 02:49:53 UTC 2026","Sun Aug 09 02:49:53 UTC 2026","63","4. Team CRM |CRM Staging","Business Scenarios Tests","Account","Contact for Account","","Contact for Account",""
"broken","Sun Aug 09 02:55:14 UTC 2026","Sun Aug 09 02:55:34 UTC 2026","20020","Dolphin","Technical","","","recallPaidSupplierFilterTest","AI Search recall: paid supplier filter (verified=true)",""
"skipped","Sun Aug 09 02:55:48 UTC 2026","Sun Aug 09 02:55:48 UTC 2026","0","3 Team Techno - UCL","Technical Tests","GoogleAd","GET /unified_commercial_logic/internal_api/api/google_ad - Retrieve GoogleAd List","","GET /unified_commercial_logic/internal_api/api/google_ad - Retrieve GoogleAd List",""
"failed","Sun Aug 09 02:51:31 UTC 2026","Sun Aug 09 02:51:31 UTC 2026","16","1.1 Team Hummingbird - BFF | WLW app","Technical Tests","company-controller","GET /public_api/suppliers/{companyID}/listings [NEG] Expired Token","","GET /public_api/suppliers/{companyID}/listings [NEG] Expired Token",""
"passed","Sun Aug 09 02:59:32 UTC 2026","Sun Aug 09 02:59:32 UTC 2026","109","Dolphin","Functional","","","getProductsByCategoryTest","popular in category -- getProductsByCategory",""
"passed","Sun Aug 09 02:51:26 UTC 2026","Sun Aug 09 02:51:26 UTC 2026","79","1.1 Team Hummingbird - BFF | WLW app","Endpoint tests","Conversations","mark as read","","mark as read",""
"passed","Sun Aug 09 02:51:23 UTC 2026","Sun Aug 09 02:51:23 UTC 2026","195","1.1 Team Hummingbird - BFF | WLW app","Endpoint tests","Company","branchIO dynamic link, share PDP","","branchIO dynamic link, share PDP",""
"skipped","Sun Aug 09 02:55:48 UTC 2026","Sun Aug 09 02:55:48 UTC 2026","0","3 Team Techno - UCL","Technical Tests","Organization","GET /unified_commercial_logic/internal_api/api/organization/ - Retrieve Organization List","","GET /unified_commercial_logic/internal_api/api/organization/ - Retrieve Organization List",""
"skipped","Sun Aug 09 02:50:42 UTC 2026","Sun Aug 09 02:50:42 UTC 2026","0","7. Team Pegasus | Pegasus Staging","Business Scenarios Tests","Business Insights","Dashboard smoke flow","","Activity by uuid",""
"skipped","Sun Aug 09 02:50:42 UTC 2026","Sun Aug 09 02:50:42 UTC 2026","0","7. Team Pegasus | Pegasus Staging","Business Scenarios Tests","Visitors","Statistics visitor drill-down","","CSV status",""
"skipped","Sun Aug 09 02:50:42 UTC 2026","Sun Aug 09 02:50:42 UTC 2026","0","7. Team Pegasus | Pegasus Staging","Endpoints Tests","Visitors","Elixir (supplier-app)","","Visitors by uuid",""
"passed","Sun Aug 09 02:51:49 UTC 2026","Sun Aug 09 02:51:49 UTC 2026","36","1.1 Team Hummingbird - BFF | WLW app","Technical Tests","purchaser-user-setting-controller","POST /userSetting/","","POST /userSetting/",""
"passed","Sun Aug 09 02:51:43 UTC 2026","Sun Aug 09 02:51:43 UTC 2026","16","1.1 Team Hummingbird - BFF | WLW app","Technical Tests","login-controller","POST /public_api/auth/sso/login [NEG] Missing Auth/API-Key","","POST /public_api/auth/sso/login [NEG] Missing Auth/API-Key",""
"passed","Sun Aug 09 02:51:28 UTC 2026","Sun Aug 09 02:51:28 UTC 2026","35","1.1 Team Hummingbird - BFF | WLW app","Technical Tests","ai-company-search-controller","POST /public_api/search/ai/supplier/pv-match [NEG] Expired Token","","POST /public_api/search/ai/supplier/pv-match [NEG] Expired Token",""
"failed","Sun Aug 09 02:51:34 UTC 2026","Sun Aug 09 02:51:34 UTC 2026","12","1.1 Team Hummingbird - BFF | WLW app","Technical Tests","conversation-controller","PUT /public_api/conversation/userConversations/{conversationId}/messages/markAsRead [NEG] Missing Auth/API-Key","","PUT /public_api/conversation/userConversations/{conversationId}/messages/markAsRead [NEG] Missing Auth/API-Key",""
"broken","Sun Aug 09 02:54:14 UTC 2026","Sun Aug 09 02:54:34 UTC 2026","20018","Dolphin","Technical","","","recallPageSizeOverMaxTest","AI Search recall: pageSize over max capped",""
"failed","Sun Aug 09 02:49:56 UTC 2026","Sun Aug 09 02:49:56 UTC 2026","47","4. Team CRM |CRM Staging","Business Scenarios Tests","Lead","Create a  lead","","Create a  lead",""
"failed","Sun Aug 09 02:51:20 UTC 2026","Sun Aug 09 02:51:20 UTC 2026","60","1.1 Team Hummingbird - BFF | WLW app","Endpoint tests","Login","extend session","","extend session",""
"passed","Sun Aug 09 02:59:32 UTC 2026","Sun Aug 09 02:59:32 UTC 2026","75","Dolphin","Functional","","","cppProductRecommendTest","recommend products in CPP -- wlw",""
"passed","Sun Aug 09 02:50:30 UTC 2026","Sun Aug 09 02:50:32 UTC 2026","1264","1 Team Hummingbird - BFF | EP app","Endpoint tests","Login","user Info","","user Info",""
"passed","Sun Aug 09 02:51:23 UTC 2026","Sun Aug 09 02:51:23 UTC 2026","66","1.1 Team Hummingbird - BFF | WLW app","Endpoint tests","Search","search autoComplete FR","","search autoComplete FR",""
"passed","Sun Aug 09 02:59:16 UTC 2026","Sun Aug 09 02:59:16 UTC 2026","240","Dolphin","Technical","","","productTextSearchBlankQueryTest","AI product text search recall: blank query → empty success",""
"passed","Sun Aug 09 02:51:43 UTC 2026","Sun Aug 09 02:51:43 UTC 2026","32","1.1 Team Hummingbird - BFF | WLW app","Technical Tests","help-and-support-controller","POST /help [NEG] Forbidden Role Token","","POST /help [NEG] Forbidden Role Token",""
"failed","Sun Aug 09 02:51:30 UTC 2026","Sun Aug 09 02:51:30 UTC 2026","12","1.1 Team Hummingbird - BFF | WLW app","Technical Tests","ai-company-search-controller","GET /public_api/search/ai/company/stream/mock [SEC] Injection Probe","","GET /public_api/search/ai/company/stream/mock [SEC] Injection Probe",""
"passed","Sun Aug 09 02:51:47 UTC 2026","Sun Aug 09 02:51:47 UTC 2026","14","1.1 Team Hummingbird - BFF | WLW app","Technical Tests","product-controller","GET /public_api/products/{productId} [NEG] Missing Auth/API-Key","","GET /public_api/products/{productId} [NEG] Missing Auth/API-Key",""
"passed","Sun Aug 09 02:51:30 UTC 2026","Sun Aug 09 02:51:30 UTC 2026","39","1.1 Team Hummingbird - BFF | WLW app","Technical Tests","categories-controller","GET /preferred/categories [SEC] Injection Probe","","GET /preferred/categories [SEC] Injection Probe",""
"passed","Sun Aug 09 02:51:21 UTC 2026","Sun Aug 09 02:51:21 UTC 2026","15","1.1 Team Hummingbird - BFF | WLW app","Endpoint tests","Support","FAQ Alibaba","","FAQ Alibaba",""
"failed","Sun Aug 09 02:51:31 UTC 2026","Sun Aug 09 02:51:31 UTC 2026","14","1.1 Team Hummingbird - BFF | WLW app","Technical Tests","company-controller","GET /public_api/suppliers/{companyID}/listings [NEG] Missing Auth/API-Key","","GET /public_api/suppliers/{companyID}/listings [NEG] Missing Auth/API-Key",""
"skipped","Sun Aug 09 02:50:42 UTC 2026","Sun Aug 09 02:50:42 UTC 2026","0","7. Team Pegasus | Pegasus Staging","Endpoints Tests","User & Company Context","UCL Organizations","","UCL Organizations",""
"passed","Sun Aug 09 02:50:33 UTC 2026","Sun Aug 09 02:50:33 UTC 2026","422","1 Team Hummingbird - BFF | EP app","Endpoint tests","Company","Companies / products EN","","Companies / products EN",""
"failed","Sun Aug 09 02:51:39 UTC 2026","Sun Aug 09 02:51:39 UTC 2026","11","1.1 Team Hummingbird - BFF | WLW app","Technical Tests","conversation-controller","GET /public_api/conversation/userConversations/{conversationId}/file/ [SEC] Injection Probe","","GET /public_api/conversation/userConversations/{conversationId}/file/ [SEC] Injection Probe",""
"passed","Sun Aug 09 02:59:32 UTC 2026","Sun Aug 09 02:59:33 UTC 2026","227","Dolphin","Functional","","","instoreSearchTest","instore search -- cpp/pdp with sort and leaf filter",""
"failed","Sun Aug 09 02:51:21 UTC 2026","Sun Aug 09 02:51:21 UTC 2026","14","1.1 Team Hummingbird - BFF | WLW app","Endpoint tests","Support","currency daily rates","","currency daily rates",""
"broken","Sun Aug 09 02:58:36 UTC 2026","Sun Aug 09 02:58:56 UTC 2026","20024","Dolphin","Technical","","","productInferenceShortQueryTest","AI product search inference: minimal searchText boundary",""
"skipped","Sun Aug 09 02:50:42 UTC 2026","Sun Aug 09 02:50:42 UTC 2026","0","7. Team Pegasus | Pegasus Staging","Business Scenarios Tests","Supplier Facts","API register, publish, and verify in UI","","2. Complete registration (user + company)",""
"passed","Sun Aug 09 02:51:20 UTC 2026","Sun Aug 09 02:51:20 UTC 2026","564","1.1 Team Hummingbird - BFF | WLW app","Endpoint tests","Login","native email login","","native email login",""
"passed","Sun Aug 09 02:50:31 UTC 2026","Sun Aug 09 02:50:31 UTC 2026","18","1 Team Hummingbird - BFF | EP app","Endpoint tests","Support","Support FAQ_EN","","Support FAQ_EN",""
"skipped","Sun Aug 09 02:50:42 UTC 2026","Sun Aug 09 02:50:42 UTC 2026","0","7. Team Pegasus | Pegasus Staging","Endpoints Tests","Visitors","Java (statistics-app)","","Visitors list",""
"passed","Sun Aug 09 02:51:42 UTC 2026","Sun Aug 09 02:51:42 UTC 2026","38","1.1 Team Hummingbird - BFF | WLW app","Technical Tests","feedback-controller","GET /feedback/subject [NEG] Expired Token","","GET /feedback/subject [NEG] Expired Token",""
"skipped","Sun Aug 09 02:50:42 UTC 2026","Sun Aug 09 02:50:42 UTC 2026","0","7. Team Pegasus | Pegasus Staging","Spike | Profiles link user to company","(root)","02 POST — Create company (Supplier Facts)","","02 POST — Create company (Supplier Facts)",""
"skipped","Sun Aug 09 02:50:42 UTC 2026","Sun Aug 09 02:50:42 UTC 2026","0","7. Team Pegasus | Pegasus Staging","Endpoints Tests","Business Insights","User by uuid","","User by uuid",""
"passed","Sun Aug 09 02:51:59 UTC 2026","Sun Aug 09 02:51:59 UTC 2026","17","1.1 Team Hummingbird - BFF | WLW app","Technical Tests","trending-products-controller","POST /public_api/trending/import [NEG] Missing Auth/API-Key","","POST /public_api/trending/import [NEG] Missing Auth/API-Key",""
"skipped","Sun Aug 09 02:49:50 UTC 2026","Sun Aug 09 02:49:50 UTC 2026","0","4. Team CRM |CRM Staging","Endpoints Tests","Users","Custom Endpoints","","Endpoints Tests / Users / Custom Endpoints - empty",""
"failed","Sun Aug 09 02:51:55 UTC 2026","Sun Aug 09 02:51:55 UTC 2026","12","1.1 Team Hummingbird - BFF | WLW app","Technical Tests","search-controller","GET /public_api/search/ai/termRecommend","","GET /public_api/search/ai/termRecommend",""
"passed","Sun Aug 09 02:51:26 UTC 2026","Sun Aug 09 02:51:28 UTC 2026","2239","1.1 Team Hummingbird - BFF | WLW app","Endpoint tests","Conversations","new message","","new message",""
"passed","Sun Aug 09 02:51:50 UTC 2026","Sun Aug 09 02:51:50 UTC 2026","33","1.1 Team Hummingbird - BFF | WLW app","Technical Tests","purchaser-user-setting-controller","POST /userSetting/ [NEG] Forbidden Role Token","","POST /userSetting/ [NEG] Forbidden Role Token",""
"failed","Sun Aug 09 02:50:01 UTC 2026","Sun Aug 09 02:50:01 UTC 2026","58","4. Team CRM |CRM Staging","Endpoints Tests","(root)","Update WLW Connect Counters with id","","Update WLW Connect Counters with id",""
"skipped","Sun Aug 09 02:49:50 UTC 2026","Sun Aug 09 02:49:50 UTC 2026","0","4. Team CRM |CRM Staging","Technical Tests","(empty)","(empty)","","Technical Tests - empty",""
"broken","Sun Aug 09 02:57:36 UTC 2026","Sun Aug 09 02:57:56 UTC 2026","20016","Dolphin","Technical","","","termRecommendBlankLanguageTest","AI Search term recommend: blank language → business failure",""
"passed","Sun Aug 09 02:59:32 UTC 2026","Sun Aug 09 02:59:32 UTC 2026","25","Dolphin","Technical","","","getLandingPageProductListTest","get Landing page Product List for seo",""
"passed","Sun Aug 09 02:51:33 UTC 2026","Sun Aug 09 02:51:33 UTC 2026","30","1.1 Team Hummingbird - BFF | WLW app","Technical Tests","contact-form-controller","POST /public_api/contact-form/messages","","POST /public_api/contact-form/messages",""
"passed","Sun Aug 09 02:51:36 UTC 2026","Sun Aug 09 02:51:36 UTC 2026","34","1.1 Team Hummingbird - BFF | WLW app","Technical Tests","conversation-controller","POST /public_api/conversation/userConversations/{conversationId}/messages/file/ [NEG] Forbidden Role Token","","POST /public_api/conversation/userConversations/{conversationId}/messages/file/ [NEG] Forbidden Role Token",""
"failed","Sun Aug 09 02:50:37 UTC 2026","Sun Aug 09 02:50:41 UTC 2026","4073","1 Team Hummingbird - BFF | EP app","Endpoint tests","Conversations","unread count","","unread count",""
"passed","Sun Aug 09 02:50:31 UTC 2026","Sun Aug 09 02:50:31 UTC 2026","20","1 Team Hummingbird - BFF | EP app","Endpoint tests","Support","Support FAQ_DE","","Support FAQ_DE",""
"failed","Sun Aug 09 02:52:00 UTC 2026","Sun Aug 09 02:52:00 UTC 2026","12","1.1 Team Hummingbird - BFF | WLW app","Technical Tests","trending-products-controller","GET /public_api/trending/products [NEG] Expired Token","","GET /public_api/trending/products [NEG] Expired Token",""
"passed","Sun Aug 09 02:51:41 UTC 2026","Sun Aug 09 02:51:41 UTC 2026","31","1.1 Team Hummingbird - BFF | WLW app","Technical Tests","euro-pages-controller","DELETE /public_api/euro-pages/auth/delete [NEG] Expired Token","","DELETE /public_api/euro-pages/auth/delete [NEG] Expired Token",""
"passed","Sun Aug 09 02:51:35 UTC 2026","Sun Aug 09 02:51:35 UTC 2026","26","1.1 Team Hummingbird - BFF | WLW app","Technical Tests","conversation-controller","POST /public_api/conversation/userConversations/{conversationId}/messages [NEG] Forbidden Role Token","","POST /public_api/conversation/userConversations/{conversationId}/messages [NEG] Forbidden Role Token",""
"passed","Sun Aug 09 02:51:32 UTC 2026","Sun Aug 09 02:51:32 UTC 2026","21","1.1 Team Hummingbird - BFF | WLW app","Technical Tests","company-controller","GET /public_api/company/{id} [NEG] Missing Auth/API-Key","","GET /public_api/company/{id} [NEG] Missing Auth/API-Key",""
"passed","Sun Aug 09 02:51:57 UTC 2026","Sun Aug 09 02:51:57 UTC 2026","29","1.1 Team Hummingbird - BFF | WLW app","Technical Tests","search-term-controller","PUT /public_api/search/notification-opened","","PUT /public_api/search/notification-opened",""
"skipped","Sun Aug 09 02:50:42 UTC 2026","Sun Aug 09 02:50:42 UTC 2026","0","7. Team Pegasus | Pegasus Staging","Endpoints Tests","Business Insights","Origin","","Origin",""
"passed","Sun Aug 09 02:51:05 UTC 2026","Sun Aug 09 02:51:05 UTC 2026","103","2 Team Dragon - BFF | RFQ Backend","Business Scenario Tests","(root)","RFQ_details","","RFQ_details",""
"failed","Sun Aug 09 02:51:54 UTC 2026","Sun Aug 09 02:51:54 UTC 2026","13","1.1 Team Hummingbird - BFF | WLW app","Technical Tests","search-controller","GET /public_api/search/products [NEG] Expired Token","","GET /public_api/search/products [NEG] Expired Token",""
"passed","Sun Aug 09 02:51:52 UTC 2026","Sun Aug 09 02:51:52 UTC 2026","30","1.1 Team Hummingbird - BFF | WLW app","Technical Tests","rfq-controller","POST /public_api/connect/purchaser/tenders [NEG] Expired Token","","POST /public_api/connect/purchaser/tenders [NEG] Expired Token",""
"passed","Sun Aug 09 02:50:36 UTC 2026","Sun Aug 09 02:50:36 UTC 2026","297","1 Team Hummingbird - BFF | EP app","Endpoint tests","Conversations","conversation id","","conversation id",""
"passed","Sun Aug 09 02:50:32 UTC 2026","Sun Aug 09 02:50:32 UTC 2026","18","1 Team Hummingbird - BFF | EP app","Endpoint tests","Support","FAQ Alibaba","","FAQ Alibaba",""
"failed","Sun Aug 09 02:50:35 UTC 2026","Sun Aug 09 02:50:35 UTC 2026","180","1 Team Hummingbird - BFF | EP app","Endpoint tests","Homepage, products","trending products","","trending products",""
"passed","Sun Aug 09 02:51:40 UTC 2026","Sun Aug 09 02:51:40 UTC 2026","32","1.1 Team Hummingbird - BFF | WLW app","Technical Tests","dynamic-links-controller","POST /public_api/branchio/dynamiclink","","POST /public_api/branchio/dynamiclink",""
"passed","Sun Aug 09 02:49:57 UTC 2026","Sun Aug 09 02:49:57 UTC 2026","63","4. Team CRM |CRM Staging","Business Scenarios Tests","Lead","Smoke test for Conversion","","Smoke test for Conversion",""
"skipped","Sun Aug 09 02:50:42 UTC 2026","Sun Aug 09 02:50:42 UTC 2026","0","7. Team Pegasus | Pegasus Staging","Endpoints Tests","User & Company Context","Get company data crm","","Get company data crm",""
"passed","Sun Aug 09 02:49:54 UTC 2026","Sun Aug 09 02:49:54 UTC 2026","45","4. Team CRM |CRM Staging","Business Scenarios Tests","Account","Trigger SAP Customer number","","Trigger SAP Customer number",""
"passed","Sun Aug 09 02:51:44 UTC 2026","Sun Aug 09 02:51:44 UTC 2026","36","1.1 Team Hummingbird - BFF | WLW app","Technical Tests","login-controller","POST /public_api/auth/resetPassword","","POST /public_api/auth/resetPassword",""
"passed","Sun Aug 09 02:51:40 UTC 2026","Sun Aug 09 02:51:40 UTC 2026","13","1.1 Team Hummingbird - BFF | WLW app","Technical Tests","dynamic-links-controller","POST /public_api/branchio/dynamiclink [NEG] Missing Auth/API-Key","","POST /public_api/branchio/dynamiclink [NEG] Missing Auth/API-Key",""
"passed","Sun Aug 09 02:51:26 UTC 2026","Sun Aug 09 02:51:26 UTC 2026","100","1.1 Team Hummingbird - BFF | WLW app","Endpoint tests","Conversations","unread count","","unread count",""
"passed","Sun Aug 09 02:49:59 UTC 2026","Sun Aug 09 02:49:59 UTC 2026","45","4. Team CRM |CRM Staging","Endpoints Tests","Accounts","Get Account Information","","Get Account Information",""
"failed","Sun Aug 09 02:50:00 UTC 2026","Sun Aug 09 02:50:00 UTC 2026","44","4. Team CRM |CRM Staging","Endpoints Tests","(root)","resolve individual id","","resolve individual id",""
"passed","Sun Aug 09 02:51:50 UTC 2026","Sun Aug 09 02:51:50 UTC 2026","35","1.1 Team Hummingbird - BFF | WLW app","Technical Tests","purchaser-user-setting-controller","POST /userSetting/ [NEG] Expired Token","","POST /userSetting/ [NEG] Expired Token",""
"passed","Sun Aug 09 02:49:52 UTC 2026","Sun Aug 09 02:49:52 UTC 2026","33","Bamboo","Technical","","","searchCategoryByNameTest","searchCategoryByName",""
"passed","Sun Aug 09 02:50:33 UTC 2026","Sun Aug 09 02:50:33 UTC 2026","422","1 Team Hummingbird - BFF | EP app","Endpoint tests","Mobile_Feedback","post feedback","","post feedback",""
"skipped","Sun Aug 09 02:55:48 UTC 2026","Sun Aug 09 02:55:48 UTC 2026","0","3 Team Techno - UCL","Functional Tests","Endpoint Tests","membership","","get all active membership for uuid platform specific",""
"passed","Sun Aug 09 02:51:22 UTC 2026","Sun Aug 09 02:51:22 UTC 2026","14","1.1 Team Hummingbird - BFF | WLW app","Endpoint tests","Mobile_Feedback","Feedback Subject_DE","","Feedback Subject_DE",""
"passed","Sun Aug 09 02:51:24 UTC 2026","Sun Aug 09 02:51:24 UTC 2026","489","1.1 Team Hummingbird - BFF | WLW app","Endpoint tests","Search","Product Search DE","","Product Search DE",""
"failed","Sun Aug 09 02:51:47 UTC 2026","Sun Aug 09 02:51:47 UTC 2026","13","1.1 Team Hummingbird - BFF | WLW app","Technical Tests","product-controller","GET /public_api/products [SEC] Injection Probe","","GET /public_api/products [SEC] Injection Probe",""
"passed","Sun Aug 09 02:51:46 UTC 2026","Sun Aug 09 02:51:46 UTC 2026","32","1.1 Team Hummingbird - BFF | WLW app","Technical Tests","login-controller","DELETE /public_api/auth/sso/logout [NEG] Expired Token","","DELETE /public_api/auth/sso/logout [NEG] Expired Token",""
"passed","Sun Aug 09 02:51:21 UTC 2026","Sun Aug 09 02:51:21 UTC 2026","16","1.1 Team Hummingbird - BFF | WLW app","Endpoint tests","Support","Supportmasterdata_EN","","Supportmasterdata_EN",""
"failed","Sun Aug 09 02:51:29 UTC 2026","Sun Aug 09 02:51:29 UTC 2026","14","1.1 Team Hummingbird - BFF | WLW app","Technical Tests","ai-company-search-controller","GET /public_api/search/ai/company/stream/mock","","GET /public_api/search/ai/company/stream/mock",""
"passed","Sun Aug 09 02:51:03 UTC 2026","Sun Aug 09 02:51:03 UTC 2026","477","2 Team Dragon - BFF | RFQ Backend","Functional Tests","(root)","GET /v1/user - Success","","GET /v1/user - Success",""
"passed","Sun Aug 09 02:51:40 UTC 2026","Sun Aug 09 02:51:40 UTC 2026","32","1.1 Team Hummingbird - BFF | WLW app","Technical Tests","dynamic-links-controller","POST /public_api/branchio/dynamiclink [NEG] Expired Token","","POST /public_api/branchio/dynamiclink [NEG] Expired Token",""
"passed","Sun Aug 09 02:51:23 UTC 2026","Sun Aug 09 02:51:23 UTC 2026","303","1.1 Team Hummingbird - BFF | WLW app","Endpoint tests","Company","branchIO dynamic link, share CPP","","branchIO dynamic link, share CPP",""
"failed","Sun Aug 09 02:50:01 UTC 2026","Sun Aug 09 02:50:01 UTC 2026","59","4. Team CRM |CRM Staging","Endpoints Tests","(root)","Update Website Leads Fields with sf_id","","Update Website Leads Fields with sf_id",""
"failed","Sun Aug 09 02:51:03 UTC 2026","Sun Aug 09 02:51:03 UTC 2026","237","2 Team Dragon - BFF | RFQ Backend","Functional Tests","(root)","POST /v1/rfqs/{rfqId}/respond - Success","","POST /v1/rfqs/{rfqId}/respond - Success",""
"skipped","Sun Aug 09 02:50:42 UTC 2026","Sun Aug 09 02:50:42 UTC 2026","0","7. Team Pegasus | Pegasus Staging","Technical Tests","(empty)","(empty)","","Technical Tests - empty",""
"skipped","Sun Aug 09 02:55:48 UTC 2026","Sun Aug 09 02:55:48 UTC 2026","0","3 Team Techno - UCL","Functional Tests","Endpoint Tests","WebsiteLead","","get all active on wlw for given existing uuid",""
"passed","Sun Aug 09 02:51:36 UTC 2026","Sun Aug 09 02:51:36 UTC 2026","29","1.1 Team Hummingbird - BFF | WLW app","Technical Tests","conversation-controller","POST /public_api/conversation/userConversations/{conversationId}/messages/file/ [NEG] Missing Auth/API-Key","","POST /public_api/conversation/userConversations/{conversationId}/messages/file/ [NEG] Missing Auth/API-Key",""
"passed","Sun Aug 09 02:51:42 UTC 2026","Sun Aug 09 02:51:42 UTC 2026","16","1.1 Team Hummingbird - BFF | WLW app","Technical Tests","help-and-support-controller","POST /help [NEG] Missing Auth/API-Key","","POST /help [NEG] Missing Auth/API-Key",""
"failed","Sun Aug 09 02:50:33 UTC 2026","Sun Aug 09 02:50:33 UTC 2026","168","1 Team Hummingbird - BFF | EP app","Endpoint tests","Company","Company ID EN","","Company ID EN",""
"passed","Sun Aug 09 02:59:31 UTC 2026","Sun Aug 09 02:59:31 UTC 2026","150","Dolphin","Technical","","","EPHomepageProductRecommendTest","homepage product recommend -- ep",""
"skipped","Sun Aug 09 02:55:48 UTC 2026","Sun Aug 09 02:55:48 UTC 2026","0","3 Team Techno - UCL","Functional Tests","Endpoint Tests","WebsiteLead","","get all active on ep for given existing uuid",""
"passed","Sun Aug 09 02:51:14 UTC 2026","Sun Aug 09 02:51:14 UTC 2026","598","Arise","Functional","","","getAllElementsByUrlTest","getAllElementsByUrlTest",""
"failed","Sun Aug 09 02:52:00 UTC 2026","Sun Aug 09 02:52:00 UTC 2026","10","1.1 Team Hummingbird - BFF | WLW app","Technical Tests","trending-products-controller","GET /public_api/trending/products [NEG] Missing Auth/API-Key","","GET /public_api/trending/products [NEG] Missing Auth/API-Key",""
"failed","Sun Aug 09 02:51:51 UTC 2026","Sun Aug 09 02:51:51 UTC 2026","10","1.1 Team Hummingbird - BFF | WLW app","Technical Tests","push-notification-by-email-controller","PUT /v1/pushNotification [NEG] Missing Auth/API-Key","","PUT /v1/pushNotification [NEG] Missing Auth/API-Key",""
"failed","Sun Aug 09 02:50:36 UTC 2026","Sun Aug 09 02:50:37 UTC 2026","662","1 Team Hummingbird - BFF | EP app","Endpoint tests","Conversations","user conversations to decline request","","user conversations to decline request",""
"failed","Sun Aug 09 02:51:32 UTC 2026","Sun Aug 09 02:51:32 UTC 2026","26","1.1 Team Hummingbird - BFF | WLW app","Technical Tests","company-controller","GET /public_api/company [NEG] Forbidden Role Token","","GET /public_api/company [NEG] Forbidden Role Token",""
"failed","Sun Aug 09 02:51:29 UTC 2026","Sun Aug 09 02:51:29 UTC 2026","10","1.1 Team Hummingbird - BFF | WLW app","Technical Tests","ai-company-search-controller","GET /public_api/search/ai/company/stream/mock [NEG] Missing Auth/API-Key","","GET /public_api/search/ai/company/stream/mock [NEG] Missing Auth/API-Key",""
"passed","Sun Aug 09 02:51:20 UTC 2026","Sun Aug 09 02:51:20 UTC 2026","18","1.1 Team Hummingbird - BFF | WLW app","Endpoint tests","User settings","push-notification-by-email-controller","","push-notification-by-email-controller",""
"passed","Sun Aug 09 02:51:46 UTC 2026","Sun Aug 09 02:51:46 UTC 2026","33","1.1 Team Hummingbird - BFF | WLW app","Technical Tests","login-controller","POST /public_api/auth/changePassword","","POST /public_api/auth/changePassword",""
"passed","Sun Aug 09 02:51:41 UTC 2026","Sun Aug 09 02:51:41 UTC 2026","31","1.1 Team Hummingbird - BFF | WLW app","Technical Tests","feedback-controller","POST /feedback","","POST /feedback",""
"passed","Sun Aug 09 02:50:02 UTC 2026","Sun Aug 09 02:50:02 UTC 2026","59","4. Team CRM |CRM Staging","Endpoints Tests","(root)","get company data via CRM id","","get company data via CRM id",""
"passed","Sun Aug 09 02:49:54 UTC 2026","Sun Aug 09 02:49:54 UTC 2026","45","4. Team CRM |CRM Staging","Business Scenarios Tests","Account","Trigger SAP Customer number","","Trigger SAP Customer number",""
"passed","Sun Aug 09 02:51:36 UTC 2026","Sun Aug 09 02:51:36 UTC 2026","31","1.1 Team Hummingbird - BFF | WLW app","Technical Tests","conversation-controller","POST /public_api/conversation/userConversations/{conversationId}/messages/file","","POST /public_api/conversation/userConversations/{conversationId}/messages/file",""
"broken","Sun Aug 09 02:49:50 UTC 2026","Sun Aug 09 02:49:51 UTC 2026","532","Bamboo","Functional","","","findCategoryByIdTest","findCategoryById",""
"failed","Sun Aug 09 02:59:22 UTC 2026","Sun Aug 09 02:59:23 UTC 2026","838","Dolphin","Technical","","","productTextSearchNoResultTest","AI product text search recall: no-result query",""
"passed","Sun Aug 09 02:51:46 UTC 2026","Sun Aug 09 02:51:46 UTC 2026","34","1.1 Team Hummingbird - BFF | WLW app","Technical Tests","login-controller","POST /public_api/auth/changePassword [NEG] Expired Token","","POST /public_api/auth/changePassword [NEG] Expired Token",""
"passed","Sun Aug 09 02:59:21 UTC 2026","Sun Aug 09 02:59:22 UTC 2026","1228","Dolphin","Technical","","","productTextSearchMalformedRawQueryStructTest","AI product text search recall: malformed rawQueryStruct still success",""
"skipped","Sun Aug 09 02:50:42 UTC 2026","Sun Aug 09 02:50:42 UTC 2026","0","7. Team Pegasus | Pegasus Staging","Endpoints Tests","Visitors","Elixir (supplier-app)","","Countries by uuid",""
"skipped","Sun Aug 09 02:50:42 UTC 2026","Sun Aug 09 02:50:42 UTC 2026","0","7. Team Pegasus | Pegasus Staging","Endpoints Tests","Shop Import & Onboarding Backend","/offers/searchCategories","","/offers/searchCategories",""
"broken","Sun Aug 09 02:58:56 UTC 2026","Sun Aug 09 02:59:16 UTC 2026","20020","Dolphin","Functional","","","productInferenceTest","AI product search inference stream API",""
"passed","Sun Aug 09 02:51:25 UTC 2026","Sun Aug 09 02:51:25 UTC 2026","34","1.1 Team Hummingbird - BFF | WLW app","Endpoint tests","Homepage, products","preferred categories","","preferred categories",""
"skipped","Sun Aug 09 02:55:48 UTC 2026","Sun Aug 09 02:55:48 UTC 2026","0","3 Team Techno - UCL","Technical Tests","SponsoredBrand","GET /unified_commercial_logic/internal_api/api/sponsored_brand_v1 - Retrieve SponsoredBrandV1 List","","GET /unified_commercial_logic/internal_api/api/sponsored_brand_v1 - Retrieve SponsoredBrandV1 List",""
"skipped","Sun Aug 09 02:50:42 UTC 2026","Sun Aug 09 02:50:42 UTC 2026","0","7. Team Pegasus | Pegasus Staging","Endpoints Tests","User & Company Context","Get user details by","","Get user details by",""
"failed","Sun Aug 09 02:50:37 UTC 2026","Sun Aug 09 02:50:56 UTC 2026","18251","1 Team Hummingbird - BFF | EP app","Endpoint tests","Visitor profiler","csv get","","csv get",""
"failed","Sun Aug 09 02:51:32 UTC 2026","Sun Aug 09 02:51:32 UTC 2026","14","1.1 Team Hummingbird - BFF | WLW app","Technical Tests","company-controller","GET /public_api/suppliers/{companyID}/listings [SEC] Injection Probe","","GET /public_api/suppliers/{companyID}/listings [SEC] Injection Probe",""
"skipped","Sun Aug 09 02:55:48 UTC 2026","Sun Aug 09 02:55:48 UTC 2026","0","3 Team Techno - UCL","Functional Tests","Endpoint Tests","membership","","get all active membership for uuid not platform specific",""
"failed","Sun Aug 09 02:51:28 UTC 2026","Sun Aug 09 02:51:28 UTC 2026","14","1.1 Team Hummingbird - BFF | WLW app","Technical Tests","ai-company-search-controller","GET /public_api/search/ai/company/search","","GET /public_api/search/ai/company/search",""
"passed","Sun Aug 09 02:51:42 UTC 2026","Sun Aug 09 02:51:42 UTC 2026","29","1.1 Team Hummingbird - BFF | WLW app","Technical Tests","help-and-support-controller","POST /help","","POST /help",""
"passed","Sun Aug 09 02:51:35 UTC 2026","Sun Aug 09 02:51:35 UTC 2026","13","1.1 Team Hummingbird - BFF | WLW app","Technical Tests","conversation-controller","POST /public_api/conversation/userConversations/{conversationId}/messages [NEG] Missing Auth/API-Key","","POST /public_api/conversation/userConversations/{conversationId}/messages [NEG] Missing Auth/API-Key",""
"failed","Sun Aug 09 02:51:35 UTC 2026","Sun Aug 09 02:51:35 UTC 2026","12","1.1 Team Hummingbird - BFF | WLW app","Technical Tests","conversation-controller","GET /public_api/conversation/userConversations/{conversationId}/messages [NEG] Expired Token","","GET /public_api/conversation/userConversations/{conversationId}/messages [NEG] Expired Token",""
"skipped","Sun Aug 09 02:55:48 UTC 2026","Sun Aug 09 02:55:48 UTC 2026","0","3 Team Techno - UCL","Technical Tests","GoogleAd","GET /unified_commercial_logic/internal_api/api/google_ad/{id} - Retrieve GoogleAd By ID","","GET /unified_commercial_logic/internal_api/api/google_ad/{id} - Retrieve GoogleAd By ID",""
"skipped","Sun Aug 09 02:55:48 UTC 2026","Sun Aug 09 02:55:48 UTC 2026","0","3 Team Techno - UCL","Technical Tests","Membership","GET /unified_commercial_logic/internal_api/api/membership - Retrieve Membership List","","GET /unified_commercial_logic/internal_api/api/membership - Retrieve Membership List",""
"failed","Sun Aug 09 02:51:56 UTC 2026","Sun Aug 09 02:51:56 UTC 2026","13","1.1 Team Hummingbird - BFF | WLW app","Technical Tests","search-controller","GET /public_api/products/recommendations","","GET /public_api/products/recommendations",""
"passed","Sun Aug 09 02:50:34 UTC 2026","Sun Aug 09 02:50:36 UTC 2026","1210","1 Team Hummingbird - BFF | EP app","Endpoint tests","Search","Product Search EN","","Product Search EN",""
"passed","Sun Aug 09 02:49:54 UTC 2026","Sun Aug 09 02:49:55 UTC 2026","94","4. Team CRM |CRM Staging","Business Scenarios Tests","Create and edit a contact","Create contact","","Create contact",""
"passed","Sun Aug 09 02:51:28 UTC 2026","Sun Aug 09 02:51:28 UTC 2026","42","1.1 Team Hummingbird - BFF | WLW app","Technical Tests","ai-company-search-controller","POST /public_api/search/ai/supplier/recall [NEG] Expired Token","","POST /public_api/search/ai/supplier/recall [NEG] Expired Token",""
"skipped","Sun Aug 09 02:50:42 UTC 2026","Sun Aug 09 02:50:42 UTC 2026","0","7. Team Pegasus | Pegasus Staging","Endpoints Tests","Business Insights","Visitor","","Visitor",""
"passed","Sun Aug 09 02:51:05 UTC 2026","Sun Aug 09 02:51:05 UTC 2026","13","2 Team Dragon - BFF | RFQ Backend","Technical Tests","(root)","GET /v1/categories - CPV list (schema + contract)","","GET /v1/categories - CPV list (schema + contract)",""
"broken","Sun Aug 09 02:57:15 UTC 2026","Sun Aug 09 02:57:36 UTC 2026","20685","Dolphin","Technical","","","recallWhitespaceQueryTest","AI Search recall: whitespace-only query → business failure",""
"passed","Sun Aug 09 02:49:58 UTC 2026","Sun Aug 09 02:49:58 UTC 2026","61","4. Team CRM |CRM Staging","Business Scenarios Tests","Platform Profile","Update Platform Profile","","Update Platform Profile",""
"failed","Sun Aug 09 02:50:36 UTC 2026","Sun Aug 09 02:50:36 UTC 2026","329","1 Team Hummingbird - BFF | EP app","Endpoint tests","Contact request","QDR request","","QDR request",""
"failed","Sun Aug 09 02:51:55 UTC 2026","Sun Aug 09 02:51:55 UTC 2026","11","1.1 Team Hummingbird - BFF | WLW app","Technical Tests","search-controller","GET /public_api/search/ai/termRecommend [NEG] Missing Auth/API-Key","","GET /public_api/search/ai/termRecommend [NEG] Missing Auth/API-Key",""
"failed","Sun Aug 09 02:51:04 UTC 2026","Sun Aug 09 02:51:04 UTC 2026","25","2 Team Dragon - BFF | RFQ Backend","Technical Tests","(root)","POST /v1/rfqs/{rfqId}/respond - Multipart Upload + Schema + Security","","POST /v1/rfqs/{rfqId}/respond - Multipart Upload + Schema + Security",""
"failed","Sun Aug 09 02:49:51 UTC 2026","Sun Aug 09 02:49:51 UTC 2026","80","4. Team CRM |CRM Staging","Business Scenarios Tests","Contacts","Check Contact","","Check Contact",""
"passed","Sun Aug 09 02:51:57 UTC 2026","Sun Aug 09 02:51:57 UTC 2026","34","1.1 Team Hummingbird - BFF | WLW app","Technical Tests","search-controller","GET /public_api/categories/recommendations [SEC] Injection Probe","","GET /public_api/categories/recommendations [SEC] Injection Probe",""
"skipped","Sun Aug 09 02:55:48 UTC 2026","Sun Aug 09 02:55:48 UTC 2026","0","3 Team Techno - UCL","Technical Tests","WebsiteLead","GET /unified_commercial_logic/internal_api/api/website_lead/ - Retrieve WebsiteLead List","","GET /unified_commercial_logic/internal_api/api/website_lead/ - Retrieve WebsiteLead List",""
"skipped","Sun Aug 09 02:50:42 UTC 2026","Sun Aug 09 02:50:42 UTC 2026","0","7. Team Pegasus | Pegasus Staging","Business Scenarios Tests","Business Insights","Dashboard smoke flow","","Scoring",""
"passed","Sun Aug 09 02:51:50 UTC 2026","Sun Aug 09 02:51:50 UTC 2026","33","1.1 Team Hummingbird - BFF | WLW app","Technical Tests","purchaser-user-setting-controller","GET /userSetting [SEC] Injection Probe","","GET /userSetting [SEC] Injection Probe",""
"passed","Sun Aug 09 02:51:55 UTC 2026","Sun Aug 09 02:51:55 UTC 2026","18","1.1 Team Hummingbird - BFF | WLW app","Technical Tests","search-controller","GET /public_api/search/ai/tabChange [NEG] Missing Auth/API-Key","","GET /public_api/search/ai/tabChange [NEG] Missing Auth/API-Key",""
"passed","Sun Aug 09 02:51:40 UTC 2026","Sun Aug 09 02:51:40 UTC 2026","32","1.1 Team Hummingbird - BFF | WLW app","Technical Tests","euro-pages-controller","PUT /public_api/euro-pages/auth/delete [NEG] Expired Token","","PUT /public_api/euro-pages/auth/delete [NEG] Expired Token",""
"passed","Sun Aug 09 02:51:57 UTC 2026","Sun Aug 09 02:51:57 UTC 2026","17","1.1 Team Hummingbird - BFF | WLW app","Technical Tests","search-term-controller","PUT /public_api/search/notification-opened [NEG] Missing Auth/API-Key","","PUT /public_api/search/notification-opened [NEG] Missing Auth/API-Key",""
"failed","Sun Aug 09 02:50:00 UTC 2026","Sun Aug 09 02:50:00 UTC 2026","44","4. Team CRM |CRM Staging","Endpoints Tests","(root)","update SF","","update SF",""
"passed","Sun Aug 09 02:51:27 UTC 2026","Sun Aug 09 02:51:30 UTC 2026","3138","1.1 Team Hummingbird - BFF | WLW app","Endpoint tests","Visitor profiler","csv get","","csv get",""
"skipped","Sun Aug 09 02:50:42 UTC 2026","Sun Aug 09 02:50:42 UTC 2026","0","7. Team Pegasus | Pegasus Staging","Endpoints Tests","Business Insights","Admin BIOPS imports","","Admin BIOPS imports",""
"failed","Sun Aug 09 02:51:39 UTC 2026","Sun Aug 09 02:51:39 UTC 2026","10","1.1 Team Hummingbird - BFF | WLW app","Technical Tests","conversation-controller","GET /public_api/conversation/userConversations/{conversationId}/file [NEG] Missing Auth/API-Key","","GET /public_api/conversation/userConversations/{conversationId}/file [NEG] Missing Auth/API-Key",""
"failed","Sun Aug 09 02:50:38 UTC 2026","Sun Aug 09 02:50:56 UTC 2026","18251","1 Team Hummingbird - BFF | EP app","Endpoint tests","Visitor profiler","csv get","","csv get",""
"passed","Sun Aug 09 02:51:24 UTC 2026","Sun Aug 09 02:51:24 UTC 2026","133","1.1 Team Hummingbird - BFF | WLW app","Endpoint tests","RFQ","post RFQ","","post RFQ",""
"passed","Sun Aug 09 02:51:35 UTC 2026","Sun Aug 09 02:51:35 UTC 2026","30","1.1 Team Hummingbird - BFF | WLW app","Technical Tests","conversation-controller","POST /public_api/conversation/userConversations/{conversationId}/messages [NEG] Expired Token","","POST /public_api/conversation/userConversations/{conversationId}/messages [NEG] Expired Token",""
"failed","Sun Aug 09 02:51:59 UTC 2026","Sun Aug 09 02:51:59 UTC 2026","12","1.1 Team Hummingbird - BFF | WLW app","Technical Tests","supplier-visitors-controller","GET /public_api/suppliers/{supplier_id}/visits/csv","","GET /public_api/suppliers/{supplier_id}/visits/csv",""
"passed","Sun Aug 09 02:51:41 UTC 2026","Sun Aug 09 02:51:41 UTC 2026","39","1.1 Team Hummingbird - BFF | WLW app","Technical Tests","euro-pages-controller","PUT /public_api/euro-pages/auth/delete [NEG] Forbidden Role Token","","PUT /public_api/euro-pages/auth/delete [NEG] Forbidden Role Token",""
"passed","Sun Aug 09 02:51:23 UTC 2026","Sun Aug 09 02:51:23 UTC 2026","56","1.1 Team Hummingbird - BFF | WLW app","Endpoint tests","Company","Product ID","","Product ID",""
"passed","Sun Aug 09 02:51:57 UTC 2026","Sun Aug 09 02:51:57 UTC 2026","32","1.1 Team Hummingbird - BFF | WLW app","Technical Tests","search-term-controller","PUT /public_api/search/notification-opened [NEG] Forbidden Role Token","","PUT /public_api/search/notification-opened [NEG] Forbidden Role Token",""
"passed","Sun Aug 09 02:49:53 UTC 2026","Sun Aug 09 02:49:53 UTC 2026","47","4. Team CRM |CRM Staging","Business Scenarios Tests","Account","Smoke Test Basic Account Creation","","Smoke Test Basic Account Creation",""
"failed","Sun Aug 09 02:50:30 UTC 2026","Sun Aug 09 02:50:30 UTC 2026","47","1 Team Hummingbird - BFF | EP app","Endpoint tests","Login","user Info","","user Info",""
"failed","Sun Aug 09 02:51:47 UTC 2026","Sun Aug 09 02:51:47 UTC 2026","16","1.1 Team Hummingbird - BFF | WLW app","Technical Tests","product-controller","GET /public_api/products [NEG] Expired Token","","GET /public_api/products [NEG] Expired Token",""
"passed","Sun Aug 09 02:59:19 UTC 2026","Sun Aug 09 02:59:21 UTC 2026","1482","Dolphin","Technical","","","productTextSearchLongQueryTest","AI product text search recall: long query truncated",""
"broken","Sun Aug 09 02:57:56 UTC 2026","Sun Aug 09 02:58:16 UTC 2026","20022","Dolphin","Functional","","","termRecommendNoMockTest","AI Search term recommend API without mock",""
"passed","Sun Aug 09 02:59:32 UTC 2026","Sun Aug 09 02:59:32 UTC 2026","36","Dolphin","Technical","","","getCategoryListWlwTest","v-recommend category list -- wlw, full categories",""
"skipped","Sun Aug 09 02:55:48 UTC 2026","Sun Aug 09 02:55:48 UTC 2026","0","3 Team Techno - UCL","Technical Tests","TopRanking","GET /unified_commercial_logic/internal_api/api/top_ranking_v1/{id} - Retrieve TopRankingV1 By ID","","GET /unified_commercial_logic/internal_api/api/top_ranking_v1/{id} - Retrieve TopRankingV1 By ID",""
"passed","Sun Aug 09 02:51:29 UTC 2026","Sun Aug 09 02:51:29 UTC 2026","35","1.1 Team Hummingbird - BFF | WLW app","Technical Tests","ai-company-search-controller","POST /public_api/search/ai/company/search [NEG] Expired Token","","POST /public_api/search/ai/company/search [NEG] Expired Token",""
"passed","Sun Aug 09 02:51:36 UTC 2026","Sun Aug 09 02:51:36 UTC 2026","30","1.1 Team Hummingbird - BFF | WLW app","Technical Tests","conversation-controller","POST /public_api/conversation/userConversations/{conversationId}/messages/file [NEG] Forbidden Role Token","","POST /public_api/conversation/userConversations/{conversationId}/messages/file [NEG] Forbidden Role Token",""
"passed","Sun Aug 09 02:50:34 UTC 2026","Sun Aug 09 02:50:34 UTC 2026","58","1 Team Hummingbird - BFF | EP app","Endpoint tests","Search","search autoComplete FR","","search autoComplete FR",""
"passed","Sun Aug 09 02:59:32 UTC 2026","Sun Aug 09 02:59:32 UTC 2026","36","Dolphin","Functional","","","getCategoryListWlwTest","v-recommend category list -- wlw, full categories",""
"passed","Sun Aug 09 02:50:35 UTC 2026","Sun Aug 09 02:50:35 UTC 2026","76","1 Team Hummingbird - BFF | EP app","Endpoint tests","Homepage, products","preferred categories","","preferred categories",""
"failed","Sun Aug 09 02:51:26 UTC 2026","Sun Aug 09 02:51:26 UTC 2026","68","1.1 Team Hummingbird - BFF | WLW app","Endpoint tests","Conversations","send file message","","send file message",""
"failed","Sun Aug 09 02:51:53 UTC 2026","Sun Aug 09 02:51:53 UTC 2026","10","1.1 Team Hummingbird - BFF | WLW app","Technical Tests","search-controller","GET /public_api/suppliers/recommendations [SEC] Injection Probe","","GET /public_api/suppliers/recommendations [SEC] Injection Probe",""
"passed","Sun Aug 09 02:51:05 UTC 2026","Sun Aug 09 02:51:05 UTC 2026","6","2 Team Dragon - BFF | RFQ Backend","Technical Tests","(root)","Negative test: malformed UUIDs & content type checks","","Negative test: malformed UUIDs & content type checks",""
"failed","Sun Aug 09 02:51:59 UTC 2026","Sun Aug 09 02:51:59 UTC 2026","13","1.1 Team Hummingbird - BFF | WLW app","Technical Tests","supplier-visitors-controller","GET /public_api/suppliers/{supplier_id}/visits/csv [SEC] Injection Probe","","GET /public_api/suppliers/{supplier_id}/visits/csv [SEC] Injection Probe",""
"failed","Sun Aug 09 02:50:01 UTC 2026","Sun Aug 09 02:50:01 UTC 2026","46","4. Team CRM |CRM Staging","Endpoints Tests","(root)","Create Note with sf id","","Create Note with sf id",""
"passed","Sun Aug 09 02:51:38 UTC 2026","Sun Aug 09 02:51:38 UTC 2026","32","1.1 Team Hummingbird - BFF | WLW app","Technical Tests","conversation-controller","GET /public_api/conversation/userConversations/{conversationId} [SEC] Injection Probe","","GET /public_api/conversation/userConversations/{conversationId} [SEC] Injection Probe",""
"passed","Sun Aug 09 02:52:01 UTC 2026","Sun Aug 09 02:52:01 UTC 2026","30","1.1 Team Hummingbird - BFF | WLW app","Technical Tests","user-controller","PUT /public_api/user/userInfo","","PUT /public_api/user/userInfo",""
"failed","Sun Aug 09 02:51:25 UTC 2026","Sun Aug 09 02:51:26 UTC 2026","312","1.1 Team Hummingbird - BFF | WLW app","Endpoint tests","Contact request","Product request","","Product request",""
"failed","Sun Aug 09 02:51:50 UTC 2026","Sun Aug 09 02:51:50 UTC 2026","13","1.1 Team Hummingbird - BFF | WLW app","Technical Tests","purchaser-user-setting-controller","GET /userSetting [NEG] Expired Token","","GET /userSetting [NEG] Expired Token",""
"skipped","Sun Aug 09 02:50:42 UTC 2026","Sun Aug 09 02:50:42 UTC 2026","0","7. Team Pegasus | Pegasus Staging","Endpoints Tests","Membership Management (PGS-861)","POST /companies — create with UTM (PGS-861)","","POST /companies — create with UTM (PGS-861)",""
"passed","Sun Aug 09 02:51:47 UTC 2026","Sun Aug 09 02:51:47 UTC 2026","33","1.1 Team Hummingbird - BFF | WLW app","Technical Tests","product-controller","GET /public_api/products/{productId} [NEG] Expired Token","","GET /public_api/products/{productId} [NEG] Expired Token",""
"passed","Sun Aug 09 02:51:21 UTC 2026","Sun Aug 09 02:51:21 UTC 2026","18","1.1 Team Hummingbird - BFF | WLW app","Endpoint tests","Support","Support FAQ_DE","","Support FAQ_DE",""
"failed","Sun Aug 09 02:50:36 UTC 2026","Sun Aug 09 02:50:37 UTC 2026","153","1 Team Hummingbird - BFF | EP app","Endpoint tests","Conversations","send file message","","send file message",""
"passed","Sun Aug 09 02:51:49 UTC 2026","Sun Aug 09 02:51:49 UTC 2026","36","1.1 Team Hummingbird - BFF | WLW app","Technical Tests","purchaser-user-setting-controller","PUT /userSetting/{id} [NEG] Forbidden Role Token","","PUT /userSetting/{id} [NEG] Forbidden Role Token",""
"skipped","Sun Aug 09 02:50:42 UTC 2026","Sun Aug 09 02:50:42 UTC 2026","0","7. Team Pegasus | Pegasus Staging","Business Scenarios Tests","Business Insights","Dashboard smoke flow","","Admin BI",""
"skipped","Sun Aug 09 02:50:42 UTC 2026","Sun Aug 09 02:50:42 UTC 2026","0","7. Team Pegasus | Pegasus Staging","Endpoints Tests","Shop Import & Onboarding Backend","/offers/count - get count","","/offers/count - get count",""
"skipped","Sun Aug 09 02:50:42 UTC 2026","Sun Aug 09 02:50:42 UTC 2026","0","7. Team Pegasus | Pegasus Staging","Endpoints Tests","Shop Import & Onboarding Backend","/offers/categoryProperties","","/offers/categoryProperties",""
"passed","Sun Aug 09 02:51:03 UTC 2026","Sun Aug 09 02:51:03 UTC 2026","145","2 Team Dragon - BFF | RFQ Backend","Functional Tests","(root)","GET /v1/rfqs/{rfqId} - Success or 404","","GET /v1/rfqs/{rfqId} - Success or 404",""
"passed","Sun Aug 09 02:51:43 UTC 2026","Sun Aug 09 02:51:43 UTC 2026","15","1.1 Team Hummingbird - BFF | WLW app","Technical Tests","inside-business-controller","GET /public_api/inside_business [NEG] Missing Auth/API-Key","","GET /public_api/inside_business [NEG] Missing Auth/API-Key",""
"passed","Sun Aug 09 02:51:24 UTC 2026","Sun Aug 09 02:51:24 UTC 2026","76","1.1 Team Hummingbird - BFF | WLW app","Endpoint tests","Search","search track","","search track",""
"passed","Sun Aug 09 02:51:22 UTC 2026","Sun Aug 09 02:51:22 UTC 2026","58","1.1 Team Hummingbird - BFF | WLW app","Endpoint tests","Support","notifications list","","notifications list",""
"passed","Sun Aug 09 02:51:42 UTC 2026","Sun Aug 09 02:51:42 UTC 2026","31","1.1 Team Hummingbird - BFF | WLW app","Technical Tests","feedback-controller","GET /feedback/subject","","GET /feedback/subject",""
"failed","Sun Aug 09 02:50:00 UTC 2026","Sun Aug 09 02:50:00 UTC 2026","73","4. Team CRM |CRM Staging","Endpoints Tests","(root)","trigger the Paid Media lead","","trigger the Paid Media lead",""
"failed","Sun Aug 09 02:50:32 UTC 2026","Sun Aug 09 02:50:32 UTC 2026","22","1 Team Hummingbird - BFF | EP app","Endpoint tests","Support","currency daily rates","","currency daily rates",""
"failed","Sun Aug 09 02:51:59 UTC 2026","Sun Aug 09 02:51:59 UTC 2026","13","1.1 Team Hummingbird - BFF | WLW app","Technical Tests","supplier-visitors-controller","GET /public_api/suppliers/{supplier_id}/visits/csv [NEG] Expired Token","","GET /public_api/suppliers/{supplier_id}/visits/csv [NEG] Expired Token",""
"passed","Sun Aug 09 02:50:34 UTC 2026","Sun Aug 09 02:50:34 UTC 2026","179","1 Team Hummingbird - BFF | EP app","Endpoint tests","Company","branchIO dynamic link, share PDP","","branchIO dynamic link, share PDP",""
"failed","Sun Aug 09 02:51:49 UTC 2026","Sun Aug 09 02:51:49 UTC 2026","10","1.1 Team Hummingbird - BFF | WLW app","Technical Tests","purchaser-support-controller","GET /support-faq [NEG] Missing Auth/API-Key","","GET /support-faq [NEG] Missing Auth/API-Key",""
"failed","Sun Aug 09 02:51:30 UTC 2026","Sun Aug 09 02:51:30 UTC 2026","13","1.1 Team Hummingbird - BFF | WLW app","Technical Tests","categories-controller","GET /preferred/categories [NEG] Missing Auth/API-Key","","GET /preferred/categories [NEG] Missing Auth/API-Key",""
"skipped","Sun Aug 09 02:50:42 UTC 2026","Sun Aug 09 02:50:42 UTC 2026","0","7. Team Pegasus | Pegasus Staging","Endpoints Tests","Supplier Registration","EP","","request_for_quotations - Endpoints related to the creation of request for quotations",""
"failed","Sun Aug 09 02:50:31 UTC 2026","Sun Aug 09 02:50:31 UTC 2026","634","1 Team Hummingbird - BFF | EP app","Endpoint tests","Login","registration","","registration",""
"broken","Sun Aug 09 02:58:56 UTC 2026","Sun Aug 09 02:59:16 UTC 2026","20020","Dolphin","Technical","","","productInferenceTest","AI product search inference stream API",""
"skipped","Sun Aug 09 02:50:42 UTC 2026","Sun Aug 09 02:50:42 UTC 2026","0","7. Team Pegasus | Pegasus Staging","Endpoints Tests","Supplier Registration","EP","","vat/check - Validate VAT number",""
"failed","Sun Aug 09 02:51:53 UTC 2026","Sun Aug 09 02:51:53 UTC 2026","10","1.1 Team Hummingbird - BFF | WLW app","Technical Tests","search-controller","GET /public_api/suppliers/recommendations [NEG] Forbidden Role Token","","GET /public_api/suppliers/recommendations [NEG] Forbidden Role Token",""
"passed","Sun Aug 09 02:51:23 UTC 2026","Sun Aug 09 02:51:24 UTC 2026","742","1.1 Team Hummingbird - BFF | WLW app","Endpoint tests","Search","search companies, EN","","search companies, EN",""
"skipped","Sun Aug 09 02:55:48 UTC 2026","Sun Aug 09 02:55:48 UTC 2026","0","3 Team Techno - UCL","Technical Tests","Retargeting","GET /unified_commercial_logic/internal_api/api/retargeting/ - Retrieve Retargeting List","","GET /unified_commercial_logic/internal_api/api/retargeting/ - Retrieve Retargeting List",""
"passed","Sun Aug 09 02:51:14 UTC 2026","Sun Aug 09 02:51:14 UTC 2026","28","Arise","Functional","","","pageElementsGet","pageElementsGet",""
"failed","Sun Aug 09 02:51:34 UTC 2026","Sun Aug 09 02:51:34 UTC 2026","11","1.1 Team Hummingbird - BFF | WLW app","Technical Tests","conversation-controller","PUT /public_api/conversation/userConversations/{conversationId}/messages/markAsRead [NEG] Expired Token","","PUT /public_api/conversation/userConversations/{conversationId}/messages/markAsRead [NEG] Expired Token",""
"passed","Sun Aug 09 02:50:32 UTC 2026","Sun Aug 09 02:50:32 UTC 2026","18","1 Team Hummingbird - BFF | EP app","Endpoint tests","Support","Supportmasterdata_DE","","Supportmasterdata_DE",""
"passed","Sun Aug 09 02:51:33 UTC 2026","Sun Aug 09 02:51:33 UTC 2026","34","1.1 Team Hummingbird - BFF | WLW app","Technical Tests","conversation-controller","PUT /public_api/conversation/userConversations/{conversationId}/tag [NEG] Forbidden Role Token","","PUT /public_api/conversation/userConversations/{conversationId}/tag [NEG] Forbidden Role Token",""
"skipped","Sun Aug 09 02:50:42 UTC 2026","Sun Aug 09 02:50:42 UTC 2026","0","7. Team Pegasus | Pegasus Staging","Business Scenarios Tests","Business Insights","Dashboard smoke flow","","Visitors",""
"passed","Sun Aug 09 02:51:56 UTC 2026","Sun Aug 09 02:51:56 UTC 2026","46","1.1 Team Hummingbird - BFF | WLW app","Technical Tests","search-controller","GET /public_api/search/ai/tabChange [NEG] Forbidden Role Token","","GET /public_api/search/ai/tabChange [NEG] Forbidden Role Token",""
"failed","Sun Aug 09 02:49:52 UTC 2026","Sun Aug 09 02:49:52 UTC 2026","13","Bamboo","Technical","","","listSubCategoriesTest","list sub Categories",""
"failed","Sun Aug 09 02:51:30 UTC 2026","Sun Aug 09 02:51:30 UTC 2026","13","1.1 Team Hummingbird - BFF | WLW app","Technical Tests","categories-controller","GET /preferred/categories [NEG] Forbidden Role Token","","GET /preferred/categories [NEG] Forbidden Role Token",""
"passed","Sun Aug 09 02:49:56 UTC 2026","Sun Aug 09 02:49:56 UTC 2026","69","4. Team CRM |CRM Staging","Business Scenarios Tests","Disable Hubspot","Change Hubspot to true","","Change Hubspot to true",""
"passed","Sun Aug 09 02:51:36 UTC 2026","Sun Aug 09 02:51:36 UTC 2026","32","1.1 Team Hummingbird - BFF | WLW app","Technical Tests","conversation-controller","POST /public_api/conversation/userConversations/{conversationId}/messages/file/ [NEG] Expired Token","","POST /public_api/conversation/userConversations/{conversationId}/messages/file/ [NEG] Expired Token",""
"broken","Sun Aug 09 02:50:33 UTC 2026","Sun Aug 09 02:50:53 UTC 2026","20024","Dolphin","Technical","","","inferenceTest","AI Search inference API (SSE stream)",""
"failed","Sun Aug 09 02:51:32 UTC 2026","Sun Aug 09 02:51:32 UTC 2026","12","1.1 Team Hummingbird - BFF | WLW app","Technical Tests","company-controller","GET /public_api/company","","GET /public_api/company",""
"failed","Sun Aug 09 02:51:30 UTC 2026","Sun Aug 09 02:51:30 UTC 2026","14","1.1 Team Hummingbird - BFF | WLW app","Technical Tests","categories-controller","GET /preferred/categories","","GET /preferred/categories",""
"passed","Sun Aug 09 02:49:55 UTC 2026","Sun Aug 09 02:49:55 UTC 2026","69","4. Team CRM |CRM Staging","Business Scenarios Tests","Disable Hubspot","Change Hubspot to true","","Change Hubspot to true",""
"skipped","Sun Aug 09 02:50:42 UTC 2026","Sun Aug 09 02:50:42 UTC 2026","0","7. Team Pegasus | Pegasus Staging","Business Scenarios Tests","Visitors","Statistics visitor drill-down","","CSV creation",""
"failed","Sun Aug 09 02:51:05 UTC 2026","Sun Aug 09 02:51:05 UTC 2026","162","2 Team Dragon - BFF | RFQ Backend","Business Scenario Tests","(root)","RFQ_Listing","","RFQ_Listing",""
"passed","Sun Aug 09 02:50:33 UTC 2026","Sun Aug 09 02:50:33 UTC 2026","103","1 Team Hummingbird - BFF | EP app","Endpoint tests","Company","Companies / products DE","","Companies / products DE",""
"passed","Sun Aug 09 02:49:58 UTC 2026","Sun Aug 09 02:49:58 UTC 2026","61","4. Team CRM |CRM Staging","Business Scenarios Tests","Platform Profile","Update Platform Profile","","Update Platform Profile",""
"failed","Sun Aug 09 02:51:54 UTC 2026","Sun Aug 09 02:51:54 UTC 2026","13","1.1 Team Hummingbird - BFF | WLW app","Technical Tests","search-controller","GET /public_api/search/products [NEG] Missing Auth/API-Key","","GET /public_api/search/products [NEG] Missing Auth/API-Key",""
"passed","Sun Aug 09 02:51:34 UTC 2026","Sun Aug 09 02:51:34 UTC 2026","33","1.1 Team Hummingbird - BFF | WLW app","Technical Tests","conversation-controller","PUT /public_api/conversation/userConversations/{conversationId}/decline [NEG] Expired Token","","PUT /public_api/conversation/userConversations/{conversationId}/decline [NEG] Expired Token",""
"passed","Sun Aug 09 02:49:53 UTC 2026","Sun Aug 09 02:49:53 UTC 2026","74","4. Team CRM |CRM Staging","Business Scenarios Tests","Account","Smoke Test Create Account with All Fields","","Smoke Test Create Account with All Fields",""
"passed","Sun Aug 09 02:51:27 UTC 2026","Sun Aug 09 02:51:27 UTC 2026","92","1.1 Team Hummingbird - BFF | WLW app","Endpoint tests","(root)","Log out","","Log out",""
"passed","Sun Aug 09 02:51:40 UTC 2026","Sun Aug 09 02:51:40 UTC 2026","30","1.1 Team Hummingbird - BFF | WLW app","Technical Tests","euro-pages-controller","PUT /public_api/euro-pages/auth/delete","","PUT /public_api/euro-pages/auth/delete",""
"failed","Sun Aug 09 02:50:01 UTC 2026","Sun Aug 09 02:50:01 UTC 2026","59","4. Team CRM |CRM Staging","Endpoints Tests","(root)","trigger from SF Platform Profile","","trigger from SF Platform Profile",""
"broken","Sun Aug 09 02:55:34 UTC 2026","Sun Aug 09 02:55:54 UTC 2026","20018","Dolphin","Technical","","","recallSecondPageTest","AI Search recall: pagination page 2",""
"passed","Sun Aug 09 02:51:25 UTC 2026","Sun Aug 09 02:51:26 UTC 2026","381","1.1 Team Hummingbird - BFF | WLW app","Endpoint tests","Conversations","user conversations","","user conversations",""
"passed","Sun Aug 09 02:51:27 UTC 2026","Sun Aug 09 02:51:27 UTC 2026","109","1.1 Team Hummingbird - BFF | WLW app","Technical Tests","ab-test-record-controller","POST /public_api/abtest/record","","POST /public_api/abtest/record",""
"passed","Sun Aug 09 02:49:52 UTC 2026","Sun Aug 09 02:49:52 UTC 2026","39","Bamboo","Technical","","","listTopCategoriesTest","list top Categories",""
"skipped","Sun Aug 09 02:50:42 UTC 2026","Sun Aug 09 02:50:42 UTC 2026","0","7. Team Pegasus | Pegasus Staging","Endpoints Tests","Supplier Registration","EP","","business_sectors - Get business sectors",""
"failed","Sun Aug 09 02:50:36 UTC 2026","Sun Aug 09 02:50:36 UTC 2026","329","1 Team Hummingbird - BFF | EP app","Endpoint tests","Contact request","Product request","","Product request",""
