"Status","Start Time","Stop Time","Duration in ms","Parent Suite","Suite","Sub Suite","Test Class","Test Method","Name","Description"
"passed","Tue Aug 04 03:50:43 UTC 2026","Tue Aug 04 03:50:44 UTC 2026","1051","1.1 Team Hummingbird - BFF | WLW app","Endpoint tests","Conversations","new message","","new message",""
"passed","Tue Aug 04 04:01:04 UTC 2026","Tue Aug 04 04:01:04 UTC 2026","76","Dolphin","Technical","","","zeroResultProductRecommendTest","Recommend products in 0 result search list page v1 -- wlw",""
"failed","Tue Aug 04 03:50:40 UTC 2026","Tue Aug 04 03:50:40 UTC 2026","56","1.1 Team Hummingbird - BFF | WLW app","Endpoint tests","Company","Companies / products EN","","Companies / products EN",""
"passed","Tue Aug 04 04:01:02 UTC 2026","Tue Aug 04 04:01:02 UTC 2026","77","Dolphin","Technical","","","EPZeroResultProductRecommendTest","Recommend products in 0 result search list page v1 -- ep",""
"passed","Tue Aug 04 04:01:03 UTC 2026","Tue Aug 04 04:01:03 UTC 2026","129","Dolphin","Technical","","","getProductsByCategoryTest","popular in category -- getProductsByCategory",""
"passed","Tue Aug 04 03:51:28 UTC 2026","Tue Aug 04 03:51:28 UTC 2026","573","4. Team CRM |CRM Staging","Endpoints Tests","(root)","Create Note with sf id","","Create Note with sf id",""
"broken","Tue Aug 04 03:53:56 UTC 2026","Tue Aug 04 03:54:17 UTC 2026","20588","Dolphin","Functional","","","recallCountryFilterTest","AI Search recall: country filter DE",""
"passed","Tue Aug 04 03:50:58 UTC 2026","Tue Aug 04 03:50:58 UTC 2026","37","1.1 Team Hummingbird - BFF | WLW app","Technical Tests","dynamic-links-controller","POST /public_api/branchio/dynamiclink [NEG] Forbidden Role Token","","POST /public_api/branchio/dynamiclink [NEG] Forbidden Role Token",""
"passed","Tue Aug 04 04:01:02 UTC 2026","Tue Aug 04 04:01:02 UTC 2026","83","Dolphin","Technical","","","EPSameStoreProductRecommendTest","product same store recommend -- ep",""
"failed","Tue Aug 04 03:51:15 UTC 2026","Tue Aug 04 03:51:15 UTC 2026","11","1.1 Team Hummingbird - BFF | WLW app","Technical Tests","search-term-controller","POST /public_api/search/track [NEG] Missing Auth/API-Key","","POST /public_api/search/track [NEG] Missing Auth/API-Key",""
"failed","Tue Aug 04 03:50:51 UTC 2026","Tue Aug 04 03:50:51 UTC 2026","12","1.1 Team Hummingbird - BFF | WLW app","Technical Tests","conversation-controller","PUT /public_api/conversation/userConversations/{conversationId}/messages/markAsRead [NEG] Forbidden Role Token","","PUT /public_api/conversation/userConversations/{conversationId}/messages/markAsRead [NEG] Forbidden Role Token",""
"failed","Tue Aug 04 03:51:17 UTC 2026","Tue Aug 04 03:51:17 UTC 2026","13","1.1 Team Hummingbird - BFF | WLW app","Technical Tests","supplier-visitors-controller","GET /public_api/suppliers/{supplier_id}/visits/csv [SEC] Injection Probe","","GET /public_api/suppliers/{supplier_id}/visits/csv [SEC] Injection Probe",""
"passed","Tue Aug 04 04:01:02 UTC 2026","Tue Aug 04 04:01:02 UTC 2026","83","Dolphin","Functional","","","EPSameStoreProductRecommendTest","product same store recommend -- ep",""
"passed","Tue Aug 04 03:51:25 UTC 2026","Tue Aug 04 03:51:26 UTC 2026","535","4. Team CRM |CRM Staging","Business Scenarios Tests","Meetings","Smoke Test for Meeting","","Smoke Test for Meeting",""
"broken","Tue Aug 04 03:49:48 UTC 2026","Tue Aug 04 03:49:48 UTC 2026","479","Bamboo","Functional","","","findCategoryByIdTest","findCategoryById",""
"skipped","Tue Aug 04 03:56:23 UTC 2026","Tue Aug 04 03:56:23 UTC 2026","0","3 Team Techno - UCL","Technical Tests","WebsiteLead","GET /unified_commercial_logic/internal_api/api/website_lead - Retrieve WebsiteLead List","","GET /unified_commercial_logic/internal_api/api/website_lead - Retrieve WebsiteLead List",""
"failed","Tue Aug 04 03:51:08 UTC 2026","Tue Aug 04 03:51:08 UTC 2026","12","1.1 Team Hummingbird - BFF | WLW app","Technical Tests","purchaser-user-setting-controller","GET /userSetting [NEG] Forbidden Role Token","","GET /userSetting [NEG] Forbidden Role Token",""
"passed","Tue Aug 04 03:50:00 UTC 2026","Tue Aug 04 03:50:00 UTC 2026","559","1 Team Hummingbird - BFF | EP app","Endpoint tests","Conversations","new message","","new message",""
"failed","Tue Aug 04 03:51:15 UTC 2026","Tue Aug 04 03:51:15 UTC 2026","14","1.1 Team Hummingbird - BFF | WLW app","Technical Tests","search-term-controller","POST /public_api/search/track [NEG] Forbidden Role Token","","POST /public_api/search/track [NEG] Forbidden Role Token",""
"passed","Tue Aug 04 04:00:56 UTC 2026","Tue Aug 04 04:00:58 UTC 2026","2091","Dolphin","Technical","","","productTextSearchSortTest","AI product text search recall: alternate sort",""
"passed","Tue Aug 04 03:51:02 UTC 2026","Tue Aug 04 03:51:02 UTC 2026","31","1.1 Team Hummingbird - BFF | WLW app","Technical Tests","login-controller","POST /public_api/auth/resetPassword [NEG] Expired Token","","POST /public_api/auth/resetPassword [NEG] Expired Token",""
"passed","Tue Aug 04 03:51:23 UTC 2026","Tue Aug 04 03:51:23 UTC 2026","107","4. Team CRM |CRM Staging","Business Scenarios Tests","Lead","Smoke test for Conversion","","Smoke test for Conversion",""
"passed","Tue Aug 04 03:51:06 UTC 2026","Tue Aug 04 03:51:06 UTC 2026","17","1.1 Team Hummingbird - BFF | WLW app","Technical Tests","purchaser-support-controller","GET /support-master-data [NEG] Missing Auth/API-Key","","GET /support-master-data [NEG] Missing Auth/API-Key",""
"failed","Tue Aug 04 03:49:36 UTC 2026","Tue Aug 04 03:49:36 UTC 2026","96","2 Team Dragon - BFF | RFQ Backend","Functional Tests","(root)","POST /v1/rfqs/{rfqId}/respond - Success","","POST /v1/rfqs/{rfqId}/respond - Success",""
"failed","Tue Aug 04 03:51:05 UTC 2026","Tue Aug 04 03:51:05 UTC 2026","12","1.1 Team Hummingbird - BFF | WLW app","Technical Tests","product-controller","GET /public_api/companies/{supplierPublicId}/products [NEG] Expired Token","","GET /public_api/companies/{supplierPublicId}/products [NEG] Expired Token",""
"passed","Tue Aug 04 03:51:17 UTC 2026","Tue Aug 04 03:51:17 UTC 2026","631","4. Team CRM |CRM Staging","Business Scenarios Tests","Tasks","Smoke test Create task","","Smoke test Create task",""
"failed","Tue Aug 04 03:50:43 UTC 2026","Tue Aug 04 03:50:43 UTC 2026","238","1.1 Team Hummingbird - BFF | WLW app","Endpoint tests","Contact request","Product request","","Product request",""
"passed","Tue Aug 04 03:49:54 UTC 2026","Tue Aug 04 03:49:55 UTC 2026","519","1 Team Hummingbird - BFF | EP app","Endpoint tests","Login","registration","","registration",""
"passed","Tue Aug 04 04:01:03 UTC 2026","Tue Aug 04 04:01:03 UTC 2026","78","Dolphin","Functional","","","homepageProductRecommendTest","homepage product recommend -- wlw",""
"passed","Tue Aug 04 04:01:02 UTC 2026","Tue Aug 04 04:01:02 UTC 2026","119","Dolphin","Technical","","","EPPCppProductRecommendTest","recommend products in CPP -- ep",""
"failed","Tue Aug 04 03:51:06 UTC 2026","Tue Aug 04 03:51:06 UTC 2026","12","1.1 Team Hummingbird - BFF | WLW app","Technical Tests","purchaser-support-controller","GET /support-faq [NEG] Forbidden Role Token","","GET /support-faq [NEG] Forbidden Role Token",""
"passed","Tue Aug 04 03:50:45 UTC 2026","Tue Aug 04 03:50:45 UTC 2026","21","1.1 Team Hummingbird - BFF | WLW app","Technical Tests","ab-test-record-controller","POST /public_api/abtest/record [NEG] Missing Auth/API-Key","","POST /public_api/abtest/record [NEG] Missing Auth/API-Key",""
"passed","Tue Aug 04 03:51:26 UTC 2026","Tue Aug 04 03:51:26 UTC 2026","77","4. Team CRM |CRM Staging","Endpoints Tests","(root)","update SF","","update SF",""
"failed","Tue Aug 04 03:51:08 UTC 2026","Tue Aug 04 03:51:08 UTC 2026","13","1.1 Team Hummingbird - BFF | WLW app","Technical Tests","push-notification-by-email-controller","GET /v1/pushNotification [NEG] Forbidden Role Token","","GET /v1/pushNotification [NEG] Forbidden Role Token",""
"skipped","Tue Aug 04 03:56:23 UTC 2026","Tue Aug 04 03:56:23 UTC 2026","0","3 Team Techno - UCL","Technical Tests","SponsoredBrand","GET /unified_commercial_logic/internal_api/api/sponsored_brand_v1/{id} - Retrieve SponsoredBrandV1 By ID","","GET /unified_commercial_logic/internal_api/api/sponsored_brand_v1/{id} - Retrieve SponsoredBrandV1 By ID",""
"passed","Tue Aug 04 03:50:01 UTC 2026","Tue Aug 04 03:50:01 UTC 2026","130","1 Team Hummingbird - BFF | EP app","Endpoint tests","Visitor profiler","download visitors csv","","download visitors csv",""
"passed","Tue Aug 04 03:51:22 UTC 2026","Tue Aug 04 03:51:22 UTC 2026","290","4. Team CRM |CRM Staging","Business Scenarios Tests","Disable Hubspot","Check hubspot is true","","Check hubspot is true",""
"failed","Tue Aug 04 03:50:47 UTC 2026","Tue Aug 04 03:50:47 UTC 2026","14","1.1 Team Hummingbird - BFF | WLW app","Technical Tests","categories-controller","GET /preferred/categories [NEG] Missing Auth/API-Key","","GET /preferred/categories [NEG] Missing Auth/API-Key",""
"passed","Tue Aug 04 03:50:50 UTC 2026","Tue Aug 04 03:50:50 UTC 2026","33","1.1 Team Hummingbird - BFF | WLW app","Technical Tests","contact-form-controller","POST /public_api/contact-form/messages","","POST /public_api/contact-form/messages",""
"passed","Tue Aug 04 03:51:01 UTC 2026","Tue Aug 04 03:51:01 UTC 2026","26","1.1 Team Hummingbird - BFF | WLW app","Technical Tests","login-controller","POST /public_api/auth/session/extend [NEG] Expired Token","","POST /public_api/auth/session/extend [NEG] Expired Token",""
"passed","Tue Aug 04 03:51:20 UTC 2026","Tue Aug 04 03:51:21 UTC 2026","1088","4. Team CRM |CRM Staging","Business Scenarios Tests","Account","Account for Contact","","Account for Contact",""
"skipped","Tue Aug 04 03:51:03 UTC 2026","Tue Aug 04 03:51:03 UTC 2026","0","7. Team Pegasus | Pegasus Staging","Business Scenarios Tests","Business Insights","Dashboard smoke flow","","Top products",""
"passed","Tue Aug 04 03:51:22 UTC 2026","Tue Aug 04 03:51:23 UTC 2026","1447","4. Team CRM |CRM Staging","Business Scenarios Tests","Disable Hubspot","Change Hubspot to true","","Change Hubspot to true",""
"passed","Tue Aug 04 03:50:46 UTC 2026","Tue Aug 04 03:50:47 UTC 2026","31","1.1 Team Hummingbird - BFF | WLW app","Technical Tests","ai-company-search-controller","POST /public_api/search/ai/company/search","","POST /public_api/search/ai/company/search",""
"passed","Tue Aug 04 03:51:25 UTC 2026","Tue Aug 04 03:51:26 UTC 2026","1591","4. Team CRM |CRM Staging","Business Scenarios Tests","Platform Profile","Smoke Test Create Platform Profile","","Smoke Test Create Platform Profile",""
"broken","Tue Aug 04 03:57:17 UTC 2026","Tue Aug 04 03:57:37 UTC 2026","20016","Dolphin","Functional","","","recallSingleFilterTest","AI Search recall: single filter (verified=true)",""
"passed","Tue Aug 04 03:49:57 UTC 2026","Tue Aug 04 03:49:57 UTC 2026","206","1 Team Hummingbird - BFF | EP app","Endpoint tests","Company","branchIO dynamic link, share CPP","","branchIO dynamic link, share CPP",""
"passed","Tue Aug 04 03:50:44 UTC 2026","Tue Aug 04 03:50:46 UTC 2026","1542","1.1 Team Hummingbird - BFF | WLW app","Endpoint tests","Visitor profiler","Visits","","Visits",""
"passed","Tue Aug 04 03:50:39 UTC 2026","Tue Aug 04 03:50:39 UTC 2026","70","1.1 Team Hummingbird - BFF | WLW app","Endpoint tests","Support","notifications list","","notifications list",""
"passed","Tue Aug 04 03:50:45 UTC 2026","Tue Aug 04 03:50:45 UTC 2026","157","1.1 Team Hummingbird - BFF | WLW app","Endpoint tests","Visitor profiler","download visitors csv","","download visitors csv",""
"skipped","Tue Aug 04 03:51:03 UTC 2026","Tue Aug 04 03:51:03 UTC 2026","0","7. Team Pegasus | Pegasus Staging","Endpoints Tests","Visitors","Java (statistics-app)","","WSL pixel",""
"passed","Tue Aug 04 03:50:48 UTC 2026","Tue Aug 04 03:50:48 UTC 2026","33","1.1 Team Hummingbird - BFF | WLW app","Technical Tests","categories-controller","PUT /preferred/categories [SEC] Injection Probe","","PUT /preferred/categories [SEC] Injection Probe",""
"passed","Tue Aug 04 03:51:10 UTC 2026","Tue Aug 04 03:51:10 UTC 2026","36","1.1 Team Hummingbird - BFF | WLW app","Technical Tests","rfq-marketing-controller","POST /public_api/rfq-marketing/trigger","","POST /public_api/rfq-marketing/trigger",""
"passed","Tue Aug 04 03:50:39 UTC 2026","Tue Aug 04 03:50:39 UTC 2026","16","1.1 Team Hummingbird - BFF | WLW app","Endpoint tests","Mobile_Feedback","Feedback Subject_EN","","Feedback Subject_EN",""
"failed","Tue Aug 04 03:50:49 UTC 2026","Tue Aug 04 03:50:49 UTC 2026","12","1.1 Team Hummingbird - BFF | WLW app","Technical Tests","company-controller","GET /public_api/suppliers/{companyID}/listings [NEG] Expired Token","","GET /public_api/suppliers/{companyID}/listings [NEG] Expired Token",""
"passed","Tue Aug 04 03:50:52 UTC 2026","Tue Aug 04 03:50:52 UTC 2026","29","1.1 Team Hummingbird - BFF | WLW app","Technical Tests","conversation-controller","PUT /public_api/conversation/userConversations/{conversationId}/decline [NEG] Forbidden Role Token","","PUT /public_api/conversation/userConversations/{conversationId}/decline [NEG] Forbidden Role Token",""
"passed","Tue Aug 04 03:50:39 UTC 2026","Tue Aug 04 03:50:39 UTC 2026","16","1.1 Team Hummingbird - BFF | WLW app","Endpoint tests","Support","Supportmasterdata_FR","","Supportmasterdata_FR",""
"passed","Tue Aug 04 03:51:26 UTC 2026","Tue Aug 04 03:51:26 UTC 2026","77","4. Team CRM |CRM Staging","Endpoints Tests","(root)","update SF","","update SF",""
"broken","Tue Aug 04 03:57:57 UTC 2026","Tue Aug 04 03:58:18 UTC 2026","20507","Dolphin","Functional","","","recallTest","AI Search recall (supplierTextSearch) API using params from inference",""
"failed","Tue Aug 04 03:50:56 UTC 2026","Tue Aug 04 03:50:56 UTC 2026","14","1.1 Team Hummingbird - BFF | WLW app","Technical Tests","conversation-controller","GET /public_api/conversation/userConversations/{conversationId}/file [NEG] Forbidden Role Token","","GET /public_api/conversation/userConversations/{conversationId}/file [NEG] Forbidden Role Token",""
"passed","Tue Aug 04 03:51:27 UTC 2026","Tue Aug 04 03:51:27 UTC 2026","202","4. Team CRM |CRM Staging","Endpoints Tests","(root)","trigger from SF Platform Profile","","trigger from SF Platform Profile",""
"passed","Tue Aug 04 03:51:18 UTC 2026","Tue Aug 04 03:51:18 UTC 2026","195","4. Team CRM |CRM Staging","Business Scenarios Tests","Quote","Check Quote","","Check Quote",""
"passed","Tue Aug 04 04:00:43 UTC 2026","Tue Aug 04 04:00:44 UTC 2026","873","Dolphin","Technical","","","productTextSearchLongQueryTest","AI product text search recall: long query truncated",""
"passed","Tue Aug 04 04:01:02 UTC 2026","Tue Aug 04 04:01:02 UTC 2026","21","Dolphin","Technical","","","productTextSearchWhitespaceQueryTest","AI product text search recall: whitespace-only query → empty success",""
"passed","Tue Aug 04 03:50:58 UTC 2026","Tue Aug 04 03:50:58 UTC 2026","33","1.1 Team Hummingbird - BFF | WLW app","Technical Tests","euro-pages-controller","DELETE /public_api/euro-pages/auth/delete [NEG] Expired Token","","DELETE /public_api/euro-pages/auth/delete [NEG] Expired Token",""
"broken","Tue Aug 04 04:00:19 UTC 2026","Tue Aug 04 04:00:39 UTC 2026","20020","Dolphin","Functional","","","productInferenceTest","AI product search inference stream API",""
"passed","Tue Aug 04 04:01:03 UTC 2026","Tue Aug 04 04:01:03 UTC 2026","35","Dolphin","Technical","","","getCategoryListWlwWithPreferredSuperCategoryIdsTest","v-recommend category list -- wlw, with preferredSuperCategoryIds",""
"passed","Tue Aug 04 03:51:08 UTC 2026","Tue Aug 04 03:51:08 UTC 2026","34","1.1 Team Hummingbird - BFF | WLW app","Technical Tests","purchaser-user-setting-controller","GET /userSetting [SEC] Injection Probe","","GET /userSetting [SEC] Injection Probe",""
"broken","Tue Aug 04 03:53:16 UTC 2026","Tue Aug 04 03:53:36 UTC 2026","20023","Dolphin","Technical","","","recallAlternateSortTest","AI Search recall: alternate sort (order_num_desc)",""
"failed","Tue Aug 04 03:50:54 UTC 2026","Tue Aug 04 03:50:54 UTC 2026","9","1.1 Team Hummingbird - BFF | WLW app","Technical Tests","conversation-controller","GET /public_api/conversation/userConversations","","GET /public_api/conversation/userConversations",""
"failed","Tue Aug 04 03:51:10 UTC 2026","Tue Aug 04 03:51:10 UTC 2026","9","1.1 Team Hummingbird - BFF | WLW app","Technical Tests","search-controller","GET /public_api/suppliers/recommendations","","GET /public_api/suppliers/recommendations",""
"skipped","Tue Aug 04 03:56:23 UTC 2026","Tue Aug 04 03:56:23 UTC 2026","0","3 Team Techno - UCL","Technical Tests","GoogleAd","GET /unified_commercial_logic/internal_api/api/google_ad/ - Retrieve GoogleAd List","","GET /unified_commercial_logic/internal_api/api/google_ad/ - Retrieve GoogleAd List",""
"failed","Tue Aug 04 03:50:56 UTC 2026","Tue Aug 04 03:50:56 UTC 2026","13","1.1 Team Hummingbird - BFF | WLW app","Technical Tests","conversation-controller","GET /public_api/conversation/userConversations/{conversationId}/file [NEG] Expired Token","","GET /public_api/conversation/userConversations/{conversationId}/file [NEG] Expired Token",""
"passed","Tue Aug 04 03:51:26 UTC 2026","Tue Aug 04 03:51:26 UTC 2026","189","4. Team CRM |CRM Staging","Endpoints Tests","(root)","get responsible user","","get responsible user",""
"skipped","Tue Aug 04 03:51:03 UTC 2026","Tue Aug 04 03:51:03 UTC 2026","0","7. Team Pegasus | Pegasus Staging","Endpoints Tests","Shop Import & Onboarding Backend","/offers/topCategories","","/offers/topCategories",""
"skipped","Tue Aug 04 03:51:03 UTC 2026","Tue Aug 04 03:51:03 UTC 2026","0","7. Team Pegasus | Pegasus Staging","Endpoints Tests","User & Company Context","UCL Organizations","","UCL Organizations",""
"passed","Tue Aug 04 03:50:40 UTC 2026","Tue Aug 04 03:50:40 UTC 2026","38","1.1 Team Hummingbird - BFF | WLW app","Endpoint tests","Company","Companies / products FR","","Companies / products FR",""
"passed","Tue Aug 04 04:01:03 UTC 2026","Tue Aug 04 04:01:03 UTC 2026","35","Dolphin","Functional","","","getCategoryListWlwWithPreferredSuperCategoryIdsTest","v-recommend category list -- wlw, with preferredSuperCategoryIds",""
"passed","Tue Aug 04 03:51:20 UTC 2026","Tue Aug 04 03:51:21 UTC 2026","1088","4. Team CRM |CRM Staging","Business Scenarios Tests","Account","Account for Contact","","Account for Contact",""
"failed","Tue Aug 04 03:51:17 UTC 2026","Tue Aug 04 03:51:17 UTC 2026","12","1.1 Team Hummingbird - BFF | WLW app","Technical Tests","trending-products-controller","GET /public_api/trending/products [NEG] Forbidden Role Token","","GET /public_api/trending/products [NEG] Forbidden Role Token",""
"failed","Tue Aug 04 03:50:54 UTC 2026","Tue Aug 04 03:50:54 UTC 2026","12","1.1 Team Hummingbird - BFF | WLW app","Technical Tests","conversation-controller","GET /public_api/conversation/userConversations/{userId}/unreadCount","","GET /public_api/conversation/userConversations/{userId}/unreadCount",""
"passed","Tue Aug 04 03:51:02 UTC 2026","Tue Aug 04 03:51:02 UTC 2026","27","1.1 Team Hummingbird - BFF | WLW app","Technical Tests","login-controller","POST /public_api/auth/password/login","","POST /public_api/auth/password/login",""
"broken","Tue Aug 04 03:51:56 UTC 2026","Tue Aug 04 03:52:16 UTC 2026","20024","Dolphin","Functional","","","inferenceTest","AI Search inference API (SSE stream)",""
"passed","Tue Aug 04 03:50:40 UTC 2026","Tue Aug 04 03:50:40 UTC 2026","53","1.1 Team Hummingbird - BFF | WLW app","Endpoint tests","Company","Product ID","","Product ID",""
"failed","Tue Aug 04 03:49:37 UTC 2026","Tue Aug 04 03:49:37 UTC 2026","15","2 Team Dragon - BFF | RFQ Backend","Technical Tests","(root)","POST /v1/rfqs/{rfqId}/respond - Multipart Upload + Schema + Security","","POST /v1/rfqs/{rfqId}/respond - Multipart Upload + Schema + Security",""
"passed","Tue Aug 04 03:51:07 UTC 2026","Tue Aug 04 03:51:07 UTC 2026","17","1.1 Team Hummingbird - BFF | WLW app","Technical Tests","purchaser-user-setting-controller","PUT /userSetting/{id} [NEG] Missing Auth/API-Key","","PUT /userSetting/{id} [NEG] Missing Auth/API-Key",""
"failed","Tue Aug 04 03:50:38 UTC 2026","Tue Aug 04 03:50:38 UTC 2026","76","1.1 Team Hummingbird - BFF | WLW app","Endpoint tests","User settings","user setting","","user setting",""
"passed","Tue Aug 04 03:50:54 UTC 2026","Tue Aug 04 03:50:54 UTC 2026","31","1.1 Team Hummingbird - BFF | WLW app","Technical Tests","conversation-controller","GET /public_api/conversation/userConversations [SEC] Injection Probe","","GET /public_api/conversation/userConversations [SEC] Injection Probe",""
"passed","Tue Aug 04 03:51:21 UTC 2026","Tue Aug 04 03:51:24 UTC 2026","3359","4. Team CRM |CRM Staging","Business Scenarios Tests","Create and edit a contact","Create contact","","Create contact",""
"broken","Tue Aug 04 03:58:18 UTC 2026","Tue Aug 04 03:58:38 UTC 2026","20003","Dolphin","Technical","","","recallTopRankingScenarioTest","AI Search recall: wlw-staging.de cnc top-ranking scenario",""
"passed","Tue Aug 04 04:00:56 UTC 2026","Tue Aug 04 04:00:58 UTC 2026","2091","Dolphin","Functional","","","productTextSearchSortTest","AI product text search recall: alternate sort",""
"failed","Tue Aug 04 03:50:21 UTC 2026","Tue Aug 04 03:50:21 UTC 2026","28","Arise","Technical","","","skwdAll","skwdAll",""
"failed","Tue Aug 04 03:50:51 UTC 2026","Tue Aug 04 03:50:51 UTC 2026","11","1.1 Team Hummingbird - BFF | WLW app","Technical Tests","conversation-controller","PUT /public_api/conversation/userConversations/{conversationId}/messages/markAsRead","","PUT /public_api/conversation/userConversations/{conversationId}/messages/markAsRead",""
"broken","Tue Aug 04 03:51:36 UTC 2026","Tue Aug 04 03:51:56 UTC 2026","20015","Dolphin","Technical","","","inferenceShortQueryTest","AI Search inference: minimal searchText boundary",""
"failed","Tue Aug 04 03:49:49 UTC 2026","Tue Aug 04 03:49:49 UTC 2026","14","Bamboo","Technical","","","listSubCategoriesTest","list sub Categories",""
"passed","Tue Aug 04 03:49:56 UTC 2026","Tue Aug 04 03:49:56 UTC 2026","15","1 Team Hummingbird - BFF | EP app","Endpoint tests","Mobile_Feedback","Feedback Subject_FR","","Feedback Subject_FR",""
"failed","Tue Aug 04 03:51:05 UTC 2026","Tue Aug 04 03:51:05 UTC 2026","12","1.1 Team Hummingbird - BFF | WLW app","Technical Tests","product-controller","GET /public_api/companies/{supplierPublicId}/products [NEG] Missing Auth/API-Key","","GET /public_api/companies/{supplierPublicId}/products [NEG] Missing Auth/API-Key",""
"failed","Tue Aug 04 03:51:15 UTC 2026","Tue Aug 04 03:51:15 UTC 2026","12","1.1 Team Hummingbird - BFF | WLW app","Technical Tests","supplier-visitors-controller","GET /public_api/suppliers/{supplier_id}/visits [NEG] Expired Token","","GET /public_api/suppliers/{supplier_id}/visits [NEG] Expired Token",""
"skipped","Tue Aug 04 03:56:23 UTC 2026","Tue Aug 04 03:56:23 UTC 2026","0","3 Team Techno - UCL","Functional Tests","Endpoint Tests","membership","","get all membership for non-existing uuid",""
"skipped","Tue Aug 04 03:56:23 UTC 2026","Tue Aug 04 03:56:23 UTC 2026","0","3 Team Techno - UCL","Technical Tests","WebsiteLead","GET /unified_commercial_logic/internal_api/api/website_lead/ - Retrieve WebsiteLead List","","GET /unified_commercial_logic/internal_api/api/website_lead/ - Retrieve WebsiteLead List",""
"passed","Tue Aug 04 03:50:51 UTC 2026","Tue Aug 04 03:50:51 UTC 2026","32","1.1 Team Hummingbird - BFF | WLW app","Technical Tests","conversation-controller","PUT /public_api/conversation/userConversations/{conversationId}/tag [NEG] Expired Token","","PUT /public_api/conversation/userConversations/{conversationId}/tag [NEG] Expired Token",""
"passed","Tue Aug 04 03:51:17 UTC 2026","Tue Aug 04 03:51:17 UTC 2026","32","1.1 Team Hummingbird - BFF | WLW app","Technical Tests","trending-products-controller","POST /public_api/trending/import [NEG] Expired Token","","POST /public_api/trending/import [NEG] Expired Token",""
"skipped","Tue Aug 04 03:51:03 UTC 2026","Tue Aug 04 03:51:03 UTC 2026","0","7. Team Pegasus | Pegasus Staging","Spike | Profiles link user to company","(root)","10 MANUAL — company-editor basic-info (browser)","","10 MANUAL — company-editor basic-info (browser)",""
"passed","Tue Aug 04 03:50:54 UTC 2026","Tue Aug 04 03:50:54 UTC 2026","33","1.1 Team Hummingbird - BFF | WLW app","Technical Tests","conversation-controller","POST /public_api/conversation/userConversations/{conversationId}/messages/file","","POST /public_api/conversation/userConversations/{conversationId}/messages/file",""
"failed","Tue Aug 04 03:51:16 UTC 2026","Tue Aug 04 03:51:16 UTC 2026","12","1.1 Team Hummingbird - BFF | WLW app","Technical Tests","supplier-visitors-controller","GET /public_api/suppliers/{supplier_id}/visits [SEC] Injection Probe","","GET /public_api/suppliers/{supplier_id}/visits [SEC] Injection Probe",""
"passed","Tue Aug 04 03:50:01 UTC 2026","Tue Aug 04 03:50:01 UTC 2026","153","1 Team Hummingbird - BFF | EP app","Endpoint tests","Visitor profiler","csv get","","csv get",""
"skipped","Tue Aug 04 03:51:03 UTC 2026","Tue Aug 04 03:51:03 UTC 2026","0","7. Team Pegasus | Pegasus Staging","Endpoints Tests","User & Company Context","Get company data crm","","Get company data crm",""
"skipped","Tue Aug 04 03:51:03 UTC 2026","Tue Aug 04 03:51:03 UTC 2026","0","7. Team Pegasus | Pegasus Staging","Endpoints Tests","Business Insights","Origin","","Origin",""
"passed","Tue Aug 04 04:00:44 UTC 2026","Tue Aug 04 04:00:46 UTC 2026","1998","Dolphin","Technical","","","productTextSearchMalformedRawQueryStructTest","AI product text search recall: malformed rawQueryStruct still success",""
"passed","Tue Aug 04 04:01:02 UTC 2026","Tue Aug 04 04:01:02 UTC 2026","100","Dolphin","Functional","","","EPOtherStoreProductRecommendTest","product other store recommend",""
"failed","Tue Aug 04 03:51:17 UTC 2026","Tue Aug 04 03:51:17 UTC 2026","13","1.1 Team Hummingbird - BFF | WLW app","Technical Tests","trending-products-controller","GET /public_api/trending/products [NEG] Missing Auth/API-Key","","GET /public_api/trending/products [NEG] Missing Auth/API-Key",""
"passed","Tue Aug 04 03:51:04 UTC 2026","Tue Aug 04 03:51:04 UTC 2026","34","1.1 Team Hummingbird - BFF | WLW app","Technical Tests","login-controller","DELETE /public_api/auth/sso/logout [NEG] Forbidden Role Token","","DELETE /public_api/auth/sso/logout [NEG] Forbidden Role Token",""
"passed","Tue Aug 04 04:00:39 UTC 2026","Tue Aug 04 04:00:41 UTC 2026","1838","Dolphin","Functional","","","productTextSearchCountryFilterTest","AI product text search recall: country filter DE",""
"passed","Tue Aug 04 03:50:54 UTC 2026","Tue Aug 04 03:50:54 UTC 2026","32","1.1 Team Hummingbird - BFF | WLW app","Technical Tests","conversation-controller","POST /public_api/conversation/userConversations/{conversationId}/messages/file [NEG] Forbidden Role Token","","POST /public_api/conversation/userConversations/{conversationId}/messages/file [NEG] Forbidden Role Token",""
"failed","Tue Aug 04 03:51:23 UTC 2026","Tue Aug 04 03:51:23 UTC 2026","325","4. Team CRM |CRM Staging","Business Scenarios Tests","Lead","Update a Lead","","Update a Lead",""
"passed","Tue Aug 04 04:01:02 UTC 2026","Tue Aug 04 04:01:03 UTC 2026","47","Dolphin","Functional","","","getCategoryListEpTest","v-recommend category list -- ep",""
"skipped","Tue Aug 04 03:51:03 UTC 2026","Tue Aug 04 03:51:03 UTC 2026","0","7. Team Pegasus | Pegasus Staging","Business Scenarios Tests","Supplier Facts","API register, publish, and verify in UI","","5. UI login reminder",""
"failed","Tue Aug 04 03:51:09 UTC 2026","Tue Aug 04 03:51:09 UTC 2026","13","1.1 Team Hummingbird - BFF | WLW app","Technical Tests","push-notification-by-email-controller","PUT /v1/pushNotification","","PUT /v1/pushNotification",""
"passed","Tue Aug 04 03:51:07 UTC 2026","Tue Aug 04 03:51:07 UTC 2026","36","1.1 Team Hummingbird - BFF | WLW app","Technical Tests","purchaser-user-setting-controller","POST /userSetting/ [NEG] Expired Token","","POST /userSetting/ [NEG] Expired Token",""
"skipped","Tue Aug 04 03:51:03 UTC 2026","Tue Aug 04 03:51:03 UTC 2026","0","7. Team Pegasus | Pegasus Staging","Endpoints Tests","Business Insights","Visitor","","Visitor",""
"failed","Tue Aug 04 03:51:16 UTC 2026","Tue Aug 04 03:51:16 UTC 2026","12","1.1 Team Hummingbird - BFF | WLW app","Technical Tests","supplier-visitors-controller","GET /public_api/suppliers/{supplier_id}/visits/csv [NEG] Missing Auth/API-Key","","GET /public_api/suppliers/{supplier_id}/visits/csv [NEG] Missing Auth/API-Key",""
"failed","Tue Aug 04 03:50:52 UTC 2026","Tue Aug 04 03:50:52 UTC 2026","12","1.1 Team Hummingbird - BFF | WLW app","Technical Tests","conversation-controller","GET /public_api/conversation/userConversations/{conversationId}/messages [NEG] Expired Token","","GET /public_api/conversation/userConversations/{conversationId}/messages [NEG] Expired Token",""
"passed","Tue Aug 04 03:51:10 UTC 2026","Tue Aug 04 03:51:10 UTC 2026","20","1.1 Team Hummingbird - BFF | WLW app","Technical Tests","rfq-controller","POST /public_api/connect/purchaser/tenders/ [NEG] Missing Auth/API-Key","","POST /public_api/connect/purchaser/tenders/ [NEG] Missing Auth/API-Key",""
"failed","Tue Aug 04 03:51:18 UTC 2026","Tue Aug 04 03:51:18 UTC 2026","13","1.1 Team Hummingbird - BFF | WLW app","Technical Tests","trending-products-controller","GET /public_api/trending/products [SEC] Injection Probe","","GET /public_api/trending/products [SEC] Injection Probe",""
"passed","Tue Aug 04 03:51:21 UTC 2026","Tue Aug 04 03:51:24 UTC 2026","3359","4. Team CRM |CRM Staging","Business Scenarios Tests","Create and edit a contact","Create contact","","Create contact",""
"skipped","Tue Aug 04 03:51:03 UTC 2026","Tue Aug 04 03:51:03 UTC 2026","0","7. Team Pegasus | Pegasus Staging","Business Scenarios Tests","Business Insights","Dashboard smoke flow","","Scoring",""
"failed","Tue Aug 04 03:51:11 UTC 2026","Tue Aug 04 03:51:11 UTC 2026","9","1.1 Team Hummingbird - BFF | WLW app","Technical Tests","search-controller","GET /public_api/suppliers/recommendations [SEC] Injection Probe","","GET /public_api/suppliers/recommendations [SEC] Injection Probe",""
"passed","Tue Aug 04 04:01:03 UTC 2026","Tue Aug 04 04:01:03 UTC 2026","129","Dolphin","Functional","","","getProductsByCategoryTest","popular in category -- getProductsByCategory",""
"passed","Tue Aug 04 03:51:18 UTC 2026","Tue Aug 04 03:51:18 UTC 2026","195","4. Team CRM |CRM Staging","Business Scenarios Tests","Quote","Check Quote","","Check Quote",""
"passed","Tue Aug 04 03:49:37 UTC 2026","Tue Aug 04 03:49:37 UTC 2026","7","2 Team Dragon - BFF | RFQ Backend","Technical Tests","(root)","GET /v1/user - User Info + Roles + Negative Auth","","GET /v1/user - User Info + Roles + Negative Auth",""
"passed","Tue Aug 04 03:51:18 UTC 2026","Tue Aug 04 03:51:18 UTC 2026","30","1.1 Team Hummingbird - BFF | WLW app","Technical Tests","user-controller","GET /public_api/user/userInfo [NEG] Expired Token","","GET /public_api/user/userInfo [NEG] Expired Token",""
"passed","Tue Aug 04 03:49:55 UTC 2026","Tue Aug 04 03:49:55 UTC 2026","17","1 Team Hummingbird - BFF | EP app","Endpoint tests","Support","Support FAQ_DE","","Support FAQ_DE",""
"passed","Tue Aug 04 03:50:55 UTC 2026","Tue Aug 04 03:50:55 UTC 2026","29","1.1 Team Hummingbird - BFF | WLW app","Technical Tests","conversation-controller","GET /public_api/conversation/userConversations/{userId}/unreadCount/ [SEC] Injection Probe","","GET /public_api/conversation/userConversations/{userId}/unreadCount/ [SEC] Injection Probe",""
"skipped","Tue Aug 04 03:51:03 UTC 2026","Tue Aug 04 03:51:03 UTC 2026","0","7. Team Pegasus | Pegasus Staging","Endpoints Tests","Supplier Registration","EP","","request_for_quotations - Endpoints related to the creation of request for quotations",""
"passed","Tue Aug 04 03:51:07 UTC 2026","Tue Aug 04 03:51:07 UTC 2026","32","1.1 Team Hummingbird - BFF | WLW app","Technical Tests","purchaser-user-setting-controller","POST /userSetting/ [NEG] Forbidden Role Token","","POST /userSetting/ [NEG] Forbidden Role Token",""
"passed","Tue Aug 04 03:51:14 UTC 2026","Tue Aug 04 03:51:14 UTC 2026","33","1.1 Team Hummingbird - BFF | WLW app","Technical Tests","search-controller","GET /public_api/categories/recommendations [SEC] Injection Probe","","GET /public_api/categories/recommendations [SEC] Injection Probe",""
"failed","Tue Aug 04 03:51:09 UTC 2026","Tue Aug 04 03:51:09 UTC 2026","13","1.1 Team Hummingbird - BFF | WLW app","Technical Tests","push-notification-by-email-controller","PUT /v1/pushNotification [NEG] Missing Auth/API-Key","","PUT /v1/pushNotification [NEG] Missing Auth/API-Key",""
"passed","Tue Aug 04 03:50:37 UTC 2026","Tue Aug 04 03:50:38 UTC 2026","469","1.1 Team Hummingbird - BFF | WLW app","Endpoint tests","Login","native email login purchaser","","native email login purchaser",""
"passed","Tue Aug 04 03:50:59 UTC 2026","Tue Aug 04 03:50:59 UTC 2026","31","1.1 Team Hummingbird - BFF | WLW app","Technical Tests","feedback-controller","POST /v1/feedback","","POST /v1/feedback",""
"passed","Tue Aug 04 03:50:45 UTC 2026","Tue Aug 04 03:50:45 UTC 2026","36","1.1 Team Hummingbird - BFF | WLW app","Technical Tests","ab-test-record-controller","POST /public_api/abtest/record [NEG] Expired Token","","POST /public_api/abtest/record [NEG] Expired Token",""
"skipped","Tue Aug 04 03:51:03 UTC 2026","Tue Aug 04 03:51:03 UTC 2026","0","7. Team Pegasus | Pegasus Staging","Business Scenarios Tests","Supplier Registration","EP - Lead create and update","","leads/{lead_id} - Update a lead",""
"passed","Tue Aug 04 03:50:53 UTC 2026","Tue Aug 04 03:50:53 UTC 2026","36","1.1 Team Hummingbird - BFF | WLW app","Technical Tests","conversation-controller","POST /public_api/conversation/userConversations/{conversationId}/messages [NEG] Forbidden Role Token","","POST /public_api/conversation/userConversations/{conversationId}/messages [NEG] Forbidden Role Token",""
"passed","Tue Aug 04 03:50:44 UTC 2026","Tue Aug 04 03:50:44 UTC 2026","99","1.1 Team Hummingbird - BFF | WLW app","Endpoint tests","Conversations","unread count","","unread count",""
"passed","Tue Aug 04 03:51:26 UTC 2026","Tue Aug 04 03:51:26 UTC 2026","399","4. Team CRM |CRM Staging","Business Scenarios Tests","Cases","Smoke Test for Case Creation","","Smoke Test for Case Creation",""
"passed","Tue Aug 04 03:51:18 UTC 2026","Tue Aug 04 03:51:18 UTC 2026","33","1.1 Team Hummingbird - BFF | WLW app","Technical Tests","user-controller","GET /public_api/user/userInfo","","GET /public_api/user/userInfo",""
"passed","Tue Aug 04 03:51:02 UTC 2026","Tue Aug 04 03:51:02 UTC 2026","34","1.1 Team Hummingbird - BFF | WLW app","Technical Tests","login-controller","POST /public_api/auth/password/login [NEG] Expired Token","","POST /public_api/auth/password/login [NEG] Expired Token",""
"passed","Tue Aug 04 04:01:04 UTC 2026","Tue Aug 04 04:01:04 UTC 2026","127","Dolphin","Functional","","","otherStoreProductRecommendTest","similar products recommend -- wlw pdp",""
"passed","Tue Aug 04 03:51:26 UTC 2026","Tue Aug 04 03:51:26 UTC 2026","116","4. Team CRM |CRM Staging","Endpoints Tests","(root)","duplicate records","","duplicate records",""
"passed","Tue Aug 04 03:49:49 UTC 2026","Tue Aug 04 03:49:49 UTC 2026","41","Bamboo","Functional","","","listTopCategoriesTest","list top Categories",""
"failed","Tue Aug 04 03:50:00 UTC 2026","Tue Aug 04 03:50:00 UTC 2026","108","1 Team Hummingbird - BFF | EP app","Endpoint tests","Conversations","send file message","","send file message",""
"passed","Tue Aug 04 03:51:00 UTC 2026","Tue Aug 04 03:51:00 UTC 2026","30","1.1 Team Hummingbird - BFF | WLW app","Technical Tests","inside-business-controller","GET /public_api/inside_business [NEG] Expired Token","","GET /public_api/inside_business [NEG] Expired Token",""
"skipped","Tue Aug 04 03:51:03 UTC 2026","Tue Aug 04 03:51:03 UTC 2026","0","7. Team Pegasus | Pegasus Staging","Business Scenarios Tests","Supplier Facts","API register, publish, and verify in UI","","4. Publish company (PATCH supplier-facts)",""
"skipped","Tue Aug 04 03:51:03 UTC 2026","Tue Aug 04 03:51:03 UTC 2026","0","7. Team Pegasus | Pegasus Staging","Endpoints Tests","Business Insights","Graph","","Graph",""
"failed","Tue Aug 04 03:51:29 UTC 2026","Tue Aug 04 03:51:29 UTC 2026","80","4. Team CRM |CRM Staging","Endpoints Tests","(root)","get company data via CRM id","","get company data via CRM id",""
"passed","Tue Aug 04 03:51:03 UTC 2026","Tue Aug 04 03:51:03 UTC 2026","33","1.1 Team Hummingbird - BFF | WLW app","Technical Tests","login-controller","POST /public_api/auth/code/resend [NEG] Expired Token","","POST /public_api/auth/code/resend [NEG] Expired Token",""
"passed","Tue Aug 04 03:50:53 UTC 2026","Tue Aug 04 03:50:53 UTC 2026","30","1.1 Team Hummingbird - BFF | WLW app","Technical Tests","conversation-controller","POST /public_api/conversation/userConversations/{conversationId}/messages [NEG] Expired Token","","POST /public_api/conversation/userConversations/{conversationId}/messages [NEG] Expired Token",""
"broken","Tue Aug 04 03:57:57 UTC 2026","Tue Aug 04 03:58:18 UTC 2026","20507","Dolphin","Technical","","","recallTest","AI Search recall (supplierTextSearch) API using params from inference",""
"passed","Tue Aug 04 04:01:02 UTC 2026","Tue Aug 04 04:01:03 UTC 2026","47","Dolphin","Technical","","","getCategoryListEpTest","v-recommend category list -- ep",""
"failed","Tue Aug 04 03:50:49 UTC 2026","Tue Aug 04 03:50:49 UTC 2026","10","1.1 Team Hummingbird - BFF | WLW app","Technical Tests","company-controller","GET /public_api/suppliers/{companyID}/listings [SEC] Injection Probe","","GET /public_api/suppliers/{companyID}/listings [SEC] Injection Probe",""
"skipped","Tue Aug 04 03:51:03 UTC 2026","Tue Aug 04 03:51:03 UTC 2026","0","7. Team Pegasus | Pegasus Staging","Endpoints Tests","Supplier Registration","WLW","","categories - Endpoints for retrieving categories",""
"skipped","Tue Aug 04 03:56:23 UTC 2026","Tue Aug 04 03:56:23 UTC 2026","0","3 Team Techno - UCL","Technical Tests","Membership","GET /unified_commercial_logic/internal_api/api/membership/find_by_id/{id} - Retrieve Membership By ID","","GET /unified_commercial_logic/internal_api/api/membership/find_by_id/{id} - Retrieve Membership By ID",""
"passed","Tue Aug 04 03:51:09 UTC 2026","Tue Aug 04 03:51:10 UTC 2026","35","1.1 Team Hummingbird - BFF | WLW app","Technical Tests","rfq-controller","POST /public_api/connect/purchaser/tenders [NEG] Forbidden Role Token","","POST /public_api/connect/purchaser/tenders [NEG] Forbidden Role Token",""
"skipped","Tue Aug 04 03:51:03 UTC 2026","Tue Aug 04 03:51:03 UTC 2026","0","7. Team Pegasus | Pegasus Staging","Endpoints Tests","Business Insights","User by uuid","","User by uuid",""
"passed","Tue Aug 04 03:51:25 UTC 2026","Tue Aug 04 03:51:25 UTC 2026","666","4. Team CRM |CRM Staging","Business Scenarios Tests","Products","Update Product","","Update Product",""
"passed","Tue Aug 04 03:51:03 UTC 2026","Tue Aug 04 03:51:03 UTC 2026","32","1.1 Team Hummingbird - BFF | WLW app","Technical Tests","login-controller","POST /public_api/auth/changePassword","","POST /public_api/auth/changePassword",""
"skipped","Tue Aug 04 03:51:03 UTC 2026","Tue Aug 04 03:51:03 UTC 2026","0","7. Team Pegasus | Pegasus Staging","Technical Tests","(empty)","(empty)","","Technical Tests - empty",""
"failed","Tue Aug 04 03:51:05 UTC 2026","Tue Aug 04 03:51:05 UTC 2026","12","1.1 Team Hummingbird - BFF | WLW app","Technical Tests","product-controller","GET /public_api/companies/{supplierPublicId}/products","","GET /public_api/companies/{supplierPublicId}/products",""
"passed","Tue Aug 04 03:49:55 UTC 2026","Tue Aug 04 03:49:55 UTC 2026","70","1 Team Hummingbird - BFF | EP app","Endpoint tests","User settings","user setting","","user setting",""
"failed","Tue Aug 04 03:51:06 UTC 2026","Tue Aug 04 03:51:06 UTC 2026","13","1.1 Team Hummingbird - BFF | WLW app","Technical Tests","purchaser-support-controller","GET /support-faq [NEG] Expired Token","","GET /support-faq [NEG] Expired Token",""
"failed","Tue Aug 04 03:50:50 UTC 2026","Tue Aug 04 03:50:50 UTC 2026","13","1.1 Team Hummingbird - BFF | WLW app","Technical Tests","company-controller","GET /public_api/company [NEG] Forbidden Role Token","","GET /public_api/company [NEG] Forbidden Role Token",""
"failed","Tue Aug 04 03:50:48 UTC 2026","Tue Aug 04 03:50:48 UTC 2026","11","1.1 Team Hummingbird - BFF | WLW app","Technical Tests","categories-controller","PUT /preferred/categories [NEG] Forbidden Role Token","","PUT /preferred/categories [NEG] Forbidden Role Token",""
"passed","Tue Aug 04 03:49:36 UTC 2026","Tue Aug 04 03:49:36 UTC 2026","92","2 Team Dragon - BFF | RFQ Backend","Functional Tests","(root)","POST /v1/rfqs/{rfqId}/respond - Error Case (400)","","POST /v1/rfqs/{rfqId}/respond - Error Case (400)",""
"failed","Tue Aug 04 03:51:13 UTC 2026","Tue Aug 04 03:51:13 UTC 2026","11","1.1 Team Hummingbird - BFF | WLW app","Technical Tests","search-controller","GET /public_api/search/ai/termRecommend [SEC] Injection Probe","","GET /public_api/search/ai/termRecommend [SEC] Injection Probe",""
"skipped","Tue Aug 04 03:51:03 UTC 2026","Tue Aug 04 03:51:03 UTC 2026","0","7. Team Pegasus | Pegasus Staging","Spike | Profiles link user to company","(root)","08 MANUAL — supplier_api GET (needs browser session)","","08 MANUAL — supplier_api GET (needs browser session)",""
"passed","Tue Aug 04 03:49:57 UTC 2026","Tue Aug 04 03:49:57 UTC 2026","97","1 Team Hummingbird - BFF | EP app","Endpoint tests","Company","Companies / products FR","","Companies / products FR",""
"passed","Tue Aug 04 03:49:49 UTC 2026","Tue Aug 04 03:49:49 UTC 2026","28","Bamboo","Functional","","","searchCategoryByNameTest","searchCategoryByName",""
"failed","Tue Aug 04 03:50:38 UTC 2026","Tue Aug 04 03:50:38 UTC 2026","37","1.1 Team Hummingbird - BFF | WLW app","Endpoint tests","Login","resend code","","resend code",""
"skipped","Tue Aug 04 03:51:03 UTC 2026","Tue Aug 04 03:51:03 UTC 2026","0","7. Team Pegasus | Pegasus Staging","Endpoints Tests","Shop Import & Onboarding Backend","/offers/keywordSuggestion","","/offers/keywordSuggestion",""
"passed","Tue Aug 04 03:50:54 UTC 2026","Tue Aug 04 03:50:54 UTC 2026","17","1.1 Team Hummingbird - BFF | WLW app","Technical Tests","conversation-controller","POST /public_api/conversation/userConversations/{conversationId}/messages/file [NEG] Missing Auth/API-Key","","POST /public_api/conversation/userConversations/{conversationId}/messages/file [NEG] Missing Auth/API-Key",""
"failed","Tue Aug 04 03:51:11 UTC 2026","Tue Aug 04 03:51:11 UTC 2026","9","1.1 Team Hummingbird - BFF | WLW app","Technical Tests","search-controller","GET /public_api/search/products","","GET /public_api/search/products",""
"passed","Tue Aug 04 03:49:36 UTC 2026","Tue Aug 04 03:49:36 UTC 2026","37","2 Team Dragon - BFF | RFQ Backend","Functional Tests","(root)","GET /v1/categories - Success","","GET /v1/categories - Success",""
"passed","Tue Aug 04 03:50:53 UTC 2026","Tue Aug 04 03:50:53 UTC 2026","17","1.1 Team Hummingbird - BFF | WLW app","Technical Tests","conversation-controller","POST /public_api/conversation/userConversations/{conversationId}/messages/file/ [NEG] Missing Auth/API-Key","","POST /public_api/conversation/userConversations/{conversationId}/messages/file/ [NEG] Missing Auth/API-Key",""
"passed","Tue Aug 04 03:50:49 UTC 2026","Tue Aug 04 03:50:49 UTC 2026","27","1.1 Team Hummingbird - BFF | WLW app","Technical Tests","categories-controller","GET /public_api/categories/homepage [NEG] Expired Token","","GET /public_api/categories/homepage [NEG] Expired Token",""
"passed","Tue Aug 04 03:51:19 UTC 2026","Tue Aug 04 03:51:19 UTC 2026","14","1.1 Team Hummingbird - BFF | WLW app","Technical Tests","user-controller","PUT /public_api/user/userInfo [NEG] Missing Auth/API-Key","","PUT /public_api/user/userInfo [NEG] Missing Auth/API-Key",""
"broken","Tue Aug 04 03:49:48 UTC 2026","Tue Aug 04 03:49:49 UTC 2026","550","Bamboo","Functional","","","leafCategoryPredictTest","leafCategoryPredict",""
"passed","Tue Aug 04 03:51:02 UTC 2026","Tue Aug 04 03:51:02 UTC 2026","31","1.1 Team Hummingbird - BFF | WLW app","Technical Tests","login-controller","POST /public_api/auth/registration [NEG] Forbidden Role Token","","POST /public_api/auth/registration [NEG] Forbidden Role Token",""
"passed","Tue Aug 04 04:00:49 UTC 2026","Tue Aug 04 04:00:50 UTC 2026","1738","Dolphin","Technical","","","productTextSearchPageSizeZeroTest","AI product text search recall: pageSize=0 normalized to default",""
"passed","Tue Aug 04 03:50:50 UTC 2026","Tue Aug 04 03:50:50 UTC 2026","33","1.1 Team Hummingbird - BFF | WLW app","Technical Tests","company-controller","GET /public_api/company/{id} [NEG] Expired Token","","GET /public_api/company/{id} [NEG] Expired Token",""
"passed","Tue Aug 04 03:50:51 UTC 2026","Tue Aug 04 03:50:51 UTC 2026","29","1.1 Team Hummingbird - BFF | WLW app","Technical Tests","conversation-controller","PUT /public_api/conversation/userConversations/{conversationId}/tag","","PUT /public_api/conversation/userConversations/{conversationId}/tag",""
"failed","Tue Aug 04 03:51:24 UTC 2026","Tue Aug 04 03:51:24 UTC 2026","140","4. Team CRM |CRM Staging","Business Scenarios Tests","Lead","Get a Lead","","Get a Lead",""
"passed","Tue Aug 04 03:50:55 UTC 2026","Tue Aug 04 03:50:55 UTC 2026","33","1.1 Team Hummingbird - BFF | WLW app","Technical Tests","conversation-controller","GET /public_api/conversation/userConversations/{userId}/unreadCount [SEC] Injection Probe","","GET /public_api/conversation/userConversations/{userId}/unreadCount [SEC] Injection Probe",""
"passed","Tue Aug 04 03:49:58 UTC 2026","Tue Aug 04 03:49:58 UTC 2026","853","1 Team Hummingbird - BFF | EP app","Endpoint tests","Search","search companies, EN","","search companies, EN",""
"passed","Tue Aug 04 03:50:46 UTC 2026","Tue Aug 04 03:50:46 UTC 2026","33","1.1 Team Hummingbird - BFF | WLW app","Technical Tests","ai-company-search-controller","POST /public_api/search/ai/supplier/pv-match [NEG] Expired Token","","POST /public_api/search/ai/supplier/pv-match [NEG] Expired Token",""
"skipped","Tue Aug 04 03:51:03 UTC 2026","Tue Aug 04 03:51:03 UTC 2026","0","7. Team Pegasus | Pegasus Staging","Business Scenarios Tests","Business Insights","Dashboard smoke flow","","Health status",""
"passed","Tue Aug 04 03:50:44 UTC 2026","Tue Aug 04 03:50:44 UTC 2026","114","1.1 Team Hummingbird - BFF | WLW app","Endpoint tests","Visitor profiler","csv get","","csv get",""
"skipped","Tue Aug 04 03:51:03 UTC 2026","Tue Aug 04 03:51:03 UTC 2026","0","7. Team Pegasus | Pegasus Staging","Endpoints Tests","Shop Import & Onboarding Backend","/offers/searchCategories","","/offers/searchCategories",""
"passed","Tue Aug 04 03:50:45 UTC 2026","Tue Aug 04 03:50:45 UTC 2026","94","1.1 Team Hummingbird - BFF | WLW app","Endpoint tests","(root)","Log out","","Log out",""
"failed","Tue Aug 04 03:50:52 UTC 2026","Tue Aug 04 03:50:52 UTC 2026","13","1.1 Team Hummingbird - BFF | WLW app","Technical Tests","conversation-controller","GET /public_api/conversation/userConversations/{conversationId}/messages [NEG] Missing Auth/API-Key","","GET /public_api/conversation/userConversations/{conversationId}/messages [NEG] Missing Auth/API-Key",""
"passed","Tue Aug 04 03:51:03 UTC 2026","Tue Aug 04 03:51:03 UTC 2026","15","1.1 Team Hummingbird - BFF | WLW app","Technical Tests","login-controller","POST /public_api/auth/code/verify [NEG] Missing Auth/API-Key","","POST /public_api/auth/code/verify [NEG] Missing Auth/API-Key",""
"passed","Tue Aug 04 03:51:05 UTC 2026","Tue Aug 04 03:51:05 UTC 2026","13","1.1 Team Hummingbird - BFF | WLW app","Technical Tests","product-controller","GET /public_api/products/{productId} [NEG] Missing Auth/API-Key","","GET /public_api/products/{productId} [NEG] Missing Auth/API-Key",""
"passed","Tue Aug 04 03:50:50 UTC 2026","Tue Aug 04 03:50:50 UTC 2026","16","1.1 Team Hummingbird - BFF | WLW app","Technical Tests","contact-form-controller","POST /public_api/contact-form/messages [NEG] Missing Auth/API-Key","","POST /public_api/contact-form/messages [NEG] Missing Auth/API-Key",""
"passed","Tue Aug 04 04:01:02 UTC 2026","Tue Aug 04 04:01:02 UTC 2026","77","Dolphin","Functional","","","EPZeroResultProductRecommendTest","Recommend products in 0 result search list page v1 -- ep",""
"passed","Tue Aug 04 03:51:00 UTC 2026","Tue Aug 04 03:51:00 UTC 2026","21","1.1 Team Hummingbird - BFF | WLW app","Technical Tests","inside-business-controller","GET /public_api/inside_business [NEG] Missing Auth/API-Key","","GET /public_api/inside_business [NEG] Missing Auth/API-Key",""
"passed","Tue Aug 04 04:01:03 UTC 2026","Tue Aug 04 04:01:03 UTC 2026","36","Dolphin","Functional","","","getCategoryListWlwTest","v-recommend category list -- wlw, full categories",""
"skipped","Tue Aug 04 03:56:23 UTC 2026","Tue Aug 04 03:56:23 UTC 2026","0","3 Team Techno - UCL","Technical Tests","Membership","GET /unified_commercial_logic/internal_api/api/membership - Retrieve Membership List","","GET /unified_commercial_logic/internal_api/api/membership - Retrieve Membership List",""
"skipped","Tue Aug 04 03:51:03 UTC 2026","Tue Aug 04 03:51:03 UTC 2026","0","7. Team Pegasus | Pegasus Staging","Endpoints Tests","Visitors","Java (statistics-app)","","Visitors list",""
"passed","Tue Aug 04 03:51:07 UTC 2026","Tue Aug 04 03:51:07 UTC 2026","19","1.1 Team Hummingbird - BFF | WLW app","Technical Tests","purchaser-user-setting-controller","POST /userSetting/ [NEG] Missing Auth/API-Key","","POST /userSetting/ [NEG] Missing Auth/API-Key",""
"passed","Tue Aug 04 03:50:45 UTC 2026","Tue Aug 04 03:50:45 UTC 2026","29","1.1 Team Hummingbird - BFF | WLW app","Technical Tests","ai-company-search-controller","POST /public_api/search/ai/supplier/recall","","POST /public_api/search/ai/supplier/recall",""
"skipped","Tue Aug 04 03:51:03 UTC 2026","Tue Aug 04 03:51:03 UTC 2026","0","7. Team Pegasus | Pegasus Staging","Business Scenarios Tests","Business Insights","Dashboard smoke flow","","Admin BI",""
"failed","Tue Aug 04 03:50:51 UTC 2026","Tue Aug 04 03:50:51 UTC 2026","13","1.1 Team Hummingbird - BFF | WLW app","Technical Tests","conversation-controller","PUT /public_api/conversation/userConversations/{conversationId}/messages/markAsRead [NEG] Missing Auth/API-Key","","PUT /public_api/conversation/userConversations/{conversationId}/messages/markAsRead [NEG] Missing Auth/API-Key",""
"passed","Tue Aug 04 03:49:37 UTC 2026","Tue Aug 04 03:49:37 UTC 2026","17","2 Team Dragon - BFF | RFQ Backend","Technical Tests","(root)","GET /v1/categories - CPV list (schema + contract)","","GET /v1/categories - CPV list (schema + contract)",""
"passed","Tue Aug 04 03:50:46 UTC 2026","Tue Aug 04 03:50:46 UTC 2026","32","1.1 Team Hummingbird - BFF | WLW app","Technical Tests","ai-company-search-controller","POST /public_api/search/ai/supplier/pv-match","","POST /public_api/search/ai/supplier/pv-match",""
"passed","Tue Aug 04 03:50:00 UTC 2026","Tue Aug 04 03:50:00 UTC 2026","111","1 Team Hummingbird - BFF | EP app","Endpoint tests","Conversations","conversation id","","conversation id",""
"passed","Tue Aug 04 03:51:00 UTC 2026","Tue Aug 04 03:51:00 UTC 2026","18","1.1 Team Hummingbird - BFF | WLW app","Technical Tests","help-and-support-controller","POST /help [NEG] Missing Auth/API-Key","","POST /help [NEG] Missing Auth/API-Key",""
"skipped","Tue Aug 04 03:51:03 UTC 2026","Tue Aug 04 03:51:03 UTC 2026","0","7. Team Pegasus | Pegasus Staging","Business Scenarios Tests","Visitors","Statistics visitor drill-down","","CSV status",""
"passed","Tue Aug 04 03:51:24 UTC 2026","Tue Aug 04 03:51:24 UTC 2026","92","4. Team CRM |CRM Staging","Business Scenarios Tests","WLW Price Compaigns","WLW_Price Compaigns","","WLW_Price Compaigns",""
"failed","Tue Aug 04 03:50:48 UTC 2026","Tue Aug 04 03:50:48 UTC 2026","12","1.1 Team Hummingbird - BFF | WLW app","Technical Tests","categories-controller","PUT /preferred/categories","","PUT /preferred/categories",""
"failed","Tue Aug 04 03:50:40 UTC 2026","Tue Aug 04 03:50:40 UTC 2026","37","1.1 Team Hummingbird - BFF | WLW app","Endpoint tests","Company","Company ID DE","","Company ID DE",""
"failed","Tue Aug 04 03:51:13 UTC 2026","Tue Aug 04 03:51:13 UTC 2026","12","1.1 Team Hummingbird - BFF | WLW app","Technical Tests","search-controller","GET /public_api/products/recommendations [NEG] Missing Auth/API-Key","","GET /public_api/products/recommendations [NEG] Missing Auth/API-Key",""
"passed","Tue Aug 04 03:51:19 UTC 2026","Tue Aug 04 03:51:19 UTC 2026","453","4. Team CRM |CRM Staging","Business Scenarios Tests","Account","Update Account","","Update Account",""
"passed","Tue Aug 04 03:51:18 UTC 2026","Tue Aug 04 03:51:18 UTC 2026","94","4. Team CRM |CRM Staging","Business Scenarios Tests","Contacts","Check Contact","","Check Contact",""
"failed","Tue Aug 04 03:51:06 UTC 2026","Tue Aug 04 03:51:06 UTC 2026","13","1.1 Team Hummingbird - BFF | WLW app","Technical Tests","purchaser-support-controller","GET /support-faq [NEG] Missing Auth/API-Key","","GET /support-faq [NEG] Missing Auth/API-Key",""
"passed","Tue Aug 04 03:50:52 UTC 2026","Tue Aug 04 03:50:52 UTC 2026","15","1.1 Team Hummingbird - BFF | WLW app","Technical Tests","conversation-controller","POST /public_api/conversation/userConversations/{conversationId}/messages [NEG] Missing Auth/API-Key","","POST /public_api/conversation/userConversations/{conversationId}/messages [NEG] Missing Auth/API-Key",""
"passed","Tue Aug 04 03:50:49 UTC 2026","Tue Aug 04 03:50:49 UTC 2026","36","1.1 Team Hummingbird - BFF | WLW app","Technical Tests","categories-controller","GET /public_api/categories/homepage [NEG] Forbidden Role Token","","GET /public_api/categories/homepage [NEG] Forbidden Role Token",""
"passed","Tue Aug 04 03:51:29 UTC 2026","Tue Aug 04 03:51:29 UTC 2026","318","4. Team CRM |CRM Staging","Endpoints Tests","(root)","trigger a Buyer lead","","trigger a Buyer lead",""
"passed","Tue Aug 04 03:51:18 UTC 2026","Tue Aug 04 03:51:19 UTC 2026","31","1.1 Team Hummingbird - BFF | WLW app","Technical Tests","user-controller","PUT /public_api/user/userInfo","","PUT /public_api/user/userInfo",""
"failed","Tue Aug 04 03:51:13 UTC 2026","Tue Aug 04 03:51:13 UTC 2026","13","1.1 Team Hummingbird - BFF | WLW app","Technical Tests","search-controller","GET /public_api/search/ai/termRecommend [NEG] Expired Token","","GET /public_api/search/ai/termRecommend [NEG] Expired Token",""
"passed","Tue Aug 04 03:50:47 UTC 2026","Tue Aug 04 03:50:47 UTC 2026","14","1.1 Team Hummingbird - BFF | WLW app","Technical Tests","ai-company-search-controller","POST /public_api/search/ai/company/search [NEG] Missing Auth/API-Key","","POST /public_api/search/ai/company/search [NEG] Missing Auth/API-Key",""
"failed","Tue Aug 04 03:51:13 UTC 2026","Tue Aug 04 03:51:13 UTC 2026","12","1.1 Team Hummingbird - BFF | WLW app","Technical Tests","search-controller","GET /public_api/search/ai/termRecommend [NEG] Forbidden Role Token","","GET /public_api/search/ai/termRecommend [NEG] Forbidden Role Token",""
"failed","Tue Aug 04 03:50:39 UTC 2026","Tue Aug 04 03:50:39 UTC 2026","17","1.1 Team Hummingbird - BFF | WLW app","Endpoint tests","Support","currency daily rates","","currency daily rates",""
"skipped","Tue Aug 04 03:51:03 UTC 2026","Tue Aug 04 03:51:03 UTC 2026","0","7. Team Pegasus | Pegasus Staging","Endpoints Tests","Supplier Registration","EP","","business_sectors - Get business sectors",""
"passed","Tue Aug 04 04:01:01 UTC 2026","Tue Aug 04 04:01:02 UTC 2026","1071","Dolphin","Functional","","","productTextSearchTopRankingScenarioTest","AI product text search recall: wlw-staging cnc top-ranking scenario",""
"skipped","Tue Aug 04 03:51:03 UTC 2026","Tue Aug 04 03:51:03 UTC 2026","0","7. Team Pegasus | Pegasus Staging","Endpoints Tests","Supplier Registration","EP","","{{supplierRegistrationBackendBaseUrlForGetRequests}}/api/business_sectors/index?lang=en&query=Biscuits",""
"passed","Tue Aug 04 03:51:02 UTC 2026","Tue Aug 04 03:51:02 UTC 2026","14","1.1 Team Hummingbird - BFF | WLW app","Technical Tests","login-controller","POST /public_api/auth/registration [NEG] Missing Auth/API-Key","","POST /public_api/auth/registration [NEG] Missing Auth/API-Key",""
"failed","Tue Aug 04 03:50:43 UTC 2026","Tue Aug 04 03:50:43 UTC 2026","205","1.1 Team Hummingbird - BFF | WLW app","Endpoint tests","Contact request","QDR request","","QDR request",""
"passed","Tue Aug 04 03:51:20 UTC 2026","Tue Aug 04 03:51:22 UTC 2026","1087","4. Team CRM |CRM Staging","Business Scenarios Tests","Account","Create Account","","Create Account",""
"passed","Tue Aug 04 03:50:53 UTC 2026","Tue Aug 04 03:50:53 UTC 2026","34","1.1 Team Hummingbird - BFF | WLW app","Technical Tests","conversation-controller","POST /public_api/conversation/userConversations/{conversationId}/messages/{messageId}/translate [NEG] Forbidden Role Token","","POST /public_api/conversation/userConversations/{conversationId}/messages/{messageId}/translate [NEG] Forbidden Role Token",""
"failed","Tue Aug 04 03:49:55 UTC 2026","Tue Aug 04 03:49:55 UTC 2026","101","1 Team Hummingbird - BFF | EP app","Endpoint tests","User settings","user setting","","user setting",""
"passed","Tue Aug 04 03:50:50 UTC 2026","Tue Aug 04 03:50:50 UTC 2026","17","1.1 Team Hummingbird - BFF | WLW app","Technical Tests","company-controller","GET /public_api/company/{id} [NEG] Missing Auth/API-Key","","GET /public_api/company/{id} [NEG] Missing Auth/API-Key",""
"passed","Tue Aug 04 03:51:17 UTC 2026","Tue Aug 04 03:51:17 UTC 2026","17","1.1 Team Hummingbird - BFF | WLW app","Technical Tests","supplier-visitors-controller","GET /","","GET /",""
"passed","Tue Aug 04 03:50:58 UTC 2026","Tue Aug 04 03:50:58 UTC 2026","30","1.1 Team Hummingbird - BFF | WLW app","Technical Tests","euro-pages-controller","DELETE /public_api/euro-pages/auth/delete","","DELETE /public_api/euro-pages/auth/delete",""
"skipped","Tue Aug 04 03:51:03 UTC 2026","Tue Aug 04 03:51:03 UTC 2026","0","7. Team Pegasus | Pegasus Staging","Business Scenarios Tests","Supplier Facts","Company create and update for UI","","Create company",""
"skipped","Tue Aug 04 03:56:23 UTC 2026","Tue Aug 04 03:56:23 UTC 2026","0","3 Team Techno - UCL","Technical Tests","TopRanking","GET /unified_commercial_logic/internal_api/api/top_ranking_v1/ - Retrieve TopRankingV1 List","","GET /unified_commercial_logic/internal_api/api/top_ranking_v1/ - Retrieve TopRankingV1 List",""
"skipped","Tue Aug 04 03:51:03 UTC 2026","Tue Aug 04 03:51:03 UTC 2026","0","7. Team Pegasus | Pegasus Staging","Endpoints Tests","Visitors","Elixir (supplier-app)","","Visitor details",""
"passed","Tue Aug 04 03:51:18 UTC 2026","Tue Aug 04 03:51:18 UTC 2026","31","1.1 Team Hummingbird - BFF | WLW app","Technical Tests","trending-products-controller","GET /public_api/trending/notifications [NEG] Expired Token","","GET /public_api/trending/notifications [NEG] Expired Token",""
"passed","Tue Aug 04 03:50:01 UTC 2026","Tue Aug 04 03:50:02 UTC 2026","1360","1 Team Hummingbird - BFF | EP app","Endpoint tests","Visitor profiler","Visits","","Visits",""
"passed","Tue Aug 04 03:50:41 UTC 2026","Tue Aug 04 03:50:42 UTC 2026","804","1.1 Team Hummingbird - BFF | WLW app","Endpoint tests","Search","Product Search EN","","Product Search EN",""
"passed","Tue Aug 04 03:50:41 UTC 2026","Tue Aug 04 03:50:42 UTC 2026","378","1.1 Team Hummingbird - BFF | WLW app","Endpoint tests","Search","search companies FR","","search companies FR",""
"failed","Tue Aug 04 03:51:11 UTC 2026","Tue Aug 04 03:51:11 UTC 2026","14","1.1 Team Hummingbird - BFF | WLW app","Technical Tests","search-controller","GET /public_api/suppliers/recommendations [NEG] Forbidden Role Token","","GET /public_api/suppliers/recommendations [NEG] Forbidden Role Token",""
"passed","Tue Aug 04 03:51:17 UTC 2026","Tue Aug 04 03:51:17 UTC 2026","631","4. Team CRM |CRM Staging","Business Scenarios Tests","Tasks","Smoke test Create task","","Smoke test Create task",""
"passed","Tue Aug 04 03:51:03 UTC 2026","Tue Aug 04 03:51:03 UTC 2026","32","1.1 Team Hummingbird - BFF | WLW app","Technical Tests","login-controller","POST /public_api/auth/code/verify [NEG] Forbidden Role Token","","POST /public_api/auth/code/verify [NEG] Forbidden Role Token",""
"passed","Tue Aug 04 03:51:21 UTC 2026","Tue Aug 04 03:51:22 UTC 2026","1087","4. Team CRM |CRM Staging","Business Scenarios Tests","Account","Create Account","","Create Account",""
"passed","Tue Aug 04 03:49:55 UTC 2026","Tue Aug 04 03:49:55 UTC 2026","14","1 Team Hummingbird - BFF | EP app","Endpoint tests","Support","Supportmasterdata_FR","","Supportmasterdata_FR",""
"failed","Tue Aug 04 03:50:54 UTC 2026","Tue Aug 04 03:50:54 UTC 2026","15","1.1 Team Hummingbird - BFF | WLW app","Technical Tests","conversation-controller","GET /public_api/conversation/userConversations [NEG] Forbidden Role Token","","GET /public_api/conversation/userConversations [NEG] Forbidden Role Token",""
"broken","Tue Aug 04 03:55:17 UTC 2026","Tue Aug 04 03:55:37 UTC 2026","20023","Dolphin","Technical","","","recallNoResultQueryTest","AI Search recall: no-result query (empty offers or zero total)",""
"passed","Tue Aug 04 04:01:02 UTC 2026","Tue Aug 04 04:01:02 UTC 2026","88","Dolphin","Functional","","","cppProductRecommendTest","recommend products in CPP -- wlw",""
"passed","Tue Aug 04 03:50:43 UTC 2026","Tue Aug 04 03:50:43 UTC 2026","303","1.1 Team Hummingbird - BFF | WLW app","Endpoint tests","Conversations","conversation/messages","","conversation/messages",""
"passed","Tue Aug 04 03:49:57 UTC 2026","Tue Aug 04 03:49:57 UTC 2026","109","1 Team Hummingbird - BFF | EP app","Endpoint tests","Company","Companies / products DE","","Companies / products DE",""
"passed","Tue Aug 04 03:50:52 UTC 2026","Tue Aug 04 03:50:52 UTC 2026","30","1.1 Team Hummingbird - BFF | WLW app","Technical Tests","conversation-controller","PUT /public_api/conversation/userConversations/{conversationId}/decline [NEG] Expired Token","","PUT /public_api/conversation/userConversations/{conversationId}/decline [NEG] Expired Token",""
"failed","Tue Aug 04 03:51:15 UTC 2026","Tue Aug 04 03:51:15 UTC 2026","14","1.1 Team Hummingbird - BFF | WLW app","Technical Tests","supplier-visitors-controller","GET /public_api/suppliers/{supplier_id}/visits","","GET /public_api/suppliers/{supplier_id}/visits",""
"failed","Tue Aug 04 03:51:08 UTC 2026","Tue Aug 04 03:51:08 UTC 2026","12","1.1 Team Hummingbird - BFF | WLW app","Technical Tests","push-notification-by-email-controller","GET /v1/pushNotification","","GET /v1/pushNotification",""
"passed","Tue Aug 04 03:50:44 UTC 2026","Tue Aug 04 03:50:45 UTC 2026","1106","1.1 Team Hummingbird - BFF | WLW app","Endpoint tests","Conversations","decline QDR","","decline QDR",""
"passed","Tue Aug 04 03:50:48 UTC 2026","Tue Aug 04 03:50:48 UTC 2026","30","1.1 Team Hummingbird - BFF | WLW app","Technical Tests","categories-controller","GET /public_api/categories/homepage","","GET /public_api/categories/homepage",""
"passed","Tue Aug 04 03:51:22 UTC 2026","Tue Aug 04 03:51:22 UTC 2026","166","4. Team CRM |CRM Staging","Business Scenarios Tests","Disable Hubspot","Check hubspot is false","","Check hubspot is false",""
"skipped","Tue Aug 04 03:56:23 UTC 2026","Tue Aug 04 03:56:23 UTC 2026","0","3 Team Techno - UCL","Functional Tests","Endpoint Tests","TopRanking","","get TR with the given existing id",""
"failed","Tue Aug 04 03:50:44 UTC 2026","Tue Aug 04 03:50:44 UTC 2026","98","1.1 Team Hummingbird - BFF | WLW app","Endpoint tests","Conversations","Decline RFQ","","Decline RFQ",""
"failed","Tue Aug 04 03:51:12 UTC 2026","Tue Aug 04 03:51:12 UTC 2026","13","1.1 Team Hummingbird - BFF | WLW app","Technical Tests","search-controller","GET /public_api/search/autoComplete","","GET /public_api/search/autoComplete",""
"passed","Tue Aug 04 03:51:29 UTC 2026","Tue Aug 04 03:51:29 UTC 2026","82","4. Team CRM |CRM Staging","Endpoints Tests","(root)","get company data via SF id","","get company data via SF id",""
"broken","Tue Aug 04 03:56:17 UTC 2026","Tue Aug 04 03:56:37 UTC 2026","20022","Dolphin","Technical","","","recallPageZeroNormalizedTest","AI Search recall: page=0 normalized, still success",""
"passed","Tue Aug 04 03:51:08 UTC 2026","Tue Aug 04 03:51:08 UTC 2026","34","1.1 Team Hummingbird - BFF | WLW app","Technical Tests","purchaser-user-setting-controller","POST /userSetting [NEG] Expired Token","","POST /userSetting [NEG] Expired Token",""
"skipped","Tue Aug 04 03:51:03 UTC 2026","Tue Aug 04 03:51:03 UTC 2026","0","7. Team Pegasus | Pegasus Staging","Business Scenarios Tests","Supplier Registration","WLW - Lead create and update","","leads/{lead_id} - Update a lead",""
"passed","Tue Aug 04 03:49:35 UTC 2026","Tue Aug 04 03:49:36 UTC 2026","86","2 Team Dragon - BFF | RFQ Backend","Functional Tests","(root)","GET /v1/user - Success","","GET /v1/user - Success",""
"passed","Tue Aug 04 03:50:38 UTC 2026","Tue Aug 04 03:50:38 UTC 2026","93","1.1 Team Hummingbird - BFF | WLW app","Endpoint tests","User settings","user setting","","user setting",""
"skipped","Tue Aug 04 03:51:03 UTC 2026","Tue Aug 04 03:51:03 UTC 2026","0","7. Team Pegasus | Pegasus Staging","Endpoints Tests","Business Insights","Scoring by uuid","","Scoring by uuid",""
"passed","Tue Aug 04 03:51:18 UTC 2026","Tue Aug 04 03:51:18 UTC 2026","33","1.1 Team Hummingbird - BFF | WLW app","Technical Tests","trending-products-controller","GET /public_api/trending/notifications [NEG] Forbidden Role Token","","GET /public_api/trending/notifications [NEG] Forbidden Role Token",""
"skipped","Tue Aug 04 03:56:23 UTC 2026","Tue Aug 04 03:56:23 UTC 2026","0","3 Team Techno - UCL","Functional Tests","Endpoint Tests","SponsoredBrand","","get active SPB by uuid",""
"failed","Tue Aug 04 03:51:19 UTC 2026","Tue Aug 04 03:51:20 UTC 2026","1083","4. Team CRM |CRM Staging","Business Scenarios Tests","Account","Smoke Test Basic Account Creation","","Smoke Test Basic Account Creation",""
"failed","Tue Aug 04 03:49:59 UTC 2026","Tue Aug 04 03:49:59 UTC 2026","212","1 Team Hummingbird - BFF | EP app","Endpoint tests","Contact request","QDR request","","QDR request",""
"passed","Tue Aug 04 03:51:17 UTC 2026","Tue Aug 04 03:51:17 UTC 2026","141","4. Team CRM |CRM Staging","Business Scenarios Tests","Tasks","Verify Change","","Verify Change",""
"passed","Tue Aug 04 04:00:41 UTC 2026","Tue Aug 04 04:00:43 UTC 2026","1811","Dolphin","Technical","","","productTextSearchIllegalSortTest","AI product text search recall: illegal sort passthrough",""
"passed","Tue Aug 04 03:51:28 UTC 2026","Tue Aug 04 03:51:28 UTC 2026","110","4. Team CRM |CRM Staging","Endpoints Tests","(root)","Update WLW Connect Counters with id","","Update WLW Connect Counters with id",""
"failed","Tue Aug 04 03:50:40 UTC 2026","Tue Aug 04 03:50:40 UTC 2026","24","1.1 Team Hummingbird - BFF | WLW app","Endpoint tests","Company","Company ID FR","","Company ID FR",""
"passed","Tue Aug 04 03:50:39 UTC 2026","Tue Aug 04 03:50:39 UTC 2026","17","1.1 Team Hummingbird - BFF | WLW app","Endpoint tests","Mobile_Feedback","Feedback Subject_FR","","Feedback Subject_FR",""
"passed","Tue Aug 04 03:51:25 UTC 2026","Tue Aug 04 03:51:26 UTC 2026","562","4. Team CRM |CRM Staging","Business Scenarios Tests","Calls","Smoke test for call","","Smoke test for call",""
"passed","Tue Aug 04 03:50:43 UTC 2026","Tue Aug 04 03:50:43 UTC 2026","112","1.1 Team Hummingbird - BFF | WLW app","Endpoint tests","Conversations","conversation id","","conversation id",""
"broken","Tue Aug 04 04:00:19 UTC 2026","Tue Aug 04 04:00:39 UTC 2026","20020","Dolphin","Technical","","","productInferenceTest","AI product search inference stream API",""
"passed","Tue Aug 04 03:51:26 UTC 2026","Tue Aug 04 03:51:26 UTC 2026","77","4. Team CRM |CRM Staging","Endpoints Tests","(root)","get connect receipient","","get connect receipient",""
"passed","Tue Aug 04 03:51:18 UTC 2026","Tue Aug 04 03:51:19 UTC 2026","1377","4. Team CRM |CRM Staging","Business Scenarios Tests","Quote","Smoke Test Create new quote","","Smoke Test Create new quote",""
"passed","Tue Aug 04 03:51:15 UTC 2026","Tue Aug 04 03:51:15 UTC 2026","27","1.1 Team Hummingbird - BFF | WLW app","Technical Tests","search-term-controller","POST /public_api/search/track [SEC] Injection Probe","","POST /public_api/search/track [SEC] Injection Probe",""
"passed","Tue Aug 04 04:01:04 UTC 2026","Tue Aug 04 04:01:04 UTC 2026","84","Dolphin","Functional","","","sameStoreProductRecommendTest","product same store recommend -- wlw",""
"failed","Tue Aug 04 03:50:48 UTC 2026","Tue Aug 04 03:50:48 UTC 2026","11","1.1 Team Hummingbird - BFF | WLW app","Technical Tests","categories-controller","GET /preferred/categories [NEG] Forbidden Role Token","","GET /preferred/categories [NEG] Forbidden Role Token",""
"passed","Tue Aug 04 03:51:23 UTC 2026","Tue Aug 04 03:51:24 UTC 2026","1351","4. Team CRM |CRM Staging","Business Scenarios Tests","Lead","Create a  lead","","Create a  lead",""
"failed","Tue Aug 04 03:51:12 UTC 2026","Tue Aug 04 03:51:12 UTC 2026","10","1.1 Team Hummingbird - BFF | WLW app","Technical Tests","search-controller","GET /public_api/search/ai/termRecommend","","GET /public_api/search/ai/termRecommend",""
"failed","Tue Aug 04 03:50:43 UTC 2026","Tue Aug 04 03:50:43 UTC 2026","320","1.1 Team Hummingbird - BFF | WLW app","Endpoint tests","Contact request","Other request","","Other request",""
"passed","Tue Aug 04 04:00:55 UTC 2026","Tue Aug 04 04:00:56 UTC 2026","1208","Dolphin","Functional","","","productTextSearchSecondPageTest","AI product text search recall: pagination page 2",""
"passed","Tue Aug 04 03:49:36 UTC 2026","Tue Aug 04 03:49:36 UTC 2026","245","2 Team Dragon - BFF | RFQ Backend","Functional Tests","(root)","GET /v1/rfqs - Success","","GET /v1/rfqs - Success",""
"broken","Tue Aug 04 03:56:37 UTC 2026","Tue Aug 04 03:56:57 UTC 2026","20022","Dolphin","Technical","","","recallPaidSupplierFilterTest","AI Search recall: paid supplier filter (verified=true)",""
"passed","Tue Aug 04 03:51:13 UTC 2026","Tue Aug 04 03:51:13 UTC 2026","32","1.1 Team Hummingbird - BFF | WLW app","Technical Tests","search-controller","GET /public_api/search/ai/tabChange [SEC] Injection Probe","","GET /public_api/search/ai/tabChange [SEC] Injection Probe",""
"passed","Tue Aug 04 03:51:25 UTC 2026","Tue Aug 04 03:51:26 UTC 2026","562","4. Team CRM |CRM Staging","Business Scenarios Tests","Calls","Smoke test for call","","Smoke test for call",""
"passed","Tue Aug 04 03:51:27 UTC 2026","Tue Aug 04 03:51:27 UTC 2026","584","4. Team CRM |CRM Staging","Endpoints Tests","(root)","sync event to trigger the RFC lead process","","sync event to trigger the RFC lead process",""
"passed","Tue Aug 04 03:51:26 UTC 2026","Tue Aug 04 03:51:26 UTC 2026","116","4. Team CRM |CRM Staging","Endpoints Tests","(root)","duplicate records","","duplicate records",""
"passed","Tue Aug 04 03:51:21 UTC 2026","Tue Aug 04 03:51:21 UTC 2026","131","4. Team CRM |CRM Staging","Business Scenarios Tests","Create and edit a contact","Check Contact","","Check Contact",""
"passed","Tue Aug 04 03:51:06 UTC 2026","Tue Aug 04 03:51:06 UTC 2026","25","1.1 Team Hummingbird - BFF | WLW app","Technical Tests","purchaser-support-controller","GET /support-master-data [NEG] Expired Token","","GET /support-master-data [NEG] Expired Token",""
"skipped","Tue Aug 04 03:49:54 UTC 2026","Tue Aug 04 03:49:54 UTC 2026","0","1 Team Hummingbird - BFF | EP app","Business Scenario Tests","(empty)","(empty)","","Business Scenario Tests - empty",""
"broken","Tue Aug 04 03:52:36 UTC 2026","Tue Aug 04 03:52:56 UTC 2026","20012","Dolphin","Technical","","","pvMatchMissingQpInfoTest","AI Search PV match: missing qpInfo → business failure",""
"passed","Tue Aug 04 03:50:53 UTC 2026","Tue Aug 04 03:50:53 UTC 2026","41","1.1 Team Hummingbird - BFF | WLW app","Technical Tests","conversation-controller","POST /public_api/conversation/userConversations/{conversationId}/messages/{messageId}/translate","","POST /public_api/conversation/userConversations/{conversationId}/messages/{messageId}/translate",""
"failed","Tue Aug 04 04:00:46 UTC 2026","Tue Aug 04 04:00:47 UTC 2026","1304","Dolphin","Technical","","","productTextSearchNoResultTest","AI product text search recall: no-result query",""
"broken","Tue Aug 04 03:56:57 UTC 2026","Tue Aug 04 03:57:17 UTC 2026","20018","Dolphin","Functional","","","recallSecondPageTest","AI Search recall: pagination page 2",""
"skipped","Tue Aug 04 03:56:23 UTC 2026","Tue Aug 04 03:56:23 UTC 2026","0","3 Team Techno - UCL","Technical Tests","GoogleAd","GET /unified_commercial_logic/internal_api/api/google_ad/{id} - Retrieve GoogleAd By ID","","GET /unified_commercial_logic/internal_api/api/google_ad/{id} - Retrieve GoogleAd By ID",""
"passed","Tue Aug 04 03:50:20 UTC 2026","Tue Aug 04 03:50:21 UTC 2026","528","Arise","Functional","","","getAllElementsByUrlTest","getAllElementsByUrlTest",""
"passed","Tue Aug 04 03:51:26 UTC 2026","Tue Aug 04 03:51:26 UTC 2026","189","4. Team CRM |CRM Staging","Endpoints Tests","(root)","get responsible user","","get responsible user",""
"passed","Tue Aug 04 03:51:03 UTC 2026","Tue Aug 04 03:51:03 UTC 2026","19","1.1 Team Hummingbird - BFF | WLW app","Technical Tests","login-controller","POST /public_api/auth/changePassword [NEG] Missing Auth/API-Key","","POST /public_api/auth/changePassword [NEG] Missing Auth/API-Key",""
"passed","Tue Aug 04 03:50:46 UTC 2026","Tue Aug 04 03:50:46 UTC 2026","36","1.1 Team Hummingbird - BFF | WLW app","Technical Tests","ai-company-search-controller","POST /public_api/search/ai/supplier/pv-match [NEG] Forbidden Role Token","","POST /public_api/search/ai/supplier/pv-match [NEG] Forbidden Role Token",""
"passed","Tue Aug 04 03:51:14 UTC 2026","Tue Aug 04 03:51:14 UTC 2026","26","1.1 Team Hummingbird - BFF | WLW app","Technical Tests","search-controller","GET /public_api/products/recommendations [SEC] Injection Probe","","GET /public_api/products/recommendations [SEC] Injection Probe",""
"passed","Tue Aug 04 03:49:55 UTC 2026","Tue Aug 04 03:49:55 UTC 2026","50","1 Team Hummingbird - BFF | EP app","Endpoint tests","User settings","user setting","","user setting",""
"passed","Tue Aug 04 03:49:49 UTC 2026","Tue Aug 04 03:49:49 UTC 2026","28","Bamboo","Technical","","","searchCategoryByNameTest","searchCategoryByName",""
"passed","Tue Aug 04 03:50:59 UTC 2026","Tue Aug 04 03:50:59 UTC 2026","30","1.1 Team Hummingbird - BFF | WLW app","Technical Tests","feedback-controller","POST /v1/feedback [NEG] Expired Token","","POST /v1/feedback [NEG] Expired Token",""
"passed","Tue Aug 04 03:50:45 UTC 2026","Tue Aug 04 03:50:45 UTC 2026","33","1.1 Team Hummingbird - BFF | WLW app","Technical Tests","ai-company-search-controller","POST /public_api/search/ai/supplier/recall [NEG] Expired Token","","POST /public_api/search/ai/supplier/recall [NEG] Expired Token",""
"failed","Tue Aug 04 03:51:05 UTC 2026","Tue Aug 04 03:51:05 UTC 2026","14","1.1 Team Hummingbird - BFF | WLW app","Technical Tests","product-controller","GET /public_api/companies/{supplierPublicId}/products [NEG] Forbidden Role Token","","GET /public_api/companies/{supplierPublicId}/products [NEG] Forbidden Role Token",""
"broken","Tue Aug 04 03:55:57 UTC 2026","Tue Aug 04 03:56:17 UTC 2026","20584","Dolphin","Technical","","","recallPageSizeZeroNormalizedTest","AI Search recall: pageSize=0 normalized to default",""
"skipped","Tue Aug 04 03:51:03 UTC 2026","Tue Aug 04 03:51:03 UTC 2026","0","7. Team Pegasus | Pegasus Staging","Business Scenarios Tests","Business Insights","Dashboard smoke flow","","Activity",""
"failed","Tue Aug 04 03:49:36 UTC 2026","Tue Aug 04 03:49:36 UTC 2026","6","2 Team Dragon - BFF | RFQ Backend","Functional Tests","(root)","GET /v1/rfqs/attachments/{attachmentId} - Download","","GET /v1/rfqs/attachments/{attachmentId} - Download",""
"passed","Tue Aug 04 03:51:28 UTC 2026","Tue Aug 04 03:51:28 UTC 2026","105","4. Team CRM |CRM Staging","Endpoints Tests","(root)","Update Website Leads Fields with sf_id","","Update Website Leads Fields with sf_id",""
"passed","Tue Aug 04 03:51:15 UTC 2026","Tue Aug 04 03:51:15 UTC 2026","28","1.1 Team Hummingbird - BFF | WLW app","Technical Tests","search-term-controller","PUT /public_api/search/notification-opened [NEG] Forbidden Role Token","","PUT /public_api/search/notification-opened [NEG] Forbidden Role Token",""
"failed","Tue Aug 04 03:51:04 UTC 2026","Tue Aug 04 03:51:04 UTC 2026","11","1.1 Team Hummingbird - BFF | WLW app","Technical Tests","product-controller","GET /public_api/products [NEG] Expired Token","","GET /public_api/products [NEG] Expired Token",""
"passed","Tue Aug 04 03:50:58 UTC 2026","Tue Aug 04 03:50:58 UTC 2026","62","1.1 Team Hummingbird - BFF | WLW app","Technical Tests","euro-pages-controller","DELETE /public_api/euro-pages/auth/delete [NEG] Missing Auth/API-Key","","DELETE /public_api/euro-pages/auth/delete [NEG] Missing Auth/API-Key",""
"passed","Tue Aug 04 03:50:42 UTC 2026","Tue Aug 04 03:50:42 UTC 2026","72","1.1 Team Hummingbird - BFF | WLW app","Endpoint tests","Search","search track","","search track",""
"skipped","Tue Aug 04 03:56:23 UTC 2026","Tue Aug 04 03:56:23 UTC 2026","0","3 Team Techno - UCL","Technical Tests","TopRanking","GET /unified_commercial_logic/internal_api/api/top_ranking_v1 - Retrieve TopRankingV1 List","","GET /unified_commercial_logic/internal_api/api/top_ranking_v1 - Retrieve TopRankingV1 List",""
"passed","Tue Aug 04 03:51:02 UTC 2026","Tue Aug 04 03:51:02 UTC 2026","16","1.1 Team Hummingbird - BFF | WLW app","Technical Tests","login-controller","POST /public_api/auth/password/login [NEG] Missing Auth/API-Key","","POST /public_api/auth/password/login [NEG] Missing Auth/API-Key",""
"passed","Tue Aug 04 03:51:00 UTC 2026","Tue Aug 04 03:51:00 UTC 2026","34","1.1 Team Hummingbird - BFF | WLW app","Technical Tests","help-and-support-controller","POST /help","","POST /help",""
"passed","Tue Aug 04 03:50:20 UTC 2026","Tue Aug 04 03:50:21 UTC 2026","528","Arise","Technical","","","getAllElementsByUrlTest","getAllElementsByUrlTest",""
"passed","Tue Aug 04 03:51:18 UTC 2026","Tue Aug 04 03:51:18 UTC 2026","13","1.1 Team Hummingbird - BFF | WLW app","Technical Tests","trending-products-controller","GET /public_api/trending/notifications [NEG] Missing Auth/API-Key","","GET /public_api/trending/notifications [NEG] Missing Auth/API-Key",""
"skipped","Tue Aug 04 03:51:03 UTC 2026","Tue Aug 04 03:51:03 UTC 2026","0","7. Team Pegasus | Pegasus Staging","Endpoints Tests","Visitors","Java (statistics-app)","","Filter types",""
"skipped","Tue Aug 04 03:51:03 UTC 2026","Tue Aug 04 03:51:03 UTC 2026","0","7. Team Pegasus | Pegasus Staging","Endpoints Tests","Membership Management (PGS-861)","POST /companies — create with UTM (PGS-861)","","POST /companies — create with UTM (PGS-861)",""
"passed","Tue Aug 04 03:51:16 UTC 2026","Tue Aug 04 03:51:16 UTC 2026","14","1.1 Team Hummingbird - BFF | WLW app","Technical Tests","supplier-visitors-controller","GET /public_api/suppliers/{supplier_id}/visits/{id} [NEG] Missing Auth/API-Key","","GET /public_api/suppliers/{supplier_id}/visits/{id} [NEG] Missing Auth/API-Key",""
"passed","Tue Aug 04 03:51:06 UTC 2026","Tue Aug 04 03:51:06 UTC 2026","29","1.1 Team Hummingbird - BFF | WLW app","Technical Tests","purchaser-support-controller","GET /support-faq [SEC] Injection Probe","","GET /support-faq [SEC] Injection Probe",""
"passed","Tue Aug 04 03:51:28 UTC 2026","Tue Aug 04 03:51:28 UTC 2026","105","4. Team CRM |CRM Staging","Endpoints Tests","(root)","Update Website Leads Fields with sf_id","","Update Website Leads Fields with sf_id",""
"skipped","Tue Aug 04 03:51:17 UTC 2026","Tue Aug 04 03:51:17 UTC 2026","0","4. Team CRM |CRM Staging","Endpoints Tests","Activities","(empty)","","Endpoints Tests / Activities - empty",""
"failed","Tue Aug 04 03:51:14 UTC 2026","Tue Aug 04 03:51:14 UTC 2026","12","1.1 Team Hummingbird - BFF | WLW app","Technical Tests","search-controller","GET /public_api/products/recommendations [NEG] Forbidden Role Token","","GET /public_api/products/recommendations [NEG] Forbidden Role Token",""
"failed","Tue Aug 04 03:51:04 UTC 2026","Tue Aug 04 03:51:04 UTC 2026","14","1.1 Team Hummingbird - BFF | WLW app","Technical Tests","product-controller","GET /public_api/products [NEG] Missing Auth/API-Key","","GET /public_api/products [NEG] Missing Auth/API-Key",""
"passed","Tue Aug 04 03:51:10 UTC 2026","Tue Aug 04 03:51:10 UTC 2026","33","1.1 Team Hummingbird - BFF | WLW app","Technical Tests","rfq-marketing-controller","POST /public_api/rfq-marketing/trigger [NEG] Forbidden Role Token","","POST /public_api/rfq-marketing/trigger [NEG] Forbidden Role Token",""
"failed","Tue Aug 04 03:51:08 UTC 2026","Tue Aug 04 03:51:08 UTC 2026","9","1.1 Team Hummingbird - BFF | WLW app","Technical Tests","push-notification-by-email-controller","GET /v1/pushNotification [NEG] Expired Token","","GET /v1/pushNotification [NEG] Expired Token",""
"failed","Tue Aug 04 03:50:49 UTC 2026","Tue Aug 04 03:50:49 UTC 2026","15","1.1 Team Hummingbird - BFF | WLW app","Technical Tests","company-controller","GET /public_api/suppliers/{companyID}/listings [NEG] Missing Auth/API-Key","","GET /public_api/suppliers/{companyID}/listings [NEG] Missing Auth/API-Key",""
"failed","Tue Aug 04 03:51:11 UTC 2026","Tue Aug 04 03:51:11 UTC 2026","13","1.1 Team Hummingbird - BFF | WLW app","Technical Tests","search-controller","GET /public_api/search [NEG] Forbidden Role Token","","GET /public_api/search [NEG] Forbidden Role Token",""
"passed","Tue Aug 04 04:01:02 UTC 2026","Tue Aug 04 04:01:02 UTC 2026","164","Dolphin","Technical","","","EPHomepageProductRecommendTest","homepage product recommend -- ep",""
"passed","Tue Aug 04 03:49:36 UTC 2026","Tue Aug 04 03:49:36 UTC 2026","6","2 Team Dragon - BFF | RFQ Backend","Technical Tests","(root)","GET /v1/rfqs/{rfqId} - Details (Schema + Auth Orchestration)","","GET /v1/rfqs/{rfqId} - Details (Schema + Auth Orchestration)",""
"failed","Tue Aug 04 03:50:54 UTC 2026","Tue Aug 04 03:50:54 UTC 2026","12","1.1 Team Hummingbird - BFF | WLW app","Technical Tests","conversation-controller","GET /public_api/conversation/userConversations [NEG] Missing Auth/API-Key","","GET /public_api/conversation/userConversations [NEG] Missing Auth/API-Key",""
"skipped","Tue Aug 04 03:56:23 UTC 2026","Tue Aug 04 03:56:23 UTC 2026","0","3 Team Techno - UCL","Functional Tests","Endpoint Tests","SponsoredBrand","","get SPB by id",""
"passed","Tue Aug 04 03:51:14 UTC 2026","Tue Aug 04 03:51:14 UTC 2026","31","1.1 Team Hummingbird - BFF | WLW app","Technical Tests","search-term-controller","PUT /public_api/search/notification-opened","","PUT /public_api/search/notification-opened",""
"passed","Tue Aug 04 03:50:01 UTC 2026","Tue Aug 04 03:50:01 UTC 2026","757","1 Team Hummingbird - BFF | EP app","Endpoint tests","Conversations","decline QDR","","decline QDR",""
"passed","Tue Aug 04 03:49:57 UTC 2026","Tue Aug 04 03:49:57 UTC 2026","87","1 Team Hummingbird - BFF | EP app","Endpoint tests","Search","search autoComplete EN","","search autoComplete EN",""
"passed","Tue Aug 04 03:50:44 UTC 2026","Tue Aug 04 03:50:44 UTC 2026","69","1.1 Team Hummingbird - BFF | WLW app","Endpoint tests","Conversations","mark as read","","mark as read",""
"failed","Tue Aug 04 03:50:55 UTC 2026","Tue Aug 04 03:50:55 UTC 2026","14","1.1 Team Hummingbird - BFF | WLW app","Technical Tests","conversation-controller","GET /public_api/conversation/userConversations/{userId}/unreadCount/ [NEG] Missing Auth/API-Key","","GET /public_api/conversation/userConversations/{userId}/unreadCount/ [NEG] Missing Auth/API-Key",""
"broken","Tue Aug 04 03:59:38 UTC 2026","Tue Aug 04 03:59:58 UTC 2026","20020","Dolphin","Functional","","","termRecommendTest","AI Search term recommend API",""
"broken","Tue Aug 04 03:56:57 UTC 2026","Tue Aug 04 03:57:17 UTC 2026","20018","Dolphin","Technical","","","recallSecondPageTest","AI Search recall: pagination page 2",""
"failed","Tue Aug 04 03:50:47 UTC 2026","Tue Aug 04 03:50:47 UTC 2026","10","1.1 Team Hummingbird - BFF | WLW app","Technical Tests","ai-company-search-controller","GET /public_api/search/ai/company/stream/mock [NEG] Forbidden Role Token","","GET /public_api/search/ai/company/stream/mock [NEG] Forbidden Role Token",""
"passed","Tue Aug 04 03:51:24 UTC 2026","Tue Aug 04 03:51:24 UTC 2026","0","4. Team CRM |CRM Staging","Business Scenarios Tests","Contacts","Smoke test for Create Contact & Verify HubSpot Sync","","Smoke test for Create Contact & Verify HubSpot Sync",""
"skipped","Tue Aug 04 03:56:23 UTC 2026","Tue Aug 04 03:56:23 UTC 2026","0","3 Team Techno - UCL","Technical Tests","Organization","GET /unified_commercial_logic/internal_api/api/organization/ - Retrieve Organization List","","GET /unified_commercial_logic/internal_api/api/organization/ - Retrieve Organization List",""
"skipped","Tue Aug 04 03:56:23 UTC 2026","Tue Aug 04 03:56:23 UTC 2026","0","3 Team Techno - UCL","Technical Tests","SponsoredBrand","GET /unified_commercial_logic/internal_api/api/sponsored_brand_v1 - Retrieve SponsoredBrandV1 List","","GET /unified_commercial_logic/internal_api/api/sponsored_brand_v1 - Retrieve SponsoredBrandV1 List",""
"passed","Tue Aug 04 03:51:21 UTC 2026","Tue Aug 04 03:51:21 UTC 2026","233","4. Team CRM |CRM Staging","Business Scenarios Tests","Feedback","Trigger Feedback","","Trigger Feedback",""
"passed","Tue Aug 04 03:51:17 UTC 2026","Tue Aug 04 03:51:20 UTC 2026","2497","4. Team CRM |CRM Staging","Business Scenarios Tests","Contacts","Create Contact","","Create Contact",""
"failed","Tue Aug 04 03:50:47 UTC 2026","Tue Aug 04 03:50:47 UTC 2026","10","1.1 Team Hummingbird - BFF | WLW app","Technical Tests","ai-company-search-controller","GET /public_api/search/ai/company/stream/mock [NEG] Missing Auth/API-Key","","GET /public_api/search/ai/company/stream/mock [NEG] Missing Auth/API-Key",""
"skipped","Tue Aug 04 03:51:03 UTC 2026","Tue Aug 04 03:51:03 UTC 2026","0","7. Team Pegasus | Pegasus Staging","Endpoints Tests","User & Company Context","User Profile Storage by uuid","","User Profile Storage by uuid",""
"passed","Tue Aug 04 03:51:28 UTC 2026","Tue Aug 04 03:51:28 UTC 2026","110","4. Team CRM |CRM Staging","Endpoints Tests","(root)","Update WLW Connect Counters with id","","Update WLW Connect Counters with id",""
"passed","Tue Aug 04 04:01:02 UTC 2026","Tue Aug 04 04:01:02 UTC 2026","119","Dolphin","Functional","","","EPPCppProductRecommendTest","recommend products in CPP -- ep",""
"passed","Tue Aug 04 03:51:02 UTC 2026","Tue Aug 04 03:51:02 UTC 2026","29","1.1 Team Hummingbird - BFF | WLW app","Technical Tests","login-controller","POST /public_api/auth/registration","","POST /public_api/auth/registration",""
"skipped","Tue Aug 04 03:56:23 UTC 2026","Tue Aug 04 03:56:23 UTC 2026","0","3 Team Techno - UCL","Functional Tests","Endpoint Tests","membership","","get all active membership for uuid platform specific",""
"failed","Tue Aug 04 03:50:55 UTC 2026","Tue Aug 04 03:50:55 UTC 2026","13","1.1 Team Hummingbird - BFF | WLW app","Technical Tests","conversation-controller","GET /public_api/conversation/userConversations/{conversationId}","","GET /public_api/conversation/userConversations/{conversationId}",""
"passed","Tue Aug 04 03:49:55 UTC 2026","Tue Aug 04 03:49:55 UTC 2026","16","1 Team Hummingbird - BFF | EP app","Endpoint tests","Support","Supportmasterdata_EN","","Supportmasterdata_EN",""
"skipped","Tue Aug 04 03:51:03 UTC 2026","Tue Aug 04 03:51:03 UTC 2026","0","7. Team Pegasus | Pegasus Staging","Endpoints Tests","Business Insights","User Activity","","User Activity",""
"passed","Tue Aug 04 03:51:09 UTC 2026","Tue Aug 04 03:51:09 UTC 2026","20","1.1 Team Hummingbird - BFF | WLW app","Technical Tests","rfq-controller","POST /public_api/connect/purchaser/tenders [NEG] Missing Auth/API-Key","","POST /public_api/connect/purchaser/tenders [NEG] Missing Auth/API-Key",""
"passed","Tue Aug 04 03:51:25 UTC 2026","Tue Aug 04 03:51:25 UTC 2026","299","4. Team CRM |CRM Staging","Business Scenarios Tests","Platform Profile","Update Platform Profile","","Update Platform Profile",""
"skipped","Tue Aug 04 03:51:03 UTC 2026","Tue Aug 04 03:51:03 UTC 2026","0","7. Team Pegasus | Pegasus Staging","Endpoints Tests","Supplier Facts (CPP)","Supplier Facts","","Supplier Facts",""
"passed","Tue Aug 04 03:50:38 UTC 2026","Tue Aug 04 03:50:38 UTC 2026","20","1.1 Team Hummingbird - BFF | WLW app","Endpoint tests","Support","Support FAQ_EN","","Support FAQ_EN",""
"skipped","Tue Aug 04 03:56:23 UTC 2026","Tue Aug 04 03:56:23 UTC 2026","0","3 Team Techno - UCL","Technical Tests","Retargeting","GET /unified_commercial_logic/internal_api/api/retargeting - Retrieve Retargeting List","","GET /unified_commercial_logic/internal_api/api/retargeting - Retrieve Retargeting List",""
"failed","Tue Aug 04 03:51:04 UTC 2026","Tue Aug 04 03:51:04 UTC 2026","9","1.1 Team Hummingbird - BFF | WLW app","Technical Tests","product-controller","GET /public_api/products","","GET /public_api/products",""
"passed","Tue Aug 04 03:49:57 UTC 2026","Tue Aug 04 03:49:57 UTC 2026","179","1 Team Hummingbird - BFF | EP app","Endpoint tests","Company","branchIO dynamic link, share PDP","","branchIO dynamic link, share PDP",""
"passed","Tue Aug 04 03:49:55 UTC 2026","Tue Aug 04 03:49:55 UTC 2026","16","1 Team Hummingbird - BFF | EP app","Endpoint tests","Support","Support FAQ_EN","","Support FAQ_EN",""
"skipped","Tue Aug 04 03:51:03 UTC 2026","Tue Aug 04 03:51:03 UTC 2026","0","7. Team Pegasus | Pegasus Staging","Endpoints Tests","Business Insights","Sister platform","","Sister platform",""
"passed","Tue Aug 04 03:49:36 UTC 2026","Tue Aug 04 03:49:36 UTC 2026","6","2 Team Dragon - BFF | RFQ Backend","Technical Tests","(root)","GET /v1/rfqs/{rfqId} - Details (Schema + Auth Orchestration)","","GET /v1/rfqs/{rfqId} - Details (Schema + Auth Orchestration)",""
"passed","Tue Aug 04 03:51:10 UTC 2026","Tue Aug 04 03:51:10 UTC 2026","32","1.1 Team Hummingbird - BFF | WLW app","Technical Tests","rfq-controller","POST /public_api/connect/purchaser/tenders/ [NEG] Forbidden Role Token","","POST /public_api/connect/purchaser/tenders/ [NEG] Forbidden Role Token",""
"failed","Tue Aug 04 03:51:10 UTC 2026","Tue Aug 04 03:51:10 UTC 2026","13","1.1 Team Hummingbird - BFF | WLW app","Technical Tests","search-controller","GET /public_api/suppliers/recommendations [NEG] Missing Auth/API-Key","","GET /public_api/suppliers/recommendations [NEG] Missing Auth/API-Key",""
"passed","Tue Aug 04 04:01:04 UTC 2026","Tue Aug 04 04:01:04 UTC 2026","76","Dolphin","Functional","","","zeroResultProductRecommendTest","Recommend products in 0 result search list page v1 -- wlw",""
"passed","Tue Aug 04 03:51:10 UTC 2026","Tue Aug 04 03:51:10 UTC 2026","29","1.1 Team Hummingbird - BFF | WLW app","Technical Tests","rfq-marketing-controller","POST /public_api/rfq-marketing/trigger [NEG] Expired Token","","POST /public_api/rfq-marketing/trigger [NEG] Expired Token",""
"passed","Tue Aug 04 03:49:58 UTC 2026","Tue Aug 04 03:49:59 UTC 2026","832","1 Team Hummingbird - BFF | EP app","Endpoint tests","Search","Product Search FR","","Product Search FR",""
"failed","Tue Aug 04 03:49:58 UTC 2026","Tue Aug 04 03:49:58 UTC 2026","122","1 Team Hummingbird - BFF | EP app","Endpoint tests","Homepage, products","trending products","","trending products",""
"passed","Tue Aug 04 03:51:22 UTC 2026","Tue Aug 04 03:51:22 UTC 2026","132","4. Team CRM |CRM Staging","Business Scenarios Tests","Lead","Lead-duplicateCheck - with dulicates","","Lead-duplicateCheck - with dulicates",""
"skipped","Tue Aug 04 03:51:03 UTC 2026","Tue Aug 04 03:51:03 UTC 2026","0","7. Team Pegasus | Pegasus Staging","Business Scenarios Tests","Visitors","Statistics visitor drill-down","","Countries",""
"failed","Tue Aug 04 03:50:57 UTC 2026","Tue Aug 04 03:50:57 UTC 2026","13","1.1 Team Hummingbird - BFF | WLW app","Technical Tests","conversation-controller","GET /public_api/conversation/userConversations/{conversationId}/file/ [SEC] Injection Probe","","GET /public_api/conversation/userConversations/{conversationId}/file/ [SEC] Injection Probe",""
"passed","Tue Aug 04 03:50:57 UTC 2026","Tue Aug 04 03:50:57 UTC 2026","27","1.1 Team Hummingbird - BFF | WLW app","Technical Tests","currency-exchange-controller","GET /exchange/fetch-rates","","GET /exchange/fetch-rates",""
"passed","Tue Aug 04 03:50:50 UTC 2026","Tue Aug 04 03:50:50 UTC 2026","30","1.1 Team Hummingbird - BFF | WLW app","Technical Tests","contact-form-controller","POST /public_api/contact-form/messages [NEG] Expired Token","","POST /public_api/contact-form/messages [NEG] Expired Token",""
"failed","Tue Aug 04 03:51:11 UTC 2026","Tue Aug 04 03:51:11 UTC 2026","11","1.1 Team Hummingbird - BFF | WLW app","Technical Tests","search-controller","GET /public_api/search/products [NEG] Missing Auth/API-Key","","GET /public_api/search/products [NEG] Missing Auth/API-Key",""
"failed","Tue Aug 04 03:50:43 UTC 2026","Tue Aug 04 03:50:43 UTC 2026","170","1.1 Team Hummingbird - BFF | WLW app","Endpoint tests","Conversations","user conversations to decline request","","user conversations to decline request",""
"passed","Tue Aug 04 03:49:56 UTC 2026","Tue Aug 04 03:49:56 UTC 2026","21","1 Team Hummingbird - BFF | EP app","Endpoint tests","Company","Suppliers listings","","Suppliers listings",""
"passed","Tue Aug 04 03:51:23 UTC 2026","Tue Aug 04 03:51:23 UTC 2026","107","4. Team CRM |CRM Staging","Business Scenarios Tests","Lead","Smoke test for Conversion","","Smoke test for Conversion",""
"passed","Tue Aug 04 03:51:22 UTC 2026","Tue Aug 04 03:51:22 UTC 2026","166","4. Team CRM |CRM Staging","Business Scenarios Tests","Disable Hubspot","Check hubspot is false","","Check hubspot is false",""
"skipped","Tue Aug 04 03:51:03 UTC 2026","Tue Aug 04 03:51:03 UTC 2026","0","7. Team Pegasus | Pegasus Staging","Endpoints Tests","Business Insights","Product search","","Product search",""
"passed","Tue Aug 04 03:51:11 UTC 2026","Tue Aug 04 03:51:11 UTC 2026","29","1.1 Team Hummingbird - BFF | WLW app","Technical Tests","search-controller","GET /public_api/search [SEC] Injection Probe","","GET /public_api/search [SEC] Injection Probe",""
"broken","Tue Aug 04 03:54:57 UTC 2026","Tue Aug 04 03:55:17 UTC 2026","20022","Dolphin","Technical","","","recallMissingRequestIdTest","AI Search recall: missing requestId still success",""
"passed","Tue Aug 04 03:51:03 UTC 2026","Tue Aug 04 03:51:03 UTC 2026","28","1.1 Team Hummingbird - BFF | WLW app","Technical Tests","login-controller","POST /public_api/auth/code/resend [NEG] Forbidden Role Token","","POST /public_api/auth/code/resend [NEG] Forbidden Role Token",""
"broken","Tue Aug 04 03:59:18 UTC 2026","Tue Aug 04 03:59:38 UTC 2026","20010","Dolphin","Functional","","","termRecommendNoMockTest","AI Search term recommend API without mock",""
"passed","Tue Aug 04 03:51:20 UTC 2026","Tue Aug 04 03:51:23 UTC 2026","3039","4. Team CRM |CRM Staging","Business Scenarios Tests","Account","Contact for Account","","Contact for Account",""
"failed","Tue Aug 04 03:51:19 UTC 2026","Tue Aug 04 03:51:19 UTC 2026","431","4. Team CRM |CRM Staging","Business Scenarios Tests","Account","Verify HubSpot Sync","","Verify HubSpot Sync",""
"skipped","Tue Aug 04 03:56:23 UTC 2026","Tue Aug 04 03:56:23 UTC 2026","0","3 Team Techno - UCL","Functional Tests","Endpoint Tests","GoogleAd","","get active googleAd for the given uuid",""
"passed","Tue Aug 04 03:51:00 UTC 2026","Tue Aug 04 03:51:00 UTC 2026","29","1.1 Team Hummingbird - BFF | WLW app","Technical Tests","help-and-support-controller","POST /help [NEG] Expired Token","","POST /help [NEG] Expired Token",""
"passed","Tue Aug 04 03:50:52 UTC 2026","Tue Aug 04 03:50:52 UTC 2026","28","1.1 Team Hummingbird - BFF | WLW app","Technical Tests","conversation-controller","POST /public_api/conversation/userConversations/{conversationId}/messages","","POST /public_api/conversation/userConversations/{conversationId}/messages",""
"passed","Tue Aug 04 03:50:46 UTC 2026","Tue Aug 04 03:50:46 UTC 2026","17","1.1 Team Hummingbird - BFF | WLW app","Technical Tests","ai-company-search-controller","POST /public_api/search/ai/supplier/pv-match [NEG] Missing Auth/API-Key","","POST /public_api/search/ai/supplier/pv-match [NEG] Missing Auth/API-Key",""
"passed","Tue Aug 04 03:51:18 UTC 2026","Tue Aug 04 03:51:18 UTC 2026","17","1.1 Team Hummingbird - BFF | WLW app","Technical Tests","user-controller","GET /public_api/user/userInfo [NEG] Missing Auth/API-Key","","GET /public_api/user/userInfo [NEG] Missing Auth/API-Key",""
"passed","Tue Aug 04 03:51:22 UTC 2026","Tue Aug 04 03:51:22 UTC 2026","440","4. Team CRM |CRM Staging","Business Scenarios Tests","Disable Hubspot","Change Hubspot to false","","Change Hubspot to false",""
"passed","Tue Aug 04 03:51:02 UTC 2026","Tue Aug 04 03:51:03 UTC 2026","32","1.1 Team Hummingbird - BFF | WLW app","Technical Tests","login-controller","POST /public_api/auth/password/login [NEG] Forbidden Role Token","","POST /public_api/auth/password/login [NEG] Forbidden Role Token",""
"failed","Tue Aug 04 03:49:59 UTC 2026","Tue Aug 04 03:50:00 UTC 2026","238","1 Team Hummingbird - BFF | EP app","Endpoint tests","Contact request","Product request","","Product request",""
"passed","Tue Aug 04 03:49:59 UTC 2026","Tue Aug 04 03:49:59 UTC 2026","25","1 Team Hummingbird - BFF | EP app","Endpoint tests","Homepage, products","preferred categories","","preferred categories",""
"skipped","Tue Aug 04 03:51:03 UTC 2026","Tue Aug 04 03:51:03 UTC 2026","0","7. Team Pegasus | Pegasus Staging","Endpoints Tests","Supplier Registration","EP","","vat/check - Validate VAT number",""
"passed","Tue Aug 04 03:49:37 UTC 2026","Tue Aug 04 03:49:38 UTC 2026","42","2 Team Dragon - BFF | RFQ Backend","Business Scenario Tests","(root)","RFQ_details","","RFQ_details",""
"passed","Tue Aug 04 03:50:00 UTC 2026","Tue Aug 04 03:50:01 UTC 2026","89","1 Team Hummingbird - BFF | EP app","Endpoint tests","Conversations","unread count","","unread count",""
"broken","Tue Aug 04 03:52:16 UTC 2026","Tue Aug 04 03:52:36 UTC 2026","20032","Dolphin","Technical","","","pvMatchEmptyCompanyListTest","AI Search PV match: empty companyList → business failure",""
"broken","Tue Aug 04 03:57:17 UTC 2026","Tue Aug 04 03:57:37 UTC 2026","20016","Dolphin","Technical","","","recallSingleFilterTest","AI Search recall: single filter (verified=true)",""
"passed","Tue Aug 04 03:49:57 UTC 2026","Tue Aug 04 03:49:57 UTC 2026","260","1 Team Hummingbird - BFF | EP app","Endpoint tests","Company","Companies / products EN","","Companies / products EN",""
"skipped","Tue Aug 04 03:51:03 UTC 2026","Tue Aug 04 03:51:03 UTC 2026","0","7. Team Pegasus | Pegasus Staging","Spike | Profiles link user to company","(root)","02 POST — Create company (Supplier Facts)","","02 POST — Create company (Supplier Facts)",""
"passed","Tue Aug 04 03:51:04 UTC 2026","Tue Aug 04 03:51:04 UTC 2026","31","1.1 Team Hummingbird - BFF | WLW app","Technical Tests","login-controller","DELETE /public_api/auth/sso/logout [NEG] Missing Auth/API-Key","","DELETE /public_api/auth/sso/logout [NEG] Missing Auth/API-Key",""
"passed","Tue Aug 04 03:49:54 UTC 2026","Tue Aug 04 03:49:54 UTC 2026","665","1 Team Hummingbird - BFF | EP app","Endpoint tests","Login","native email login","","native email login",""
"passed","Tue Aug 04 03:51:18 UTC 2026","Tue Aug 04 03:51:18 UTC 2026","331","4. Team CRM |CRM Staging","Business Scenarios Tests","Contacts","Edit Contact","","Edit Contact",""
"passed","Tue Aug 04 03:50:42 UTC 2026","Tue Aug 04 03:50:42 UTC 2026","24","1.1 Team Hummingbird - BFF | WLW app","Endpoint tests","Homepage, products","preferred categories","","preferred categories",""
"passed","Tue Aug 04 03:51:13 UTC 2026","Tue Aug 04 03:51:13 UTC 2026","18","1.1 Team Hummingbird - BFF | WLW app","Technical Tests","search-controller","GET /public_api/search/ai/tabChange [NEG] Missing Auth/API-Key","","GET /public_api/search/ai/tabChange [NEG] Missing Auth/API-Key",""
"passed","Tue Aug 04 03:51:04 UTC 2026","Tue Aug 04 03:51:04 UTC 2026","27","1.1 Team Hummingbird - BFF | WLW app","Technical Tests","login-controller","POST /public_api/auth/changePassword [NEG] Expired Token","","POST /public_api/auth/changePassword [NEG] Expired Token",""
"passed","Tue Aug 04 03:51:18 UTC 2026","Tue Aug 04 03:51:19 UTC 2026","654","4. Team CRM |CRM Staging","Business Scenarios Tests","Account","Dunning level 1","","Dunning level 1",""
"passed","Tue Aug 04 03:50:37 UTC 2026","Tue Aug 04 03:50:38 UTC 2026","131","1.1 Team Hummingbird - BFF | WLW app","Endpoint tests","Login","user Info","","user Info",""
"passed","Tue Aug 04 03:51:20 UTC 2026","Tue Aug 04 03:51:21 UTC 2026","186","4. Team CRM |CRM Staging","Business Scenarios Tests","Account","Smoke test : Account + Contact + SAP","","Smoke test : Account + Contact + SAP",""
"passed","Tue Aug 04 03:50:37 UTC 2026","Tue Aug 04 03:50:38 UTC 2026","85","1.1 Team Hummingbird - BFF | WLW app","Endpoint tests","Login","forgot password","","forgot password",""
"failed","Tue Aug 04 03:50:47 UTC 2026","Tue Aug 04 03:50:47 UTC 2026","12","1.1 Team Hummingbird - BFF | WLW app","Technical Tests","categories-controller","GET /preferred/categories","","GET /preferred/categories",""
"passed","Tue Aug 04 03:49:57 UTC 2026","Tue Aug 04 03:49:57 UTC 2026","62","1 Team Hummingbird - BFF | EP app","Endpoint tests","Search","search autoComplete DE","","search autoComplete DE",""
"passed","Tue Aug 04 03:50:39 UTC 2026","Tue Aug 04 03:50:39 UTC 2026","22","1.1 Team Hummingbird - BFF | WLW app","Endpoint tests","Support","Supportmasterdata_EN","","Supportmasterdata_EN",""
"skipped","Tue Aug 04 03:56:23 UTC 2026","Tue Aug 04 03:56:23 UTC 2026","0","3 Team Techno - UCL","Technical Tests","Retargeting","GET /unified_commercial_logic/internal_api/api/retargeting/{id} - Retrieve Retargeting By ID","","GET /unified_commercial_logic/internal_api/api/retargeting/{id} - Retrieve Retargeting By ID",""
"passed","Tue Aug 04 03:51:16 UTC 2026","Tue Aug 04 03:51:16 UTC 2026","33","1.1 Team Hummingbird - BFF | WLW app","Technical Tests","supplier-visitors-controller","GET /public_api/suppliers/{supplier_id}/visits/{id} [NEG] Forbidden Role Token","","GET /public_api/suppliers/{supplier_id}/visits/{id} [NEG] Forbidden Role Token",""
"skipped","Tue Aug 04 03:56:23 UTC 2026","Tue Aug 04 03:56:23 UTC 2026","0","3 Team Techno - UCL","Technical Tests","TopRanking","GET /unified_commercial_logic/internal_api/api/top_ranking_v1/{id} - Retrieve TopRankingV1 By ID","","GET /unified_commercial_logic/internal_api/api/top_ranking_v1/{id} - Retrieve TopRankingV1 By ID",""
"broken","Tue Aug 04 03:51:56 UTC 2026","Tue Aug 04 03:52:16 UTC 2026","20024","Dolphin","Technical","","","inferenceTest","AI Search inference API (SSE stream)",""
"skipped","Tue Aug 04 03:51:03 UTC 2026","Tue Aug 04 03:51:03 UTC 2026","0","7. Team Pegasus | Pegasus Staging","Endpoints Tests","Supplier Registration","One Platform — User Profile API","","Get Profile by ID",""
"skipped","Tue Aug 04 03:51:03 UTC 2026","Tue Aug 04 03:51:03 UTC 2026","0","7. Team Pegasus | Pegasus Staging","Spike | Profiles link user to company","(root)","09 MANUAL — my-account supplier page (browser)","","09 MANUAL — my-account supplier page (browser)",""
"failed","Tue Aug 04 03:51:23 UTC 2026","Tue Aug 04 03:51:24 UTC 2026","140","4. Team CRM |CRM Staging","Business Scenarios Tests","Lead","Get a Lead","","Get a Lead",""
"skipped","Tue Aug 04 03:51:03 UTC 2026","Tue Aug 04 03:51:03 UTC 2026","0","7. Team Pegasus | Pegasus Staging","Endpoints Tests","Shop Import & Onboarding Backend","/offers/suggestCategory","","/offers/suggestCategory",""
"skipped","Tue Aug 04 03:56:23 UTC 2026","Tue Aug 04 03:56:23 UTC 2026","0","3 Team Techno - UCL","Functional Tests","Endpoint Tests","WebsiteLead","","get all active on wlw for given existing uuid",""
"failed","Tue Aug 04 03:50:44 UTC 2026","Tue Aug 04 03:50:44 UTC 2026","23","1.1 Team Hummingbird - BFF | WLW app","Endpoint tests","Conversations","dynamic link conversation","","dynamic link conversation",""
"passed","Tue Aug 04 03:50:59 UTC 2026","Tue Aug 04 03:50:59 UTC 2026","33","1.1 Team Hummingbird - BFF | WLW app","Technical Tests","feedback-controller","GET /feedback/subject","","GET /feedback/subject",""
"passed","Tue Aug 04 03:50:58 UTC 2026","Tue Aug 04 03:50:58 UTC 2026","30","1.1 Team Hummingbird - BFF | WLW app","Technical Tests","dynamic-links-controller","POST /public_api/branchio/dynamiclink [NEG] Expired Token","","POST /public_api/branchio/dynamiclink [NEG] Expired Token",""
"broken","Tue Aug 04 03:55:37 UTC 2026","Tue Aug 04 03:55:57 UTC 2026","20023","Dolphin","Technical","","","recallPageSizeOverMaxTest","AI Search recall: pageSize over max capped",""
"passed","Tue Aug 04 03:51:17 UTC 2026","Tue Aug 04 03:51:17 UTC 2026","99","4. Team CRM |CRM Staging","Business Scenarios Tests","Tasks","Check Task","","Check Task",""
"passed","Tue Aug 04 03:51:25 UTC 2026","Tue Aug 04 03:51:26 UTC 2026","535","4. Team CRM |CRM Staging","Business Scenarios Tests","Meetings","Smoke Test for Meeting","","Smoke Test for Meeting",""
"failed","Tue Aug 04 03:51:15 UTC 2026","Tue Aug 04 03:51:15 UTC 2026","9","1.1 Team Hummingbird - BFF | WLW app","Technical Tests","search-term-controller","POST /public_api/search/track","","POST /public_api/search/track",""
"skipped","Tue Aug 04 03:51:03 UTC 2026","Tue Aug 04 03:51:03 UTC 2026","0","7. Team Pegasus | Pegasus Staging","Endpoints Tests","Visitors","Elixir (supplier-app)","","Visitors by uuid",""
"failed","Tue Aug 04 03:51:14 UTC 2026","Tue Aug 04 03:51:14 UTC 2026","10","1.1 Team Hummingbird - BFF | WLW app","Technical Tests","search-controller","GET /public_api/categories/recommendations [NEG] Forbidden Role Token","","GET /public_api/categories/recommendations [NEG] Forbidden Role Token",""
"skipped","Tue Aug 04 03:51:03 UTC 2026","Tue Aug 04 03:51:03 UTC 2026","0","7. Team Pegasus | Pegasus Staging","Spike | Profiles link user to company","(root)","07 GET — Verify profile after PATCH","","07 GET — Verify profile after PATCH",""
"passed","Tue Aug 04 03:51:05 UTC 2026","Tue Aug 04 03:51:05 UTC 2026","31","1.1 Team Hummingbird - BFF | WLW app","Technical Tests","product-controller","GET /public_api/products/{productId} [NEG] Forbidden Role Token","","GET /public_api/products/{productId} [NEG] Forbidden Role Token",""
"passed","Tue Aug 04 03:50:38 UTC 2026","Tue Aug 04 03:50:38 UTC 2026","479","1.1 Team Hummingbird - BFF | WLW app","Endpoint tests","Login","registration","","registration",""
"passed","Tue Aug 04 03:50:39 UTC 2026","Tue Aug 04 03:50:40 UTC 2026","190","1.1 Team Hummingbird - BFF | WLW app","Endpoint tests","Mobile_Feedback","post feedback","","post feedback",""
"passed","Tue Aug 04 03:50:41 UTC 2026","Tue Aug 04 03:50:42 UTC 2026","635","1.1 Team Hummingbird - BFF | WLW app","Endpoint tests","Search","Product Search FR","","Product Search FR",""
"passed","Tue Aug 04 03:51:18 UTC 2026","Tue Aug 04 03:51:18 UTC 2026","331","4. Team CRM |CRM Staging","Business Scenarios Tests","Contacts","Edit Contact","","Edit Contact",""
"passed","Tue Aug 04 03:50:38 UTC 2026","Tue Aug 04 03:50:38 UTC 2026","72","1.1 Team Hummingbird - BFF | WLW app","Endpoint tests","User settings","user setting","","user setting",""
"skipped","Tue Aug 04 03:51:03 UTC 2026","Tue Aug 04 03:51:03 UTC 2026","0","7. Team Pegasus | Pegasus Staging","Endpoints Tests","Shop Import & Onboarding Backend","offers/subCategories","","offers/subCategories",""
"passed","Tue Aug 04 03:51:27 UTC 2026","Tue Aug 04 03:51:28 UTC 2026","1156","4. Team CRM |CRM Staging","Endpoints Tests","(root)","trigger the Paid Media lead","","trigger the Paid Media lead",""
"passed","Tue Aug 04 04:00:53 UTC 2026","Tue Aug 04 04:00:55 UTC 2026","1722","Dolphin","Technical","","","productTextSearchPaidSupplierFilterTest","AI product text search recall: paid/verified supplier filter",""
"passed","Tue Aug 04 03:50:44 UTC 2026","Tue Aug 04 03:50:44 UTC 2026","83","1.1 Team Hummingbird - BFF | WLW app","Endpoint tests","Conversations","translate message","","translate message",""
"passed","Tue Aug 04 03:51:20 UTC 2026","Tue Aug 04 03:51:20 UTC 2026","186","4. Team CRM |CRM Staging","Business Scenarios Tests","Account","Smoke test : Account + Contact + SAP","","Smoke test : Account + Contact + SAP",""
"failed","Tue Aug 04 03:51:15 UTC 2026","Tue Aug 04 03:51:15 UTC 2026","10","1.1 Team Hummingbird - BFF | WLW app","Technical Tests","search-term-controller","POST /public_api/search/track [NEG] Expired Token","","POST /public_api/search/track [NEG] Expired Token",""
"passed","Tue Aug 04 03:50:57 UTC 2026","Tue Aug 04 03:50:57 UTC 2026","33","1.1 Team Hummingbird - BFF | WLW app","Technical Tests","dynamic-links-controller","POST /public_api/branchio/dynamiclink","","POST /public_api/branchio/dynamiclink",""
"passed","Tue Aug 04 04:00:53 UTC 2026","Tue Aug 04 04:00:55 UTC 2026","1722","Dolphin","Functional","","","productTextSearchPaidSupplierFilterTest","AI product text search recall: paid/verified supplier filter",""
"passed","Tue Aug 04 04:01:01 UTC 2026","Tue Aug 04 04:01:02 UTC 2026","1071","Dolphin","Technical","","","productTextSearchTopRankingScenarioTest","AI product text search recall: wlw-staging cnc top-ranking scenario",""
"passed","Tue Aug 04 03:51:17 UTC 2026","Tue Aug 04 03:51:17 UTC 2026","381","4. Team CRM |CRM Staging","Business Scenarios Tests","Tasks","Change  Assigned To","","Change  Assigned To",""
"passed","Tue Aug 04 03:50:40 UTC 2026","Tue Aug 04 03:50:40 UTC 2026","47","1.1 Team Hummingbird - BFF | WLW app","Endpoint tests","Company","Suppliers listings","","Suppliers listings",""
"skipped","Tue Aug 04 03:51:03 UTC 2026","Tue Aug 04 03:51:03 UTC 2026","0","7. Team Pegasus | Pegasus Staging","Spike | Profiles link user to company","(root)","06 PATCH — Link company to profile","","06 PATCH — Link company to profile",""
"failed","Tue Aug 04 03:51:12 UTC 2026","Tue Aug 04 03:51:12 UTC 2026","15","1.1 Team Hummingbird - BFF | WLW app","Technical Tests","search-controller","GET /public_api/search/ai/termRecommend [NEG] Missing Auth/API-Key","","GET /public_api/search/ai/termRecommend [NEG] Missing Auth/API-Key",""
"failed","Tue Aug 04 03:49:58 UTC 2026","Tue Aug 04 03:49:58 UTC 2026","72","1 Team Hummingbird - BFF | EP app","Endpoint tests","Search","search track","","search track",""
"skipped","Tue Aug 04 03:51:03 UTC 2026","Tue Aug 04 03:51:03 UTC 2026","0","7. Team Pegasus | Pegasus Staging","Business Scenarios Tests","Business Insights","Dashboard smoke flow","","Traffic",""
"passed","Tue Aug 04 03:49:37 UTC 2026","Tue Aug 04 03:49:37 UTC 2026","17","2 Team Dragon - BFF | RFQ Backend","Technical Tests","(root)","GET /v1/categories - CPV list (schema + contract)","","GET /v1/categories - CPV list (schema + contract)",""
"passed","Tue Aug 04 03:51:27 UTC 2026","Tue Aug 04 03:51:28 UTC 2026","1156","4. Team CRM |CRM Staging","Endpoints Tests","(root)","trigger the Paid Media lead","","trigger the Paid Media lead",""
"skipped","Tue Aug 04 03:51:03 UTC 2026","Tue Aug 04 03:51:03 UTC 2026","0","7. Team Pegasus | Pegasus Staging","Business Scenarios Tests","Business Insights","Dashboard smoke flow","","Activity by uuid",""
"passed","Tue Aug 04 03:51:09 UTC 2026","Tue Aug 04 03:51:09 UTC 2026","29","1.1 Team Hummingbird - BFF | WLW app","Technical Tests","rfq-controller","POST /public_api/connect/purchaser/tenders [NEG] Expired Token","","POST /public_api/connect/purchaser/tenders [NEG] Expired Token",""
"passed","Tue Aug 04 04:00:59 UTC 2026","Tue Aug 04 04:01:01 UTC 2026","1745","Dolphin","Technical","","","productTextSearchTest","AI product text search recall API",""
"passed","Tue Aug 04 03:51:21 UTC 2026","Tue Aug 04 03:51:22 UTC 2026","340","4. Team CRM |CRM Staging","Business Scenarios Tests","Create and edit a contact","Edit contact","","Edit contact",""
"skipped","Tue Aug 04 03:56:23 UTC 2026","Tue Aug 04 03:56:23 UTC 2026","0","3 Team Techno - UCL","Technical Tests","Membership","GET /unified_commercial_logic/internal_api/api/membership/platform-profile-status/{sfuuid} - getStatus By SFUUID","","GET /unified_commercial_logic/internal_api/api/membership/platform-profile-status/{sfuuid} - getStatus By SFUUID",""
"passed","Tue Aug 04 03:51:23 UTC 2026","Tue Aug 04 03:51:23 UTC 2026","137","4. Team CRM |CRM Staging","Business Scenarios Tests","Lead","Lead-duplicateCheck - without dupicates","","Lead-duplicateCheck - without dupicates",""
"failed","Tue Aug 04 03:51:23 UTC 2026","Tue Aug 04 03:51:23 UTC 2026","325","4. Team CRM |CRM Staging","Business Scenarios Tests","Lead","Update a Lead","","Update a Lead",""
"broken","Tue Aug 04 03:53:16 UTC 2026","Tue Aug 04 03:53:36 UTC 2026","20023","Dolphin","Functional","","","recallAlternateSortTest","AI Search recall: alternate sort (order_num_desc)",""
"skipped","Tue Aug 04 03:51:17 UTC 2026","Tue Aug 04 03:51:17 UTC 2026","0","4. Team CRM |CRM Staging","Endpoints Tests","Users","Quotes","","Endpoints Tests / Users / Quotes - empty",""
"passed","Tue Aug 04 03:50:50 UTC 2026","Tue Aug 04 03:50:50 UTC 2026","30","1.1 Team Hummingbird - BFF | WLW app","Technical Tests","company-controller","GET /public_api/company/{id}","","GET /public_api/company/{id}",""
"passed","Tue Aug 04 04:01:03 UTC 2026","Tue Aug 04 04:01:04 UTC 2026","323","Dolphin","Technical","","","instoreSearchTest","instore search -- cpp/pdp with sort and leaf filter",""
"broken","Tue Aug 04 03:58:58 UTC 2026","Tue Aug 04 03:59:18 UTC 2026","20015","Dolphin","Technical","","","termRecommendBlankLanguageTest","AI Search term recommend: blank language → business failure",""
"passed","Tue Aug 04 03:51:25 UTC 2026","Tue Aug 04 03:51:26 UTC 2026","1591","4. Team CRM |CRM Staging","Business Scenarios Tests","Platform Profile","Smoke Test Create Platform Profile","","Smoke Test Create Platform Profile",""
"failed","Tue Aug 04 03:50:56 UTC 2026","Tue Aug 04 03:50:56 UTC 2026","13","1.1 Team Hummingbird - BFF | WLW app","Technical Tests","conversation-controller","GET /public_api/conversation/userConversations/{conversationId}/file [NEG] Missing Auth/API-Key","","GET /public_api/conversation/userConversations/{conversationId}/file [NEG] Missing Auth/API-Key",""
"failed","Tue Aug 04 03:50:57 UTC 2026","Tue Aug 04 03:50:57 UTC 2026","10","1.1 Team Hummingbird - BFF | WLW app","Technical Tests","conversation-controller","GET /public_api/conversation/userConversations/{conversationId}/file/ [NEG] Forbidden Role Token","","GET /public_api/conversation/userConversations/{conversationId}/file/ [NEG] Forbidden Role Token",""
"failed","Tue Aug 04 03:51:17 UTC 2026","Tue Aug 04 03:51:17 UTC 2026","10","1.1 Team Hummingbird - BFF | WLW app","Technical Tests","trending-products-controller","GET /public_api/trending/products [NEG] Expired Token","","GET /public_api/trending/products [NEG] Expired Token",""
"failed","Tue Aug 04 03:50:43 UTC 2026","Tue Aug 04 03:50:44 UTC 2026","54","1.1 Team Hummingbird - BFF | WLW app","Endpoint tests","Conversations","File","","File",""
"passed","Tue Aug 04 03:51:17 UTC 2026","Tue Aug 04 03:51:17 UTC 2026","141","4. Team CRM |CRM Staging","Business Scenarios Tests","Tasks","Verify Change","","Verify Change",""
"skipped","Tue Aug 04 03:56:23 UTC 2026","Tue Aug 04 03:56:23 UTC 2026","0","3 Team Techno - UCL","Functional Tests","Endpoint Tests","Retargeting","","get active retargeting for the given uuid",""
"passed","Tue Aug 04 03:50:45 UTC 2026","Tue Aug 04 03:50:45 UTC 2026","68","1.1 Team Hummingbird - BFF | WLW app","Technical Tests","ab-test-record-controller","POST /public_api/abtest/record","","POST /public_api/abtest/record",""
"skipped","Tue Aug 04 03:51:03 UTC 2026","Tue Aug 04 03:51:03 UTC 2026","0","7. Team Pegasus | Pegasus Staging","Business Scenarios Tests","Supplier Facts","Company create and update for UI","","Update company",""
"skipped","Tue Aug 04 03:56:23 UTC 2026","Tue Aug 04 03:56:23 UTC 2026","0","3 Team Techno - UCL","Technical Tests","Organization","GET /unified_commercial_logic/internal_api/api/organization - Retrieve Organization List","","GET /unified_commercial_logic/internal_api/api/organization - Retrieve Organization List",""
"passed","Tue Aug 04 03:51:28 UTC 2026","Tue Aug 04 03:51:29 UTC 2026","318","4. Team CRM |CRM Staging","Endpoints Tests","(root)","trigger a Buyer lead","","trigger a Buyer lead",""
"skipped","Tue Aug 04 03:51:03 UTC 2026","Tue Aug 04 03:51:03 UTC 2026","0","7. Team Pegasus | Pegasus Staging","Endpoints Tests","Business Insights","Dashboard","","Dashboard",""
"passed","Tue Aug 04 03:51:10 UTC 2026","Tue Aug 04 03:51:10 UTC 2026","30","1.1 Team Hummingbird - BFF | WLW app","Technical Tests","rfq-controller","POST /public_api/connect/purchaser/tenders/","","POST /public_api/connect/purchaser/tenders/",""
"passed","Tue Aug 04 03:49:59 UTC 2026","Tue Aug 04 03:50:00 UTC 2026","394","1 Team Hummingbird - BFF | EP app","Endpoint tests","Conversations","user conversations","","user conversations",""
"passed","Tue Aug 04 03:50:53 UTC 2026","Tue Aug 04 03:50:53 UTC 2026","15","1.1 Team Hummingbird - BFF | WLW app","Technical Tests","conversation-controller","POST /public_api/conversation/userConversations/{conversationId}/messages/{messageId}/translate [NEG] Missing Auth/API-Key","","POST /public_api/conversation/userConversations/{conversationId}/messages/{messageId}/translate [NEG] Missing Auth/API-Key",""
"failed","Tue Aug 04 03:50:57 UTC 2026","Tue Aug 04 03:50:57 UTC 2026","12","1.1 Team Hummingbird - BFF | WLW app","Technical Tests","conversation-controller","GET /public_api/conversation/userConversations/{conversationId}/file/ [NEG] Expired Token","","GET /public_api/conversation/userConversations/{conversationId}/file/ [NEG] Expired Token",""
"passed","Tue Aug 04 03:51:24 UTC 2026","Tue Aug 04 03:51:24 UTC 2026","0","4. Team CRM |CRM Staging","Business Scenarios Tests","Contacts","Smoke test for Create Contact & Verify HubSpot Sync","","Smoke test for Create Contact & Verify HubSpot Sync",""
"failed","Tue Aug 04 03:50:49 UTC 2026","Tue Aug 04 03:50:49 UTC 2026","13","1.1 Team Hummingbird - BFF | WLW app","Technical Tests","company-controller","GET /public_api/company [NEG] Expired Token","","GET /public_api/company [NEG] Expired Token",""
"passed","Tue Aug 04 03:50:45 UTC 2026","Tue Aug 04 03:50:45 UTC 2026","31","1.1 Team Hummingbird - BFF | WLW app","Technical Tests","ab-test-record-controller","POST /public_api/abtest/record [NEG] Forbidden Role Token","","POST /public_api/abtest/record [NEG] Forbidden Role Token",""
"passed","Tue Aug 04 03:51:23 UTC 2026","Tue Aug 04 03:51:24 UTC 2026","1351","4. Team CRM |CRM Staging","Business Scenarios Tests","Lead","Create a  lead","","Create a  lead",""
"passed","Tue Aug 04 03:49:37 UTC 2026","Tue Aug 04 03:49:37 UTC 2026","5","2 Team Dragon - BFF | RFQ Backend","Technical Tests","(root)","Negative test: malformed UUIDs & content type checks","","Negative test: malformed UUIDs & content type checks",""
"passed","Tue Aug 04 03:50:21 UTC 2026","Tue Aug 04 03:50:21 UTC 2026","41","Arise","Functional","","","skwd","skwd",""
"broken","Tue Aug 04 03:49:48 UTC 2026","Tue Aug 04 03:49:49 UTC 2026","550","Bamboo","Technical","","","leafCategoryPredictTest","leafCategoryPredict",""
"passed","Tue Aug 04 04:01:03 UTC 2026","Tue Aug 04 04:01:03 UTC 2026","78","Dolphin","Technical","","","homepageProductRecommendTest","homepage product recommend -- wlw",""
"failed","Tue Aug 04 03:50:52 UTC 2026","Tue Aug 04 03:50:52 UTC 2026","13","1.1 Team Hummingbird - BFF | WLW app","Technical Tests","conversation-controller","GET /public_api/conversation/userConversations/{conversationId}/messages","","GET /public_api/conversation/userConversations/{conversationId}/messages",""
"failed","Tue Aug 04 03:50:56 UTC 2026","Tue Aug 04 03:50:56 UTC 2026","12","1.1 Team Hummingbird - BFF | WLW app","Technical Tests","conversation-controller","GET /public_api/conversation/userConversations/{conversationId} [NEG] Expired Token","","GET /public_api/conversation/userConversations/{conversationId} [NEG] Expired Token",""
"skipped","Tue Aug 04 03:51:03 UTC 2026","Tue Aug 04 03:51:03 UTC 2026","0","7. Team Pegasus | Pegasus Staging","Endpoints Tests","Business Insights","Admin BIOPS imports","","Admin BIOPS imports",""
"passed","Tue Aug 04 03:51:20 UTC 2026","Tue Aug 04 03:51:24 UTC 2026","4034","4. Team CRM |CRM Staging","Business Scenarios Tests","Account","Trigger SAP Customer number","","Trigger SAP Customer number",""
"skipped","Tue Aug 04 03:56:23 UTC 2026","Tue Aug 04 03:56:23 UTC 2026","0","3 Team Techno - UCL","Technical Tests","Membership","GET /unified_commercial_logic/internal_api/api/membership/ - Retrieve Membership List","","GET /unified_commercial_logic/internal_api/api/membership/ - Retrieve Membership List",""
"passed","Tue Aug 04 03:51:19 UTC 2026","Tue Aug 04 03:51:20 UTC 2026","882","4. Team CRM |CRM Staging","Business Scenarios Tests","Account","Smoke Test Create Account with All Fields","","Smoke Test Create Account with All Fields",""
"passed","Tue Aug 04 03:50:38 UTC 2026","Tue Aug 04 03:50:38 UTC 2026","17","1.1 Team Hummingbird - BFF | WLW app","Endpoint tests","Support","Support FAQ_DE","","Support FAQ_DE",""
"passed","Tue Aug 04 03:50:59 UTC 2026","Tue Aug 04 03:50:59 UTC 2026","31","1.1 Team Hummingbird - BFF | WLW app","Technical Tests","feedback-controller","POST /feedback","","POST /feedback",""
"failed","Tue Aug 04 03:51:05 UTC 2026","Tue Aug 04 03:51:05 UTC 2026","13","1.1 Team Hummingbird - BFF | WLW app","Technical Tests","product-controller","GET /public_api/companies/{supplierPublicId}/products [SEC] Injection Probe","","GET /public_api/companies/{supplierPublicId}/products [SEC] Injection Probe",""
"passed","Tue Aug 04 03:50:37 UTC 2026","Tue Aug 04 03:50:38 UTC 2026","854","1.1 Team Hummingbird - BFF | WLW app","Endpoint tests","Login","native email login","","native email login",""
"failed","Tue Aug 04 03:51:16 UTC 2026","Tue Aug 04 03:51:16 UTC 2026","13","1.1 Team Hummingbird - BFF | WLW app","Technical Tests","supplier-visitors-controller","GET /public_api/suppliers/{supplier_id}/visits/csv [NEG] Expired Token","","GET /public_api/suppliers/{supplier_id}/visits/csv [NEG] Expired Token",""
"passed","Tue Aug 04 03:50:59 UTC 2026","Tue Aug 04 03:50:59 UTC 2026","15","1.1 Team Hummingbird - BFF | WLW app","Technical Tests","feedback-controller","POST /feedback [NEG] Missing Auth/API-Key","","POST /feedback [NEG] Missing Auth/API-Key",""
"skipped","Tue Aug 04 03:51:03 UTC 2026","Tue Aug 04 03:51:03 UTC 2026","0","7. Team Pegasus | Pegasus Staging","Endpoints Tests","Shop Import & Onboarding Backend","/offers - get offers","","/offers - get offers",""
"passed","Tue Aug 04 03:51:03 UTC 2026","Tue Aug 04 03:51:03 UTC 2026","27","1.1 Team Hummingbird - BFF | WLW app","Technical Tests","login-controller","POST /public_api/auth/code/verify [NEG] Expired Token","","POST /public_api/auth/code/verify [NEG] Expired Token",""
"passed","Tue Aug 04 03:50:51 UTC 2026","Tue Aug 04 03:50:51 UTC 2026","35","1.1 Team Hummingbird - BFF | WLW app","Technical Tests","conversation-controller","PUT /public_api/conversation/userConversations/{conversationId}/messages/markAsRead [SEC] Injection Probe","","PUT /public_api/conversation/userConversations/{conversationId}/messages/markAsRead [SEC] Injection Probe",""
"failed","Tue Aug 04 03:50:38 UTC 2026","Tue Aug 04 03:50:38 UTC 2026","47","1.1 Team Hummingbird - BFF | WLW app","Endpoint tests","Login","extend session","","extend session",""
"failed","Tue Aug 04 03:51:14 UTC 2026","Tue Aug 04 03:51:14 UTC 2026","14","1.1 Team Hummingbird - BFF | WLW app","Technical Tests","search-controller","GET /public_api/products/recommendations [NEG] Expired Token","","GET /public_api/products/recommendations [NEG] Expired Token",""
"failed","Tue Aug 04 03:51:17 UTC 2026","Tue Aug 04 03:51:17 UTC 2026","15","1.1 Team Hummingbird - BFF | WLW app","Technical Tests","trending-products-controller","GET /public_api/trending/products","","GET /public_api/trending/products",""
"broken","Tue Aug 04 03:54:37 UTC 2026","Tue Aug 04 03:54:57 UTC 2026","20006","Dolphin","Technical","","","recallLongQueryTruncationTest","AI Search recall: long query truncated, still success",""
"passed","Tue Aug 04 03:51:27 UTC 2026","Tue Aug 04 03:51:28 UTC 2026","202","4. Team CRM |CRM Staging","Endpoints Tests","(root)","trigger from SF Platform Profile","","trigger from SF Platform Profile",""
"failed","Tue Aug 04 03:51:09 UTC 2026","Tue Aug 04 03:51:09 UTC 2026","13","1.1 Team Hummingbird - BFF | WLW app","Technical Tests","push-notification-by-email-controller","PUT /v1/pushNotification [NEG] Expired Token","","PUT /v1/pushNotification [NEG] Expired Token",""
"skipped","Tue Aug 04 03:51:03 UTC 2026","Tue Aug 04 03:51:03 UTC 2026","0","7. Team Pegasus | Pegasus Staging","Endpoints Tests","User & Company Context","User Profile Storage by email","","User Profile Storage by email",""
"skipped","Tue Aug 04 03:51:17 UTC 2026","Tue Aug 04 03:51:17 UTC 2026","0","4. Team CRM |CRM Staging","Endpoints Tests","Leads","(empty)","","Endpoints Tests / Leads - empty",""
"failed","Tue Aug 04 03:50:42 UTC 2026","Tue Aug 04 03:50:42 UTC 2026","113","1.1 Team Hummingbird - BFF | WLW app","Endpoint tests","Homepage, products","product recommendations EN","","product recommendations EN",""
"failed","Tue Aug 04 03:51:16 UTC 2026","Tue Aug 04 03:51:16 UTC 2026","11","1.1 Team Hummingbird - BFF | WLW app","Technical Tests","supplier-visitors-controller","GET /public_api/suppliers/{supplier_id}/visits/csv","","GET /public_api/suppliers/{supplier_id}/visits/csv",""
"passed","Tue Aug 04 03:50:40 UTC 2026","Tue Aug 04 03:50:41 UTC 2026","197","1.1 Team Hummingbird - BFF | WLW app","Endpoint tests","Company","branchIO dynamic link, share CPP","","branchIO dynamic link, share CPP",""
"passed","Tue Aug 04 03:49:49 UTC 2026","Tue Aug 04 03:49:49 UTC 2026","41","Bamboo","Technical","","","listTopCategoriesTest","list top Categories",""
"passed","Tue Aug 04 03:50:59 UTC 2026","Tue Aug 04 03:50:59 UTC 2026","29","1.1 Team Hummingbird - BFF | WLW app","Technical Tests","feedback-controller","POST /v1/feedback [NEG] Forbidden Role Token","","POST /v1/feedback [NEG] Forbidden Role Token",""
"passed","Tue Aug 04 03:51:01 UTC 2026","Tue Aug 04 03:51:01 UTC 2026","38","1.1 Team Hummingbird - BFF | WLW app","Technical Tests","login-controller","POST /public_api/auth/session/extend [NEG] Missing Auth/API-Key","","POST /public_api/auth/session/extend [NEG] Missing Auth/API-Key",""
"failed","Tue Aug 04 03:51:08 UTC 2026","Tue Aug 04 03:51:08 UTC 2026","12","1.1 Team Hummingbird - BFF | WLW app","Technical Tests","push-notification-by-email-controller","GET /v1/pushNotification [NEG] Missing Auth/API-Key","","GET /v1/pushNotification [NEG] Missing Auth/API-Key",""
"passed","Tue Aug 04 03:51:17 UTC 2026","Tue Aug 04 03:51:17 UTC 2026","35","1.1 Team Hummingbird - BFF | WLW app","Technical Tests","trending-products-controller","POST /public_api/trending/import [NEG] Forbidden Role Token","","POST /public_api/trending/import [NEG] Forbidden Role Token",""
"failed","Tue Aug 04 03:49:56 UTC 2026","Tue Aug 04 03:49:56 UTC 2026","38","1 Team Hummingbird - BFF | EP app","Endpoint tests","Company","Company ID EN","","Company ID EN",""
"failed","Tue Aug 04 03:50:42 UTC 2026","Tue Aug 04 03:50:42 UTC 2026","112","1.1 Team Hummingbird - BFF | WLW app","Endpoint tests","Homepage, products","trending products","","trending products",""
"passed","Tue Aug 04 03:50:48 UTC 2026","Tue Aug 04 03:50:48 UTC 2026","18","1.1 Team Hummingbird - BFF | WLW app","Technical Tests","categories-controller","GET /public_api/categories/homepage [NEG] Missing Auth/API-Key","","GET /public_api/categories/homepage [NEG] Missing Auth/API-Key",""
"passed","Tue Aug 04 03:51:19 UTC 2026","Tue Aug 04 03:51:31 UTC 2026","12474","4. Team CRM |CRM Staging","Business Scenarios Tests","Account","wlw salesorderitems link","","wlw salesorderitems link",""
"skipped","Tue Aug 04 03:56:23 UTC 2026","Tue Aug 04 03:56:23 UTC 2026","0","3 Team Techno - UCL","Technical Tests","WebsiteLead","GET /unified_commercial_logic/internal_api/api/website_lead/{id} - Retrieve WebsiteLead By ID","","GET /unified_commercial_logic/internal_api/api/website_lead/{id} - Retrieve WebsiteLead By ID",""
"passed","Tue Aug 04 03:50:01 UTC 2026","Tue Aug 04 03:50:01 UTC 2026","618","1 Team Hummingbird - BFF | EP app","Endpoint tests","Visitor profiler","Visitor ID","","Visitor ID",""
"passed","Tue Aug 04 03:49:59 UTC 2026","Tue Aug 04 03:49:59 UTC 2026","25","1 Team Hummingbird - BFF | EP app","Endpoint tests","Homepage, products","categories/homepage","","categories/homepage",""
"passed","Tue Aug 04 03:51:20 UTC 2026","Tue Aug 04 03:51:23 UTC 2026","3039","4. Team CRM |CRM Staging","Business Scenarios Tests","Account","Contact for Account","","Contact for Account",""
"failed","Tue Aug 04 03:50:42 UTC 2026","Tue Aug 04 03:50:42 UTC 2026","161","1.1 Team Hummingbird - BFF | WLW app","Endpoint tests","Homepage, products","product recommendations FR","","product recommendations FR",""
"passed","Tue Aug 04 03:51:02 UTC 2026","Tue Aug 04 03:51:02 UTC 2026","29","1.1 Team Hummingbird - BFF | WLW app","Technical Tests","login-controller","POST /public_api/auth/registration [NEG] Expired Token","","POST /public_api/auth/registration [NEG] Expired Token",""
"broken","Tue Aug 04 03:54:17 UTC 2026","Tue Aug 04 03:54:37 UTC 2026","20023","Dolphin","Technical","","","recallIllegalSortPassthroughTest","AI Search recall: illegal sort passthrough (no param fail)",""
"failed","Tue Aug 04 03:51:11 UTC 2026","Tue Aug 04 03:51:11 UTC 2026","13","1.1 Team Hummingbird - BFF | WLW app","Technical Tests","search-controller","GET /public_api/search [NEG] Expired Token","","GET /public_api/search [NEG] Expired Token",""
"passed","Tue Aug 04 03:51:17 UTC 2026","Tue Aug 04 03:51:17 UTC 2026","99","4. Team CRM |CRM Staging","Business Scenarios Tests","Tasks","Check Task","","Check Task",""
"passed","Tue Aug 04 03:49:54 UTC 2026","Tue Aug 04 03:49:54 UTC 2026","114","1 Team Hummingbird - BFF | EP app","Endpoint tests","Login","forgot password","","forgot password",""
"skipped","Tue Aug 04 03:51:03 UTC 2026","Tue Aug 04 03:51:03 UTC 2026","0","7. Team Pegasus | Pegasus Staging","Business Scenarios Tests","Business Insights","Dashboard smoke flow","","Visitors",""
"passed","Tue Aug 04 03:51:17 UTC 2026","Tue Aug 04 03:51:17 UTC 2026","16","1.1 Team Hummingbird - BFF | WLW app","Technical Tests","trending-products-controller","POST /public_api/trending/import [NEG] Missing Auth/API-Key","","POST /public_api/trending/import [NEG] Missing Auth/API-Key",""
"passed","Tue Aug 04 03:49:36 UTC 2026","Tue Aug 04 03:49:36 UTC 2026","5","2 Team Dragon - BFF | RFQ Backend","Functional Tests","(root)","Assertions Summary (Doc)","","Assertions Summary (Doc)",""
"passed","Tue Aug 04 03:51:24 UTC 2026","Tue Aug 04 03:51:27 UTC 2026","2694","4. Team CRM |CRM Staging","Business Scenarios Tests","Contacts","Create Contact","","Create Contact",""
"failed","Tue Aug 04 03:50:55 UTC 2026","Tue Aug 04 03:50:55 UTC 2026","13","1.1 Team Hummingbird - BFF | WLW app","Technical Tests","conversation-controller","GET /public_api/conversation/userConversations/{userId}/unreadCount [NEG] Expired Token","","GET /public_api/conversation/userConversations/{userId}/unreadCount [NEG] Expired Token",""
"failed","Tue Aug 04 03:50:00 UTC 2026","Tue Aug 04 03:50:00 UTC 2026","15","1 Team Hummingbird - BFF | EP app","Endpoint tests","Conversations","dynamic link conversation","","dynamic link conversation",""
"failed","Tue Aug 04 03:51:11 UTC 2026","Tue Aug 04 03:51:11 UTC 2026","13","1.1 Team Hummingbird - BFF | WLW app","Technical Tests","search-controller","GET /public_api/search","","GET /public_api/search",""
"failed","Tue Aug 04 03:51:19 UTC 2026","Tue Aug 04 03:51:20 UTC 2026","1083","4. Team CRM |CRM Staging","Business Scenarios Tests","Account","Smoke Test Basic Account Creation","","Smoke Test Basic Account Creation",""
"passed","Tue Aug 04 03:49:54 UTC 2026","Tue Aug 04 03:49:54 UTC 2026","460","1 Team Hummingbird - BFF | EP app","Endpoint tests","Login","native email login purchaser","","native email login purchaser",""
"skipped","Tue Aug 04 03:51:03 UTC 2026","Tue Aug 04 03:51:03 UTC 2026","0","7. Team Pegasus | Pegasus Staging","Endpoints Tests","Supplier Registration","EP","","leads/get - Get a lead",""
"passed","Tue Aug 04 03:50:57 UTC 2026","Tue Aug 04 03:50:57 UTC 2026","34","1.1 Team Hummingbird - BFF | WLW app","Technical Tests","currency-exchange-controller","GET /exchange/fetch-rates [NEG] Expired Token","","GET /exchange/fetch-rates [NEG] Expired Token",""
"passed","Tue Aug 04 03:51:21 UTC 2026","Tue Aug 04 03:51:22 UTC 2026","440","4. Team CRM |CRM Staging","Business Scenarios Tests","Disable Hubspot","Change Hubspot to false","","Change Hubspot to false",""
"passed","Tue Aug 04 03:50:50 UTC 2026","Tue Aug 04 03:50:50 UTC 2026","30","1.1 Team Hummingbird - BFF | WLW app","Technical Tests","company-controller","GET /public_api/company/{id} [NEG] Forbidden Role Token","","GET /public_api/company/{id} [NEG] Forbidden Role Token",""
"failed","Tue Aug 04 03:49:37 UTC 2026","Tue Aug 04 03:49:37 UTC 2026","101","2 Team Dragon - BFF | RFQ Backend","Business Scenario Tests","(root)","RFQ_Listing","","RFQ_Listing",""
"passed","Tue Aug 04 03:50:57 UTC 2026","Tue Aug 04 03:50:57 UTC 2026","17","1.1 Team Hummingbird - BFF | WLW app","Technical Tests","currency-exchange-controller","GET /exchange/fetch-rates [NEG] Missing Auth/API-Key","","GET /exchange/fetch-rates [NEG] Missing Auth/API-Key",""
"passed","Tue Aug 04 03:51:04 UTC 2026","Tue Aug 04 03:51:04 UTC 2026","33","1.1 Team Hummingbird - BFF | WLW app","Technical Tests","login-controller","POST /public_api/auth/changePassword [NEG] Forbidden Role Token","","POST /public_api/auth/changePassword [NEG] Forbidden Role Token",""
"skipped","Tue Aug 04 03:56:23 UTC 2026","Tue Aug 04 03:56:23 UTC 2026","0","3 Team Techno - UCL","Technical Tests","GoogleAd","GET /unified_commercial_logic/internal_api/api/google_ad - Retrieve GoogleAd List","","GET /unified_commercial_logic/internal_api/api/google_ad - Retrieve GoogleAd List",""
"passed","Tue Aug 04 03:51:25 UTC 2026","Tue Aug 04 03:51:26 UTC 2026","666","4. Team CRM |CRM Staging","Business Scenarios Tests","Products","Update Product","","Update Product",""
"failed","Tue Aug 04 03:50:47 UTC 2026","Tue Aug 04 03:50:47 UTC 2026","12","1.1 Team Hummingbird - BFF | WLW app","Technical Tests","ai-company-search-controller","GET /public_api/search/ai/company/stream/mock [NEG] Expired Token","","GET /public_api/search/ai/company/stream/mock [NEG] Expired Token",""
"passed","Tue Aug 04 03:50:58 UTC 2026","Tue Aug 04 03:50:58 UTC 2026","29","1.1 Team Hummingbird - BFF | WLW app","Technical Tests","euro-pages-controller","PUT /public_api/euro-pages/auth/delete [NEG] Expired Token","","PUT /public_api/euro-pages/auth/delete [NEG] Expired Token",""
"passed","Tue Aug 04 03:51:04 UTC 2026","Tue Aug 04 03:51:04 UTC 2026","28","1.1 Team Hummingbird - BFF | WLW app","Technical Tests","login-controller","DELETE /public_api/auth/sso/logout [NEG] Expired Token","","DELETE /public_api/auth/sso/logout [NEG] Expired Token",""
"passed","Tue Aug 04 04:00:39 UTC 2026","Tue Aug 04 04:00:39 UTC 2026","308","Dolphin","Technical","","","productTextSearchBlankQueryTest","AI product text search recall: blank query → empty success",""
"failed","Tue Aug 04 03:51:11 UTC 2026","Tue Aug 04 03:51:11 UTC 2026","11","1.1 Team Hummingbird - BFF | WLW app","Technical Tests","search-controller","GET /public_api/search [NEG] Missing Auth/API-Key","","GET /public_api/search [NEG] Missing Auth/API-Key",""
"failed","Tue Aug 04 03:50:01 UTC 2026","Tue Aug 04 03:50:01 UTC 2026","91","1 Team Hummingbird - BFF | EP app","Endpoint tests","Conversations","Decline RFQ","","Decline RFQ",""
"failed","Tue Aug 04 03:49:37 UTC 2026","Tue Aug 04 03:49:37 UTC 2026","57","2 Team Dragon - BFF | RFQ Backend","Technical Tests","(root)","GET /v1/rfqs/attachments/{attachmentId} - Download + Cache + Perf","","GET /v1/rfqs/attachments/{attachmentId} - Download + Cache + Perf",""
"failed","Tue Aug 04 03:50:46 UTC 2026","Tue Aug 04 03:50:46 UTC 2026","11","1.1 Team Hummingbird - BFF | WLW app","Technical Tests","ai-company-search-controller","GET /public_api/search/ai/company/search","","GET /public_api/search/ai/company/search",""
"passed","Tue Aug 04 03:50:42 UTC 2026","Tue Aug 04 03:50:42 UTC 2026","40","1.1 Team Hummingbird - BFF | WLW app","Endpoint tests","Homepage, products","preferred categories","","preferred categories",""
"passed","Tue Aug 04 03:51:24 UTC 2026","Tue Aug 04 03:51:24 UTC 2026","92","4. Team CRM |CRM Staging","Business Scenarios Tests","WLW Price Compaigns","WLW_Price Compaigns","","WLW_Price Compaigns",""
"failed","Tue Aug 04 03:51:07 UTC 2026","Tue Aug 04 03:51:07 UTC 2026","12","1.1 Team Hummingbird - BFF | WLW app","Technical Tests","purchaser-user-setting-controller","GET /userSetting [NEG] Missing Auth/API-Key","","GET /userSetting [NEG] Missing Auth/API-Key",""
"passed","Tue Aug 04 03:50:45 UTC 2026","Tue Aug 04 03:50:45 UTC 2026","23","1.1 Team Hummingbird - BFF | WLW app","Technical Tests","ai-company-search-controller","POST /public_api/search/ai/supplier/recall [NEG] Missing Auth/API-Key","","POST /public_api/search/ai/supplier/recall [NEG] Missing Auth/API-Key",""
"failed","Tue Aug 04 03:50:56 UTC 2026","Tue Aug 04 03:50:56 UTC 2026","13","1.1 Team Hummingbird - BFF | WLW app","Technical Tests","conversation-controller","GET /public_api/conversation/userConversations/{conversationId} [NEG] Missing Auth/API-Key","","GET /public_api/conversation/userConversations/{conversationId} [NEG] Missing Auth/API-Key",""
"passed","Tue Aug 04 04:01:03 UTC 2026","Tue Aug 04 04:01:03 UTC 2026","483","Dolphin","Functional","","","getproductRecommendByQueryOnCserpTest","getproductRecommendByQueryOnCserpTest",""
"passed","Tue Aug 04 04:00:50 UTC 2026","Tue Aug 04 04:00:53 UTC 2026","2716","Dolphin","Technical","","","productTextSearchPageZeroTest","AI product text search recall: page=0 normalized",""
"failed","Tue Aug 04 03:51:12 UTC 2026","Tue Aug 04 03:51:12 UTC 2026","12","1.1 Team Hummingbird - BFF | WLW app","Technical Tests","search-controller","GET /public_api/search/autoComplete [SEC] Injection Probe","","GET /public_api/search/autoComplete [SEC] Injection Probe",""
"failed","Tue Aug 04 03:51:29 UTC 2026","Tue Aug 04 03:51:29 UTC 2026","80","4. Team CRM |CRM Staging","Endpoints Tests","(root)","get company data via CRM id","","get company data via CRM id",""
"failed","Tue Aug 04 03:51:14 UTC 2026","Tue Aug 04 03:51:14 UTC 2026","11","1.1 Team Hummingbird - BFF | WLW app","Technical Tests","search-controller","GET /public_api/categories/recommendations","","GET /public_api/categories/recommendations",""
"passed","Tue Aug 04 03:51:16 UTC 2026","Tue Aug 04 03:51:16 UTC 2026","35","1.1 Team Hummingbird - BFF | WLW app","Technical Tests","supplier-visitors-controller","GET /public_api/suppliers/{supplier_id}/visits/{id} [NEG] Expired Token","","GET /public_api/suppliers/{supplier_id}/visits/{id} [NEG] Expired Token",""
"skipped","Tue Aug 04 03:51:03 UTC 2026","Tue Aug 04 03:51:03 UTC 2026","0","7. Team Pegasus | Pegasus Staging","Endpoints Tests","Shop Import & Onboarding Backend","/offers/fetchCategory","","/offers/fetchCategory",""
"passed","Tue Aug 04 03:51:15 UTC 2026","Tue Aug 04 03:51:15 UTC 2026","30","1.1 Team Hummingbird - BFF | WLW app","Technical Tests","search-term-controller","PUT /public_api/search/notification-opened [NEG] Expired Token","","PUT /public_api/search/notification-opened [NEG] Expired Token",""
"passed","Tue Aug 04 03:51:18 UTC 2026","Tue Aug 04 03:51:19 UTC 2026","654","4. Team CRM |CRM Staging","Business Scenarios Tests","Account","Dunning level 1","","Dunning level 1",""
"broken","Tue Aug 04 03:59:18 UTC 2026","Tue Aug 04 03:59:38 UTC 2026","20010","Dolphin","Technical","","","termRecommendNoMockTest","AI Search term recommend API without mock",""
"failed","Tue Aug 04 03:50:42 UTC 2026","Tue Aug 04 03:50:42 UTC 2026","172","1.1 Team Hummingbird - BFF | WLW app","Endpoint tests","Homepage, products","product recommendations DE","","product recommendations DE",""
"passed","Tue Aug 04 03:50:38 UTC 2026","Tue Aug 04 03:50:38 UTC 2026","19","1.1 Team Hummingbird - BFF | WLW app","Endpoint tests","User settings","push-notification-by-email-controller","","push-notification-by-email-controller",""
"passed","Tue Aug 04 04:01:03 UTC 2026","Tue Aug 04 04:01:03 UTC 2026","36","Dolphin","Technical","","","getCategoryListWlwTest","v-recommend category list -- wlw, full categories",""
"failed","Tue Aug 04 03:49:54 UTC 2026","Tue Aug 04 03:49:54 UTC 2026","34","1 Team Hummingbird - BFF | EP app","Endpoint tests","Login","user Info","","user Info",""
"passed","Tue Aug 04 03:50:54 UTC 2026","Tue Aug 04 03:50:54 UTC 2026","29","1.1 Team Hummingbird - BFF | WLW app","Technical Tests","conversation-controller","POST /public_api/conversation/userConversations/{conversationId}/messages/file [NEG] Expired Token","","POST /public_api/conversation/userConversations/{conversationId}/messages/file [NEG] Expired Token",""
"passed","Tue Aug 04 03:49:58 UTC 2026","Tue Aug 04 03:49:59 UTC 2026","131","1 Team Hummingbird - BFF | EP app","Endpoint tests","Homepage, products","product recommendations EN","","product recommendations EN",""
"failed","Tue Aug 04 03:50:44 UTC 2026","Tue Aug 04 03:50:45 UTC 2026","613","1.1 Team Hummingbird - BFF | WLW app","Endpoint tests","Visitor profiler","Visitor ID","","Visitor ID",""
"passed","Tue Aug 04 03:50:51 UTC 2026","Tue Aug 04 03:50:51 UTC 2026","35","1.1 Team Hummingbird - BFF | WLW app","Technical Tests","conversation-controller","PUT /public_api/conversation/userConversations/{conversationId}/tag [NEG] Forbidden Role Token","","PUT /public_api/conversation/userConversations/{conversationId}/tag [NEG] Forbidden Role Token",""
"passed","Tue Aug 04 03:51:10 UTC 2026","Tue Aug 04 03:51:10 UTC 2026","37","1.1 Team Hummingbird - BFF | WLW app","Technical Tests","rfq-controller","POST /public_api/connect/purchaser/tenders/ [NEG] Expired Token","","POST /public_api/connect/purchaser/tenders/ [NEG] Expired Token",""
"skipped","Tue Aug 04 03:51:03 UTC 2026","Tue Aug 04 03:51:03 UTC 2026","0","7. Team Pegasus | Pegasus Staging","Endpoints Tests","Shop Import & Onboarding Backend","/offers/{offerId}","","/offers/{offerId}",""
"passed","Tue Aug 04 03:51:19 UTC 2026","Tue Aug 04 03:51:20 UTC 2026","882","4. Team CRM |CRM Staging","Business Scenarios Tests","Account","Smoke Test Create Account with All Fields","","Smoke Test Create Account with All Fields",""
"skipped","Tue Aug 04 03:56:23 UTC 2026","Tue Aug 04 03:56:23 UTC 2026","0","3 Team Techno - UCL","Functional Tests","Endpoint Tests","WebsiteLead","","get all active on ep for given existing uuid",""
"passed","Tue Aug 04 03:50:41 UTC 2026","Tue Aug 04 03:50:41 UTC 2026","52","1.1 Team Hummingbird - BFF | WLW app","Endpoint tests","Search","search autoComplete DE","","search autoComplete DE",""
"passed","Tue Aug 04 03:51:00 UTC 2026","Tue Aug 04 03:51:00 UTC 2026","35","1.1 Team Hummingbird - BFF | WLW app","Technical Tests","feedback-controller","GET /feedback/subject [NEG] Expired Token","","GET /feedback/subject [NEG] Expired Token",""
"skipped","Tue Aug 04 03:51:03 UTC 2026","Tue Aug 04 03:51:03 UTC 2026","0","7. Team Pegasus | Pegasus Staging","Endpoints Tests","Membership Management (PGS-861)","GET — Verify UTM in supplier-facts","","GET — Verify UTM in supplier-facts",""
"passed","Tue Aug 04 03:51:00 UTC 2026","Tue Aug 04 03:51:00 UTC 2026","32","1.1 Team Hummingbird - BFF | WLW app","Technical Tests","feedback-controller","GET /feedback/subject [NEG] Forbidden Role Token","","GET /feedback/subject [NEG] Forbidden Role Token",""
"failed","Tue Aug 04 03:51:11 UTC 2026","Tue Aug 04 03:51:11 UTC 2026","10","1.1 Team Hummingbird - BFF | WLW app","Technical Tests","search-controller","GET /public_api/suppliers/recommendations [NEG] Expired Token","","GET /public_api/suppliers/recommendations [NEG] Expired Token",""
"broken","Tue Aug 04 03:53:36 UTC 2026","Tue Aug 04 03:53:56 UTC 2026","20023","Dolphin","Technical","","","recallBlankQueryTest","AI Search recall: blank query and imageUrl → business failure",""
"passed","Tue Aug 04 03:50:47 UTC 2026","Tue Aug 04 03:50:47 UTC 2026","27","1.1 Team Hummingbird - BFF | WLW app","Technical Tests","ai-company-search-controller","POST /public_api/search/ai/company/search [NEG] Forbidden Role Token","","POST /public_api/search/ai/company/search [NEG] Forbidden Role Token",""
"failed","Tue Aug 04 03:50:46 UTC 2026","Tue Aug 04 03:50:46 UTC 2026","9","1.1 Team Hummingbird - BFF | WLW app","Technical Tests","ai-company-search-controller","GET /public_api/search/ai/company/search [SEC] Injection Probe","","GET /public_api/search/ai/company/search [SEC] Injection Probe",""
"passed","Tue Aug 04 03:50:41 UTC 2026","Tue Aug 04 03:50:41 UTC 2026","54","1.1 Team Hummingbird - BFF | WLW app","Endpoint tests","Search","search autoComplete EN","","search autoComplete EN",""
"passed","Tue Aug 04 03:50:59 UTC 2026","Tue Aug 04 03:50:59 UTC 2026","20","1.1 Team Hummingbird - BFF | WLW app","Technical Tests","feedback-controller","GET /feedback/subject [NEG] Missing Auth/API-Key","","GET /feedback/subject [NEG] Missing Auth/API-Key",""
"passed","Tue Aug 04 03:51:28 UTC 2026","Tue Aug 04 03:51:29 UTC 2026","1007","4. Team CRM |CRM Staging","Endpoints Tests","(root)","Create platform profile","","Create platform profile",""
"broken","Tue Aug 04 03:56:37 UTC 2026","Tue Aug 04 03:56:57 UTC 2026","20022","Dolphin","Functional","","","recallPaidSupplierFilterTest","AI Search recall: paid supplier filter (verified=true)",""
"broken","Tue Aug 04 03:53:56 UTC 2026","Tue Aug 04 03:54:17 UTC 2026","20588","Dolphin","Technical","","","recallCountryFilterTest","AI Search recall: country filter DE",""
"failed","Tue Aug 04 03:51:16 UTC 2026","Tue Aug 04 03:51:16 UTC 2026","12","1.1 Team Hummingbird - BFF | WLW app","Technical Tests","supplier-visitors-controller","GET /public_api/suppliers/{supplier_id}/visits/csv [NEG] Forbidden Role Token","","GET /public_api/suppliers/{supplier_id}/visits/csv [NEG] Forbidden Role Token",""
"failed","Tue Aug 04 03:50:47 UTC 2026","Tue Aug 04 03:50:47 UTC 2026","13","1.1 Team Hummingbird - BFF | WLW app","Technical Tests","ai-company-search-controller","GET /public_api/search/ai/company/stream/mock","","GET /public_api/search/ai/company/stream/mock",""
"skipped","Tue Aug 04 03:51:03 UTC 2026","Tue Aug 04 03:51:03 UTC 2026","0","7. Team Pegasus | Pegasus Staging","Endpoints Tests","Business Insights","PGS-890 Admin company refresh","","PGS-890 Admin company refresh",""
"passed","Tue Aug 04 03:51:01 UTC 2026","Tue Aug 04 03:51:01 UTC 2026","30","1.1 Team Hummingbird - BFF | WLW app","Technical Tests","login-controller","POST /public_api/auth/resetPassword","","POST /public_api/auth/resetPassword",""
"failed","Tue Aug 04 03:49:59 UTC 2026","Tue Aug 04 03:49:59 UTC 2026","236","1 Team Hummingbird - BFF | EP app","Endpoint tests","Contact request","Other request","","Other request",""
"skipped","Tue Aug 04 03:51:03 UTC 2026","Tue Aug 04 03:51:03 UTC 2026","0","7. Team Pegasus | Pegasus Staging","Endpoints Tests","Business Insights","Company","","Company",""
"broken","Tue Aug 04 03:49:48 UTC 2026","Tue Aug 04 03:49:48 UTC 2026","479","Bamboo","Technical","","","findCategoryByIdTest","findCategoryById",""
"failed","Tue Aug 04 03:51:26 UTC 2026","Tue Aug 04 03:51:26 UTC 2026","575","4. Team CRM |CRM Staging","Endpoints Tests","Accounts","Get Account Information","","Get Account Information",""
"passed","Tue Aug 04 03:51:27 UTC 2026","Tue Aug 04 03:51:27 UTC 2026","77","4. Team CRM |CRM Staging","Endpoints Tests","(root)","get connect receipient","","get connect receipient",""
"passed","Tue Aug 04 03:50:56 UTC 2026","Tue Aug 04 03:50:56 UTC 2026","33","1.1 Team Hummingbird - BFF | WLW app","Technical Tests","conversation-controller","GET /public_api/conversation/userConversations/{conversationId} [SEC] Injection Probe","","GET /public_api/conversation/userConversations/{conversationId} [SEC] Injection Probe",""
"passed","Tue Aug 04 03:51:03 UTC 2026","Tue Aug 04 03:51:03 UTC 2026","29","1.1 Team Hummingbird - BFF | WLW app","Technical Tests","login-controller","POST /public_api/auth/code/resend","","POST /public_api/auth/code/resend",""
"passed","Tue Aug 04 03:51:02 UTC 2026","Tue Aug 04 03:51:02 UTC 2026","28","1.1 Team Hummingbird - BFF | WLW app","Technical Tests","login-controller","POST /public_api/auth/resetPassword [NEG] Forbidden Role Token","","POST /public_api/auth/resetPassword [NEG] Forbidden Role Token",""
"failed","Tue Aug 04 03:50:47 UTC 2026","Tue Aug 04 03:50:47 UTC 2026","12","1.1 Team Hummingbird - BFF | WLW app","Technical Tests","ai-company-search-controller","GET /public_api/search/ai/company/stream/mock [SEC] Injection Probe","","GET /public_api/search/ai/company/stream/mock [SEC] Injection Probe",""
"passed","Tue Aug 04 03:51:19 UTC 2026","Tue Aug 04 03:51:31 UTC 2026","12474","4. Team CRM |CRM Staging","Business Scenarios Tests","Account","wlw salesorderitems link","","wlw salesorderitems link",""
"passed","Tue Aug 04 04:01:04 UTC 2026","Tue Aug 04 04:01:04 UTC 2026","127","Dolphin","Technical","","","otherStoreProductRecommendTest","similar products recommend -- wlw pdp",""
"passed","Tue Aug 04 03:49:37 UTC 2026","Tue Aug 04 03:49:37 UTC 2026","7","2 Team Dragon - BFF | RFQ Backend","Technical Tests","(root)","GET /v1/user - User Info + Roles + Negative Auth","","GET /v1/user - User Info + Roles + Negative Auth",""
"failed","Tue Aug 04 03:50:49 UTC 2026","Tue Aug 04 03:50:49 UTC 2026","14","1.1 Team Hummingbird - BFF | WLW app","Technical Tests","company-controller","GET /public_api/company [NEG] Missing Auth/API-Key","","GET /public_api/company [NEG] Missing Auth/API-Key",""
"passed","Tue Aug 04 03:51:17 UTC 2026","Tue Aug 04 03:51:17 UTC 2026","381","4. Team CRM |CRM Staging","Business Scenarios Tests","Tasks","Change  Assigned To","","Change  Assigned To",""
"passed","Tue Aug 04 04:01:02 UTC 2026","Tue Aug 04 04:01:02 UTC 2026","164","Dolphin","Functional","","","EPHomepageProductRecommendTest","homepage product recommend -- ep",""
"passed","Tue Aug 04 03:51:19 UTC 2026","Tue Aug 04 03:51:19 UTC 2026","30","1.1 Team Hummingbird - BFF | WLW app","Technical Tests","user-controller","PUT /public_api/user/userInfo [NEG] Forbidden Role Token","","PUT /public_api/user/userInfo [NEG] Forbidden Role Token",""
"passed","Tue Aug 04 03:50:51 UTC 2026","Tue Aug 04 03:50:52 UTC 2026","29","1.1 Team Hummingbird - BFF | WLW app","Technical Tests","conversation-controller","PUT /public_api/conversation/userConversations/{conversationId}/decline","","PUT /public_api/conversation/userConversations/{conversationId}/decline",""
"passed","Tue Aug 04 03:51:07 UTC 2026","Tue Aug 04 03:51:07 UTC 2026","30","1.1 Team Hummingbird - BFF | WLW app","Technical Tests","purchaser-user-setting-controller","POST /userSetting/","","POST /userSetting/",""
"passed","Tue Aug 04 03:51:29 UTC 2026","Tue Aug 04 03:51:29 UTC 2026","104","4. Team CRM |CRM Staging","Endpoints Tests","(root)","resolve individual id bulk","","resolve individual id bulk",""
"passed","Tue Aug 04 03:51:19 UTC 2026","Tue Aug 04 03:51:19 UTC 2026","32","1.1 Team Hummingbird - BFF | WLW app","Technical Tests","user-controller","PUT /public_api/user/userInfo [NEG] Expired Token","","PUT /public_api/user/userInfo [NEG] Expired Token",""
"skipped","Tue Aug 04 03:51:03 UTC 2026","Tue Aug 04 03:51:03 UTC 2026","0","7. Team Pegasus | Pegasus Staging","Business Scenarios Tests","Supplier Registration","WLW - Lead create and update","","leads - Create a lead",""
"failed","Tue Aug 04 03:51:09 UTC 2026","Tue Aug 04 03:51:09 UTC 2026","12","1.1 Team Hummingbird - BFF | WLW app","Technical Tests","push-notification-by-email-controller","PUT /v1/pushNotification [NEG] Forbidden Role Token","","PUT /v1/pushNotification [NEG] Forbidden Role Token",""
"passed","Tue Aug 04 03:50:39 UTC 2026","Tue Aug 04 03:50:39 UTC 2026","15","1.1 Team Hummingbird - BFF | WLW app","Endpoint tests","Mobile_Feedback","Feedback Subject_DE","","Feedback Subject_DE",""
"failed","Tue Aug 04 03:50:46 UTC 2026","Tue Aug 04 03:50:46 UTC 2026","14","1.1 Team Hummingbird - BFF | WLW app","Technical Tests","ai-company-search-controller","GET /public_api/search/ai/company/search [NEG] Missing Auth/API-Key","","GET /public_api/search/ai/company/search [NEG] Missing Auth/API-Key",""
"skipped","Tue Aug 04 03:56:23 UTC 2026","Tue Aug 04 03:56:23 UTC 2026","0","3 Team Techno - UCL","Functional Tests","Endpoint Tests","TopRanking","","get all active on wlw for the given uuid",""
"passed","Tue Aug 04 03:51:27 UTC 2026","Tue Aug 04 03:51:28 UTC 2026","573","4. Team CRM |CRM Staging","Endpoints Tests","(root)","Create Note with sf id","","Create Note with sf id",""
"passed","Tue Aug 04 03:49:56 UTC 2026","Tue Aug 04 03:49:56 UTC 2026","66","1 Team Hummingbird - BFF | EP app","Endpoint tests","Support","notifications list","","notifications list",""
"passed","Tue Aug 04 04:00:47 UTC 2026","Tue Aug 04 04:00:49 UTC 2026","1761","Dolphin","Technical","","","productTextSearchPageSizeCapTest","AI product text search recall: pageSize over max capped",""
"failed","Tue Aug 04 03:50:56 UTC 2026","Tue Aug 04 03:50:56 UTC 2026","13","1.1 Team Hummingbird - BFF | WLW app","Technical Tests","conversation-controller","GET /public_api/conversation/userConversations/{conversationId} [NEG] Forbidden Role Token","","GET /public_api/conversation/userConversations/{conversationId} [NEG] Forbidden Role Token",""
"passed","Tue Aug 04 03:51:01 UTC 2026","Tue Aug 04 03:51:01 UTC 2026","16","1.1 Team Hummingbird - BFF | WLW app","Technical Tests","login-controller","POST /public_api/auth/sso/login [NEG] Missing Auth/API-Key","","POST /public_api/auth/sso/login [NEG] Missing Auth/API-Key",""
"skipped","Tue Aug 04 03:51:03 UTC 2026","Tue Aug 04 03:51:03 UTC 2026","0","7. Team Pegasus | Pegasus Staging","Endpoints Tests","Supplier Registration","EP","","email/check - Validate email domain for a specified country",""
"failed","Tue Aug 04 03:50:40 UTC 2026","Tue Aug 04 03:50:40 UTC 2026","46","1.1 Team Hummingbird - BFF | WLW app","Endpoint tests","Company","Companies / products DE","","Companies / products DE",""
"failed","Tue Aug 04 03:49:56 UTC 2026","Tue Aug 04 03:49:56 UTC 2026","26","1 Team Hummingbird - BFF | EP app","Endpoint tests","Company","Company ID FR","","Company ID FR",""
"failed","Tue Aug 04 03:51:12 UTC 2026","Tue Aug 04 03:51:12 UTC 2026","9","1.1 Team Hummingbird - BFF | WLW app","Technical Tests","search-controller","GET /public_api/search/autoComplete [NEG] Forbidden Role Token","","GET /public_api/search/autoComplete [NEG] Forbidden Role Token",""
"passed","Tue Aug 04 03:51:03 UTC 2026","Tue Aug 04 03:51:03 UTC 2026","34","1.1 Team Hummingbird - BFF | WLW app","Technical Tests","login-controller","POST /public_api/auth/code/verify","","POST /public_api/auth/code/verify",""
"skipped","Tue Aug 04 03:51:03 UTC 2026","Tue Aug 04 03:51:03 UTC 2026","0","7. Team Pegasus | Pegasus Staging","Endpoints Tests","User & Company Context","Get user details by","","Get user details by",""
"skipped","Tue Aug 04 03:51:03 UTC 2026","Tue Aug 04 03:51:03 UTC 2026","0","7. Team Pegasus | Pegasus Staging","Business Scenarios Tests","Supplier Facts","API register, publish, and verify in UI","","3. Resolve company uuid by email",""
"failed","Tue Aug 04 03:50:21 UTC 2026","Tue Aug 04 03:50:21 UTC 2026","28","Arise","Functional","","","skwdAll","skwdAll",""
"passed","Tue Aug 04 03:50:53 UTC 2026","Tue Aug 04 03:50:53 UTC 2026","26","1.1 Team Hummingbird - BFF | WLW app","Technical Tests","conversation-controller","POST /public_api/conversation/userConversations/{conversationId}/messages/{messageId}/translate [NEG] Expired Token","","POST /public_api/conversation/userConversations/{conversationId}/messages/{messageId}/translate [NEG] Expired Token",""
"passed","Tue Aug 04 03:51:17 UTC 2026","Tue Aug 04 03:51:17 UTC 2026","28","1.1 Team Hummingbird - BFF | WLW app","Technical Tests","trending-products-controller","POST /public_api/trending/import","","POST /public_api/trending/import",""
"passed","Tue Aug 04 04:00:58 UTC 2026","Tue Aug 04 04:00:59 UTC 2026","894","Dolphin","Technical","","","productTextSearchSpecialCharTest","AI product text search recall: special-character query",""
"passed","Tue Aug 04 03:50:21 UTC 2026","Tue Aug 04 03:50:21 UTC 2026","26","Arise","Functional","","","pageElementsGet","pageElementsGet",""
"passed","Tue Aug 04 03:49:58 UTC 2026","Tue Aug 04 03:49:58 UTC 2026","750","1 Team Hummingbird - BFF | EP app","Endpoint tests","Search","search companies DE","","search companies DE",""
"passed","Tue Aug 04 04:00:59 UTC 2026","Tue Aug 04 04:01:01 UTC 2026","1745","Dolphin","Functional","","","productTextSearchTest","AI product text search recall API",""
"passed","Tue Aug 04 03:50:39 UTC 2026","Tue Aug 04 03:50:39 UTC 2026","17","1.1 Team Hummingbird - BFF | WLW app","Endpoint tests","Support","FAQ Alibaba","","FAQ Alibaba",""
"failed","Tue Aug 04 03:49:54 UTC 2026","Tue Aug 04 03:49:54 UTC 2026","66","1 Team Hummingbird - BFF | EP app","Endpoint tests","Login","resend code","","resend code",""
"passed","Tue Aug 04 03:51:23 UTC 2026","Tue Aug 04 03:51:23 UTC 2026","107","4. Team CRM |CRM Staging","Business Scenarios Tests","Lead","Smoke test for Conversion","","Smoke test for Conversion",""
"failed","Tue Aug 04 03:50:46 UTC 2026","Tue Aug 04 03:50:46 UTC 2026","16","1.1 Team Hummingbird - BFF | WLW app","Technical Tests","ai-company-search-controller","GET /public_api/search/ai/company/search [NEG] Forbidden Role Token","","GET /public_api/search/ai/company/search [NEG] Forbidden Role Token",""
"passed","Tue Aug 04 03:51:16 UTC 2026","Tue Aug 04 03:51:16 UTC 2026","31","1.1 Team Hummingbird - BFF | WLW app","Technical Tests","supplier-visitors-controller","GET /public_api/suppliers/{supplier_id}/visits/{id}","","GET /public_api/suppliers/{supplier_id}/visits/{id}",""
"failed","Tue Aug 04 03:51:13 UTC 2026","Tue Aug 04 03:51:13 UTC 2026","10","1.1 Team Hummingbird - BFF | WLW app","Technical Tests","search-controller","GET /public_api/products/recommendations","","GET /public_api/products/recommendations",""
"passed","Tue Aug 04 03:50:21 UTC 2026","Tue Aug 04 03:50:21 UTC 2026","490","Arise","Functional","","","psearchProxySearch","psearchProxySearch",""
"failed","Tue Aug 04 03:49:56 UTC 2026","Tue Aug 04 03:49:56 UTC 2026","65","1 Team Hummingbird - BFF | EP app","Endpoint tests","Company","Company ID DE","","Company ID DE",""
"broken","Tue Aug 04 03:59:58 UTC 2026","Tue Aug 04 04:00:19 UTC 2026","20716","Dolphin","Technical","","","productInferenceShortQueryTest","AI product search inference: minimal searchText boundary",""
"passed","Tue Aug 04 03:50:50 UTC 2026","Tue Aug 04 03:50:51 UTC 2026","35","1.1 Team Hummingbird - BFF | WLW app","Technical Tests","contact-form-controller","POST /public_api/contact-form/messages [NEG] Forbidden Role Token","","POST /public_api/contact-form/messages [NEG] Forbidden Role Token",""
"failed","Tue Aug 04 03:50:56 UTC 2026","Tue Aug 04 03:50:56 UTC 2026","13","1.1 Team Hummingbird - BFF | WLW app","Technical Tests","conversation-controller","GET /public_api/conversation/userConversations/{conversationId}/file","","GET /public_api/conversation/userConversations/{conversationId}/file",""
"passed","Tue Aug 04 03:51:18 UTC 2026","Tue Aug 04 03:51:18 UTC 2026","94","4. Team CRM |CRM Staging","Business Scenarios Tests","Contacts","Check Contact","","Check Contact",""
"passed","Tue Aug 04 03:51:22 UTC 2026","Tue Aug 04 03:51:23 UTC 2026","1447","4. Team CRM |CRM Staging","Business Scenarios Tests","Disable Hubspot","Change Hubspot to true","","Change Hubspot to true",""
"skipped","Tue Aug 04 03:51:17 UTC 2026","Tue Aug 04 03:51:17 UTC 2026","0","4. Team CRM |CRM Staging","Endpoints Tests","Users","Custom Endpoints","","Endpoints Tests / Users / Custom Endpoints - empty",""
"passed","Tue Aug 04 03:50:39 UTC 2026","Tue Aug 04 03:50:39 UTC 2026","16","1.1 Team Hummingbird - BFF | WLW app","Endpoint tests","Support","Supportmasterdata_DE","","Supportmasterdata_DE",""
"passed","Tue Aug 04 03:51:18 UTC 2026","Tue Aug 04 03:51:18 UTC 2026","33","1.1 Team Hummingbird - BFF | WLW app","Technical Tests","user-controller","GET /public_api/user/userInfo [NEG] Forbidden Role Token","","GET /public_api/user/userInfo [NEG] Forbidden Role Token",""
"skipped","Tue Aug 04 03:51:03 UTC 2026","Tue Aug 04 03:51:03 UTC 2026","0","7. Team Pegasus | Pegasus Staging","Endpoints Tests","Supplier Registration","Manual VAT check","","vat/check - Validate VAT number",""
"passed","Tue Aug 04 03:50:58 UTC 2026","Tue Aug 04 03:50:59 UTC 2026","32","1.1 Team Hummingbird - BFF | WLW app","Technical Tests","euro-pages-controller","DELETE /public_api/euro-pages/auth/delete [NEG] Forbidden Role Token","","DELETE /public_api/euro-pages/auth/delete [NEG] Forbidden Role Token",""
"failed","Tue Aug 04 03:51:07 UTC 2026","Tue Aug 04 03:51:07 UTC 2026","12","1.1 Team Hummingbird - BFF | WLW app","Technical Tests","purchaser-user-setting-controller","GET /userSetting","","GET /userSetting",""
"broken","Tue Aug 04 03:59:38 UTC 2026","Tue Aug 04 03:59:58 UTC 2026","20020","Dolphin","Technical","","","termRecommendTest","AI Search term recommend API",""
"passed","Tue Aug 04 03:51:21 UTC 2026","Tue Aug 04 03:51:21 UTC 2026","131","4. Team CRM |CRM Staging","Business Scenarios Tests","Create and edit a contact","Check Contact","","Check Contact",""
"passed","Tue Aug 04 03:51:20 UTC 2026","Tue Aug 04 03:51:24 UTC 2026","4034","4. Team CRM |CRM Staging","Business Scenarios Tests","Account","Trigger SAP Customer number","","Trigger SAP Customer number",""
"passed","Tue Aug 04 03:51:27 UTC 2026","Tue Aug 04 03:51:28 UTC 2026","584","4. Team CRM |CRM Staging","Endpoints Tests","(root)","sync event to trigger the RFC lead process","","sync event to trigger the RFC lead process",""
"failed","Tue Aug 04 03:51:12 UTC 2026","Tue Aug 04 03:51:12 UTC 2026","10","1.1 Team Hummingbird - BFF | WLW app","Technical Tests","search-controller","GET /public_api/search/autoComplete [NEG] Missing Auth/API-Key","","GET /public_api/search/autoComplete [NEG] Missing Auth/API-Key",""
"passed","Tue Aug 04 03:49:58 UTC 2026","Tue Aug 04 03:49:59 UTC 2026","883","1 Team Hummingbird - BFF | EP app","Endpoint tests","Search","Product Search DE","","Product Search DE",""
"failed","Tue Aug 04 03:49:49 UTC 2026","Tue Aug 04 03:49:49 UTC 2026","14","Bamboo","Functional","","","listSubCategoriesTest","list sub Categories",""
"passed","Tue Aug 04 03:50:01 UTC 2026","Tue Aug 04 03:50:01 UTC 2026","90","1 Team Hummingbird - BFF | EP app","Endpoint tests","(root)","Log out","","Log out",""
"passed","Tue Aug 04 03:50:57 UTC 2026","Tue Aug 04 03:50:57 UTC 2026","28","1.1 Team Hummingbird - BFF | WLW app","Technical Tests","currency-exchange-controller","GET /exchange/fetch-rates [NEG] Forbidden Role Token","","GET /exchange/fetch-rates [NEG] Forbidden Role Token",""
"passed","Tue Aug 04 03:50:59 UTC 2026","Tue Aug 04 03:50:59 UTC 2026","19","1.1 Team Hummingbird - BFF | WLW app","Technical Tests","feedback-controller","POST /v1/feedback [NEG] Missing Auth/API-Key","","POST /v1/feedback [NEG] Missing Auth/API-Key",""
"passed","Tue Aug 04 03:51:01 UTC 2026","Tue Aug 04 03:51:01 UTC 2026","32","1.1 Team Hummingbird - BFF | WLW app","Technical Tests","login-controller","POST /public_api/auth/session/extend","","POST /public_api/auth/session/extend",""
"skipped","Tue Aug 04 03:51:03 UTC 2026","Tue Aug 04 03:51:03 UTC 2026","0","7. Team Pegasus | Pegasus Staging","Endpoints Tests","Shop Import & Onboarding Backend","/import/status","","/import/status",""
"failed","Tue Aug 04 03:50:43 UTC 2026","Tue Aug 04 03:50:43 UTC 2026","71","1.1 Team Hummingbird - BFF | WLW app","Endpoint tests","Conversations","send file message","","send file message",""
"broken","Tue Aug 04 03:51:15 UTC 2026","Tue Aug 04 03:51:36 UTC 2026","20966","Dolphin","Technical","","","inferenceEmptySearchTextTest","AI Search inference: empty searchText still streams",""
"failed","Tue Aug 04 03:50:57 UTC 2026","Tue Aug 04 03:50:57 UTC 2026","13","1.1 Team Hummingbird - BFF | WLW app","Technical Tests","conversation-controller","GET /public_api/conversation/userConversations/{conversationId}/file/ [NEG] Missing Auth/API-Key","","GET /public_api/conversation/userConversations/{conversationId}/file/ [NEG] Missing Auth/API-Key",""
"passed","Tue Aug 04 03:50:42 UTC 2026","Tue Aug 04 03:50:42 UTC 2026","101","1.1 Team Hummingbird - BFF | WLW app","Endpoint tests","RFQ","post RFQ","","post RFQ",""
"skipped","Tue Aug 04 03:56:23 UTC 2026","Tue Aug 04 03:56:23 UTC 2026","0","3 Team Techno - UCL","Technical Tests","Organization","GET /unified_commercial_logic/internal_api/api/organization/{id} - Retrieve Organization By ID","","GET /unified_commercial_logic/internal_api/api/organization/{id} - Retrieve Organization By ID",""
"passed","Tue Aug 04 03:51:13 UTC 2026","Tue Aug 04 03:51:13 UTC 2026","31","1.1 Team Hummingbird - BFF | WLW app","Technical Tests","search-controller","GET /public_api/search/ai/tabChange","","GET /public_api/search/ai/tabChange",""
"passed","Tue Aug 04 03:51:21 UTC 2026","Tue Aug 04 03:51:22 UTC 2026","340","4. Team CRM |CRM Staging","Business Scenarios Tests","Create and edit a contact","Edit contact","","Edit contact",""
"passed","Tue Aug 04 03:51:28 UTC 2026","Tue Aug 04 03:51:29 UTC 2026","1007","4. Team CRM |CRM Staging","Endpoints Tests","(root)","Create platform profile","","Create platform profile",""
"passed","Tue Aug 04 03:50:42 UTC 2026","Tue Aug 04 03:50:42 UTC 2026","23","1.1 Team Hummingbird - BFF | WLW app","Endpoint tests","Homepage, products","categories/homepage","","categories/homepage",""
"passed","Tue Aug 04 03:51:01 UTC 2026","Tue Aug 04 03:51:01 UTC 2026","37","1.1 Team Hummingbird - BFF | WLW app","Technical Tests","login-controller","POST /public_api/auth/session/extend [NEG] Forbidden Role Token","","POST /public_api/auth/session/extend [NEG] Forbidden Role Token",""
"passed","Tue Aug 04 03:51:17 UTC 2026","Tue Aug 04 03:51:20 UTC 2026","2497","4. Team CRM |CRM Staging","Business Scenarios Tests","Contacts","Create Contact","","Create Contact",""
"failed","Tue Aug 04 03:50:55 UTC 2026","Tue Aug 04 03:50:55 UTC 2026","13","1.1 Team Hummingbird - BFF | WLW app","Technical Tests","conversation-controller","GET /public_api/conversation/userConversations/{userId}/unreadCount/","","GET /public_api/conversation/userConversations/{userId}/unreadCount/",""
"passed","Tue Aug 04 03:50:53 UTC 2026","Tue Aug 04 03:50:53 UTC 2026","34","1.1 Team Hummingbird - BFF | WLW app","Technical Tests","conversation-controller","POST /public_api/conversation/userConversations/{conversationId}/messages/file/ [NEG] Expired Token","","POST /public_api/conversation/userConversations/{conversationId}/messages/file/ [NEG] Expired Token",""
"failed","Tue Aug 04 03:51:12 UTC 2026","Tue Aug 04 03:51:12 UTC 2026","12","1.1 Team Hummingbird - BFF | WLW app","Technical Tests","search-controller","GET /public_api/search/products [NEG] Forbidden Role Token","","GET /public_api/search/products [NEG] Forbidden Role Token",""
"failed","Tue Aug 04 03:51:05 UTC 2026","Tue Aug 04 03:51:05 UTC 2026","15","1.1 Team Hummingbird - BFF | WLW app","Technical Tests","product-controller","GET /public_api/products [SEC] Injection Probe","","GET /public_api/products [SEC] Injection Probe",""
"failed","Tue Aug 04 03:50:00 UTC 2026","Tue Aug 04 03:50:00 UTC 2026","34","1 Team Hummingbird - BFF | EP app","Endpoint tests","Conversations","mark as read","","mark as read",""
"passed","Tue Aug 04 03:51:07 UTC 2026","Tue Aug 04 03:51:07 UTC 2026","29","1.1 Team Hummingbird - BFF | WLW app","Technical Tests","purchaser-user-setting-controller","PUT /userSetting/{id} [NEG] Forbidden Role Token","","PUT /userSetting/{id} [NEG] Forbidden Role Token",""
"passed","Tue Aug 04 03:49:57 UTC 2026","Tue Aug 04 03:49:58 UTC 2026","232","1 Team Hummingbird - BFF | EP app","Endpoint tests","Search","search autoComplete FR","","search autoComplete FR",""
"broken","Tue Aug 04 03:58:18 UTC 2026","Tue Aug 04 03:58:38 UTC 2026","20003","Dolphin","Functional","","","recallTopRankingScenarioTest","AI Search recall: wlw-staging.de cnc top-ranking scenario",""
"passed","Tue Aug 04 03:50:47 UTC 2026","Tue Aug 04 03:50:47 UTC 2026","34","1.1 Team Hummingbird - BFF | WLW app","Technical Tests","ai-company-search-controller","POST /public_api/search/ai/company/search [NEG] Expired Token","","POST /public_api/search/ai/company/search [NEG] Expired Token",""
"passed","Tue Aug 04 03:51:29 UTC 2026","Tue Aug 04 03:51:29 UTC 2026","82","4. Team CRM |CRM Staging","Endpoints Tests","(root)","get company data via SF id","","get company data via SF id",""
"passed","Tue Aug 04 03:50:40 UTC 2026","Tue Aug 04 03:50:40 UTC 2026","28","1.1 Team Hummingbird - BFF | WLW app","Endpoint tests","Company","Company ID EN","","Company ID EN",""
"passed","Tue Aug 04 03:51:13 UTC 2026","Tue Aug 04 03:51:13 UTC 2026","34","1.1 Team Hummingbird - BFF | WLW app","Technical Tests","search-controller","GET /public_api/search/ai/tabChange [NEG] Expired Token","","GET /public_api/search/ai/tabChange [NEG] Expired Token",""
"failed","Tue Aug 04 03:50:52 UTC 2026","Tue Aug 04 03:50:52 UTC 2026","9","1.1 Team Hummingbird - BFF | WLW app","Technical Tests","conversation-controller","GET /public_api/conversation/userConversations/{conversationId}/messages [NEG] Forbidden Role Token","","GET /public_api/conversation/userConversations/{conversationId}/messages [NEG] Forbidden Role Token",""
"failed","Tue Aug 04 03:50:48 UTC 2026","Tue Aug 04 03:50:48 UTC 2026","13","1.1 Team Hummingbird - BFF | WLW app","Technical Tests","categories-controller","PUT /preferred/categories [NEG] Expired Token","","PUT /preferred/categories [NEG] Expired Token",""
"passed","Tue Aug 04 03:49:58 UTC 2026","Tue Aug 04 03:49:58 UTC 2026","445","1 Team Hummingbird - BFF | EP app","Endpoint tests","Search","search companies FR","","search companies FR",""
"failed","Tue Aug 04 03:50:48 UTC 2026","Tue Aug 04 03:50:48 UTC 2026","9","1.1 Team Hummingbird - BFF | WLW app","Technical Tests","categories-controller","GET /preferred/categories [NEG] Expired Token","","GET /preferred/categories [NEG] Expired Token",""
"passed","Tue Aug 04 03:50:58 UTC 2026","Tue Aug 04 03:50:58 UTC 2026","18","1.1 Team Hummingbird - BFF | WLW app","Technical Tests","euro-pages-controller","PUT /public_api/euro-pages/auth/delete [NEG] Missing Auth/API-Key","","PUT /public_api/euro-pages/auth/delete [NEG] Missing Auth/API-Key",""
"passed","Tue Aug 04 03:50:21 UTC 2026","Tue Aug 04 03:50:21 UTC 2026","26","Arise","Technical","","","pageElementsGet","pageElementsGet",""
"passed","Tue Aug 04 03:51:21 UTC 2026","Tue Aug 04 03:51:21 UTC 2026","233","4. Team CRM |CRM Staging","Business Scenarios Tests","Feedback","Trigger Feedback","","Trigger Feedback",""
"skipped","Tue Aug 04 03:51:03 UTC 2026","Tue Aug 04 03:51:03 UTC 2026","0","7. Team Pegasus | Pegasus Staging","Endpoints Tests","Visitors","Elixir (supplier-app)","","Filters",""
"failed","Tue Aug 04 03:50:42 UTC 2026","Tue Aug 04 03:50:43 UTC 2026","230","1.1 Team Hummingbird - BFF | WLW app","Endpoint tests","Contact request","Callback request","","Callback request",""
"skipped","Tue Aug 04 03:51:03 UTC 2026","Tue Aug 04 03:51:03 UTC 2026","0","7. Team Pegasus | Pegasus Staging","Endpoints Tests","Shop Import & Onboarding Backend","/offers/count - get count","","/offers/count - get count",""
"passed","Tue Aug 04 03:49:36 UTC 2026","Tue Aug 04 03:49:37 UTC 2026","290","2 Team Dragon - BFF | RFQ Backend","Technical Tests","(root)","GET /v1/rfqs (list) - Compliance + Schema + Perf","","GET /v1/rfqs (list) - Compliance + Schema + Perf",""
"failed","Tue Aug 04 03:50:48 UTC 2026","Tue Aug 04 03:50:48 UTC 2026","10","1.1 Team Hummingbird - BFF | WLW app","Technical Tests","categories-controller","PUT /preferred/categories [NEG] Missing Auth/API-Key","","PUT /preferred/categories [NEG] Missing Auth/API-Key",""
"failed","Tue Aug 04 03:50:46 UTC 2026","Tue Aug 04 03:50:46 UTC 2026","10","1.1 Team Hummingbird - BFF | WLW app","Technical Tests","ai-company-search-controller","GET /public_api/search/ai/company/search [NEG] Expired Token","","GET /public_api/search/ai/company/search [NEG] Expired Token",""
"passed","Tue Aug 04 03:51:29 UTC 2026","Tue Aug 04 03:51:29 UTC 2026","104","4. Team CRM |CRM Staging","Endpoints Tests","(root)","resolve individual id bulk","","resolve individual id bulk",""
"passed","Tue Aug 04 03:50:38 UTC 2026","Tue Aug 04 03:50:38 UTC 2026","16","1.1 Team Hummingbird - BFF | WLW app","Endpoint tests","Support","Support FAQ_FR","","Support FAQ_FR",""
"passed","Tue Aug 04 03:51:06 UTC 2026","Tue Aug 04 03:51:06 UTC 2026","35","1.1 Team Hummingbird - BFF | WLW app","Technical Tests","purchaser-support-controller","GET /support-master-data [NEG] Forbidden Role Token","","GET /support-master-data [NEG] Forbidden Role Token",""
"passed","Tue Aug 04 03:49:57 UTC 2026","Tue Aug 04 03:49:57 UTC 2026","82","1 Team Hummingbird - BFF | EP app","Endpoint tests","Company","search company products","","search company products",""
"failed","Tue Aug 04 03:51:09 UTC 2026","Tue Aug 04 03:51:09 UTC 2026","11","1.1 Team Hummingbird - BFF | WLW app","Technical Tests","push-notification-by-email-controller","PUT /v1/pushNotification [SEC] Injection Probe","","PUT /v1/pushNotification [SEC] Injection Probe",""
"passed","Tue Aug 04 04:00:39 UTC 2026","Tue Aug 04 04:00:41 UTC 2026","1838","Dolphin","Technical","","","productTextSearchCountryFilterTest","AI product text search recall: country filter DE",""
"skipped","Tue Aug 04 03:51:03 UTC 2026","Tue Aug 04 03:51:03 UTC 2026","0","7. Team Pegasus | Pegasus Staging","Business Scenarios Tests","Supplier Registration","EP - Lead create and update","","leads - Create a lead",""
"passed","Tue Aug 04 03:51:08 UTC 2026","Tue Aug 04 03:51:08 UTC 2026","34","1.1 Team Hummingbird - BFF | WLW app","Technical Tests","purchaser-user-setting-controller","POST /userSetting [NEG] Forbidden Role Token","","POST /userSetting [NEG] Forbidden Role Token",""
"passed","Tue Aug 04 03:51:28 UTC 2026","Tue Aug 04 03:51:28 UTC 2026","571","4. Team CRM |CRM Staging","Endpoints Tests","(root)","Create Note with sf id Copy","","Create Note with sf id Copy",""
"skipped","Tue Aug 04 03:51:03 UTC 2026","Tue Aug 04 03:51:03 UTC 2026","0","7. Team Pegasus | Pegasus Staging","Endpoints Tests","Visitors","Get Visits","","Get Visits",""
"passed","Tue Aug 04 03:50:00 UTC 2026","Tue Aug 04 03:50:00 UTC 2026","231","1 Team Hummingbird - BFF | EP app","Endpoint tests","Conversations","conversation/messages","","conversation/messages",""
"passed","Tue Aug 04 03:51:18 UTC 2026","Tue Aug 04 03:51:19 UTC 2026","1377","4. Team CRM |CRM Staging","Business Scenarios Tests","Quote","Smoke Test Create new quote","","Smoke Test Create new quote",""
"failed","Tue Aug 04 03:51:07 UTC 2026","Tue Aug 04 03:51:07 UTC 2026","16","1.1 Team Hummingbird - BFF | WLW app","Technical Tests","purchaser-user-setting-controller","GET /userSetting [NEG] Expired Token","","GET /userSetting [NEG] Expired Token",""
"passed","Tue Aug 04 03:50:21 UTC 2026","Tue Aug 04 03:50:21 UTC 2026","41","Arise","Technical","","","skwd","skwd",""
"passed","Tue Aug 04 03:49:58 UTC 2026","Tue Aug 04 03:49:59 UTC 2026","320","1 Team Hummingbird - BFF | EP app","Endpoint tests","RFQ","post RFQ","","post RFQ",""
"passed","Tue Aug 04 03:51:22 UTC 2026","Tue Aug 04 03:51:22 UTC 2026","132","4. Team CRM |CRM Staging","Business Scenarios Tests","Lead","Lead-duplicateCheck - with dulicates","","Lead-duplicateCheck - with dulicates",""
"skipped","Tue Aug 04 03:51:03 UTC 2026","Tue Aug 04 03:51:03 UTC 2026","0","7. Team Pegasus | Pegasus Staging","Business Scenarios Tests","Supplier Facts","API register, publish, and verify in UI","","1. Create registration lead",""
"passed","Tue Aug 04 03:51:00 UTC 2026","Tue Aug 04 03:51:00 UTC 2026","30","1.1 Team Hummingbird - BFF | WLW app","Technical Tests","inside-business-controller","GET /public_api/inside_business","","GET /public_api/inside_business",""
"passed","Tue Aug 04 03:51:03 UTC 2026","Tue Aug 04 03:51:03 UTC 2026","16","1.1 Team Hummingbird - BFF | WLW app","Technical Tests","login-controller","POST /public_api/auth/code/resend [NEG] Missing Auth/API-Key","","POST /public_api/auth/code/resend [NEG] Missing Auth/API-Key",""
"passed","Tue Aug 04 03:50:57 UTC 2026","Tue Aug 04 03:50:57 UTC 2026","15","1.1 Team Hummingbird - BFF | WLW app","Technical Tests","dynamic-links-controller","POST /public_api/branchio/dynamiclink [NEG] Missing Auth/API-Key","","POST /public_api/branchio/dynamiclink [NEG] Missing Auth/API-Key",""
"passed","Tue Aug 04 03:50:41 UTC 2026","Tue Aug 04 03:50:41 UTC 2026","186","1.1 Team Hummingbird - BFF | WLW app","Endpoint tests","Company","branchIO dynamic link, share PDP","","branchIO dynamic link, share PDP",""
"skipped","Tue Aug 04 03:56:23 UTC 2026","Tue Aug 04 03:56:23 UTC 2026","0","3 Team Techno - UCL","Technical Tests","SponsoredBrand","GET /unified_commercial_logic/internal_api/api/sponsored_brand_v1/ - Retrieve SponsoredBrandV1 List","","GET /unified_commercial_logic/internal_api/api/sponsored_brand_v1/ - Retrieve SponsoredBrandV1 List",""
"passed","Tue Aug 04 03:49:59 UTC 2026","Tue Aug 04 03:49:59 UTC 2026","180","1 Team Hummingbird - BFF | EP app","Endpoint tests","Homepage, products","product recommendations FR","","product recommendations FR",""
"passed","Tue Aug 04 03:51:00 UTC 2026","Tue Aug 04 03:51:01 UTC 2026","32","1.1 Team Hummingbird - BFF | WLW app","Technical Tests","inside-business-controller","GET /public_api/inside_business [NEG] Forbidden Role Token","","GET /public_api/inside_business [NEG] Forbidden Role Token",""
"passed","Tue Aug 04 04:01:02 UTC 2026","Tue Aug 04 04:01:02 UTC 2026","88","Dolphin","Technical","","","cppProductRecommendTest","recommend products in CPP -- wlw",""
"passed","Tue Aug 04 03:51:28 UTC 2026","Tue Aug 04 03:51:28 UTC 2026","571","4. Team CRM |CRM Staging","Endpoints Tests","(root)","Create Note with sf id Copy","","Create Note with sf id Copy",""
"skipped","Tue Aug 04 03:51:17 UTC 2026","Tue Aug 04 03:51:17 UTC 2026","0","4. Team CRM |CRM Staging","Technical Tests","(empty)","(empty)","","Technical Tests - empty",""
"failed","Tue Aug 04 03:51:09 UTC 2026","Tue Aug 04 03:51:09 UTC 2026","15","1.1 Team Hummingbird - BFF | WLW app","Technical Tests","push-notification-by-email-controller","GET /v1/pushNotification [SEC] Injection Probe","","GET /v1/pushNotification [SEC] Injection Probe",""
"failed","Tue Aug 04 03:49:56 UTC 2026","Tue Aug 04 03:49:56 UTC 2026","20","1 Team Hummingbird - BFF | EP app","Endpoint tests","Support","currency daily rates","","currency daily rates",""
"failed","Tue Aug 04 03:50:56 UTC 2026","Tue Aug 04 03:50:56 UTC 2026","13","1.1 Team Hummingbird - BFF | WLW app","Technical Tests","conversation-controller","GET /public_api/conversation/userConversations/{conversationId}/file/","","GET /public_api/conversation/userConversations/{conversationId}/file/",""
"passed","Tue Aug 04 03:50:21 UTC 2026","Tue Aug 04 03:50:21 UTC 2026","490","Arise","Technical","","","psearchProxySearch","psearchProxySearch",""
"passed","Tue Aug 04 03:49:55 UTC 2026","Tue Aug 04 03:49:55 UTC 2026","16","1 Team Hummingbird - BFF | EP app","Endpoint tests","Support","Supportmasterdata_DE","","Supportmasterdata_DE",""
"passed","Tue Aug 04 03:51:22 UTC 2026","Tue Aug 04 03:51:22 UTC 2026","290","4. Team CRM |CRM Staging","Business Scenarios Tests","Disable Hubspot","Check hubspot is true","","Check hubspot is true",""
"passed","Tue Aug 04 03:51:25 UTC 2026","Tue Aug 04 03:51:26 UTC 2026","399","4. Team CRM |CRM Staging","Business Scenarios Tests","Cases","Smoke Test for Case Creation","","Smoke Test for Case Creation",""
"passed","Tue Aug 04 03:49:58 UTC 2026","Tue Aug 04 03:49:58 UTC 2026","565","1 Team Hummingbird - BFF | EP app","Endpoint tests","Search","Product Search EN","","Product Search EN",""
"passed","Tue Aug 04 04:01:03 UTC 2026","Tue Aug 04 04:01:03 UTC 2026","27","Dolphin","Functional","","","getLandingPageProductListTest","get Landing page Product List for seo",""
"skipped","Tue Aug 04 03:51:03 UTC 2026","Tue Aug 04 03:51:03 UTC 2026","0","7. Team Pegasus | Pegasus Staging","Endpoints Tests","Shop Import & Onboarding Backend","/offers/categoryProperties","","/offers/categoryProperties",""
"passed","Tue Aug 04 03:51:12 UTC 2026","Tue Aug 04 03:51:12 UTC 2026","32","1.1 Team Hummingbird - BFF | WLW app","Technical Tests","search-controller","GET /public_api/search/products [SEC] Injection Probe","","GET /public_api/search/products [SEC] Injection Probe",""
"skipped","Tue Aug 04 03:51:03 UTC 2026","Tue Aug 04 03:51:03 UTC 2026","0","7. Team Pegasus | Pegasus Staging","Business Scenarios Tests","Visitors","Statistics visitor drill-down","","Visitor details",""
"skipped","Tue Aug 04 03:56:23 UTC 2026","Tue Aug 04 03:56:23 UTC 2026","0","3 Team Techno - UCL","Technical Tests","Retargeting","GET /unified_commercial_logic/internal_api/api/retargeting/ - Retrieve Retargeting List","","GET /unified_commercial_logic/internal_api/api/retargeting/ - Retrieve Retargeting List",""
"failed","Tue Aug 04 03:51:06 UTC 2026","Tue Aug 04 03:51:06 UTC 2026","13","1.1 Team Hummingbird - BFF | WLW app","Technical Tests","purchaser-support-controller","GET /support-faq","","GET /support-faq",""
"passed","Tue Aug 04 03:51:27 UTC 2026","Tue Aug 04 03:51:27 UTC 2026","70","4. Team CRM |CRM Staging","Endpoints Tests","(root)","resolve individual id","","resolve individual id",""
"passed","Tue Aug 04 03:50:44 UTC 2026","Tue Aug 04 03:50:45 UTC 2026","114","1.1 Team Hummingbird - BFF | WLW app","Endpoint tests","Visitor profiler","csv get","","csv get",""
"skipped","Tue Aug 04 03:51:03 UTC 2026","Tue Aug 04 03:51:03 UTC 2026","0","7. Team Pegasus | Pegasus Staging","Endpoints Tests","Shop Import & Onboarding Backend","/categories/suggest","","/categories/suggest",""
"skipped","Tue Aug 04 03:51:03 UTC 2026","Tue Aug 04 03:51:03 UTC 2026","0","7. Team Pegasus | Pegasus Staging","Endpoints Tests","Business Insights","Subscription","","Subscription",""
"skipped","Tue Aug 04 03:51:03 UTC 2026","Tue Aug 04 03:51:03 UTC 2026","0","7. Team Pegasus | Pegasus Staging","Spike | Profiles link user to company","(root)","03 GET — Verify company (Supplier Facts)","","03 GET — Verify company (Supplier Facts)",""
"skipped","Tue Aug 04 03:51:03 UTC 2026","Tue Aug 04 03:51:03 UTC 2026","0","7. Team Pegasus | Pegasus Staging","Business Scenarios Tests","Business Insights","Dashboard smoke flow","","Set User Activity",""
"passed","Tue Aug 04 03:51:24 UTC 2026","Tue Aug 04 03:51:27 UTC 2026","2694","4. Team CRM |CRM Staging","Business Scenarios Tests","Contacts","Create Contact","","Create Contact",""
"passed","Tue Aug 04 03:51:06 UTC 2026","Tue Aug 04 03:51:06 UTC 2026","32","1.1 Team Hummingbird - BFF | WLW app","Technical Tests","purchaser-support-controller","GET /support-master-data","","GET /support-master-data",""
"passed","Tue Aug 04 03:50:48 UTC 2026","Tue Aug 04 03:50:48 UTC 2026","30","1.1 Team Hummingbird - BFF | WLW app","Technical Tests","categories-controller","GET /preferred/categories [SEC] Injection Probe","","GET /preferred/categories [SEC] Injection Probe",""
"passed","Tue Aug 04 03:49:55 UTC 2026","Tue Aug 04 03:49:55 UTC 2026","17","1 Team Hummingbird - BFF | EP app","Endpoint tests","Support","FAQ Alibaba","","FAQ Alibaba",""
"passed","Tue Aug 04 03:51:08 UTC 2026","Tue Aug 04 03:51:08 UTC 2026","15","1.1 Team Hummingbird - BFF | WLW app","Technical Tests","purchaser-user-setting-controller","POST /userSetting [NEG] Missing Auth/API-Key","","POST /userSetting [NEG] Missing Auth/API-Key",""
"skipped","Tue Aug 04 03:56:23 UTC 2026","Tue Aug 04 03:56:23 UTC 2026","0","3 Team Techno - UCL","Technical Tests","Membership","GET /unified_commercial_logic/internal_api/api/membership/v2 - Retrieve Membership V2 List","","GET /unified_commercial_logic/internal_api/api/membership/v2 - Retrieve Membership V2 List",""
"passed","Tue Aug 04 03:50:43 UTC 2026","Tue Aug 04 03:50:43 UTC 2026","240","1.1 Team Hummingbird - BFF | WLW app","Endpoint tests","Conversations","user conversations","","user conversations",""
"passed","Tue Aug 04 03:49:59 UTC 2026","Tue Aug 04 03:49:59 UTC 2026","51","1 Team Hummingbird - BFF | EP app","Endpoint tests","Homepage, products","preferred categories","","preferred categories",""
"passed","Tue Aug 04 03:50:41 UTC 2026","Tue Aug 04 03:50:41 UTC 2026","55","1.1 Team Hummingbird - BFF | WLW app","Endpoint tests","Search","search autoComplete FR","","search autoComplete FR",""
"passed","Tue Aug 04 03:51:07 UTC 2026","Tue Aug 04 03:51:07 UTC 2026","28","1.1 Team Hummingbird - BFF | WLW app","Technical Tests","purchaser-user-setting-controller","PUT /userSetting/{id} [NEG] Expired Token","","PUT /userSetting/{id} [NEG] Expired Token",""
"passed","Tue Aug 04 03:51:14 UTC 2026","Tue Aug 04 03:51:14 UTC 2026","14","1.1 Team Hummingbird - BFF | WLW app","Technical Tests","search-term-controller","PUT /public_api/search/notification-opened [NEG] Missing Auth/API-Key","","PUT /public_api/search/notification-opened [NEG] Missing Auth/API-Key",""
"passed","Tue Aug 04 03:50:41 UTC 2026","Tue Aug 04 03:50:42 UTC 2026","716","1.1 Team Hummingbird - BFF | WLW app","Endpoint tests","Search","search companies, EN","","search companies, EN",""
"skipped","Tue Aug 04 03:56:23 UTC 2026","Tue Aug 04 03:56:23 UTC 2026","0","3 Team Techno - UCL","Functional Tests","Endpoint Tests","membership","","get all active membership for business_partner_id",""
"passed","Tue Aug 04 03:51:23 UTC 2026","Tue Aug 04 03:51:23 UTC 2026","107","4. Team CRM |CRM Staging","Business Scenarios Tests","Lead","Smoke test for Conversion","","Smoke test for Conversion",""
"passed","Tue Aug 04 03:50:58 UTC 2026","Tue Aug 04 03:50:58 UTC 2026","33","1.1 Team Hummingbird - BFF | WLW app","Technical Tests","euro-pages-controller","PUT /public_api/euro-pages/auth/delete","","PUT /public_api/euro-pages/auth/delete",""
"skipped","Tue Aug 04 03:51:03 UTC 2026","Tue Aug 04 03:51:03 UTC 2026","0","7. Team Pegasus | Pegasus Staging","Spike | Profiles link user to company","(root)","05 GET — Profile by email","","05 GET — Profile by email",""
"passed","Tue Aug 04 03:50:00 UTC 2026","Tue Aug 04 03:50:00 UTC 2026","116","1 Team Hummingbird - BFF | EP app","Endpoint tests","Conversations","translate message","","translate message",""
"failed","Tue Aug 04 03:51:15 UTC 2026","Tue Aug 04 03:51:15 UTC 2026","13","1.1 Team Hummingbird - BFF | WLW app","Technical Tests","supplier-visitors-controller","GET /public_api/suppliers/{supplier_id}/visits [NEG] Missing Auth/API-Key","","GET /public_api/suppliers/{supplier_id}/visits [NEG] Missing Auth/API-Key",""
"passed","Tue Aug 04 03:50:58 UTC 2026","Tue Aug 04 03:50:58 UTC 2026","28","1.1 Team Hummingbird - BFF | WLW app","Technical Tests","euro-pages-controller","PUT /public_api/euro-pages/auth/delete [NEG] Forbidden Role Token","","PUT /public_api/euro-pages/auth/delete [NEG] Forbidden Role Token",""
"skipped","Tue Aug 04 03:51:03 UTC 2026","Tue Aug 04 03:51:03 UTC 2026","0","7. Team Pegasus | Pegasus Staging","Spike | Profiles link user to company","(root)","01 OAuth — Supplier Facts token","","01 OAuth — Supplier Facts token",""
"skipped","Tue Aug 04 03:49:54 UTC 2026","Tue Aug 04 03:49:54 UTC 2026","0","1 Team Hummingbird - BFF | EP app","Technical Tests","(empty)","(empty)","","Technical Tests - empty",""
"passed","Tue Aug 04 03:50:41 UTC 2026","Tue Aug 04 03:50:42 UTC 2026","582","1.1 Team Hummingbird - BFF | WLW app","Endpoint tests","Search","search companies DE","","search companies DE",""
"passed","Tue Aug 04 04:01:02 UTC 2026","Tue Aug 04 04:01:02 UTC 2026","100","Dolphin","Technical","","","EPOtherStoreProductRecommendTest","product other store recommend",""
"passed","Tue Aug 04 03:49:54 UTC 2026","Tue Aug 04 03:49:54 UTC 2026","21","1 Team Hummingbird - BFF | EP app","Endpoint tests","User settings","push-notification-by-email-controller","","push-notification-by-email-controller",""
"passed","Tue Aug 04 03:51:01 UTC 2026","Tue Aug 04 03:51:01 UTC 2026","32","1.1 Team Hummingbird - BFF | WLW app","Technical Tests","login-controller","POST /public_api/auth/sso/login","","POST /public_api/auth/sso/login",""
"passed","Tue Aug 04 03:49:54 UTC 2026","Tue Aug 04 03:49:55 UTC 2026","993","1 Team Hummingbird - BFF | EP app","Endpoint tests","Login","user Info","","user Info",""
"failed","Tue Aug 04 03:49:59 UTC 2026","Tue Aug 04 03:50:00 UTC 2026","617","1 Team Hummingbird - BFF | EP app","Endpoint tests","Contact request","Callback request","","Callback request",""
"passed","Tue Aug 04 03:49:56 UTC 2026","Tue Aug 04 03:49:56 UTC 2026","16","1 Team Hummingbird - BFF | EP app","Endpoint tests","Mobile_Feedback","Feedback Subject_DE","","Feedback Subject_DE",""
"passed","Tue Aug 04 03:51:05 UTC 2026","Tue Aug 04 03:51:05 UTC 2026","30","1.1 Team Hummingbird - BFF | WLW app","Technical Tests","product-controller","GET /public_api/products/{productId}","","GET /public_api/products/{productId}",""
"passed","Tue Aug 04 03:50:45 UTC 2026","Tue Aug 04 03:50:46 UTC 2026","36","1.1 Team Hummingbird - BFF | WLW app","Technical Tests","ai-company-search-controller","POST /public_api/search/ai/supplier/recall [NEG] Forbidden Role Token","","POST /public_api/search/ai/supplier/recall [NEG] Forbidden Role Token",""
"passed","Tue Aug 04 03:49:56 UTC 2026","Tue Aug 04 03:49:56 UTC 2026","417","1 Team Hummingbird - BFF | EP app","Endpoint tests","Mobile_Feedback","post feedback","","post feedback",""
"skipped","Tue Aug 04 03:51:03 UTC 2026","Tue Aug 04 03:51:03 UTC 2026","0","7. Team Pegasus | Pegasus Staging","Endpoints Tests","Visitors","Elixir (supplier-app)","","Countries by uuid",""
"passed","Tue Aug 04 03:49:57 UTC 2026","Tue Aug 04 03:49:57 UTC 2026","76","1 Team Hummingbird - BFF | EP app","Endpoint tests","Company","Product ID","","Product ID",""
"failed","Tue Aug 04 03:50:54 UTC 2026","Tue Aug 04 03:50:54 UTC 2026","13","1.1 Team Hummingbird - BFF | WLW app","Technical Tests","conversation-controller","GET /public_api/conversation/userConversations [NEG] Expired Token","","GET /public_api/conversation/userConversations [NEG] Expired Token",""
"passed","Tue Aug 04 04:01:03 UTC 2026","Tue Aug 04 04:01:04 UTC 2026","323","Dolphin","Functional","","","instoreSearchTest","instore search -- cpp/pdp with sort and leaf filter",""
"failed","Tue Aug 04 03:51:04 UTC 2026","Tue Aug 04 03:51:04 UTC 2026","12","1.1 Team Hummingbird - BFF | WLW app","Technical Tests","product-controller","GET /public_api/products [NEG] Forbidden Role Token","","GET /public_api/products [NEG] Forbidden Role Token",""
"failed","Tue Aug 04 03:51:14 UTC 2026","Tue Aug 04 03:51:14 UTC 2026","9","1.1 Team Hummingbird - BFF | WLW app","Technical Tests","search-controller","GET /public_api/categories/recommendations [NEG] Missing Auth/API-Key","","GET /public_api/categories/recommendations [NEG] Missing Auth/API-Key",""
"failed","Tue Aug 04 03:51:26 UTC 2026","Tue Aug 04 03:51:26 UTC 2026","575","4. Team CRM |CRM Staging","Endpoints Tests","Accounts","Get Account Information","","Get Account Information",""
"passed","Tue Aug 04 03:50:52 UTC 2026","Tue Aug 04 03:50:52 UTC 2026","16","1.1 Team Hummingbird - BFF | WLW app","Technical Tests","conversation-controller","PUT /public_api/conversation/userConversations/{conversationId}/decline [NEG] Missing Auth/API-Key","","PUT /public_api/conversation/userConversations/{conversationId}/decline [NEG] Missing Auth/API-Key",""
"passed","Tue Aug 04 03:51:01 UTC 2026","Tue Aug 04 03:51:01 UTC 2026","29","1.1 Team Hummingbird - BFF | WLW app","Technical Tests","login-controller","POST /public_api/auth/sso/login [NEG] Expired Token","","POST /public_api/auth/sso/login [NEG] Expired Token",""
"passed","Tue Aug 04 03:50:59 UTC 2026","Tue Aug 04 03:50:59 UTC 2026","31","1.1 Team Hummingbird - BFF | WLW app","Technical Tests","feedback-controller","POST /feedback [NEG] Forbidden Role Token","","POST /feedback [NEG] Forbidden Role Token",""
"failed","Tue Aug 04 03:51:12 UTC 2026","Tue Aug 04 03:51:12 UTC 2026","10","1.1 Team Hummingbird - BFF | WLW app","Technical Tests","search-controller","GET /public_api/search/products [NEG] Expired Token","","GET /public_api/search/products [NEG] Expired Token",""
"failed","Tue Aug 04 03:51:14 UTC 2026","Tue Aug 04 03:51:14 UTC 2026","12","1.1 Team Hummingbird - BFF | WLW app","Technical Tests","search-controller","GET /public_api/categories/recommendations [NEG] Expired Token","","GET /public_api/categories/recommendations [NEG] Expired Token",""
"passed","Tue Aug 04 03:51:04 UTC 2026","Tue Aug 04 03:51:04 UTC 2026","30","1.1 Team Hummingbird - BFF | WLW app","Technical Tests","login-controller","DELETE /public_api/auth/sso/logout","","DELETE /public_api/auth/sso/logout",""
"failed","Tue Aug 04 03:50:55 UTC 2026","Tue Aug 04 03:50:55 UTC 2026","12","1.1 Team Hummingbird - BFF | WLW app","Technical Tests","conversation-controller","GET /public_api/conversation/userConversations/{userId}/unreadCount [NEG] Missing Auth/API-Key","","GET /public_api/conversation/userConversations/{userId}/unreadCount [NEG] Missing Auth/API-Key",""
"skipped","Tue Aug 04 03:51:03 UTC 2026","Tue Aug 04 03:51:03 UTC 2026","0","7. Team Pegasus | Pegasus Staging","Endpoints Tests","Business Insights","Company Overview","","Company Overview",""
"broken","Tue Aug 04 03:52:56 UTC 2026","Tue Aug 04 03:53:16 UTC 2026","20023","Dolphin","Functional","","","pvMatchTest","AI Search PV match (supplierAiMatch) API",""
"passed","Tue Aug 04 03:50:01 UTC 2026","Tue Aug 04 03:50:01 UTC 2026","153","1 Team Hummingbird - BFF | EP app","Endpoint tests","Visitor profiler","csv get","","csv get",""
"failed","Tue Aug 04 03:50:00 UTC 2026","Tue Aug 04 03:50:00 UTC 2026","107","1 Team Hummingbird - BFF | EP app","Endpoint tests","Conversations","File","","File",""
"failed","Tue Aug 04 03:51:12 UTC 2026","Tue Aug 04 03:51:12 UTC 2026","15","1.1 Team Hummingbird - BFF | WLW app","Technical Tests","search-controller","GET /public_api/search/autoComplete [NEG] Expired Token","","GET /public_api/search/autoComplete [NEG] Expired Token",""
"failed","Tue Aug 04 03:50:55 UTC 2026","Tue Aug 04 03:50:55 UTC 2026","13","1.1 Team Hummingbird - BFF | WLW app","Technical Tests","conversation-controller","GET /public_api/conversation/userConversations/{userId}/unreadCount/ [NEG] Expired Token","","GET /public_api/conversation/userConversations/{userId}/unreadCount/ [NEG] Expired Token",""
"passed","Tue Aug 04 03:51:24 UTC 2026","Tue Aug 04 03:51:24 UTC 2026","0","4. Team CRM |CRM Staging","Business Scenarios Tests","Contacts","Smoke test for Create Contact & Verify HubSpot Sync","","Smoke test for Create Contact & Verify HubSpot Sync",""
"passed","Tue Aug 04 03:51:22 UTC 2026","Tue Aug 04 03:51:23 UTC 2026","137","4. Team CRM |CRM Staging","Business Scenarios Tests","Lead","Lead-duplicateCheck - without dupicates","","Lead-duplicateCheck - without dupicates",""
"failed","Tue Aug 04 03:51:16 UTC 2026","Tue Aug 04 03:51:16 UTC 2026","9","1.1 Team Hummingbird - BFF | WLW app","Technical Tests","supplier-visitors-controller","GET /public_api/suppliers/{supplier_id}/visits [NEG] Forbidden Role Token","","GET /public_api/suppliers/{supplier_id}/visits [NEG] Forbidden Role Token",""
"passed","Tue Aug 04 03:50:53 UTC 2026","Tue Aug 04 03:50:54 UTC 2026","33","1.1 Team Hummingbird - BFF | WLW app","Technical Tests","conversation-controller","POST /public_api/conversation/userConversations/{conversationId}/messages/file/ [NEG] Forbidden Role Token","","POST /public_api/conversation/userConversations/{conversationId}/messages/file/ [NEG] Forbidden Role Token",""
"failed","Tue Aug 04 03:50:50 UTC 2026","Tue Aug 04 03:50:50 UTC 2026","16","1.1 Team Hummingbird - BFF | WLW app","Technical Tests","company-controller","GET /public_api/company [SEC] Injection Probe","","GET /public_api/company [SEC] Injection Probe",""
"skipped","Tue Aug 04 03:51:03 UTC 2026","Tue Aug 04 03:51:03 UTC 2026","0","7. Team Pegasus | Pegasus Staging","Endpoints Tests","Supplier Registration","EP","","keywords - Search for keywords",""
"passed","Tue Aug 04 03:50:59 UTC 2026","Tue Aug 04 03:50:59 UTC 2026","25","1.1 Team Hummingbird - BFF | WLW app","Technical Tests","feedback-controller","POST /feedback [NEG] Expired Token","","POST /feedback [NEG] Expired Token",""
"passed","Tue Aug 04 03:51:13 UTC 2026","Tue Aug 04 03:51:13 UTC 2026","30","1.1 Team Hummingbird - BFF | WLW app","Technical Tests","search-controller","GET /public_api/search/ai/tabChange [NEG] Forbidden Role Token","","GET /public_api/search/ai/tabChange [NEG] Forbidden Role Token",""
"failed","Tue Aug 04 03:50:55 UTC 2026","Tue Aug 04 03:50:55 UTC 2026","10","1.1 Team Hummingbird - BFF | WLW app","Technical Tests","conversation-controller","GET /public_api/conversation/userConversations/{userId}/unreadCount [NEG] Forbidden Role Token","","GET /public_api/conversation/userConversations/{userId}/unreadCount [NEG] Forbidden Role Token",""
"skipped","Tue Aug 04 03:56:23 UTC 2026","Tue Aug 04 03:56:23 UTC 2026","0","3 Team Techno - UCL","Technical Tests","Membership","GET /unified_commercial_logic/internal_api/api/membership/{id} - Retrieve Membership fields By ID","","GET /unified_commercial_logic/internal_api/api/membership/{id} - Retrieve Membership fields By ID",""
"skipped","Tue Aug 04 03:51:03 UTC 2026","Tue Aug 04 03:51:03 UTC 2026","0","7. Team Pegasus | Pegasus Staging","Endpoints Tests","Supplier Registration","Manual VAT check","","Import vat",""
"passed","Tue Aug 04 03:49:59 UTC 2026","Tue Aug 04 03:49:59 UTC 2026","136","1 Team Hummingbird - BFF | EP app","Endpoint tests","Homepage, products","product recommendations DE","","product recommendations DE",""
"passed","Tue Aug 04 03:51:09 UTC 2026","Tue Aug 04 03:51:09 UTC 2026","29","1.1 Team Hummingbird - BFF | WLW app","Technical Tests","rfq-controller","POST /public_api/connect/purchaser/tenders","","POST /public_api/connect/purchaser/tenders",""
"failed","Tue Aug 04 03:49:54 UTC 2026","Tue Aug 04 03:49:54 UTC 2026","52","1 Team Hummingbird - BFF | EP app","Endpoint tests","Login","extend session","","extend session",""
"passed","Tue Aug 04 03:51:24 UTC 2026","Tue Aug 04 03:51:24 UTC 2026","0","4. Team CRM |CRM Staging","Business Scenarios Tests","Contacts","Smoke test for Create Contact & Verify HubSpot Sync","","Smoke test for Create Contact & Verify HubSpot Sync",""
"passed","Tue Aug 04 03:50:40 UTC 2026","Tue Aug 04 03:50:40 UTC 2026","48","1.1 Team Hummingbird - BFF | WLW app","Endpoint tests","Company","search company products","","search company products",""
"broken","Tue Aug 04 03:57:37 UTC 2026","Tue Aug 04 03:57:57 UTC 2026","20019","Dolphin","Technical","","","recallSpecialCharQueryTest","AI Search recall: special-character query structure OK",""
"skipped","Tue Aug 04 03:56:23 UTC 2026","Tue Aug 04 03:56:23 UTC 2026","0","3 Team Techno - UCL","Functional Tests","Endpoint Tests","Organization","","get organization for the given supplier_facts_uuid",""
"passed","Tue Aug 04 03:49:36 UTC 2026","Tue Aug 04 03:49:36 UTC 2026","80","2 Team Dragon - BFF | RFQ Backend","Functional Tests","(root)","GET /v1/rfqs/{rfqId} - Success or 404","","GET /v1/rfqs/{rfqId} - Success or 404",""
"broken","Tue Aug 04 03:52:56 UTC 2026","Tue Aug 04 03:53:16 UTC 2026","20023","Dolphin","Technical","","","pvMatchTest","AI Search PV match (supplierAiMatch) API",""
"passed","Tue Aug 04 03:51:10 UTC 2026","Tue Aug 04 03:51:10 UTC 2026","16","1.1 Team Hummingbird - BFF | WLW app","Technical Tests","rfq-marketing-controller","POST /public_api/rfq-marketing/trigger [NEG] Missing Auth/API-Key","","POST /public_api/rfq-marketing/trigger [NEG] Missing Auth/API-Key",""
"passed","Tue Aug 04 04:00:55 UTC 2026","Tue Aug 04 04:00:56 UTC 2026","1208","Dolphin","Technical","","","productTextSearchSecondPageTest","AI product text search recall: pagination page 2",""
"passed","Tue Aug 04 04:01:04 UTC 2026","Tue Aug 04 04:01:04 UTC 2026","84","Dolphin","Technical","","","sameStoreProductRecommendTest","product same store recommend -- wlw",""
"passed","Tue Aug 04 03:49:55 UTC 2026","Tue Aug 04 03:49:55 UTC 2026","14","1 Team Hummingbird - BFF | EP app","Endpoint tests","Support","Support FAQ_FR","","Support FAQ_FR",""
"passed","Tue Aug 04 03:50:51 UTC 2026","Tue Aug 04 03:50:51 UTC 2026","18","1.1 Team Hummingbird - BFF | WLW app","Technical Tests","conversation-controller","PUT /public_api/conversation/userConversations/{conversationId}/tag [NEG] Missing Auth/API-Key","","PUT /public_api/conversation/userConversations/{conversationId}/tag [NEG] Missing Auth/API-Key",""
"failed","Tue Aug 04 03:50:49 UTC 2026","Tue Aug 04 03:50:49 UTC 2026","13","1.1 Team Hummingbird - BFF | WLW app","Technical Tests","company-controller","GET /public_api/company","","GET /public_api/company",""
"passed","Tue Aug 04 03:51:24 UTC 2026","Tue Aug 04 03:51:25 UTC 2026","299","4. Team CRM |CRM Staging","Business Scenarios Tests","Platform Profile","Update Platform Profile","","Update Platform Profile",""
"failed","Tue Aug 04 03:49:37 UTC 2026","Tue Aug 04 03:49:37 UTC 2026","15","2 Team Dragon - BFF | RFQ Backend","Technical Tests","(root)","POST /v1/rfqs/{rfqId}/respond - Multipart Upload + Schema + Security","","POST /v1/rfqs/{rfqId}/respond - Multipart Upload + Schema + Security",""
"passed","Tue Aug 04 03:51:20 UTC 2026","Tue Aug 04 03:51:20 UTC 2026","186","4. Team CRM |CRM Staging","Business Scenarios Tests","Account","Smoke test : Account + Contact + SAP","","Smoke test : Account + Contact + SAP",""
"failed","Tue Aug 04 03:50:51 UTC 2026","Tue Aug 04 03:50:51 UTC 2026","13","1.1 Team Hummingbird - BFF | WLW app","Technical Tests","conversation-controller","PUT /public_api/conversation/userConversations/{conversationId}/messages/markAsRead [NEG] Expired Token","","PUT /public_api/conversation/userConversations/{conversationId}/messages/markAsRead [NEG] Expired Token",""
"broken","Tue Aug 04 03:58:38 UTC 2026","Tue Aug 04 03:58:58 UTC 2026","20018","Dolphin","Technical","","","recallWhitespaceQueryTest","AI Search recall: whitespace-only query → business failure",""
"passed","Tue Aug 04 03:51:05 UTC 2026","Tue Aug 04 03:51:05 UTC 2026","33","1.1 Team Hummingbird - BFF | WLW app","Technical Tests","product-controller","GET /public_api/products/{productId} [NEG] Expired Token","","GET /public_api/products/{productId} [NEG] Expired Token",""
"skipped","Tue Aug 04 03:50:37 UTC 2026","Tue Aug 04 03:50:37 UTC 2026","0","1.1 Team Hummingbird - BFF | WLW app","Business Scenario Tests","(empty)","(empty)","","Business Scenario Tests - empty",""
"passed","Tue Aug 04 03:51:27 UTC 2026","Tue Aug 04 03:51:27 UTC 2026","70","4. Team CRM |CRM Staging","Endpoints Tests","(root)","resolve individual id","","resolve individual id",""
"passed","Tue Aug 04 03:51:18 UTC 2026","Tue Aug 04 03:51:18 UTC 2026","28","1.1 Team Hummingbird - BFF | WLW app","Technical Tests","trending-products-controller","GET /public_api/trending/notifications","","GET /public_api/trending/notifications",""
"failed","Tue Aug 04 03:50:49 UTC 2026","Tue Aug 04 03:50:49 UTC 2026","13","1.1 Team Hummingbird - BFF | WLW app","Technical Tests","company-controller","GET /public_api/suppliers/{companyID}/listings","","GET /public_api/suppliers/{companyID}/listings",""
"skipped","Tue Aug 04 03:51:03 UTC 2026","Tue Aug 04 03:51:03 UTC 2026","0","7. Team Pegasus | Pegasus Staging","Business Scenarios Tests","Visitors","Statistics visitor drill-down","","CSV creation",""
"failed","Tue Aug 04 03:50:55 UTC 2026","Tue Aug 04 03:50:55 UTC 2026","13","1.1 Team Hummingbird - BFF | WLW app","Technical Tests","conversation-controller","GET /public_api/conversation/userConversations/{userId}/unreadCount/ [NEG] Forbidden Role Token","","GET /public_api/conversation/userConversations/{userId}/unreadCount/ [NEG] Forbidden Role Token",""
"passed","Tue Aug 04 03:50:41 UTC 2026","Tue Aug 04 03:50:42 UTC 2026","591","1.1 Team Hummingbird - BFF | WLW app","Endpoint tests","Search","Product Search DE","","Product Search DE",""
"failed","Tue Aug 04 03:50:56 UTC 2026","Tue Aug 04 03:50:56 UTC 2026","9","1.1 Team Hummingbird - BFF | WLW app","Technical Tests","conversation-controller","GET /public_api/conversation/userConversations/{conversationId}/file [SEC] Injection Probe","","GET /public_api/conversation/userConversations/{conversationId}/file [SEC] Injection Probe",""
"passed","Tue Aug 04 03:50:53 UTC 2026","Tue Aug 04 03:50:53 UTC 2026","28","1.1 Team Hummingbird - BFF | WLW app","Technical Tests","conversation-controller","POST /public_api/conversation/userConversations/{conversationId}/messages/file/","","POST /public_api/conversation/userConversations/{conversationId}/messages/file/",""
"passed","Tue Aug 04 03:50:37 UTC 2026","Tue Aug 04 03:50:38 UTC 2026","459","1.1 Team Hummingbird - BFF | WLW app","Endpoint tests","Login","user Info","","user Info",""
"passed","Tue Aug 04 03:51:19 UTC 2026","Tue Aug 04 03:51:19 UTC 2026","453","4. Team CRM |CRM Staging","Business Scenarios Tests","Account","Update Account","","Update Account",""
"failed","Tue Aug 04 03:50:49 UTC 2026","Tue Aug 04 03:50:49 UTC 2026","14","1.1 Team Hummingbird - BFF | WLW app","Technical Tests","company-controller","GET /public_api/suppliers/{companyID}/listings [NEG] Forbidden Role Token","","GET /public_api/suppliers/{companyID}/listings [NEG] Forbidden Role Token",""
"skipped","Tue Aug 04 03:51:03 UTC 2026","Tue Aug 04 03:51:03 UTC 2026","0","7. Team Pegasus | Pegasus Staging","Spike | Profiles link user to company","(root)","04 OAuth — User Storage token","","04 OAuth — User Storage token",""
"passed","Tue Aug 04 04:01:03 UTC 2026","Tue Aug 04 04:01:03 UTC 2026","27","Dolphin","Technical","","","getLandingPageProductListTest","get Landing page Product List for seo",""
"passed","Tue Aug 04 03:51:01 UTC 2026","Tue Aug 04 03:51:01 UTC 2026","32","1.1 Team Hummingbird - BFF | WLW app","Technical Tests","login-controller","POST /public_api/auth/sso/login [NEG] Forbidden Role Token","","POST /public_api/auth/sso/login [NEG] Forbidden Role Token",""
"passed","Tue Aug 04 03:49:56 UTC 2026","Tue Aug 04 03:49:56 UTC 2026","16","1 Team Hummingbird - BFF | EP app","Endpoint tests","Mobile_Feedback","Feedback Subject_EN","","Feedback Subject_EN",""
"failed","Tue Aug 04 03:50:00 UTC 2026","Tue Aug 04 03:50:00 UTC 2026","284","1 Team Hummingbird - BFF | EP app","Endpoint tests","Conversations","user conversations to decline request","","user conversations to decline request",""
"passed","Tue Aug 04 03:50:52 UTC 2026","Tue Aug 04 03:50:52 UTC 2026","33","1.1 Team Hummingbird - BFF | WLW app","Technical Tests","conversation-controller","GET /public_api/conversation/userConversations/{conversationId}/messages [SEC] Injection Probe","","GET /public_api/conversation/userConversations/{conversationId}/messages [SEC] Injection Probe",""
"passed","Tue Aug 04 03:51:00 UTC 2026","Tue Aug 04 03:51:00 UTC 2026","31","1.1 Team Hummingbird - BFF | WLW app","Technical Tests","help-and-support-controller","POST /help [NEG] Forbidden Role Token","","POST /help [NEG] Forbidden Role Token",""
"passed","Tue Aug 04 03:51:08 UTC 2026","Tue Aug 04 03:51:08 UTC 2026","32","1.1 Team Hummingbird - BFF | WLW app","Technical Tests","purchaser-user-setting-controller","POST /userSetting","","POST /userSetting",""
"skipped","Tue Aug 04 03:51:03 UTC 2026","Tue Aug 04 03:51:03 UTC 2026","0","7. Team Pegasus | Pegasus Staging","Business Scenarios Tests","Supplier Facts","API register, publish, and verify in UI","","2. Complete registration (user + company)",""
"skipped","Tue Aug 04 03:56:23 UTC 2026","Tue Aug 04 03:56:23 UTC 2026","0","3 Team Techno - UCL","Functional Tests","Endpoint Tests","membership","","get all active membership for uuid not platform specific",""
"failed","Tue Aug 04 03:51:19 UTC 2026","Tue Aug 04 03:51:19 UTC 2026","431","4. Team CRM |CRM Staging","Business Scenarios Tests","Account","Verify HubSpot Sync","","Verify HubSpot Sync",""
"passed","Tue Aug 04 03:51:06 UTC 2026","Tue Aug 04 03:51:07 UTC 2026","30","1.1 Team Hummingbird - BFF | WLW app","Technical Tests","purchaser-user-setting-controller","PUT /userSetting/{id}","","PUT /userSetting/{id}",""
"passed","Tue Aug 04 03:51:01 UTC 2026","Tue Aug 04 03:51:01 UTC 2026","15","1.1 Team Hummingbird - BFF | WLW app","Technical Tests","login-controller","POST /public_api/auth/resetPassword [NEG] Missing Auth/API-Key","","POST /public_api/auth/resetPassword [NEG] Missing Auth/API-Key",""
