"Status","Start Time","Stop Time","Duration in ms","Parent Suite","Suite","Sub Suite","Test Class","Test Method","Name","Description"
"passed","Fri Aug 07 03:11:07 UTC 2026","Fri Aug 07 03:11:08 UTC 2026","1702","1.1 Team Hummingbird - BFF | WLW app","Endpoint tests","Visitor profiler","Visits","","Visits",""
"passed","Fri Aug 07 03:11:37 UTC 2026","Fri Aug 07 03:11:37 UTC 2026","32","1.1 Team Hummingbird - BFF | WLW app","Technical Tests","search-term-controller","PUT /public_api/search/notification-opened","","PUT /public_api/search/notification-opened",""
"broken","Fri Aug 07 03:11:58 UTC 2026","Fri Aug 07 03:12:18 UTC 2026","20012","Dolphin","Technical","","","recallLongQueryTruncationTest","AI Search recall: long query truncated, still success",""
"skipped","Fri Aug 07 03:09:08 UTC 2026","Fri Aug 07 03:09:08 UTC 2026","0","7. Team Pegasus | Pegasus Staging","Endpoints Tests","Supplier Registration","EP","","business_sectors - Get business sectors",""
"failed","Fri Aug 07 03:11:39 UTC 2026","Fri Aug 07 03:11:39 UTC 2026","83","4. Team CRM |CRM Staging","Business Scenarios Tests","Lead","Update a Lead","","Update a Lead",""
"skipped","Fri Aug 07 03:09:08 UTC 2026","Fri Aug 07 03:09:08 UTC 2026","0","7. Team Pegasus | Pegasus Staging","Endpoints Tests","Membership Management (PGS-861)","POST /companies — create with UTM (PGS-861)","","POST /companies — create with UTM (PGS-861)",""
"passed","Fri Aug 07 03:11:04 UTC 2026","Fri Aug 07 03:11:05 UTC 2026","1074","1.1 Team Hummingbird - BFF | WLW app","Endpoint tests","Search","Product Search DE","","Product Search DE",""
"passed","Fri Aug 07 03:11:25 UTC 2026","Fri Aug 07 03:11:25 UTC 2026","34","1.1 Team Hummingbird - BFF | WLW app","Technical Tests","login-controller","POST /public_api/auth/password/login [NEG] Expired Token","","POST /public_api/auth/password/login [NEG] Expired Token",""
"failed","Fri Aug 07 03:11:18 UTC 2026","Fri Aug 07 03:11:18 UTC 2026","15","1.1 Team Hummingbird - BFF | WLW app","Technical Tests","conversation-controller","GET /public_api/conversation/userConversations/{conversationId} [NEG] Expired Token","","GET /public_api/conversation/userConversations/{conversationId} [NEG] Expired Token",""
"passed","Fri Aug 07 03:11:11 UTC 2026","Fri Aug 07 03:11:11 UTC 2026","34","1.1 Team Hummingbird - BFF | WLW app","Technical Tests","categories-controller","GET /public_api/categories/homepage [NEG] Expired Token","","GET /public_api/categories/homepage [NEG] Expired Token",""
"failed","Fri Aug 07 03:11:07 UTC 2026","Fri Aug 07 03:11:07 UTC 2026","705","1.1 Team Hummingbird - BFF | WLW app","Endpoint tests","Visitor profiler","Visitor ID","","Visitor ID",""
"passed","Fri Aug 07 03:18:17 UTC 2026","Fri Aug 07 03:18:17 UTC 2026","35","Dolphin","Technical","","","getCategoryListWlwTest","v-recommend category list -- wlw, full categories",""
"failed","Fri Aug 07 03:11:43 UTC 2026","Fri Aug 07 03:11:43 UTC 2026","78","4. Team CRM |CRM Staging","Endpoints Tests","(root)","Create Note with sf id","","Create Note with sf id",""
"passed","Fri Aug 07 03:18:13 UTC 2026","Fri Aug 07 03:18:14 UTC 2026","1024","Dolphin","Technical","","","productTextSearchSpecialCharTest","AI product text search recall: special-character query",""
"passed","Fri Aug 07 03:11:13 UTC 2026","Fri Aug 07 03:11:13 UTC 2026","30","1.1 Team Hummingbird - BFF | WLW app","Technical Tests","contact-form-controller","POST /public_api/contact-form/messages","","POST /public_api/contact-form/messages",""
"failed","Fri Aug 07 03:11:13 UTC 2026","Fri Aug 07 03:11:13 UTC 2026","16","1.1 Team Hummingbird - BFF | WLW app","Technical Tests","conversation-controller","PUT /public_api/conversation/userConversations/{conversationId}/messages/markAsRead","","PUT /public_api/conversation/userConversations/{conversationId}/messages/markAsRead",""
"skipped","Fri Aug 07 03:09:08 UTC 2026","Fri Aug 07 03:09:08 UTC 2026","0","7. Team Pegasus | Pegasus Staging","Endpoints Tests","Business Insights","Subscription","","Subscription",""
"passed","Fri Aug 07 03:11:41 UTC 2026","Fri Aug 07 03:11:41 UTC 2026","15","1.1 Team Hummingbird - BFF | WLW app","Technical Tests","user-controller","GET /public_api/user/userInfo [NEG] Missing Auth/API-Key","","GET /public_api/user/userInfo [NEG] Missing Auth/API-Key",""
"failed","Fri Aug 07 03:11:18 UTC 2026","Fri Aug 07 03:11:18 UTC 2026","14","1.1 Team Hummingbird - BFF | WLW app","Technical Tests","conversation-controller","GET /public_api/conversation/userConversations/{conversationId}","","GET /public_api/conversation/userConversations/{conversationId}",""
"passed","Fri Aug 07 03:11:32 UTC 2026","Fri Aug 07 03:11:32 UTC 2026","33","1.1 Team Hummingbird - BFF | WLW app","Technical Tests","rfq-controller","POST /public_api/connect/purchaser/tenders/ [NEG] Forbidden Role Token","","POST /public_api/connect/purchaser/tenders/ [NEG] Forbidden Role Token",""
"failed","Fri Aug 07 03:11:19 UTC 2026","Fri Aug 07 03:11:19 UTC 2026","13","1.1 Team Hummingbird - BFF | WLW app","Technical Tests","conversation-controller","GET /public_api/conversation/userConversations/{conversationId}/file [NEG] Forbidden Role Token","","GET /public_api/conversation/userConversations/{conversationId}/file [NEG] Forbidden Role Token",""
"passed","Fri Aug 07 03:11:05 UTC 2026","Fri Aug 07 03:11:05 UTC 2026","44","1.1 Team Hummingbird - BFF | WLW app","Endpoint tests","Homepage, products","preferred categories","","preferred categories",""
"failed","Fri Aug 07 03:11:27 UTC 2026","Fri Aug 07 03:11:27 UTC 2026","12","1.1 Team Hummingbird - BFF | WLW app","Technical Tests","product-controller","GET /public_api/products [SEC] Injection Probe","","GET /public_api/products [SEC] Injection Probe",""
"failed","Fri Aug 07 03:11:33 UTC 2026","Fri Aug 07 03:11:33 UTC 2026","13","1.1 Team Hummingbird - BFF | WLW app","Technical Tests","search-controller","GET /public_api/suppliers/recommendations [SEC] Injection Probe","","GET /public_api/suppliers/recommendations [SEC] Injection Probe",""
"passed","Fri Aug 07 03:11:29 UTC 2026","Fri Aug 07 03:11:29 UTC 2026","35","1.1 Team Hummingbird - BFF | WLW app","Technical Tests","purchaser-user-setting-controller","PUT /userSetting/{id} [NEG] Expired Token","","PUT /userSetting/{id} [NEG] Expired Token",""
"skipped","Fri Aug 07 03:09:08 UTC 2026","Fri Aug 07 03:09:08 UTC 2026","0","7. Team Pegasus | Pegasus Staging","Business Scenarios Tests","Business Insights","Dashboard smoke flow","","Set User Activity",""
"broken","Fri Aug 07 03:10:17 UTC 2026","Fri Aug 07 03:10:37 UTC 2026","20018","Dolphin","Technical","","","pvMatchTest","AI Search PV match (supplierAiMatch) API",""
"passed","Fri Aug 07 03:11:08 UTC 2026","Fri Aug 07 03:11:08 UTC 2026","19","1.1 Team Hummingbird - BFF | WLW app","Technical Tests","ai-company-search-controller","POST /public_api/search/ai/supplier/recall [NEG] Missing Auth/API-Key","","POST /public_api/search/ai/supplier/recall [NEG] Missing Auth/API-Key",""
"passed","Fri Aug 07 03:11:03 UTC 2026","Fri Aug 07 03:11:03 UTC 2026","59","1.1 Team Hummingbird - BFF | WLW app","Endpoint tests","Company","search company products","","search company products",""
"failed","Fri Aug 07 03:11:31 UTC 2026","Fri Aug 07 03:11:31 UTC 2026","12","1.1 Team Hummingbird - BFF | WLW app","Technical Tests","push-notification-by-email-controller","PUT /v1/pushNotification [NEG] Missing Auth/API-Key","","PUT /v1/pushNotification [NEG] Missing Auth/API-Key",""
"failed","Fri Aug 07 03:11:31 UTC 2026","Fri Aug 07 03:11:31 UTC 2026","12","1.1 Team Hummingbird - BFF | WLW app","Technical Tests","push-notification-by-email-controller","GET /v1/pushNotification [NEG] Expired Token","","GET /v1/pushNotification [NEG] Expired Token",""
"failed","Fri Aug 07 03:11:33 UTC 2026","Fri Aug 07 03:11:33 UTC 2026","12","1.1 Team Hummingbird - BFF | WLW app","Technical Tests","search-controller","GET /public_api/suppliers/recommendations [NEG] Expired Token","","GET /public_api/suppliers/recommendations [NEG] Expired Token",""
"skipped","Fri Aug 07 03:09:08 UTC 2026","Fri Aug 07 03:09:08 UTC 2026","0","7. Team Pegasus | Pegasus Staging","Endpoints Tests","Supplier Registration","One Platform — User Profile API","","Get Profile by ID",""
"passed","Fri Aug 07 03:11:07 UTC 2026","Fri Aug 07 03:11:07 UTC 2026","42","1.1 Team Hummingbird - BFF | WLW app","Technical Tests","ab-test-record-controller","POST /public_api/abtest/record [NEG] Forbidden Role Token","","POST /public_api/abtest/record [NEG] Forbidden Role Token",""
"passed","Fri Aug 07 03:11:38 UTC 2026","Fri Aug 07 03:11:38 UTC 2026","32","1.1 Team Hummingbird - BFF | WLW app","Technical Tests","supplier-visitors-controller","GET /public_api/suppliers/{supplier_id}/visits/{id} [NEG] Expired Token","","GET /public_api/suppliers/{supplier_id}/visits/{id} [NEG] Expired Token",""
"passed","Fri Aug 07 03:11:39 UTC 2026","Fri Aug 07 03:11:39 UTC 2026","117","4. Team CRM |CRM Staging","Business Scenarios Tests","Lead","Smoke test for Conversion","","Smoke test for Conversion",""
"failed","Fri Aug 07 03:11:45 UTC 2026","Fri Aug 07 03:11:45 UTC 2026","87","4. Team CRM |CRM Staging","Endpoints Tests","(root)","get company data via CRM id","","get company data via CRM id",""
"failed","Fri Aug 07 03:11:11 UTC 2026","Fri Aug 07 03:11:11 UTC 2026","13","1.1 Team Hummingbird - BFF | WLW app","Technical Tests","company-controller","GET /public_api/suppliers/{companyID}/listings [NEG] Expired Token","","GET /public_api/suppliers/{companyID}/listings [NEG] Expired Token",""
"passed","Fri Aug 07 03:11:40 UTC 2026","Fri Aug 07 03:11:40 UTC 2026","0","4. Team CRM |CRM Staging","Business Scenarios Tests","Contacts","Smoke test for Create Contact & Verify HubSpot Sync","","Smoke test for Create Contact & Verify HubSpot Sync",""
"failed","Fri Aug 07 03:10:05 UTC 2026","Fri Aug 07 03:10:05 UTC 2026","0","1 Team Hummingbird - BFF | EP app","Endpoint tests","Visitor profiler","download visitors csv","","download visitors csv",""
"passed","Fri Aug 07 03:11:00 UTC 2026","Fri Aug 07 03:11:00 UTC 2026","597","1.1 Team Hummingbird - BFF | WLW app","Endpoint tests","Login","user Info","","user Info",""
"passed","Fri Aug 07 03:11:15 UTC 2026","Fri Aug 07 03:11:15 UTC 2026","34","1.1 Team Hummingbird - BFF | WLW app","Technical Tests","conversation-controller","POST /public_api/conversation/userConversations/{conversationId}/messages [NEG] Forbidden Role Token","","POST /public_api/conversation/userConversations/{conversationId}/messages [NEG] Forbidden Role Token",""
"skipped","Fri Aug 07 03:09:08 UTC 2026","Fri Aug 07 03:09:08 UTC 2026","0","7. Team Pegasus | Pegasus Staging","Endpoints Tests","Visitors","Elixir (supplier-app)","","Visitor details",""
"skipped","Fri Aug 07 03:14:01 UTC 2026","Fri Aug 07 03:14:01 UTC 2026","0","3 Team Techno - UCL","Technical Tests","Membership","GET /unified_commercial_logic/internal_api/api/membership/v2 - Retrieve Membership V2 List","","GET /unified_commercial_logic/internal_api/api/membership/v2 - Retrieve Membership V2 List",""
"passed","Fri Aug 07 03:18:16 UTC 2026","Fri Aug 07 03:18:16 UTC 2026","78","Dolphin","Technical","","","EPPCppProductRecommendTest","recommend products in CPP -- ep",""
"passed","Fri Aug 07 03:11:38 UTC 2026","Fri Aug 07 03:11:42 UTC 2026","3937","4. Team CRM |CRM Staging","Business Scenarios Tests","Disable Hubspot","Change Hubspot to true","","Change Hubspot to true",""
"passed","Fri Aug 07 03:11:37 UTC 2026","Fri Aug 07 03:11:39 UTC 2026","2379","4. Team CRM |CRM Staging","Business Scenarios Tests","Create and edit a contact","Create contact","","Create contact",""
"failed","Fri Aug 07 03:10:03 UTC 2026","Fri Aug 07 03:10:03 UTC 2026","134","1 Team Hummingbird - BFF | EP app","Endpoint tests","Homepage, products","product recommendations EN","","product recommendations EN",""
"failed","Fri Aug 07 03:11:18 UTC 2026","Fri Aug 07 03:11:18 UTC 2026","13","1.1 Team Hummingbird - BFF | WLW app","Technical Tests","conversation-controller","GET /public_api/conversation/userConversations/{conversationId}/file","","GET /public_api/conversation/userConversations/{conversationId}/file",""
"passed","Fri Aug 07 03:11:41 UTC 2026","Fri Aug 07 03:11:41 UTC 2026","35","1.1 Team Hummingbird - BFF | WLW app","Technical Tests","user-controller","GET /public_api/user/userInfo [NEG] Expired Token","","GET /public_api/user/userInfo [NEG] Expired Token",""
"passed","Fri Aug 07 03:09:58 UTC 2026","Fri Aug 07 03:09:58 UTC 2026","136","1 Team Hummingbird - BFF | EP app","Endpoint tests","Login","forgot password","","forgot password",""
"failed","Fri Aug 07 03:11:36 UTC 2026","Fri Aug 07 03:11:36 UTC 2026","11","1.1 Team Hummingbird - BFF | WLW app","Technical Tests","search-controller","GET /public_api/products/recommendations [NEG] Forbidden Role Token","","GET /public_api/products/recommendations [NEG] Forbidden Role Token",""
"skipped","Fri Aug 07 03:14:01 UTC 2026","Fri Aug 07 03:14:01 UTC 2026","0","3 Team Techno - UCL","Technical Tests","WebsiteLead","GET /unified_commercial_logic/internal_api/api/website_lead/{id} - Retrieve WebsiteLead By ID","","GET /unified_commercial_logic/internal_api/api/website_lead/{id} - Retrieve WebsiteLead By ID",""
"passed","Fri Aug 07 03:11:41 UTC 2026","Fri Aug 07 03:11:42 UTC 2026","531","4. Team CRM |CRM Staging","Business Scenarios Tests","Cases","Smoke Test for Case Creation","","Smoke Test for Case Creation",""
"failed","Fri Aug 07 03:11:39 UTC 2026","Fri Aug 07 03:11:39 UTC 2026","14","1.1 Team Hummingbird - BFF | WLW app","Technical Tests","supplier-visitors-controller","GET /public_api/suppliers/{supplier_id}/visits/csv [NEG] Missing Auth/API-Key","","GET /public_api/suppliers/{supplier_id}/visits/csv [NEG] Missing Auth/API-Key",""
"failed","Fri Aug 07 03:11:09 UTC 2026","Fri Aug 07 03:11:09 UTC 2026","14","1.1 Team Hummingbird - BFF | WLW app","Technical Tests","ai-company-search-controller","GET /public_api/search/ai/company/search [NEG] Expired Token","","GET /public_api/search/ai/company/search [NEG] Expired Token",""
"skipped","Fri Aug 07 03:09:08 UTC 2026","Fri Aug 07 03:09:08 UTC 2026","0","7. Team Pegasus | Pegasus Staging","Endpoints Tests","Supplier Registration","WLW","","categories - Endpoints for retrieving categories",""
"failed","Fri Aug 07 03:11:10 UTC 2026","Fri Aug 07 03:11:10 UTC 2026","14","1.1 Team Hummingbird - BFF | WLW app","Technical Tests","categories-controller","GET /preferred/categories","","GET /preferred/categories",""
"failed","Fri Aug 07 03:09:58 UTC 2026","Fri Aug 07 03:09:58 UTC 2026","69","1 Team Hummingbird - BFF | EP app","Endpoint tests","Login","extend session","","extend session",""
"passed","Fri Aug 07 03:08:35 UTC 2026","Fri Aug 07 03:08:35 UTC 2026","25","2 Team Dragon - BFF | RFQ Backend","Technical Tests","(root)","GET /v1/categories - CPV list (schema + contract)","","GET /v1/categories - CPV list (schema + contract)",""
"passed","Fri Aug 07 03:11:32 UTC 2026","Fri Aug 07 03:11:32 UTC 2026","22","1.1 Team Hummingbird - BFF | WLW app","Technical Tests","rfq-controller","POST /public_api/connect/purchaser/tenders/ [NEG] Missing Auth/API-Key","","POST /public_api/connect/purchaser/tenders/ [NEG] Missing Auth/API-Key",""
"failed","Fri Aug 07 03:11:10 UTC 2026","Fri Aug 07 03:11:10 UTC 2026","12","1.1 Team Hummingbird - BFF | WLW app","Technical Tests","categories-controller","GET /preferred/categories [NEG] Missing Auth/API-Key","","GET /preferred/categories [NEG] Missing Auth/API-Key",""
"passed","Fri Aug 07 03:09:15 UTC 2026","Fri Aug 07 03:09:15 UTC 2026","38","Bamboo","Functional","","","listTopCategoriesTest","list top Categories",""
"failed","Fri Aug 07 03:11:37 UTC 2026","Fri Aug 07 03:11:37 UTC 2026","14","1.1 Team Hummingbird - BFF | WLW app","Technical Tests","search-term-controller","POST /public_api/search/track","","POST /public_api/search/track",""
"passed","Fri Aug 07 03:18:17 UTC 2026","Fri Aug 07 03:18:17 UTC 2026","33","Dolphin","Technical","","","getCategoryListWlwWithPreferredSuperCategoryIdsTest","v-recommend category list -- wlw, with preferredSuperCategoryIds",""
"skipped","Fri Aug 07 03:09:08 UTC 2026","Fri Aug 07 03:09:08 UTC 2026","0","7. Team Pegasus | Pegasus Staging","Business Scenarios Tests","Business Insights","Dashboard smoke flow","","Traffic",""
"passed","Fri Aug 07 03:11:00 UTC 2026","Fri Aug 07 03:11:00 UTC 2026","189","1.1 Team Hummingbird - BFF | WLW app","Endpoint tests","Login","user Info","","user Info",""
"passed","Fri Aug 07 03:11:40 UTC 2026","Fri Aug 07 03:11:40 UTC 2026","0","4. Team CRM |CRM Staging","Business Scenarios Tests","Contacts","Smoke test for Create Contact & Verify HubSpot Sync","","Smoke test for Create Contact & Verify HubSpot Sync",""
"failed","Fri Aug 07 03:11:27 UTC 2026","Fri Aug 07 03:11:27 UTC 2026","13","1.1 Team Hummingbird - BFF | WLW app","Technical Tests","product-controller","GET /public_api/products","","GET /public_api/products",""
"passed","Fri Aug 07 03:11:25 UTC 2026","Fri Aug 07 03:11:25 UTC 2026","35","1.1 Team Hummingbird - BFF | WLW app","Technical Tests","login-controller","POST /public_api/auth/code/resend","","POST /public_api/auth/code/resend",""
"passed","Fri Aug 07 03:11:42 UTC 2026","Fri Aug 07 03:11:42 UTC 2026","84","4. Team CRM |CRM Staging","Endpoints Tests","(root)","get responsible user","","get responsible user",""
"failed","Fri Aug 07 03:11:39 UTC 2026","Fri Aug 07 03:11:39 UTC 2026","13","1.1 Team Hummingbird - BFF | WLW app","Technical Tests","supplier-visitors-controller","GET /public_api/suppliers/{supplier_id}/visits/csv","","GET /public_api/suppliers/{supplier_id}/visits/csv",""
"passed","Fri Aug 07 03:10:02 UTC 2026","Fri Aug 07 03:10:02 UTC 2026","576","1 Team Hummingbird - BFF | EP app","Endpoint tests","Search","search companies DE","","search companies DE",""
"skipped","Fri Aug 07 03:09:08 UTC 2026","Fri Aug 07 03:09:08 UTC 2026","0","7. Team Pegasus | Pegasus Staging","Endpoints Tests","Shop Import & Onboarding Backend","/offers/topCategories","","/offers/topCategories",""
"passed","Fri Aug 07 03:11:33 UTC 2026","Fri Aug 07 03:11:33 UTC 2026","112","4. Team CRM |CRM Staging","Business Scenarios Tests","Tasks","Verify Change","","Verify Change",""
"broken","Fri Aug 07 03:12:59 UTC 2026","Fri Aug 07 03:13:19 UTC 2026","20022","Dolphin","Technical","","","recallPageSizeOverMaxTest","AI Search recall: pageSize over max capped",""
"skipped","Fri Aug 07 03:14:01 UTC 2026","Fri Aug 07 03:14:01 UTC 2026","0","3 Team Techno - UCL","Functional Tests","Endpoint Tests","TopRanking","","get all active on wlw for the given uuid",""
"passed","Fri Aug 07 03:11:38 UTC 2026","Fri Aug 07 03:11:38 UTC 2026","34","1.1 Team Hummingbird - BFF | WLW app","Technical Tests","supplier-visitors-controller","GET /public_api/suppliers/{supplier_id}/visits/{id}","","GET /public_api/suppliers/{supplier_id}/visits/{id}",""
"passed","Fri Aug 07 03:10:00 UTC 2026","Fri Aug 07 03:10:00 UTC 2026","22","1 Team Hummingbird - BFF | EP app","Endpoint tests","Mobile_Feedback","Feedback Subject_DE","","Feedback Subject_DE",""
"failed","Fri Aug 07 03:11:39 UTC 2026","Fri Aug 07 03:11:39 UTC 2026","11","1.1 Team Hummingbird - BFF | WLW app","Technical Tests","supplier-visitors-controller","GET /public_api/suppliers/{supplier_id}/visits/csv [NEG] Forbidden Role Token","","GET /public_api/suppliers/{supplier_id}/visits/csv [NEG] Forbidden Role Token",""
"passed","Fri Aug 07 03:11:04 UTC 2026","Fri Aug 07 03:11:04 UTC 2026","694","1.1 Team Hummingbird - BFF | WLW app","Endpoint tests","Search","Product Search FR","","Product Search FR",""
"passed","Fri Aug 07 03:11:36 UTC 2026","Fri Aug 07 03:11:37 UTC 2026","220","4. Team CRM |CRM Staging","Business Scenarios Tests","Feedback","Trigger Feedback","","Trigger Feedback",""
"failed","Fri Aug 07 03:11:35 UTC 2026","Fri Aug 07 03:11:37 UTC 2026","1724","4. Team CRM |CRM Staging","Business Scenarios Tests","Account","Smoke Test Basic Account Creation","","Smoke Test Basic Account Creation",""
"failed","Fri Aug 07 03:11:06 UTC 2026","Fri Aug 07 03:11:06 UTC 2026","68","1.1 Team Hummingbird - BFF | WLW app","Endpoint tests","Conversations","File","","File",""
"passed","Fri Aug 07 03:11:41 UTC 2026","Fri Aug 07 03:11:42 UTC 2026","951","4. Team CRM |CRM Staging","Business Scenarios Tests","Products","Update Product","","Update Product",""
"passed","Fri Aug 07 03:11:41 UTC 2026","Fri Aug 07 03:11:42 UTC 2026","655","4. Team CRM |CRM Staging","Business Scenarios Tests","Meetings","Smoke Test for Meeting","","Smoke Test for Meeting",""
"passed","Fri Aug 07 03:11:37 UTC 2026","Fri Aug 07 03:11:37 UTC 2026","33","1.1 Team Hummingbird - BFF | WLW app","Technical Tests","search-term-controller","PUT /public_api/search/notification-opened [NEG] Forbidden Role Token","","PUT /public_api/search/notification-opened [NEG] Forbidden Role Token",""
"skipped","Fri Aug 07 03:14:01 UTC 2026","Fri Aug 07 03:14:01 UTC 2026","0","3 Team Techno - UCL","Technical Tests","Membership","GET /unified_commercial_logic/internal_api/api/membership/find_by_id/{id} - Retrieve Membership By ID","","GET /unified_commercial_logic/internal_api/api/membership/find_by_id/{id} - Retrieve Membership By ID",""
"passed","Fri Aug 07 03:11:15 UTC 2026","Fri Aug 07 03:11:15 UTC 2026","42","1.1 Team Hummingbird - BFF | WLW app","Technical Tests","conversation-controller","POST /public_api/conversation/userConversations/{conversationId}/messages [NEG] Expired Token","","POST /public_api/conversation/userConversations/{conversationId}/messages [NEG] Expired Token",""
"failed","Fri Aug 07 03:11:34 UTC 2026","Fri Aug 07 03:11:34 UTC 2026","15","1.1 Team Hummingbird - BFF | WLW app","Technical Tests","search-controller","GET /public_api/search/autoComplete [NEG] Missing Auth/API-Key","","GET /public_api/search/autoComplete [NEG] Missing Auth/API-Key",""
"failed","Fri Aug 07 03:11:12 UTC 2026","Fri Aug 07 03:11:12 UTC 2026","11","1.1 Team Hummingbird - BFF | WLW app","Technical Tests","company-controller","GET /public_api/company [NEG] Forbidden Role Token","","GET /public_api/company [NEG] Forbidden Role Token",""
"passed","Fri Aug 07 03:11:36 UTC 2026","Fri Aug 07 03:11:37 UTC 2026","896","4. Team CRM |CRM Staging","Business Scenarios Tests","Account","Create Account","","Create Account",""
"broken","Fri Aug 07 03:08:36 UTC 2026","Fri Aug 07 03:08:57 UTC 2026","20786","Dolphin","Technical","","","inferenceEmptySearchTextTest","AI Search inference: empty searchText still streams",""
"passed","Fri Aug 07 03:11:41 UTC 2026","Fri Aug 07 03:11:41 UTC 2026","16","1.1 Team Hummingbird - BFF | WLW app","Technical Tests","user-controller","PUT /public_api/user/userInfo [NEG] Missing Auth/API-Key","","PUT /public_api/user/userInfo [NEG] Missing Auth/API-Key",""
"passed","Fri Aug 07 03:11:33 UTC 2026","Fri Aug 07 03:11:34 UTC 2026","86","4. Team CRM |CRM Staging","Business Scenarios Tests","Contacts","Check Contact","","Check Contact",""
"failed","Fri Aug 07 03:11:37 UTC 2026","Fri Aug 07 03:11:37 UTC 2026","12","1.1 Team Hummingbird - BFF | WLW app","Technical Tests","search-term-controller","POST /public_api/search/track [NEG] Missing Auth/API-Key","","POST /public_api/search/track [NEG] Missing Auth/API-Key",""
"passed","Fri Aug 07 03:18:17 UTC 2026","Fri Aug 07 03:18:17 UTC 2026","107","Dolphin","Functional","","","getProductsByCategoryTest","popular in category -- getProductsByCategory",""
"passed","Fri Aug 07 03:11:22 UTC 2026","Fri Aug 07 03:11:22 UTC 2026","17","1.1 Team Hummingbird - BFF | WLW app","Technical Tests","help-and-support-controller","POST /help [NEG] Missing Auth/API-Key","","POST /help [NEG] Missing Auth/API-Key",""
"passed","Fri Aug 07 03:11:42 UTC 2026","Fri Aug 07 03:11:42 UTC 2026","84","4. Team CRM |CRM Staging","Endpoints Tests","(root)","get responsible user","","get responsible user",""
"passed","Fri Aug 07 03:09:59 UTC 2026","Fri Aug 07 03:09:59 UTC 2026","19","1 Team Hummingbird - BFF | EP app","Endpoint tests","Support","Support FAQ_EN","","Support FAQ_EN",""
"failed","Fri Aug 07 03:11:44 UTC 2026","Fri Aug 07 03:11:44 UTC 2026","63","4. Team CRM |CRM Staging","Endpoints Tests","(root)","Update Website Leads Fields with sf_id","","Update Website Leads Fields with sf_id",""
"passed","Fri Aug 07 03:11:08 UTC 2026","Fri Aug 07 03:11:08 UTC 2026","32","1.1 Team Hummingbird - BFF | WLW app","Technical Tests","ai-company-search-controller","POST /public_api/search/ai/supplier/pv-match [NEG] Expired Token","","POST /public_api/search/ai/supplier/pv-match [NEG] Expired Token",""
"passed","Fri Aug 07 03:18:00 UTC 2026","Fri Aug 07 03:18:00 UTC 2026","228","Dolphin","Technical","","","productTextSearchBlankQueryTest","AI product text search recall: blank query → empty success",""
"passed","Fri Aug 07 03:11:11 UTC 2026","Fri Aug 07 03:11:11 UTC 2026","47","1.1 Team Hummingbird - BFF | WLW app","Technical Tests","categories-controller","GET /public_api/categories/homepage [NEG] Forbidden Role Token","","GET /public_api/categories/homepage [NEG] Forbidden Role Token",""
"failed","Fri Aug 07 03:11:16 UTC 2026","Fri Aug 07 03:11:16 UTC 2026","12","1.1 Team Hummingbird - BFF | WLW app","Technical Tests","conversation-controller","GET /public_api/conversation/userConversations [NEG] Missing Auth/API-Key","","GET /public_api/conversation/userConversations [NEG] Missing Auth/API-Key",""
"failed","Fri Aug 07 03:11:11 UTC 2026","Fri Aug 07 03:11:11 UTC 2026","13","1.1 Team Hummingbird - BFF | WLW app","Technical Tests","company-controller","GET /public_api/suppliers/{companyID}/listings [NEG] Forbidden Role Token","","GET /public_api/suppliers/{companyID}/listings [NEG] Forbidden Role Token",""
"passed","Fri Aug 07 03:11:41 UTC 2026","Fri Aug 07 03:11:42 UTC 2026","951","4. Team CRM |CRM Staging","Business Scenarios Tests","Products","Update Product","","Update Product",""
"skipped","Fri Aug 07 03:14:01 UTC 2026","Fri Aug 07 03:14:01 UTC 2026","0","3 Team Techno - UCL","Functional Tests","Endpoint Tests","WebsiteLead","","get all active on ep for given existing uuid",""
"failed","Fri Aug 07 03:11:34 UTC 2026","Fri Aug 07 03:11:34 UTC 2026","12","1.1 Team Hummingbird - BFF | WLW app","Technical Tests","search-controller","GET /public_api/search/products","","GET /public_api/search/products",""
"failed","Fri Aug 07 03:11:38 UTC 2026","Fri Aug 07 03:11:38 UTC 2026","11","1.1 Team Hummingbird - BFF | WLW app","Technical Tests","supplier-visitors-controller","GET /public_api/suppliers/{supplier_id}/visits [NEG] Missing Auth/API-Key","","GET /public_api/suppliers/{supplier_id}/visits [NEG] Missing Auth/API-Key",""
"passed","Fri Aug 07 03:18:00 UTC 2026","Fri Aug 07 03:18:02 UTC 2026","1268","Dolphin","Technical","","","productTextSearchCountryFilterTest","AI product text search recall: country filter DE",""
"passed","Fri Aug 07 03:11:15 UTC 2026","Fri Aug 07 03:11:15 UTC 2026","39","1.1 Team Hummingbird - BFF | WLW app","Technical Tests","conversation-controller","GET /public_api/conversation/userConversations/{conversationId}/messages [SEC] Injection Probe","","GET /public_api/conversation/userConversations/{conversationId}/messages [SEC] Injection Probe",""
"failed","Fri Aug 07 03:11:44 UTC 2026","Fri Aug 07 03:11:44 UTC 2026","63","4. Team CRM |CRM Staging","Endpoints Tests","(root)","Update Website Leads Fields with sf_id","","Update Website Leads Fields with sf_id",""
"passed","Fri Aug 07 03:08:34 UTC 2026","Fri Aug 07 03:08:34 UTC 2026","6","2 Team Dragon - BFF | RFQ Backend","Technical Tests","(root)","GET /v1/rfqs/{rfqId} - Details (Schema + Auth Orchestration)","","GET /v1/rfqs/{rfqId} - Details (Schema + Auth Orchestration)",""
"passed","Fri Aug 07 03:11:34 UTC 2026","Fri Aug 07 03:11:36 UTC 2026","2043","4. Team CRM |CRM Staging","Business Scenarios Tests","Quote","Smoke Test Create new quote","","Smoke Test Create new quote",""
"passed","Fri Aug 07 03:11:41 UTC 2026","Fri Aug 07 03:11:42 UTC 2026","886","4. Team CRM |CRM Staging","Business Scenarios Tests","Calls","Smoke test for call","","Smoke test for call",""
"passed","Fri Aug 07 03:11:26 UTC 2026","Fri Aug 07 03:11:26 UTC 2026","35","1.1 Team Hummingbird - BFF | WLW app","Technical Tests","login-controller","POST /public_api/auth/changePassword [NEG] Expired Token","","POST /public_api/auth/changePassword [NEG] Expired Token",""
"skipped","Fri Aug 07 03:14:01 UTC 2026","Fri Aug 07 03:14:01 UTC 2026","0","3 Team Techno - UCL","Technical Tests","WebsiteLead","GET /unified_commercial_logic/internal_api/api/website_lead/ - Retrieve WebsiteLead List","","GET /unified_commercial_logic/internal_api/api/website_lead/ - Retrieve WebsiteLead List",""
"passed","Fri Aug 07 03:11:33 UTC 2026","Fri Aug 07 03:11:33 UTC 2026","112","4. Team CRM |CRM Staging","Business Scenarios Tests","Tasks","Verify Change","","Verify Change",""
"passed","Fri Aug 07 03:11:24 UTC 2026","Fri Aug 07 03:11:24 UTC 2026","35","1.1 Team Hummingbird - BFF | WLW app","Technical Tests","login-controller","POST /public_api/auth/session/extend [NEG] Forbidden Role Token","","POST /public_api/auth/session/extend [NEG] Forbidden Role Token",""
"skipped","Fri Aug 07 03:09:08 UTC 2026","Fri Aug 07 03:09:08 UTC 2026","0","7. Team Pegasus | Pegasus Staging","Endpoints Tests","Business Insights","Scoring by uuid","","Scoring by uuid",""
"passed","Fri Aug 07 03:10:01 UTC 2026","Fri Aug 07 03:10:01 UTC 2026","22","1 Team Hummingbird - BFF | EP app","Endpoint tests","Company","Suppliers listings","","Suppliers listings",""
"passed","Fri Aug 07 03:11:43 UTC 2026","Fri Aug 07 03:11:43 UTC 2026","185","4. Team CRM |CRM Staging","Endpoints Tests","(root)","trigger from SF Platform Profile","","trigger from SF Platform Profile",""
"passed","Fri Aug 07 03:11:41 UTC 2026","Fri Aug 07 03:11:41 UTC 2026","34","1.1 Team Hummingbird - BFF | WLW app","Technical Tests","user-controller","PUT /public_api/user/userInfo [NEG] Expired Token","","PUT /public_api/user/userInfo [NEG] Expired Token",""
"passed","Fri Aug 07 03:08:37 UTC 2026","Fri Aug 07 03:08:38 UTC 2026","509","Arise","Functional","","","psearchProxySearch","psearchProxySearch",""
"passed","Fri Aug 07 03:11:38 UTC 2026","Fri Aug 07 03:11:38 UTC 2026","111","4. Team CRM |CRM Staging","Business Scenarios Tests","Lead","Lead-duplicateCheck - without dupicates","","Lead-duplicateCheck - without dupicates",""
"failed","Fri Aug 07 03:08:35 UTC 2026","Fri Aug 07 03:08:35 UTC 2026","82","2 Team Dragon - BFF | RFQ Backend","Technical Tests","(root)","GET /v1/rfqs/attachments/{attachmentId} - Download + Cache + Perf","","GET /v1/rfqs/attachments/{attachmentId} - Download + Cache + Perf",""
"failed","Fri Aug 07 03:18:06 UTC 2026","Fri Aug 07 03:18:07 UTC 2026","777","Dolphin","Technical","","","productTextSearchNoResultTest","AI product text search recall: no-result query",""
"passed","Fri Aug 07 03:11:23 UTC 2026","Fri Aug 07 03:11:23 UTC 2026","34","1.1 Team Hummingbird - BFF | WLW app","Technical Tests","inside-business-controller","GET /public_api/inside_business [NEG] Forbidden Role Token","","GET /public_api/inside_business [NEG] Forbidden Role Token",""
"passed","Fri Aug 07 03:18:17 UTC 2026","Fri Aug 07 03:18:17 UTC 2026","47","Dolphin","Functional","","","getCategoryListEpTest","v-recommend category list -- ep",""
"passed","Fri Aug 07 03:18:12 UTC 2026","Fri Aug 07 03:18:13 UTC 2026","676","Dolphin","Technical","","","productTextSearchSortTest","AI product text search recall: alternate sort",""
"passed","Fri Aug 07 03:18:16 UTC 2026","Fri Aug 07 03:18:16 UTC 2026","71","Dolphin","Technical","","","EPZeroResultProductRecommendTest","Recommend products in 0 result search list page v1 -- ep",""
"passed","Fri Aug 07 03:11:36 UTC 2026","Fri Aug 07 03:11:36 UTC 2026","105","4. Team CRM |CRM Staging","Business Scenarios Tests","Account","Smoke test : Account + Contact + SAP","","Smoke test : Account + Contact + SAP",""
"passed","Fri Aug 07 03:11:02 UTC 2026","Fri Aug 07 03:11:02 UTC 2026","18","1.1 Team Hummingbird - BFF | WLW app","Endpoint tests","Mobile_Feedback","Feedback Subject_DE","","Feedback Subject_DE",""
"passed","Fri Aug 07 03:11:34 UTC 2026","Fri Aug 07 03:11:47 UTC 2026","12545","4. Team CRM |CRM Staging","Business Scenarios Tests","Account","wlw salesorderitems link","","wlw salesorderitems link",""
"skipped","Fri Aug 07 03:09:08 UTC 2026","Fri Aug 07 03:09:08 UTC 2026","0","7. Team Pegasus | Pegasus Staging","Business Scenarios Tests","Supplier Facts","API register, publish, and verify in UI","","2. Complete registration (user + company)",""
"passed","Fri Aug 07 03:11:35 UTC 2026","Fri Aug 07 03:11:35 UTC 2026","435","4. Team CRM |CRM Staging","Business Scenarios Tests","Account","Update Account","","Update Account",""
"passed","Fri Aug 07 03:11:08 UTC 2026","Fri Aug 07 03:11:08 UTC 2026","18","1.1 Team Hummingbird - BFF | WLW app","Technical Tests","ai-company-search-controller","POST /public_api/search/ai/supplier/pv-match [NEG] Missing Auth/API-Key","","POST /public_api/search/ai/supplier/pv-match [NEG] Missing Auth/API-Key",""
"skipped","Fri Aug 07 03:14:01 UTC 2026","Fri Aug 07 03:14:01 UTC 2026","0","3 Team Techno - UCL","Technical Tests","Membership","GET /unified_commercial_logic/internal_api/api/membership/platform-profile-status/{sfuuid} - getStatus By SFUUID","","GET /unified_commercial_logic/internal_api/api/membership/platform-profile-status/{sfuuid} - getStatus By SFUUID",""
"passed","Fri Aug 07 03:18:18 UTC 2026","Fri Aug 07 03:18:18 UTC 2026","82","Dolphin","Technical","","","otherStoreProductRecommendTest","similar products recommend -- wlw pdp",""
"failed","Fri Aug 07 03:11:09 UTC 2026","Fri Aug 07 03:11:09 UTC 2026","20","1.1 Team Hummingbird - BFF | WLW app","Technical Tests","ai-company-search-controller","GET /public_api/search/ai/company/stream/mock","","GET /public_api/search/ai/company/stream/mock",""
"passed","Fri Aug 07 03:10:01 UTC 2026","Fri Aug 07 03:10:01 UTC 2026","212","1 Team Hummingbird - BFF | EP app","Endpoint tests","Company","branchIO dynamic link, share CPP","","branchIO dynamic link, share CPP",""
"failed","Fri Aug 07 03:11:40 UTC 2026","Fri Aug 07 03:11:40 UTC 2026","13","1.1 Team Hummingbird - BFF | WLW app","Technical Tests","trending-products-controller","GET /public_api/trending/products [NEG] Expired Token","","GET /public_api/trending/products [NEG] Expired Token",""
"passed","Fri Aug 07 03:11:32 UTC 2026","Fri Aug 07 03:11:32 UTC 2026","25","1.1 Team Hummingbird - BFF | WLW app","Technical Tests","rfq-controller","POST /public_api/connect/purchaser/tenders [NEG] Missing Auth/API-Key","","POST /public_api/connect/purchaser/tenders [NEG] Missing Auth/API-Key",""
"passed","Fri Aug 07 03:11:40 UTC 2026","Fri Aug 07 03:11:40 UTC 2026","32","1.1 Team Hummingbird - BFF | WLW app","Technical Tests","trending-products-controller","GET /public_api/trending/notifications","","GET /public_api/trending/notifications",""
"passed","Fri Aug 07 03:18:17 UTC 2026","Fri Aug 07 03:18:17 UTC 2026","107","Dolphin","Technical","","","getProductsByCategoryTest","popular in category -- getProductsByCategory",""
"passed","Fri Aug 07 03:11:21 UTC 2026","Fri Aug 07 03:11:21 UTC 2026","21","1.1 Team Hummingbird - BFF | WLW app","Technical Tests","feedback-controller","POST /v1/feedback [NEG] Missing Auth/API-Key","","POST /v1/feedback [NEG] Missing Auth/API-Key",""
"passed","Fri Aug 07 03:18:03 UTC 2026","Fri Aug 07 03:18:05 UTC 2026","1610","Dolphin","Technical","","","productTextSearchLongQueryTest","AI product text search recall: long query truncated",""
"passed","Fri Aug 07 03:11:09 UTC 2026","Fri Aug 07 03:11:09 UTC 2026","38","1.1 Team Hummingbird - BFF | WLW app","Technical Tests","ai-company-search-controller","POST /public_api/search/ai/company/search","","POST /public_api/search/ai/company/search",""
"skipped","Fri Aug 07 03:09:08 UTC 2026","Fri Aug 07 03:09:08 UTC 2026","0","7. Team Pegasus | Pegasus Staging","Endpoints Tests","Supplier Registration","EP","","keywords - Search for keywords",""
"passed","Fri Aug 07 03:11:04 UTC 2026","Fri Aug 07 03:11:04 UTC 2026","421","1.1 Team Hummingbird - BFF | WLW app","Endpoint tests","Search","search companies FR","","search companies FR",""
"passed","Fri Aug 07 03:09:59 UTC 2026","Fri Aug 07 03:09:59 UTC 2026","18","1 Team Hummingbird - BFF | EP app","Endpoint tests","Support","FAQ Alibaba","","FAQ Alibaba",""
"passed","Fri Aug 07 03:18:07 UTC 2026","Fri Aug 07 03:18:08 UTC 2026","1472","Dolphin","Technical","","","productTextSearchPageSizeCapTest","AI product text search recall: pageSize over max capped",""
"passed","Fri Aug 07 03:11:29 UTC 2026","Fri Aug 07 03:11:29 UTC 2026","41","1.1 Team Hummingbird - BFF | WLW app","Technical Tests","purchaser-user-setting-controller","POST /userSetting/ [NEG] Expired Token","","POST /userSetting/ [NEG] Expired Token",""
"passed","Fri Aug 07 03:11:26 UTC 2026","Fri Aug 07 03:11:26 UTC 2026","32","1.1 Team Hummingbird - BFF | WLW app","Technical Tests","login-controller","DELETE /public_api/auth/sso/logout","","DELETE /public_api/auth/sso/logout",""
"broken","Fri Aug 07 03:09:17 UTC 2026","Fri Aug 07 03:09:37 UTC 2026","20017","Dolphin","Technical","","","inferenceTest","AI Search inference API (SSE stream)",""
"failed","Fri Aug 07 03:11:19 UTC 2026","Fri Aug 07 03:11:19 UTC 2026","14","1.1 Team Hummingbird - BFF | WLW app","Technical Tests","conversation-controller","GET /public_api/conversation/userConversations/{conversationId}/file/","","GET /public_api/conversation/userConversations/{conversationId}/file/",""
"passed","Fri Aug 07 03:11:23 UTC 2026","Fri Aug 07 03:11:23 UTC 2026","36","1.1 Team Hummingbird - BFF | WLW app","Technical Tests","inside-business-controller","GET /public_api/inside_business [NEG] Expired Token","","GET /public_api/inside_business [NEG] Expired Token",""
"passed","Fri Aug 07 03:11:28 UTC 2026","Fri Aug 07 03:11:28 UTC 2026","33","1.1 Team Hummingbird - BFF | WLW app","Technical Tests","purchaser-support-controller","GET /support-master-data","","GET /support-master-data",""
"skipped","Fri Aug 07 03:14:01 UTC 2026","Fri Aug 07 03:14:01 UTC 2026","0","3 Team Techno - UCL","Technical Tests","GoogleAd","GET /unified_commercial_logic/internal_api/api/google_ad/ - Retrieve GoogleAd List","","GET /unified_commercial_logic/internal_api/api/google_ad/ - Retrieve GoogleAd List",""
"failed","Fri Aug 07 03:11:39 UTC 2026","Fri Aug 07 03:11:39 UTC 2026","151","4. Team CRM |CRM Staging","Business Scenarios Tests","Lead","Get a Lead","","Get a Lead",""
"skipped","Fri Aug 07 03:09:08 UTC 2026","Fri Aug 07 03:09:08 UTC 2026","0","7. Team Pegasus | Pegasus Staging","Endpoints Tests","Business Insights","Product search","","Product search",""
"passed","Fri Aug 07 03:11:33 UTC 2026","Fri Aug 07 03:11:33 UTC 2026","32","1.1 Team Hummingbird - BFF | WLW app","Technical Tests","rfq-marketing-controller","POST /public_api/rfq-marketing/trigger [NEG] Expired Token","","POST /public_api/rfq-marketing/trigger [NEG] Expired Token",""
"passed","Fri Aug 07 03:10:03 UTC 2026","Fri Aug 07 03:10:03 UTC 2026","42","1 Team Hummingbird - BFF | EP app","Endpoint tests","Homepage, products","preferred categories","","preferred categories",""
"failed","Fri Aug 07 03:10:02 UTC 2026","Fri Aug 07 03:10:03 UTC 2026","262","1 Team Hummingbird - BFF | EP app","Endpoint tests","Homepage, products","trending products","","trending products",""
"broken","Fri Aug 07 03:15:19 UTC 2026","Fri Aug 07 03:15:40 UTC 2026","20604","Dolphin","Functional","","","recallTest","AI Search recall (supplierTextSearch) API using params from inference",""
"passed","Fri Aug 07 03:18:10 UTC 2026","Fri Aug 07 03:18:11 UTC 2026","1170","Dolphin","Technical","","","productTextSearchPaidSupplierFilterTest","AI product text search recall: paid/verified supplier filter",""
"passed","Fri Aug 07 03:18:17 UTC 2026","Fri Aug 07 03:18:17 UTC 2026","33","Dolphin","Functional","","","getCategoryListWlwWithPreferredSuperCategoryIdsTest","v-recommend category list -- wlw, with preferredSuperCategoryIds",""
"passed","Fri Aug 07 03:11:04 UTC 2026","Fri Aug 07 03:11:04 UTC 2026","159","1.1 Team Hummingbird - BFF | WLW app","Endpoint tests","Homepage, products","trending products","","trending products",""
"passed","Fri Aug 07 03:09:59 UTC 2026","Fri Aug 07 03:09:59 UTC 2026","19","1 Team Hummingbird - BFF | EP app","Endpoint tests","Support","Support FAQ_DE","","Support FAQ_DE",""
"failed","Fri Aug 07 03:11:10 UTC 2026","Fri Aug 07 03:11:10 UTC 2026","13","1.1 Team Hummingbird - BFF | WLW app","Technical Tests","categories-controller","GET /preferred/categories [NEG] Forbidden Role Token","","GET /preferred/categories [NEG] Forbidden Role Token",""
"failed","Fri Aug 07 03:08:34 UTC 2026","Fri Aug 07 03:08:34 UTC 2026","163","2 Team Dragon - BFF | RFQ Backend","Functional Tests","(root)","POST /v1/rfqs/{rfqId}/respond - Success","","POST /v1/rfqs/{rfqId}/respond - Success",""
"broken","Fri Aug 07 03:14:39 UTC 2026","Fri Aug 07 03:14:59 UTC 2026","20007","Dolphin","Technical","","","recallSingleFilterTest","AI Search recall: single filter (verified=true)",""
"skipped","Fri Aug 07 03:09:08 UTC 2026","Fri Aug 07 03:09:08 UTC 2026","0","7. Team Pegasus | Pegasus Staging","Spike | Profiles link user to company","(root)","03 GET — Verify company (Supplier Facts)","","03 GET — Verify company (Supplier Facts)",""
"failed","Fri Aug 07 03:11:09 UTC 2026","Fri Aug 07 03:11:09 UTC 2026","14","1.1 Team Hummingbird - BFF | WLW app","Technical Tests","ai-company-search-controller","GET /public_api/search/ai/company/search [SEC] Injection Probe","","GET /public_api/search/ai/company/search [SEC] Injection Probe",""
"passed","Fri Aug 07 03:11:37 UTC 2026","Fri Aug 07 03:11:41 UTC 2026","4096","4. Team CRM |CRM Staging","Business Scenarios Tests","Disable Hubspot","Change Hubspot to false","","Change Hubspot to false",""
"passed","Fri Aug 07 03:11:39 UTC 2026","Fri Aug 07 03:11:39 UTC 2026","17","1.1 Team Hummingbird - BFF | WLW app","Technical Tests","trending-products-controller","POST /public_api/trending/import [NEG] Missing Auth/API-Key","","POST /public_api/trending/import [NEG] Missing Auth/API-Key",""
"passed","Fri Aug 07 03:18:17 UTC 2026","Fri Aug 07 03:18:17 UTC 2026","47","Dolphin","Technical","","","getCategoryListEpTest","v-recommend category list -- ep",""
"passed","Fri Aug 07 03:11:34 UTC 2026","Fri Aug 07 03:11:35 UTC 2026","690","4. Team CRM |CRM Staging","Business Scenarios Tests","Account","Dunning level 1","","Dunning level 1",""
"passed","Fri Aug 07 03:11:10 UTC 2026","Fri Aug 07 03:11:10 UTC 2026","42","1.1 Team Hummingbird - BFF | WLW app","Technical Tests","categories-controller","GET /preferred/categories [SEC] Injection Probe","","GET /preferred/categories [SEC] Injection Probe",""
"skipped","Fri Aug 07 03:09:08 UTC 2026","Fri Aug 07 03:09:08 UTC 2026","0","7. Team Pegasus | Pegasus Staging","Business Scenarios Tests","Supplier Facts","API register, publish, and verify in UI","","4. Publish company (PATCH supplier-facts)",""
"skipped","Fri Aug 07 03:11:32 UTC 2026","Fri Aug 07 03:11:32 UTC 2026","0","4. Team CRM |CRM Staging","Endpoints Tests","Activities","(empty)","","Endpoints Tests / Activities - empty",""
"passed","Fri Aug 07 03:11:34 UTC 2026","Fri Aug 07 03:11:36 UTC 2026","2043","4. Team CRM |CRM Staging","Business Scenarios Tests","Quote","Smoke Test Create new quote","","Smoke Test Create new quote",""
"failed","Fri Aug 07 03:11:16 UTC 2026","Fri Aug 07 03:11:16 UTC 2026","13","1.1 Team Hummingbird - BFF | WLW app","Technical Tests","conversation-controller","GET /public_api/conversation/userConversations","","GET /public_api/conversation/userConversations",""
"passed","Fri Aug 07 03:18:14 UTC 2026","Fri Aug 07 03:18:15 UTC 2026","694","Dolphin","Functional","","","productTextSearchTest","AI product text search recall API",""
"passed","Fri Aug 07 03:11:37 UTC 2026","Fri Aug 07 03:11:37 UTC 2026","318","4. Team CRM |CRM Staging","Business Scenarios Tests","Create and edit a contact","Edit contact","","Edit contact",""
"failed","Fri Aug 07 03:11:11 UTC 2026","Fri Aug 07 03:11:11 UTC 2026","12","1.1 Team Hummingbird - BFF | WLW app","Technical Tests","company-controller","GET /public_api/suppliers/{companyID}/listings [NEG] Missing Auth/API-Key","","GET /public_api/suppliers/{companyID}/listings [NEG] Missing Auth/API-Key",""
"passed","Fri Aug 07 03:18:17 UTC 2026","Fri Aug 07 03:18:17 UTC 2026","77","Dolphin","Functional","","","cppProductRecommendTest","recommend products in CPP -- wlw",""
"skipped","Fri Aug 07 03:14:01 UTC 2026","Fri Aug 07 03:14:01 UTC 2026","0","3 Team Techno - UCL","Functional Tests","Endpoint Tests","SponsoredBrand","","get SPB by id",""
"passed","Fri Aug 07 03:11:33 UTC 2026","Fri Aug 07 03:11:33 UTC 2026","32","1.1 Team Hummingbird - BFF | WLW app","Technical Tests","rfq-marketing-controller","POST /public_api/rfq-marketing/trigger [NEG] Forbidden Role Token","","POST /public_api/rfq-marketing/trigger [NEG] Forbidden Role Token",""
"broken","Fri Aug 07 03:09:14 UTC 2026","Fri Aug 07 03:09:14 UTC 2026","629","Bamboo","Technical","","","findCategoryByIdTest","findCategoryById",""
"passed","Fri Aug 07 03:11:03 UTC 2026","Fri Aug 07 03:11:03 UTC 2026","190","1.1 Team Hummingbird - BFF | WLW app","Endpoint tests","Company","branchIO dynamic link, share CPP","","branchIO dynamic link, share CPP",""
"passed","Fri Aug 07 03:11:16 UTC 2026","Fri Aug 07 03:11:16 UTC 2026","37","1.1 Team Hummingbird - BFF | WLW app","Technical Tests","conversation-controller","POST /public_api/conversation/userConversations/{conversationId}/messages/file/","","POST /public_api/conversation/userConversations/{conversationId}/messages/file/",""
"passed","Fri Aug 07 03:11:23 UTC 2026","Fri Aug 07 03:11:23 UTC 2026","36","1.1 Team Hummingbird - BFF | WLW app","Technical Tests","login-controller","POST /public_api/auth/sso/login","","POST /public_api/auth/sso/login",""
"passed","Fri Aug 07 03:11:38 UTC 2026","Fri Aug 07 03:11:38 UTC 2026","128","4. Team CRM |CRM Staging","Business Scenarios Tests","Disable Hubspot","Check hubspot is false","","Check hubspot is false",""
"passed","Fri Aug 07 03:11:25 UTC 2026","Fri Aug 07 03:11:25 UTC 2026","35","1.1 Team Hummingbird - BFF | WLW app","Technical Tests","login-controller","POST /public_api/auth/code/verify [NEG] Forbidden Role Token","","POST /public_api/auth/code/verify [NEG] Forbidden Role Token",""
"passed","Fri Aug 07 03:18:16 UTC 2026","Fri Aug 07 03:18:16 UTC 2026","86","Dolphin","Technical","","","EPSameStoreProductRecommendTest","product same store recommend -- ep",""
"passed","Fri Aug 07 03:11:04 UTC 2026","Fri Aug 07 03:11:04 UTC 2026","116","1.1 Team Hummingbird - BFF | WLW app","Endpoint tests","RFQ","post RFQ","","post RFQ",""
"failed","Fri Aug 07 03:11:28 UTC 2026","Fri Aug 07 03:11:28 UTC 2026","12","1.1 Team Hummingbird - BFF | WLW app","Technical Tests","product-controller","GET /public_api/companies/{supplierPublicId}/products [NEG] Missing Auth/API-Key","","GET /public_api/companies/{supplierPublicId}/products [NEG] Missing Auth/API-Key",""
"passed","Fri Aug 07 03:11:07 UTC 2026","Fri Aug 07 03:11:07 UTC 2026","37","1.1 Team Hummingbird - BFF | WLW app","Technical Tests","ab-test-record-controller","POST /public_api/abtest/record [NEG] Expired Token","","POST /public_api/abtest/record [NEG] Expired Token",""
"passed","Fri Aug 07 03:11:29 UTC 2026","Fri Aug 07 03:11:29 UTC 2026","18","1.1 Team Hummingbird - BFF | WLW app","Technical Tests","purchaser-user-setting-controller","POST /userSetting/ [NEG] Missing Auth/API-Key","","POST /userSetting/ [NEG] Missing Auth/API-Key",""
"passed","Fri Aug 07 03:11:26 UTC 2026","Fri Aug 07 03:11:26 UTC 2026","62","1.1 Team Hummingbird - BFF | WLW app","Technical Tests","login-controller","DELETE /public_api/auth/sso/logout [NEG] Missing Auth/API-Key","","DELETE /public_api/auth/sso/logout [NEG] Missing Auth/API-Key",""
"failed","Fri Aug 07 03:11:27 UTC 2026","Fri Aug 07 03:11:27 UTC 2026","11","1.1 Team Hummingbird - BFF | WLW app","Technical Tests","product-controller","GET /public_api/products [NEG] Missing Auth/API-Key","","GET /public_api/products [NEG] Missing Auth/API-Key",""
"failed","Fri Aug 07 03:11:33 UTC 2026","Fri Aug 07 03:11:33 UTC 2026","11","1.1 Team Hummingbird - BFF | WLW app","Technical Tests","search-controller","GET /public_api/suppliers/recommendations [NEG] Forbidden Role Token","","GET /public_api/suppliers/recommendations [NEG] Forbidden Role Token",""
"passed","Fri Aug 07 03:11:00 UTC 2026","Fri Aug 07 03:11:00 UTC 2026","19","1.1 Team Hummingbird - BFF | WLW app","Endpoint tests","User settings","push-notification-by-email-controller","","push-notification-by-email-controller",""
"skipped","Fri Aug 07 03:09:08 UTC 2026","Fri Aug 07 03:09:08 UTC 2026","0","7. Team Pegasus | Pegasus Staging","Business Scenarios Tests","Business Insights","Dashboard smoke flow","","Scoring",""
"failed","Fri Aug 07 03:11:18 UTC 2026","Fri Aug 07 03:11:18 UTC 2026","14","1.1 Team Hummingbird - BFF | WLW app","Technical Tests","conversation-controller","GET /public_api/conversation/userConversations/{conversationId} [NEG] Missing Auth/API-Key","","GET /public_api/conversation/userConversations/{conversationId} [NEG] Missing Auth/API-Key",""
"broken","Fri Aug 07 03:16:20 UTC 2026","Fri Aug 07 03:16:40 UTC 2026","20010","Dolphin","Technical","","","termRecommendBlankLanguageTest","AI Search term recommend: blank language → business failure",""
"skipped","Fri Aug 07 03:09:08 UTC 2026","Fri Aug 07 03:09:08 UTC 2026","0","7. Team Pegasus | Pegasus Staging","Endpoints Tests","Supplier Registration","EP","","email/check - Validate email domain for a specified country",""
"skipped","Fri Aug 07 03:09:08 UTC 2026","Fri Aug 07 03:09:08 UTC 2026","0","7. Team Pegasus | Pegasus Staging","Business Scenarios Tests","Business Insights","Dashboard smoke flow","","Activity",""
"passed","Fri Aug 07 03:11:41 UTC 2026","Fri Aug 07 03:11:41 UTC 2026","32","1.1 Team Hummingbird - BFF | WLW app","Technical Tests","user-controller","GET /public_api/user/userInfo [NEG] Forbidden Role Token","","GET /public_api/user/userInfo [NEG] Forbidden Role Token",""
"passed","Fri Aug 07 03:11:01 UTC 2026","Fri Aug 07 03:11:01 UTC 2026","53","1.1 Team Hummingbird - BFF | WLW app","Endpoint tests","Support","notifications list","","notifications list",""
"skipped","Fri Aug 07 03:09:08 UTC 2026","Fri Aug 07 03:09:08 UTC 2026","0","7. Team Pegasus | Pegasus Staging","Business Scenarios Tests","Business Insights","Dashboard smoke flow","","Top products",""
"broken","Fri Aug 07 03:17:00 UTC 2026","Fri Aug 07 03:17:20 UTC 2026","20023","Dolphin","Technical","","","termRecommendTest","AI Search term recommend API",""
"failed","Fri Aug 07 03:10:03 UTC 2026","Fri Aug 07 03:10:04 UTC 2026","440","1 Team Hummingbird - BFF | EP app","Endpoint tests","Contact request","QDR request","","QDR request",""
"skipped","Fri Aug 07 03:09:08 UTC 2026","Fri Aug 07 03:09:08 UTC 2026","0","7. Team Pegasus | Pegasus Staging","Business Scenarios Tests","Visitors","Statistics visitor drill-down","","CSV creation",""
"failed","Fri Aug 07 03:11:44 UTC 2026","Fri Aug 07 03:11:45 UTC 2026","87","4. Team CRM |CRM Staging","Endpoints Tests","(root)","get company data via CRM id","","get company data via CRM id",""
"passed","Fri Aug 07 03:11:20 UTC 2026","Fri Aug 07 03:11:20 UTC 2026","44","1.1 Team Hummingbird - BFF | WLW app","Technical Tests","dynamic-links-controller","POST /public_api/branchio/dynamiclink [NEG] Missing Auth/API-Key","","POST /public_api/branchio/dynamiclink [NEG] Missing Auth/API-Key",""
"passed","Fri Aug 07 03:11:26 UTC 2026","Fri Aug 07 03:11:26 UTC 2026","34","1.1 Team Hummingbird - BFF | WLW app","Technical Tests","login-controller","POST /public_api/auth/code/resend [NEG] Forbidden Role Token","","POST /public_api/auth/code/resend [NEG] Forbidden Role Token",""
"broken","Fri Aug 07 03:09:14 UTC 2026","Fri Aug 07 03:09:15 UTC 2026","562","Bamboo","Functional","","","leafCategoryPredictTest","leafCategoryPredict",""
"passed","Fri Aug 07 03:18:18 UTC 2026","Fri Aug 07 03:18:18 UTC 2026","71","Dolphin","Functional","","","sameStoreProductRecommendTest","product same store recommend -- wlw",""
"passed","Fri Aug 07 03:11:05 UTC 2026","Fri Aug 07 03:11:06 UTC 2026","438","1.1 Team Hummingbird - BFF | WLW app","Endpoint tests","Conversations","user conversations","","user conversations",""
"failed","Fri Aug 07 03:11:33 UTC 2026","Fri Aug 07 03:11:33 UTC 2026","11","1.1 Team Hummingbird - BFF | WLW app","Technical Tests","search-controller","GET /public_api/search","","GET /public_api/search",""
"skipped","Fri Aug 07 03:09:08 UTC 2026","Fri Aug 07 03:09:08 UTC 2026","0","7. Team Pegasus | Pegasus Staging","Endpoints Tests","Shop Import & Onboarding Backend","/offers/categoryProperties","","/offers/categoryProperties",""
"passed","Fri Aug 07 03:11:39 UTC 2026","Fri Aug 07 03:11:39 UTC 2026","31","1.1 Team Hummingbird - BFF | WLW app","Technical Tests","trending-products-controller","POST /public_api/trending/import","","POST /public_api/trending/import",""
"skipped","Fri Aug 07 03:14:01 UTC 2026","Fri Aug 07 03:14:01 UTC 2026","0","3 Team Techno - UCL","Technical Tests","GoogleAd","GET /unified_commercial_logic/internal_api/api/google_ad - Retrieve GoogleAd List","","GET /unified_commercial_logic/internal_api/api/google_ad - Retrieve GoogleAd List",""
"passed","Fri Aug 07 03:11:20 UTC 2026","Fri Aug 07 03:11:20 UTC 2026","27","1.1 Team Hummingbird - BFF | WLW app","Technical Tests","euro-pages-controller","PUT /public_api/euro-pages/auth/delete [NEG] Missing Auth/API-Key","","PUT /public_api/euro-pages/auth/delete [NEG] Missing Auth/API-Key",""
"skipped","Fri Aug 07 03:09:08 UTC 2026","Fri Aug 07 03:09:08 UTC 2026","0","7. Team Pegasus | Pegasus Staging","Business Scenarios Tests","Visitors","Statistics visitor drill-down","","CSV status",""
"passed","Fri Aug 07 03:11:40 UTC 2026","Fri Aug 07 03:11:43 UTC 2026","2917","4. Team CRM |CRM Staging","Business Scenarios Tests","Contacts","Create Contact","","Create Contact",""
"passed","Fri Aug 07 03:11:33 UTC 2026","Fri Aug 07 03:11:33 UTC 2026","506","4. Team CRM |CRM Staging","Business Scenarios Tests","Tasks","Change  Assigned To","","Change  Assigned To",""
"failed","Fri Aug 07 03:11:40 UTC 2026","Fri Aug 07 03:11:40 UTC 2026","13","1.1 Team Hummingbird - BFF | WLW app","Technical Tests","trending-products-controller","GET /public_api/trending/products [SEC] Injection Probe","","GET /public_api/trending/products [SEC] Injection Probe",""
"skipped","Fri Aug 07 03:14:01 UTC 2026","Fri Aug 07 03:14:01 UTC 2026","0","3 Team Techno - UCL","Technical Tests","Organization","GET /unified_commercial_logic/internal_api/api/organization/{id} - Retrieve Organization By ID","","GET /unified_commercial_logic/internal_api/api/organization/{id} - Retrieve Organization By ID",""
"failed","Fri Aug 07 03:11:35 UTC 2026","Fri Aug 07 03:11:35 UTC 2026","15","1.1 Team Hummingbird - BFF | WLW app","Technical Tests","search-controller","GET /public_api/search/ai/termRecommend","","GET /public_api/search/ai/termRecommend",""
"failed","Fri Aug 07 03:11:31 UTC 2026","Fri Aug 07 03:11:31 UTC 2026","14","1.1 Team Hummingbird - BFF | WLW app","Technical Tests","push-notification-by-email-controller","PUT /v1/pushNotification [SEC] Injection Probe","","PUT /v1/pushNotification [SEC] Injection Probe",""
"passed","Fri Aug 07 03:11:37 UTC 2026","Fri Aug 07 03:11:41 UTC 2026","4096","4. Team CRM |CRM Staging","Business Scenarios Tests","Disable Hubspot","Change Hubspot to false","","Change Hubspot to false",""
"passed","Fri Aug 07 03:11:03 UTC 2026","Fri Aug 07 03:11:03 UTC 2026","185","1.1 Team Hummingbird - BFF | WLW app","Endpoint tests","Company","branchIO dynamic link, share PDP","","branchIO dynamic link, share PDP",""
"skipped","Fri Aug 07 03:09:08 UTC 2026","Fri Aug 07 03:09:08 UTC 2026","0","7. Team Pegasus | Pegasus Staging","Endpoints Tests","Business Insights","Origin","","Origin",""
"failed","Fri Aug 07 03:11:30 UTC 2026","Fri Aug 07 03:11:30 UTC 2026","12","1.1 Team Hummingbird - BFF | WLW app","Technical Tests","purchaser-user-setting-controller","GET /userSetting [NEG] Forbidden Role Token","","GET /userSetting [NEG] Forbidden Role Token",""
"passed","Fri Aug 07 03:11:32 UTC 2026","Fri Aug 07 03:11:33 UTC 2026","750","4. Team CRM |CRM Staging","Business Scenarios Tests","Tasks","Smoke test Create task","","Smoke test Create task",""
"failed","Fri Aug 07 03:11:31 UTC 2026","Fri Aug 07 03:11:31 UTC 2026","13","1.1 Team Hummingbird - BFF | WLW app","Technical Tests","push-notification-by-email-controller","GET /v1/pushNotification [SEC] Injection Probe","","GET /v1/pushNotification [SEC] Injection Probe",""
"skipped","Fri Aug 07 03:14:01 UTC 2026","Fri Aug 07 03:14:01 UTC 2026","0","3 Team Techno - UCL","Technical Tests","TopRanking","GET /unified_commercial_logic/internal_api/api/top_ranking_v1/ - Retrieve TopRankingV1 List","","GET /unified_commercial_logic/internal_api/api/top_ranking_v1/ - Retrieve TopRankingV1 List",""
"passed","Fri Aug 07 03:10:04 UTC 2026","Fri Aug 07 03:10:04 UTC 2026","248","1 Team Hummingbird - BFF | EP app","Endpoint tests","Conversations","conversation id","","conversation id",""
"passed","Fri Aug 07 03:11:16 UTC 2026","Fri Aug 07 03:11:16 UTC 2026","37","1.1 Team Hummingbird - BFF | WLW app","Technical Tests","conversation-controller","POST /public_api/conversation/userConversations/{conversationId}/messages/file [NEG] Expired Token","","POST /public_api/conversation/userConversations/{conversationId}/messages/file [NEG] Expired Token",""
"passed","Fri Aug 07 03:18:00 UTC 2026","Fri Aug 07 03:18:02 UTC 2026","1268","Dolphin","Functional","","","productTextSearchCountryFilterTest","AI product text search recall: country filter DE",""
"failed","Fri Aug 07 03:11:34 UTC 2026","Fri Aug 07 03:11:34 UTC 2026","11","1.1 Team Hummingbird - BFF | WLW app","Technical Tests","search-controller","GET /public_api/search/autoComplete [NEG] Expired Token","","GET /public_api/search/autoComplete [NEG] Expired Token",""
"skipped","Fri Aug 07 03:09:08 UTC 2026","Fri Aug 07 03:09:08 UTC 2026","0","7. Team Pegasus | Pegasus Staging","Business Scenarios Tests","Visitors","Statistics visitor drill-down","","Countries",""
"skipped","Fri Aug 07 03:10:59 UTC 2026","Fri Aug 07 03:10:59 UTC 2026","0","1.1 Team Hummingbird - BFF | WLW app","Business Scenario Tests","(empty)","(empty)","","Business Scenario Tests - empty",""
"passed","Fri Aug 07 03:10:04 UTC 2026","Fri Aug 07 03:10:05 UTC 2026","1415","1 Team Hummingbird - BFF | EP app","Endpoint tests","Conversations","new message","","new message",""
"failed","Fri Aug 07 03:11:05 UTC 2026","Fri Aug 07 03:11:05 UTC 2026","234","1.1 Team Hummingbird - BFF | WLW app","Endpoint tests","Contact request","QDR request","","QDR request",""
"failed","Fri Aug 07 03:11:28 UTC 2026","Fri Aug 07 03:11:28 UTC 2026","10","1.1 Team Hummingbird - BFF | WLW app","Technical Tests","purchaser-support-controller","GET /support-faq","","GET /support-faq",""
"failed","Fri Aug 07 03:10:05 UTC 2026","Fri Aug 07 03:10:05 UTC 2026","454","1 Team Hummingbird - BFF | EP app","Endpoint tests","Conversations","Decline RFQ","","Decline RFQ",""
"failed","Fri Aug 07 03:11:04 UTC 2026","Fri Aug 07 03:11:04 UTC 2026","126","1.1 Team Hummingbird - BFF | WLW app","Endpoint tests","Homepage, products","product recommendations EN","","product recommendations EN",""
"failed","Fri Aug 07 03:11:28 UTC 2026","Fri Aug 07 03:11:28 UTC 2026","12","1.1 Team Hummingbird - BFF | WLW app","Technical Tests","product-controller","GET /public_api/companies/{supplierPublicId}/products [SEC] Injection Probe","","GET /public_api/companies/{supplierPublicId}/products [SEC] Injection Probe",""
"broken","Fri Aug 07 03:11:38 UTC 2026","Fri Aug 07 03:11:58 UTC 2026","20013","Dolphin","Technical","","","recallIllegalSortPassthroughTest","AI Search recall: illegal sort passthrough (no param fail)",""
"failed","Fri Aug 07 03:11:27 UTC 2026","Fri Aug 07 03:11:27 UTC 2026","10","1.1 Team Hummingbird - BFF | WLW app","Technical Tests","product-controller","GET /public_api/products [NEG] Forbidden Role Token","","GET /public_api/products [NEG] Forbidden Role Token",""
"passed","Fri Aug 07 03:18:16 UTC 2026","Fri Aug 07 03:18:16 UTC 2026","86","Dolphin","Functional","","","EPSameStoreProductRecommendTest","product same store recommend -- ep",""
"passed","Fri Aug 07 03:11:05 UTC 2026","Fri Aug 07 03:11:06 UTC 2026","241","1.1 Team Hummingbird - BFF | WLW app","Endpoint tests","Conversations","conversation id","","conversation id",""
"skipped","Fri Aug 07 03:14:01 UTC 2026","Fri Aug 07 03:14:01 UTC 2026","0","3 Team Techno - UCL","Functional Tests","Endpoint Tests","Retargeting","","get active retargeting for the given uuid",""
"failed","Fri Aug 07 03:10:05 UTC 2026","Fri Aug 07 03:10:10 UTC 2026","5108","1 Team Hummingbird - BFF | EP app","Endpoint tests","Visitor profiler","Visitor ID","","Visitor ID",""
"passed","Fri Aug 07 03:11:12 UTC 2026","Fri Aug 07 03:11:12 UTC 2026","36","1.1 Team Hummingbird - BFF | WLW app","Technical Tests","company-controller","GET /public_api/company/{id} [NEG] Forbidden Role Token","","GET /public_api/company/{id} [NEG] Forbidden Role Token",""
"passed","Fri Aug 07 03:11:22 UTC 2026","Fri Aug 07 03:11:22 UTC 2026","37","1.1 Team Hummingbird - BFF | WLW app","Technical Tests","feedback-controller","GET /feedback/subject","","GET /feedback/subject",""
"passed","Fri Aug 07 03:09:59 UTC 2026","Fri Aug 07 03:09:59 UTC 2026","20","1 Team Hummingbird - BFF | EP app","Endpoint tests","Support","Support FAQ_FR","","Support FAQ_FR",""
"broken","Fri Aug 07 03:10:17 UTC 2026","Fri Aug 07 03:10:37 UTC 2026","20018","Dolphin","Functional","","","pvMatchTest","AI Search PV match (supplierAiMatch) API",""
"broken","Fri Aug 07 03:11:18 UTC 2026","Fri Aug 07 03:11:38 UTC 2026","20005","Dolphin","Technical","","","recallCountryFilterTest","AI Search recall: country filter DE",""
"passed","Fri Aug 07 03:11:22 UTC 2026","Fri Aug 07 03:11:22 UTC 2026","35","1.1 Team Hummingbird - BFF | WLW app","Technical Tests","feedback-controller","GET /feedback/subject [NEG] Expired Token","","GET /feedback/subject [NEG] Expired Token",""
"broken","Fri Aug 07 03:08:57 UTC 2026","Fri Aug 07 03:09:17 UTC 2026","20023","Dolphin","Technical","","","inferenceShortQueryTest","AI Search inference: minimal searchText boundary",""
"failed","Fri Aug 07 03:11:35 UTC 2026","Fri Aug 07 03:11:35 UTC 2026","14","1.1 Team Hummingbird - BFF | WLW app","Technical Tests","search-controller","GET /public_api/search/ai/termRecommend [SEC] Injection Probe","","GET /public_api/search/ai/termRecommend [SEC] Injection Probe",""
"passed","Fri Aug 07 03:11:16 UTC 2026","Fri Aug 07 03:11:16 UTC 2026","38","1.1 Team Hummingbird - BFF | WLW app","Technical Tests","conversation-controller","POST /public_api/conversation/userConversations/{conversationId}/messages/file/ [NEG] Expired Token","","POST /public_api/conversation/userConversations/{conversationId}/messages/file/ [NEG] Expired Token",""
"passed","Fri Aug 07 03:10:02 UTC 2026","Fri Aug 07 03:10:03 UTC 2026","771","1 Team Hummingbird - BFF | EP app","Endpoint tests","Search","Product Search DE","","Product Search DE",""
"passed","Fri Aug 07 03:08:35 UTC 2026","Fri Aug 07 03:08:35 UTC 2026","6","2 Team Dragon - BFF | RFQ Backend","Technical Tests","(root)","GET /v1/user - User Info + Roles + Negative Auth","","GET /v1/user - User Info + Roles + Negative Auth",""
"passed","Fri Aug 07 03:11:08 UTC 2026","Fri Aug 07 03:11:08 UTC 2026","34","1.1 Team Hummingbird - BFF | WLW app","Technical Tests","ai-company-search-controller","POST /public_api/search/ai/supplier/pv-match","","POST /public_api/search/ai/supplier/pv-match",""
"failed","Fri Aug 07 03:11:29 UTC 2026","Fri Aug 07 03:11:29 UTC 2026","12","1.1 Team Hummingbird - BFF | WLW app","Technical Tests","purchaser-support-controller","GET /support-faq [NEG] Expired Token","","GET /support-faq [NEG] Expired Token",""
"skipped","Fri Aug 07 03:09:08 UTC 2026","Fri Aug 07 03:09:08 UTC 2026","0","7. Team Pegasus | Pegasus Staging","Endpoints Tests","Shop Import & Onboarding Backend","/offers/fetchCategory","","/offers/fetchCategory",""
"skipped","Fri Aug 07 03:09:08 UTC 2026","Fri Aug 07 03:09:08 UTC 2026","0","7. Team Pegasus | Pegasus Staging","Endpoints Tests","Business Insights","Sister platform","","Sister platform",""
"passed","Fri Aug 07 03:10:04 UTC 2026","Fri Aug 07 03:10:04 UTC 2026","103","1 Team Hummingbird - BFF | EP app","Endpoint tests","Conversations","conversation/messages","","conversation/messages",""
"skipped","Fri Aug 07 03:14:01 UTC 2026","Fri Aug 07 03:14:01 UTC 2026","0","3 Team Techno - UCL","Technical Tests","Retargeting","GET /unified_commercial_logic/internal_api/api/retargeting/ - Retrieve Retargeting List","","GET /unified_commercial_logic/internal_api/api/retargeting/ - Retrieve Retargeting List",""
"failed","Fri Aug 07 03:11:12 UTC 2026","Fri Aug 07 03:11:12 UTC 2026","13","1.1 Team Hummingbird - BFF | WLW app","Technical Tests","company-controller","GET /public_api/company [SEC] Injection Probe","","GET /public_api/company [SEC] Injection Probe",""
"passed","Fri Aug 07 03:10:01 UTC 2026","Fri Aug 07 03:10:02 UTC 2026","77","1 Team Hummingbird - BFF | EP app","Endpoint tests","Search","search autoComplete DE","","search autoComplete DE",""
"failed","Fri Aug 07 03:11:04 UTC 2026","Fri Aug 07 03:11:05 UTC 2026","132","1.1 Team Hummingbird - BFF | WLW app","Endpoint tests","Homepage, products","product recommendations DE","","product recommendations DE",""
"passed","Fri Aug 07 03:11:01 UTC 2026","Fri Aug 07 03:11:01 UTC 2026","18","1.1 Team Hummingbird - BFF | WLW app","Endpoint tests","Support","Supportmasterdata_EN","","Supportmasterdata_EN",""
"failed","Fri Aug 07 03:11:05 UTC 2026","Fri Aug 07 03:11:06 UTC 2026","397","1.1 Team Hummingbird - BFF | WLW app","Endpoint tests","Conversations","user conversations to decline request","","user conversations to decline request",""
"passed","Fri Aug 07 03:11:32 UTC 2026","Fri Aug 07 03:11:32 UTC 2026","38","1.1 Team Hummingbird - BFF | WLW app","Technical Tests","rfq-controller","POST /public_api/connect/purchaser/tenders [NEG] Forbidden Role Token","","POST /public_api/connect/purchaser/tenders [NEG] Forbidden Role Token",""
"passed","Fri Aug 07 03:10:02 UTC 2026","Fri Aug 07 03:10:02 UTC 2026","230","1 Team Hummingbird - BFF | EP app","Endpoint tests","Search","search autoComplete FR","","search autoComplete FR",""
"broken","Fri Aug 07 03:09:14 UTC 2026","Fri Aug 07 03:09:15 UTC 2026","562","Bamboo","Technical","","","leafCategoryPredictTest","leafCategoryPredict",""
"passed","Fri Aug 07 03:11:37 UTC 2026","Fri Aug 07 03:11:37 UTC 2026","32","1.1 Team Hummingbird - BFF | WLW app","Technical Tests","search-term-controller","PUT /public_api/search/notification-opened [NEG] Expired Token","","PUT /public_api/search/notification-opened [NEG] Expired Token",""
"failed","Fri Aug 07 03:10:05 UTC 2026","Fri Aug 07 03:10:23 UTC 2026","18288","1 Team Hummingbird - BFF | EP app","Endpoint tests","Visitor profiler","csv get","","csv get",""
"skipped","Fri Aug 07 03:09:08 UTC 2026","Fri Aug 07 03:09:08 UTC 2026","0","7. Team Pegasus | Pegasus Staging","Business Scenarios Tests","Supplier Facts","API register, publish, and verify in UI","","1. Create registration lead",""
"passed","Fri Aug 07 03:10:01 UTC 2026","Fri Aug 07 03:10:01 UTC 2026","283","1 Team Hummingbird - BFF | EP app","Endpoint tests","Company","Product ID","","Product ID",""
"failed","Fri Aug 07 03:10:04 UTC 2026","Fri Aug 07 03:10:04 UTC 2026","157","1 Team Hummingbird - BFF | EP app","Endpoint tests","Conversations","send file message","","send file message",""
"passed","Fri Aug 07 03:11:09 UTC 2026","Fri Aug 07 03:11:09 UTC 2026","37","1.1 Team Hummingbird - BFF | WLW app","Technical Tests","ai-company-search-controller","POST /public_api/search/ai/company/search [NEG] Expired Token","","POST /public_api/search/ai/company/search [NEG] Expired Token",""
"passed","Fri Aug 07 03:11:40 UTC 2026","Fri Aug 07 03:11:40 UTC 2026","0","4. Team CRM |CRM Staging","Business Scenarios Tests","Contacts","Smoke test for Create Contact & Verify HubSpot Sync","","Smoke test for Create Contact & Verify HubSpot Sync",""
"skipped","Fri Aug 07 03:09:08 UTC 2026","Fri Aug 07 03:09:08 UTC 2026","0","7. Team Pegasus | Pegasus Staging","Endpoints Tests","Business Insights","Company Overview","","Company Overview",""
"passed","Fri Aug 07 03:11:44 UTC 2026","Fri Aug 07 03:11:45 UTC 2026","393","4. Team CRM |CRM Staging","Endpoints Tests","(root)","trigger a Buyer lead","","trigger a Buyer lead",""
"passed","Fri Aug 07 03:11:41 UTC 2026","Fri Aug 07 03:11:42 UTC 2026","655","4. Team CRM |CRM Staging","Business Scenarios Tests","Meetings","Smoke Test for Meeting","","Smoke Test for Meeting",""
"passed","Fri Aug 07 03:11:38 UTC 2026","Fri Aug 07 03:11:38 UTC 2026","14","1.1 Team Hummingbird - BFF | WLW app","Technical Tests","supplier-visitors-controller","GET /public_api/suppliers/{supplier_id}/visits/{id} [NEG] Missing Auth/API-Key","","GET /public_api/suppliers/{supplier_id}/visits/{id} [NEG] Missing Auth/API-Key",""
"passed","Fri Aug 07 03:11:02 UTC 2026","Fri Aug 07 03:11:02 UTC 2026","211","1.1 Team Hummingbird - BFF | WLW app","Endpoint tests","Mobile_Feedback","post feedback","","post feedback",""
"broken","Fri Aug 07 03:16:40 UTC 2026","Fri Aug 07 03:17:00 UTC 2026","20022","Dolphin","Functional","","","termRecommendNoMockTest","AI Search term recommend API without mock",""
"passed","Fri Aug 07 03:11:20 UTC 2026","Fri Aug 07 03:11:20 UTC 2026","38","1.1 Team Hummingbird - BFF | WLW app","Technical Tests","euro-pages-controller","PUT /public_api/euro-pages/auth/delete [NEG] Expired Token","","PUT /public_api/euro-pages/auth/delete [NEG] Expired Token",""
"passed","Fri Aug 07 03:11:22 UTC 2026","Fri Aug 07 03:11:22 UTC 2026","42","1.1 Team Hummingbird - BFF | WLW app","Technical Tests","feedback-controller","POST /feedback [NEG] Expired Token","","POST /feedback [NEG] Expired Token",""
"passed","Fri Aug 07 03:10:00 UTC 2026","Fri Aug 07 03:10:00 UTC 2026","21","1 Team Hummingbird - BFF | EP app","Endpoint tests","Mobile_Feedback","Feedback Subject_FR","","Feedback Subject_FR",""
"skipped","Fri Aug 07 03:09:58 UTC 2026","Fri Aug 07 03:09:58 UTC 2026","0","1 Team Hummingbird - BFF | EP app","Technical Tests","(empty)","(empty)","","Technical Tests - empty",""
"passed","Fri Aug 07 03:10:02 UTC 2026","Fri Aug 07 03:10:03 UTC 2026","827","1 Team Hummingbird - BFF | EP app","Endpoint tests","RFQ","post RFQ","","post RFQ",""
"passed","Fri Aug 07 03:11:20 UTC 2026","Fri Aug 07 03:11:20 UTC 2026","33","1.1 Team Hummingbird - BFF | WLW app","Technical Tests","euro-pages-controller","PUT /public_api/euro-pages/auth/delete [NEG] Forbidden Role Token","","PUT /public_api/euro-pages/auth/delete [NEG] Forbidden Role Token",""
"skipped","Fri Aug 07 03:14:01 UTC 2026","Fri Aug 07 03:14:01 UTC 2026","0","3 Team Techno - UCL","Technical Tests","Retargeting","GET /unified_commercial_logic/internal_api/api/retargeting/{id} - Retrieve Retargeting By ID","","GET /unified_commercial_logic/internal_api/api/retargeting/{id} - Retrieve Retargeting By ID",""
"passed","Fri Aug 07 03:11:01 UTC 2026","Fri Aug 07 03:11:01 UTC 2026","17","1.1 Team Hummingbird - BFF | WLW app","Endpoint tests","Support","Supportmasterdata_DE","","Supportmasterdata_DE",""
"failed","Fri Aug 07 03:11:38 UTC 2026","Fri Aug 07 03:11:38 UTC 2026","14","1.1 Team Hummingbird - BFF | WLW app","Technical Tests","supplier-visitors-controller","GET /public_api/suppliers/{supplier_id}/visits","","GET /public_api/suppliers/{supplier_id}/visits",""
"failed","Fri Aug 07 03:11:19 UTC 2026","Fri Aug 07 03:11:19 UTC 2026","14","1.1 Team Hummingbird - BFF | WLW app","Technical Tests","conversation-controller","GET /public_api/conversation/userConversations/{conversationId}/file/ [SEC] Injection Probe","","GET /public_api/conversation/userConversations/{conversationId}/file/ [SEC] Injection Probe",""
"skipped","Fri Aug 07 03:14:01 UTC 2026","Fri Aug 07 03:14:01 UTC 2026","0","3 Team Techno - UCL","Technical Tests","Organization","GET /unified_commercial_logic/internal_api/api/organization - Retrieve Organization List","","GET /unified_commercial_logic/internal_api/api/organization - Retrieve Organization List",""
"skipped","Fri Aug 07 03:09:08 UTC 2026","Fri Aug 07 03:09:08 UTC 2026","0","7. Team Pegasus | Pegasus Staging","Endpoints Tests","Supplier Facts (CPP)","Supplier Facts","","Supplier Facts",""
"failed","Fri Aug 07 03:11:17 UTC 2026","Fri Aug 07 03:11:17 UTC 2026","11","1.1 Team Hummingbird - BFF | WLW app","Technical Tests","conversation-controller","GET /public_api/conversation/userConversations/{userId}/unreadCount/ [NEG] Missing Auth/API-Key","","GET /public_api/conversation/userConversations/{userId}/unreadCount/ [NEG] Missing Auth/API-Key",""
"failed","Fri Aug 07 03:10:03 UTC 2026","Fri Aug 07 03:10:04 UTC 2026","352","1 Team Hummingbird - BFF | EP app","Endpoint tests","Contact request","Other request","","Other request",""
"passed","Fri Aug 07 03:11:01 UTC 2026","Fri Aug 07 03:11:01 UTC 2026","16","1.1 Team Hummingbird - BFF | WLW app","Endpoint tests","Support","FAQ Alibaba","","FAQ Alibaba",""
"failed","Fri Aug 07 03:11:42 UTC 2026","Fri Aug 07 03:11:42 UTC 2026","516","4. Team CRM |CRM Staging","Endpoints Tests","Accounts","Get Account Information","","Get Account Information",""
"passed","Fri Aug 07 03:18:18 UTC 2026","Fri Aug 07 03:18:18 UTC 2026","82","Dolphin","Functional","","","otherStoreProductRecommendTest","similar products recommend -- wlw pdp",""
"passed","Fri Aug 07 03:11:07 UTC 2026","Fri Aug 07 03:11:07 UTC 2026","25","1.1 Team Hummingbird - BFF | WLW app","Technical Tests","ab-test-record-controller","POST /public_api/abtest/record [NEG] Missing Auth/API-Key","","POST /public_api/abtest/record [NEG] Missing Auth/API-Key",""
"passed","Fri Aug 07 03:10:04 UTC 2026","Fri Aug 07 03:10:05 UTC 2026","775","1 Team Hummingbird - BFF | EP app","Endpoint tests","Conversations","translate message","","translate message",""
"passed","Fri Aug 07 03:10:00 UTC 2026","Fri Aug 07 03:10:00 UTC 2026","22","1 Team Hummingbird - BFF | EP app","Endpoint tests","Mobile_Feedback","Feedback Subject_EN","","Feedback Subject_EN",""
"passed","Fri Aug 07 03:11:22 UTC 2026","Fri Aug 07 03:11:22 UTC 2026","29","1.1 Team Hummingbird - BFF | WLW app","Technical Tests","feedback-controller","GET /feedback/subject [NEG] Missing Auth/API-Key","","GET /feedback/subject [NEG] Missing Auth/API-Key",""
"failed","Fri Aug 07 03:11:17 UTC 2026","Fri Aug 07 03:11:17 UTC 2026","15","1.1 Team Hummingbird - BFF | WLW app","Technical Tests","conversation-controller","GET /public_api/conversation/userConversations [NEG] Expired Token","","GET /public_api/conversation/userConversations [NEG] Expired Token",""
"skipped","Fri Aug 07 03:09:08 UTC 2026","Fri Aug 07 03:09:08 UTC 2026","0","7. Team Pegasus | Pegasus Staging","Endpoints Tests","User & Company Context","User Profile Storage by uuid","","User Profile Storage by uuid",""
"passed","Fri Aug 07 03:11:18 UTC 2026","Fri Aug 07 03:11:18 UTC 2026","34","1.1 Team Hummingbird - BFF | WLW app","Technical Tests","conversation-controller","GET /public_api/conversation/userConversations/{userId}/unreadCount/ [SEC] Injection Probe","","GET /public_api/conversation/userConversations/{userId}/unreadCount/ [SEC] Injection Probe",""
"passed","Fri Aug 07 03:11:00 UTC 2026","Fri Aug 07 03:11:01 UTC 2026","115","1.1 Team Hummingbird - BFF | WLW app","Endpoint tests","User settings","user setting","","user setting",""
"broken","Fri Aug 07 03:14:19 UTC 2026","Fri Aug 07 03:14:39 UTC 2026","20010","Dolphin","Functional","","","recallSecondPageTest","AI Search recall: pagination page 2",""
"failed","Fri Aug 07 03:11:14 UTC 2026","Fri Aug 07 03:11:14 UTC 2026","15","1.1 Team Hummingbird - BFF | WLW app","Technical Tests","conversation-controller","PUT /public_api/conversation/userConversations/{conversationId}/messages/markAsRead [NEG] Forbidden Role Token","","PUT /public_api/conversation/userConversations/{conversationId}/messages/markAsRead [NEG] Forbidden Role Token",""
"passed","Fri Aug 07 03:08:34 UTC 2026","Fri Aug 07 03:08:34 UTC 2026","91","2 Team Dragon - BFF | RFQ Backend","Functional Tests","(root)","POST /v1/rfqs/{rfqId}/respond - Error Case (400)","","POST /v1/rfqs/{rfqId}/respond - Error Case (400)",""
"failed","Fri Aug 07 03:11:10 UTC 2026","Fri Aug 07 03:11:10 UTC 2026","11","1.1 Team Hummingbird - BFF | WLW app","Technical Tests","categories-controller","PUT /preferred/categories [NEG] Missing Auth/API-Key","","PUT /preferred/categories [NEG] Missing Auth/API-Key",""
"failed","Fri Aug 07 03:11:39 UTC 2026","Fri Aug 07 03:11:39 UTC 2026","83","4. Team CRM |CRM Staging","Business Scenarios Tests","Lead","Update a Lead","","Update a Lead",""
"passed","Fri Aug 07 03:10:04 UTC 2026","Fri Aug 07 03:10:06 UTC 2026","2151","1 Team Hummingbird - BFF | EP app","Endpoint tests","Conversations","user conversations","","user conversations",""
"failed","Fri Aug 07 03:11:28 UTC 2026","Fri Aug 07 03:11:28 UTC 2026","14","1.1 Team Hummingbird - BFF | WLW app","Technical Tests","product-controller","GET /public_api/companies/{supplierPublicId}/products [NEG] Expired Token","","GET /public_api/companies/{supplierPublicId}/products [NEG] Expired Token",""
"failed","Fri Aug 07 03:10:03 UTC 2026","Fri Aug 07 03:10:04 UTC 2026","1156","1 Team Hummingbird - BFF | EP app","Endpoint tests","Contact request","Callback request","","Callback request",""
"passed","Fri Aug 07 03:11:34 UTC 2026","Fri Aug 07 03:11:34 UTC 2026","120","4. Team CRM |CRM Staging","Business Scenarios Tests","Quote","Check Quote","","Check Quote",""
"failed","Fri Aug 07 03:11:00 UTC 2026","Fri Aug 07 03:11:00 UTC 2026","38","1.1 Team Hummingbird - BFF | WLW app","Endpoint tests","Login","resend code","","resend code",""
"passed","Fri Aug 07 03:11:06 UTC 2026","Fri Aug 07 03:11:08 UTC 2026","2168","1.1 Team Hummingbird - BFF | WLW app","Endpoint tests","Conversations","new message","","new message",""
"skipped","Fri Aug 07 03:09:08 UTC 2026","Fri Aug 07 03:09:08 UTC 2026","0","7. Team Pegasus | Pegasus Staging","Endpoints Tests","Supplier Registration","EP","","leads/get - Get a lead",""
"failed","Fri Aug 07 03:11:43 UTC 2026","Fri Aug 07 03:11:44 UTC 2026","73","4. Team CRM |CRM Staging","Endpoints Tests","(root)","Create Note with sf id Copy","","Create Note with sf id Copy",""
"failed","Fri Aug 07 03:11:19 UTC 2026","Fri Aug 07 03:11:19 UTC 2026","13","1.1 Team Hummingbird - BFF | WLW app","Technical Tests","conversation-controller","GET /public_api/conversation/userConversations/{conversationId}/file/ [NEG] Forbidden Role Token","","GET /public_api/conversation/userConversations/{conversationId}/file/ [NEG] Forbidden Role Token",""
"passed","Fri Aug 07 03:11:18 UTC 2026","Fri Aug 07 03:11:18 UTC 2026","37","1.1 Team Hummingbird - BFF | WLW app","Technical Tests","conversation-controller","GET /public_api/conversation/userConversations/{conversationId} [SEC] Injection Probe","","GET /public_api/conversation/userConversations/{conversationId} [SEC] Injection Probe",""
"passed","Fri Aug 07 03:09:59 UTC 2026","Fri Aug 07 03:09:59 UTC 2026","17","1 Team Hummingbird - BFF | EP app","Endpoint tests","Support","Supportmasterdata_EN","","Supportmasterdata_EN",""
"passed","Fri Aug 07 03:18:17 UTC 2026","Fri Aug 07 03:18:17 UTC 2026","22","Dolphin","Functional","","","getLandingPageProductListTest","get Landing page Product List for seo",""
"failed","Fri Aug 07 03:11:40 UTC 2026","Fri Aug 07 03:11:40 UTC 2026","14","1.1 Team Hummingbird - BFF | WLW app","Technical Tests","trending-products-controller","GET /public_api/trending/products [NEG] Forbidden Role Token","","GET /public_api/trending/products [NEG] Forbidden Role Token",""
"failed","Fri Aug 07 03:11:14 UTC 2026","Fri Aug 07 03:11:14 UTC 2026","12","1.1 Team Hummingbird - BFF | WLW app","Technical Tests","conversation-controller","GET /public_api/conversation/userConversations/{conversationId}/messages [NEG] Missing Auth/API-Key","","GET /public_api/conversation/userConversations/{conversationId}/messages [NEG] Missing Auth/API-Key",""
"skipped","Fri Aug 07 03:09:08 UTC 2026","Fri Aug 07 03:09:08 UTC 2026","0","7. Team Pegasus | Pegasus Staging","Endpoints Tests","Business Insights","Visitor","","Visitor",""
"passed","Fri Aug 07 03:11:08 UTC 2026","Fri Aug 07 03:11:08 UTC 2026","36","1.1 Team Hummingbird - BFF | WLW app","Technical Tests","ai-company-search-controller","POST /public_api/search/ai/supplier/recall [NEG] Expired Token","","POST /public_api/search/ai/supplier/recall [NEG] Expired Token",""
"passed","Fri Aug 07 03:11:40 UTC 2026","Fri Aug 07 03:11:40 UTC 2026","32","1.1 Team Hummingbird - BFF | WLW app","Technical Tests","user-controller","GET /public_api/user/userInfo","","GET /public_api/user/userInfo",""
"skipped","Fri Aug 07 03:09:08 UTC 2026","Fri Aug 07 03:09:08 UTC 2026","0","7. Team Pegasus | Pegasus Staging","Business Scenarios Tests","Business Insights","Dashboard smoke flow","","Visitors",""
"passed","Fri Aug 07 03:11:23 UTC 2026","Fri Aug 07 03:11:23 UTC 2026","17","1.1 Team Hummingbird - BFF | WLW app","Technical Tests","inside-business-controller","GET /public_api/inside_business [NEG] Missing Auth/API-Key","","GET /public_api/inside_business [NEG] Missing Auth/API-Key",""
"passed","Fri Aug 07 03:10:00 UTC 2026","Fri Aug 07 03:10:00 UTC 2026","17","1 Team Hummingbird - BFF | EP app","Endpoint tests","Support","Supportmasterdata_FR","","Supportmasterdata_FR",""
"failed","Fri Aug 07 03:11:02 UTC 2026","Fri Aug 07 03:11:02 UTC 2026","53","1.1 Team Hummingbird - BFF | WLW app","Endpoint tests","Company","Companies / products DE","","Companies / products DE",""
"passed","Fri Aug 07 03:11:33 UTC 2026","Fri Aug 07 03:12:25 UTC 2026","51855","4. Team CRM |CRM Staging","Business Scenarios Tests","Contacts","Create Contact","","Create Contact",""
"passed","Fri Aug 07 03:08:35 UTC 2026","Fri Aug 07 03:08:35 UTC 2026","25","2 Team Dragon - BFF | RFQ Backend","Technical Tests","(root)","GET /v1/categories - CPV list (schema + contract)","","GET /v1/categories - CPV list (schema + contract)",""
"passed","Fri Aug 07 03:11:42 UTC 2026","Fri Aug 07 03:11:42 UTC 2026","74","4. Team CRM |CRM Staging","Endpoints Tests","(root)","update SF","","update SF",""
"passed","Fri Aug 07 03:11:23 UTC 2026","Fri Aug 07 03:11:23 UTC 2026","43","1.1 Team Hummingbird - BFF | WLW app","Technical Tests","login-controller","POST /public_api/auth/session/extend [NEG] Missing Auth/API-Key","","POST /public_api/auth/session/extend [NEG] Missing Auth/API-Key",""
"passed","Fri Aug 07 03:18:17 UTC 2026","Fri Aug 07 03:18:17 UTC 2026","35","Dolphin","Functional","","","getCategoryListWlwTest","v-recommend category list -- wlw, full categories",""
"skipped","Fri Aug 07 03:09:08 UTC 2026","Fri Aug 07 03:09:08 UTC 2026","0","7. Team Pegasus | Pegasus Staging","Endpoints Tests","Visitors","Get Visits","","Get Visits",""
"passed","Fri Aug 07 03:11:44 UTC 2026","Fri Aug 07 03:11:45 UTC 2026","1037","4. Team CRM |CRM Staging","Endpoints Tests","(root)","Create platform profile","","Create platform profile",""
"passed","Fri Aug 07 03:08:37 UTC 2026","Fri Aug 07 03:08:37 UTC 2026","532","Arise","Functional","","","getAllElementsByUrlTest","getAllElementsByUrlTest",""
"skipped","Fri Aug 07 03:09:08 UTC 2026","Fri Aug 07 03:09:08 UTC 2026","0","7. Team Pegasus | Pegasus Staging","Spike | Profiles link user to company","(root)","01 OAuth — Supplier Facts token","","01 OAuth — Supplier Facts token",""
"passed","Fri Aug 07 03:11:05 UTC 2026","Fri Aug 07 03:11:05 UTC 2026","25","1.1 Team Hummingbird - BFF | WLW app","Endpoint tests","Homepage, products","categories/homepage","","categories/homepage",""
"passed","Fri Aug 07 03:11:41 UTC 2026","Fri Aug 07 03:11:41 UTC 2026","34","1.1 Team Hummingbird - BFF | WLW app","Technical Tests","user-controller","PUT /public_api/user/userInfo","","PUT /public_api/user/userInfo",""
"passed","Fri Aug 07 03:11:21 UTC 2026","Fri Aug 07 03:11:21 UTC 2026","34","1.1 Team Hummingbird - BFF | WLW app","Technical Tests","feedback-controller","POST /v1/feedback [NEG] Forbidden Role Token","","POST /v1/feedback [NEG] Forbidden Role Token",""
"passed","Fri Aug 07 03:11:23 UTC 2026","Fri Aug 07 03:11:23 UTC 2026","37","1.1 Team Hummingbird - BFF | WLW app","Technical Tests","inside-business-controller","GET /public_api/inside_business","","GET /public_api/inside_business",""
"failed","Fri Aug 07 03:11:38 UTC 2026","Fri Aug 07 03:11:38 UTC 2026","12","1.1 Team Hummingbird - BFF | WLW app","Technical Tests","supplier-visitors-controller","GET /public_api/suppliers/{supplier_id}/visits [NEG] Forbidden Role Token","","GET /public_api/suppliers/{supplier_id}/visits [NEG] Forbidden Role Token",""
"passed","Fri Aug 07 03:08:34 UTC 2026","Fri Aug 07 03:08:34 UTC 2026","259","2 Team Dragon - BFF | RFQ Backend","Technical Tests","(root)","GET /v1/rfqs (list) - Compliance + Schema + Perf","","GET /v1/rfqs (list) - Compliance + Schema + Perf",""
"broken","Fri Aug 07 03:13:39 UTC 2026","Fri Aug 07 03:13:59 UTC 2026","20014","Dolphin","Technical","","","recallPageZeroNormalizedTest","AI Search recall: page=0 normalized, still success",""
"skipped","Fri Aug 07 03:11:32 UTC 2026","Fri Aug 07 03:11:32 UTC 2026","0","4. Team CRM |CRM Staging","Endpoints Tests","Leads","(empty)","","Endpoints Tests / Leads - empty",""
"failed","Fri Aug 07 03:11:41 UTC 2026","Fri Aug 07 03:11:42 UTC 2026","516","4. Team CRM |CRM Staging","Endpoints Tests","Accounts","Get Account Information","","Get Account Information",""
"passed","Fri Aug 07 03:10:01 UTC 2026","Fri Aug 07 03:10:01 UTC 2026","118","1 Team Hummingbird - BFF | EP app","Endpoint tests","Search","search autoComplete EN","","search autoComplete EN",""
"broken","Fri Aug 07 03:15:19 UTC 2026","Fri Aug 07 03:15:40 UTC 2026","20604","Dolphin","Technical","","","recallTest","AI Search recall (supplierTextSearch) API using params from inference",""
"passed","Fri Aug 07 03:08:35 UTC 2026","Fri Aug 07 03:08:35 UTC 2026","29","2 Team Dragon - BFF | RFQ Backend","Business Scenario Tests","(root)","RFQ_details","","RFQ_details",""
"passed","Fri Aug 07 03:11:27 UTC 2026","Fri Aug 07 03:11:27 UTC 2026","17","1.1 Team Hummingbird - BFF | WLW app","Technical Tests","product-controller","GET /public_api/products/{productId} [NEG] Missing Auth/API-Key","","GET /public_api/products/{productId} [NEG] Missing Auth/API-Key",""
"passed","Fri Aug 07 03:18:17 UTC 2026","Fri Aug 07 03:18:18 UTC 2026","254","Dolphin","Technical","","","instoreSearchTest","instore search -- cpp/pdp with sort and leaf filter",""
"passed","Fri Aug 07 03:11:28 UTC 2026","Fri Aug 07 03:11:28 UTC 2026","33","1.1 Team Hummingbird - BFF | WLW app","Technical Tests","purchaser-support-controller","GET /support-master-data [NEG] Expired Token","","GET /support-master-data [NEG] Expired Token",""
"failed","Fri Aug 07 03:09:58 UTC 2026","Fri Aug 07 03:09:58 UTC 2026","72","1 Team Hummingbird - BFF | EP app","Endpoint tests","Login","resend code","","resend code",""
"failed","Fri Aug 07 03:11:44 UTC 2026","Fri Aug 07 03:11:44 UTC 2026","73","4. Team CRM |CRM Staging","Endpoints Tests","(root)","Create Note with sf id Copy","","Create Note with sf id Copy",""
"passed","Fri Aug 07 03:18:15 UTC 2026","Fri Aug 07 03:18:15 UTC 2026","727","Dolphin","Technical","","","productTextSearchTopRankingScenarioTest","AI product text search recall: wlw-staging cnc top-ranking scenario",""
"passed","Fri Aug 07 03:08:34 UTC 2026","Fri Aug 07 03:08:34 UTC 2026","503","2 Team Dragon - BFF | RFQ Backend","Functional Tests","(root)","GET /v1/rfqs - Success","","GET /v1/rfqs - Success",""
"skipped","Fri Aug 07 03:14:01 UTC 2026","Fri Aug 07 03:14:01 UTC 2026","0","3 Team Techno - UCL","Functional Tests","Endpoint Tests","TopRanking","","get TR with the given existing id",""
"passed","Fri Aug 07 03:11:37 UTC 2026","Fri Aug 07 03:11:37 UTC 2026","220","4. Team CRM |CRM Staging","Business Scenarios Tests","Feedback","Trigger Feedback","","Trigger Feedback",""
"passed","Fri Aug 07 03:11:21 UTC 2026","Fri Aug 07 03:11:21 UTC 2026","34","1.1 Team Hummingbird - BFF | WLW app","Technical Tests","euro-pages-controller","DELETE /public_api/euro-pages/auth/delete","","DELETE /public_api/euro-pages/auth/delete",""
"failed","Fri Aug 07 03:11:35 UTC 2026","Fri Aug 07 03:11:35 UTC 2026","15","1.1 Team Hummingbird - BFF | WLW app","Technical Tests","search-controller","GET /public_api/search/ai/termRecommend [NEG] Missing Auth/API-Key","","GET /public_api/search/ai/termRecommend [NEG] Missing Auth/API-Key",""
"failed","Fri Aug 07 03:10:03 UTC 2026","Fri Aug 07 03:10:04 UTC 2026","326","1 Team Hummingbird - BFF | EP app","Endpoint tests","Contact request","Product request","","Product request",""
"skipped","Fri Aug 07 03:09:08 UTC 2026","Fri Aug 07 03:09:08 UTC 2026","0","7. Team Pegasus | Pegasus Staging","Spike | Profiles link user to company","(root)","05 GET — Profile by email","","05 GET — Profile by email",""
"failed","Fri Aug 07 03:11:36 UTC 2026","Fri Aug 07 03:11:36 UTC 2026","12","1.1 Team Hummingbird - BFF | WLW app","Technical Tests","search-controller","GET /public_api/products/recommendations","","GET /public_api/products/recommendations",""
"passed","Fri Aug 07 03:11:13 UTC 2026","Fri Aug 07 03:11:13 UTC 2026","34","1.1 Team Hummingbird - BFF | WLW app","Technical Tests","conversation-controller","PUT /public_api/conversation/userConversations/{conversationId}/tag [NEG] Expired Token","","PUT /public_api/conversation/userConversations/{conversationId}/tag [NEG] Expired Token",""
"passed","Fri Aug 07 03:11:23 UTC 2026","Fri Aug 07 03:11:23 UTC 2026","33","1.1 Team Hummingbird - BFF | WLW app","Technical Tests","login-controller","POST /public_api/auth/sso/login [NEG] Forbidden Role Token","","POST /public_api/auth/sso/login [NEG] Forbidden Role Token",""
"passed","Fri Aug 07 03:08:37 UTC 2026","Fri Aug 07 03:08:38 UTC 2026","509","Arise","Technical","","","psearchProxySearch","psearchProxySearch",""
"failed","Fri Aug 07 03:11:31 UTC 2026","Fri Aug 07 03:11:31 UTC 2026","11","1.1 Team Hummingbird - BFF | WLW app","Technical Tests","push-notification-by-email-controller","PUT /v1/pushNotification","","PUT /v1/pushNotification",""
"passed","Fri Aug 07 03:10:59 UTC 2026","Fri Aug 07 03:11:00 UTC 2026","674","1.1 Team Hummingbird - BFF | WLW app","Endpoint tests","Login","native email login","","native email login",""
"failed","Fri Aug 07 03:11:18 UTC 2026","Fri Aug 07 03:11:18 UTC 2026","13","1.1 Team Hummingbird - BFF | WLW app","Technical Tests","conversation-controller","GET /public_api/conversation/userConversations/{conversationId}/file [NEG] Missing Auth/API-Key","","GET /public_api/conversation/userConversations/{conversationId}/file [NEG] Missing Auth/API-Key",""
"passed","Fri Aug 07 03:11:21 UTC 2026","Fri Aug 07 03:11:21 UTC 2026","36","1.1 Team Hummingbird - BFF | WLW app","Technical Tests","feedback-controller","POST /feedback","","POST /feedback",""
"passed","Fri Aug 07 03:11:22 UTC 2026","Fri Aug 07 03:11:22 UTC 2026","34","1.1 Team Hummingbird - BFF | WLW app","Technical Tests","help-and-support-controller","POST /help [NEG] Expired Token","","POST /help [NEG] Expired Token",""
"passed","Fri Aug 07 03:09:58 UTC 2026","Fri Aug 07 03:09:58 UTC 2026","508","1 Team Hummingbird - BFF | EP app","Endpoint tests","Login","native email login purchaser","","native email login purchaser",""
"passed","Fri Aug 07 03:11:33 UTC 2026","Fri Aug 07 03:11:33 UTC 2026","100","4. Team CRM |CRM Staging","Business Scenarios Tests","Tasks","Check Task","","Check Task",""
"passed","Fri Aug 07 03:11:14 UTC 2026","Fri Aug 07 03:11:14 UTC 2026","14","1.1 Team Hummingbird - BFF | WLW app","Technical Tests","conversation-controller","PUT /public_api/conversation/userConversations/{conversationId}/decline [NEG] Missing Auth/API-Key","","PUT /public_api/conversation/userConversations/{conversationId}/decline [NEG] Missing Auth/API-Key",""
"passed","Fri Aug 07 03:11:21 UTC 2026","Fri Aug 07 03:11:21 UTC 2026","32","1.1 Team Hummingbird - BFF | WLW app","Technical Tests","feedback-controller","POST /v1/feedback","","POST /v1/feedback",""
"failed","Fri Aug 07 03:11:37 UTC 2026","Fri Aug 07 03:11:37 UTC 2026","11","1.1 Team Hummingbird - BFF | WLW app","Technical Tests","search-term-controller","POST /public_api/search/track [NEG] Forbidden Role Token","","POST /public_api/search/track [NEG] Forbidden Role Token",""
"passed","Fri Aug 07 03:11:16 UTC 2026","Fri Aug 07 03:11:16 UTC 2026","30","1.1 Team Hummingbird - BFF | WLW app","Technical Tests","conversation-controller","POST /public_api/conversation/userConversations/{conversationId}/messages/file/ [NEG] Missing Auth/API-Key","","POST /public_api/conversation/userConversations/{conversationId}/messages/file/ [NEG] Missing Auth/API-Key",""
"failed","Fri Aug 07 03:11:30 UTC 2026","Fri Aug 07 03:11:30 UTC 2026","11","1.1 Team Hummingbird - BFF | WLW app","Technical Tests","purchaser-user-setting-controller","GET /userSetting","","GET /userSetting",""
"passed","Fri Aug 07 03:11:29 UTC 2026","Fri Aug 07 03:11:29 UTC 2026","33","1.1 Team Hummingbird - BFF | WLW app","Technical Tests","purchaser-user-setting-controller","PUT /userSetting/{id}","","PUT /userSetting/{id}",""
"skipped","Fri Aug 07 03:11:32 UTC 2026","Fri Aug 07 03:11:32 UTC 2026","0","4. Team CRM |CRM Staging","Endpoints Tests","Users","Quotes","","Endpoints Tests / Users / Quotes - empty",""
"passed","Fri Aug 07 03:11:06 UTC 2026","Fri Aug 07 03:11:06 UTC 2026","174","1.1 Team Hummingbird - BFF | WLW app","Endpoint tests","Conversations","unread count","","unread count",""
"skipped","Fri Aug 07 03:09:08 UTC 2026","Fri Aug 07 03:09:08 UTC 2026","0","7. Team Pegasus | Pegasus Staging","Business Scenarios Tests","Business Insights","Dashboard smoke flow","","Activity by uuid",""
"passed","Fri Aug 07 03:11:22 UTC 2026","Fri Aug 07 03:11:22 UTC 2026","38","1.1 Team Hummingbird - BFF | WLW app","Technical Tests","feedback-controller","POST /feedback [NEG] Forbidden Role Token","","POST /feedback [NEG] Forbidden Role Token",""
"failed","Fri Aug 07 03:11:34 UTC 2026","Fri Aug 07 03:11:34 UTC 2026","10","1.1 Team Hummingbird - BFF | WLW app","Technical Tests","search-controller","GET /public_api/search/products [NEG] Forbidden Role Token","","GET /public_api/search/products [NEG] Forbidden Role Token",""
"passed","Fri Aug 07 03:11:24 UTC 2026","Fri Aug 07 03:11:24 UTC 2026","33","1.1 Team Hummingbird - BFF | WLW app","Technical Tests","login-controller","POST /public_api/auth/resetPassword","","POST /public_api/auth/resetPassword",""
"failed","Fri Aug 07 03:11:15 UTC 2026","Fri Aug 07 03:11:15 UTC 2026","11","1.1 Team Hummingbird - BFF | WLW app","Technical Tests","conversation-controller","GET /public_api/conversation/userConversations/{conversationId}/messages [NEG] Forbidden Role Token","","GET /public_api/conversation/userConversations/{conversationId}/messages [NEG] Forbidden Role Token",""
"skipped","Fri Aug 07 03:11:32 UTC 2026","Fri Aug 07 03:11:32 UTC 2026","0","4. Team CRM |CRM Staging","Technical Tests","(empty)","(empty)","","Technical Tests - empty",""
"passed","Fri Aug 07 03:11:15 UTC 2026","Fri Aug 07 03:11:15 UTC 2026","33","1.1 Team Hummingbird - BFF | WLW app","Technical Tests","conversation-controller","POST /public_api/conversation/userConversations/{conversationId}/messages/{messageId}/translate","","POST /public_api/conversation/userConversations/{conversationId}/messages/{messageId}/translate",""
"skipped","Fri Aug 07 03:09:08 UTC 2026","Fri Aug 07 03:09:08 UTC 2026","0","7. Team Pegasus | Pegasus Staging","Endpoints Tests","Supplier Registration","EP","","request_for_quotations - Endpoints related to the creation of request for quotations",""
"passed","Fri Aug 07 03:18:09 UTC 2026","Fri Aug 07 03:18:10 UTC 2026","738","Dolphin","Technical","","","productTextSearchPageZeroTest","AI product text search recall: page=0 normalized",""
"skipped","Fri Aug 07 03:14:01 UTC 2026","Fri Aug 07 03:14:01 UTC 2026","0","3 Team Techno - UCL","Technical Tests","Membership","GET /unified_commercial_logic/internal_api/api/membership/{id} - Retrieve Membership fields By ID","","GET /unified_commercial_logic/internal_api/api/membership/{id} - Retrieve Membership fields By ID",""
"passed","Fri Aug 07 03:11:36 UTC 2026","Fri Aug 07 03:11:40 UTC 2026","4587","4. Team CRM |CRM Staging","Business Scenarios Tests","Account","Contact for Account","","Contact for Account",""
"passed","Fri Aug 07 03:10:05 UTC 2026","Fri Aug 07 03:10:08 UTC 2026","3787","1 Team Hummingbird - BFF | EP app","Endpoint tests","Conversations","unread count","","unread count",""
"passed","Fri Aug 07 03:10:00 UTC 2026","Fri Aug 07 03:10:00 UTC 2026","78","1 Team Hummingbird - BFF | EP app","Endpoint tests","Support","notifications list","","notifications list",""
"passed","Fri Aug 07 03:11:40 UTC 2026","Fri Aug 07 03:11:40 UTC 2026","18","1.1 Team Hummingbird - BFF | WLW app","Technical Tests","trending-products-controller","GET /public_api/trending/notifications [NEG] Missing Auth/API-Key","","GET /public_api/trending/notifications [NEG] Missing Auth/API-Key",""
"failed","Fri Aug 07 03:11:06 UTC 2026","Fri Aug 07 03:11:07 UTC 2026","131","1.1 Team Hummingbird - BFF | WLW app","Endpoint tests","Conversations","Decline RFQ","","Decline RFQ",""
"failed","Fri Aug 07 03:11:18 UTC 2026","Fri Aug 07 03:11:18 UTC 2026","14","1.1 Team Hummingbird - BFF | WLW app","Technical Tests","conversation-controller","GET /public_api/conversation/userConversations/{conversationId} [NEG] Forbidden Role Token","","GET /public_api/conversation/userConversations/{conversationId} [NEG] Forbidden Role Token",""
"failed","Fri Aug 07 03:11:35 UTC 2026","Fri Aug 07 03:11:37 UTC 2026","1724","4. Team CRM |CRM Staging","Business Scenarios Tests","Account","Smoke Test Basic Account Creation","","Smoke Test Basic Account Creation",""
"passed","Fri Aug 07 03:11:43 UTC 2026","Fri Aug 07 03:11:45 UTC 2026","1748","4. Team CRM |CRM Staging","Endpoints Tests","(root)","trigger the Paid Media lead","","trigger the Paid Media lead",""
"skipped","Fri Aug 07 03:09:08 UTC 2026","Fri Aug 07 03:09:08 UTC 2026","0","7. Team Pegasus | Pegasus Staging","Business Scenarios Tests","Supplier Registration","EP - Lead create and update","","leads/{lead_id} - Update a lead",""
"passed","Fri Aug 07 03:11:02 UTC 2026","Fri Aug 07 03:11:02 UTC 2026","55","1.1 Team Hummingbird - BFF | WLW app","Endpoint tests","Company","Suppliers listings","","Suppliers listings",""
"skipped","Fri Aug 07 03:09:08 UTC 2026","Fri Aug 07 03:09:08 UTC 2026","0","7. Team Pegasus | Pegasus Staging","Endpoints Tests","Visitors","Elixir (supplier-app)","","Countries by uuid",""
"passed","Fri Aug 07 03:11:24 UTC 2026","Fri Aug 07 03:11:24 UTC 2026","35","1.1 Team Hummingbird - BFF | WLW app","Technical Tests","login-controller","POST /public_api/auth/registration [NEG] Forbidden Role Token","","POST /public_api/auth/registration [NEG] Forbidden Role Token",""
"passed","Fri Aug 07 03:11:38 UTC 2026","Fri Aug 07 03:11:38 UTC 2026","237","4. Team CRM |CRM Staging","Business Scenarios Tests","Lead","Lead-duplicateCheck - with dulicates","","Lead-duplicateCheck - with dulicates",""
"passed","Fri Aug 07 03:11:02 UTC 2026","Fri Aug 07 03:11:02 UTC 2026","25","1.1 Team Hummingbird - BFF | WLW app","Endpoint tests","Company","Company ID EN","","Company ID EN",""
"broken","Fri Aug 07 03:10:58 UTC 2026","Fri Aug 07 03:11:18 UTC 2026","20023","Dolphin","Technical","","","recallBlankQueryTest","AI Search recall: blank query and imageUrl → business failure",""
"passed","Fri Aug 07 03:11:25 UTC 2026","Fri Aug 07 03:11:25 UTC 2026","29","1.1 Team Hummingbird - BFF | WLW app","Technical Tests","login-controller","POST /public_api/auth/code/verify [NEG] Expired Token","","POST /public_api/auth/code/verify [NEG] Expired Token",""
"failed","Fri Aug 07 03:11:10 UTC 2026","Fri Aug 07 03:11:10 UTC 2026","12","1.1 Team Hummingbird - BFF | WLW app","Technical Tests","ai-company-search-controller","GET /public_api/search/ai/company/stream/mock [NEG] Forbidden Role Token","","GET /public_api/search/ai/company/stream/mock [NEG] Forbidden Role Token",""
"skipped","Fri Aug 07 03:09:08 UTC 2026","Fri Aug 07 03:09:08 UTC 2026","0","7. Team Pegasus | Pegasus Staging","Endpoints Tests","Shop Import & Onboarding Backend","/offers/suggestCategory","","/offers/suggestCategory",""
"failed","Fri Aug 07 03:08:35 UTC 2026","Fri Aug 07 03:08:35 UTC 2026","96","2 Team Dragon - BFF | RFQ Backend","Business Scenario Tests","(root)","RFQ_Listing","","RFQ_Listing",""
"passed","Fri Aug 07 03:11:32 UTC 2026","Fri Aug 07 03:11:33 UTC 2026","750","4. Team CRM |CRM Staging","Business Scenarios Tests","Tasks","Smoke test Create task","","Smoke test Create task",""
"passed","Fri Aug 07 03:11:43 UTC 2026","Fri Aug 07 03:11:43 UTC 2026","583","4. Team CRM |CRM Staging","Endpoints Tests","(root)","sync event to trigger the RFC lead process","","sync event to trigger the RFC lead process",""
"broken","Fri Aug 07 03:14:39 UTC 2026","Fri Aug 07 03:14:59 UTC 2026","20007","Dolphin","Functional","","","recallSingleFilterTest","AI Search recall: single filter (verified=true)",""
"skipped","Fri Aug 07 03:11:32 UTC 2026","Fri Aug 07 03:11:32 UTC 2026","0","4. Team CRM |CRM Staging","Endpoints Tests","Users","Custom Endpoints","","Endpoints Tests / Users / Custom Endpoints - empty",""
"failed","Fri Aug 07 03:11:39 UTC 2026","Fri Aug 07 03:11:39 UTC 2026","12","1.1 Team Hummingbird - BFF | WLW app","Technical Tests","supplier-visitors-controller","GET /public_api/suppliers/{supplier_id}/visits/csv [NEG] Expired Token","","GET /public_api/suppliers/{supplier_id}/visits/csv [NEG] Expired Token",""
"passed","Fri Aug 07 03:11:30 UTC 2026","Fri Aug 07 03:11:30 UTC 2026","32","1.1 Team Hummingbird - BFF | WLW app","Technical Tests","purchaser-user-setting-controller","POST /userSetting/ [NEG] Forbidden Role Token","","POST /userSetting/ [NEG] Forbidden Role Token",""
"failed","Fri Aug 07 03:11:09 UTC 2026","Fri Aug 07 03:11:09 UTC 2026","12","1.1 Team Hummingbird - BFF | WLW app","Technical Tests","ai-company-search-controller","GET /public_api/search/ai/company/stream/mock [NEG] Expired Token","","GET /public_api/search/ai/company/stream/mock [NEG] Expired Token",""
"skipped","Fri Aug 07 03:09:08 UTC 2026","Fri Aug 07 03:09:08 UTC 2026","0","7. Team Pegasus | Pegasus Staging","Spike | Profiles link user to company","(root)","04 OAuth — User Storage token","","04 OAuth — User Storage token",""
"passed","Fri Aug 07 03:11:03 UTC 2026","Fri Aug 07 03:11:03 UTC 2026","81","1.1 Team Hummingbird - BFF | WLW app","Endpoint tests","Search","search autoComplete EN","","search autoComplete EN",""
"passed","Fri Aug 07 03:11:26 UTC 2026","Fri Aug 07 03:11:26 UTC 2026","32","1.1 Team Hummingbird - BFF | WLW app","Technical Tests","login-controller","POST /public_api/auth/code/resend [NEG] Expired Token","","POST /public_api/auth/code/resend [NEG] Expired Token",""
"skipped","Fri Aug 07 03:14:01 UTC 2026","Fri Aug 07 03:14:01 UTC 2026","0","3 Team Techno - UCL","Technical Tests","TopRanking","GET /unified_commercial_logic/internal_api/api/top_ranking_v1 - Retrieve TopRankingV1 List","","GET /unified_commercial_logic/internal_api/api/top_ranking_v1 - Retrieve TopRankingV1 List",""
"failed","Fri Aug 07 03:11:02 UTC 2026","Fri Aug 07 03:11:02 UTC 2026","26","1.1 Team Hummingbird - BFF | WLW app","Endpoint tests","Company","Company ID FR","","Company ID FR",""
"passed","Fri Aug 07 03:11:44 UTC 2026","Fri Aug 07 03:11:45 UTC 2026","393","4. Team CRM |CRM Staging","Endpoints Tests","(root)","trigger a Buyer lead","","trigger a Buyer lead",""
"passed","Fri Aug 07 03:18:14 UTC 2026","Fri Aug 07 03:18:15 UTC 2026","694","Dolphin","Technical","","","productTextSearchTest","AI product text search recall API",""
"skipped","Fri Aug 07 03:09:08 UTC 2026","Fri Aug 07 03:09:08 UTC 2026","0","7. Team Pegasus | Pegasus Staging","Endpoints Tests","User & Company Context","Get company data crm","","Get company data crm",""
"passed","Fri Aug 07 03:11:39 UTC 2026","Fri Aug 07 03:11:39 UTC 2026","35","1.1 Team Hummingbird - BFF | WLW app","Technical Tests","trending-products-controller","POST /public_api/trending/import [NEG] Expired Token","","POST /public_api/trending/import [NEG] Expired Token",""
"broken","Fri Aug 07 03:16:00 UTC 2026","Fri Aug 07 03:16:20 UTC 2026","20020","Dolphin","Technical","","","recallWhitespaceQueryTest","AI Search recall: whitespace-only query → business failure",""
"failed","Fri Aug 07 03:10:04 UTC 2026","Fri Aug 07 03:10:04 UTC 2026","25","1 Team Hummingbird - BFF | EP app","Endpoint tests","Conversations","dynamic link conversation","","dynamic link conversation",""
"skipped","Fri Aug 07 03:14:01 UTC 2026","Fri Aug 07 03:14:01 UTC 2026","0","3 Team Techno - UCL","Functional Tests","Endpoint Tests","Organization","","get organization for the given supplier_facts_uuid",""
"passed","Fri Aug 07 03:08:33 UTC 2026","Fri Aug 07 03:08:34 UTC 2026","125","2 Team Dragon - BFF | RFQ Backend","Functional Tests","(root)","GET /v1/user - Success","","GET /v1/user - Success",""
"failed","Fri Aug 07 03:11:10 UTC 2026","Fri Aug 07 03:11:10 UTC 2026","13","1.1 Team Hummingbird - BFF | WLW app","Technical Tests","ai-company-search-controller","GET /public_api/search/ai/company/stream/mock [SEC] Injection Probe","","GET /public_api/search/ai/company/stream/mock [SEC] Injection Probe",""
"failed","Fri Aug 07 03:10:00 UTC 2026","Fri Aug 07 03:10:00 UTC 2026","31","1 Team Hummingbird - BFF | EP app","Endpoint tests","Company","Company ID DE","","Company ID DE",""
"passed","Fri Aug 07 03:10:01 UTC 2026","Fri Aug 07 03:10:01 UTC 2026","102","1 Team Hummingbird - BFF | EP app","Endpoint tests","Company","Companies / products DE","","Companies / products DE",""
"passed","Fri Aug 07 03:18:17 UTC 2026","Fri Aug 07 03:18:17 UTC 2026","22","Dolphin","Technical","","","getLandingPageProductListTest","get Landing page Product List for seo",""
"failed","Fri Aug 07 03:11:31 UTC 2026","Fri Aug 07 03:11:31 UTC 2026","11","1.1 Team Hummingbird - BFF | WLW app","Technical Tests","push-notification-by-email-controller","GET /v1/pushNotification [NEG] Missing Auth/API-Key","","GET /v1/pushNotification [NEG] Missing Auth/API-Key",""
"passed","Fri Aug 07 03:10:05 UTC 2026","Fri Aug 07 03:10:06 UTC 2026","1421","1 Team Hummingbird - BFF | EP app","Endpoint tests","Visitor profiler","Visits","","Visits",""
"failed","Fri Aug 07 03:11:35 UTC 2026","Fri Aug 07 03:11:35 UTC 2026","12","1.1 Team Hummingbird - BFF | WLW app","Technical Tests","search-controller","GET /public_api/search/autoComplete [NEG] Forbidden Role Token","","GET /public_api/search/autoComplete [NEG] Forbidden Role Token",""
"passed","Fri Aug 07 03:11:03 UTC 2026","Fri Aug 07 03:11:03 UTC 2026","75","1.1 Team Hummingbird - BFF | WLW app","Endpoint tests","Search","search autoComplete DE","","search autoComplete DE",""
"passed","Fri Aug 07 03:11:14 UTC 2026","Fri Aug 07 03:11:14 UTC 2026","41","1.1 Team Hummingbird - BFF | WLW app","Technical Tests","conversation-controller","PUT /public_api/conversation/userConversations/{conversationId}/messages/markAsRead [SEC] Injection Probe","","PUT /public_api/conversation/userConversations/{conversationId}/messages/markAsRead [SEC] Injection Probe",""
"failed","Fri Aug 07 03:11:17 UTC 2026","Fri Aug 07 03:11:17 UTC 2026","17","1.1 Team Hummingbird - BFF | WLW app","Technical Tests","conversation-controller","GET /public_api/conversation/userConversations [NEG] Forbidden Role Token","","GET /public_api/conversation/userConversations [NEG] Forbidden Role Token",""
"passed","Fri Aug 07 03:11:37 UTC 2026","Fri Aug 07 03:11:38 UTC 2026","128","4. Team CRM |CRM Staging","Business Scenarios Tests","Disable Hubspot","Check hubspot is false","","Check hubspot is false",""
"failed","Fri Aug 07 03:11:36 UTC 2026","Fri Aug 07 03:11:36 UTC 2026","12","1.1 Team Hummingbird - BFF | WLW app","Technical Tests","search-controller","GET /public_api/products/recommendations [NEG] Expired Token","","GET /public_api/products/recommendations [NEG] Expired Token",""
"passed","Fri Aug 07 03:11:24 UTC 2026","Fri Aug 07 03:11:24 UTC 2026","31","1.1 Team Hummingbird - BFF | WLW app","Technical Tests","login-controller","POST /public_api/auth/session/extend [NEG] Expired Token","","POST /public_api/auth/session/extend [NEG] Expired Token",""
"passed","Fri Aug 07 03:10:05 UTC 2026","Fri Aug 07 03:10:05 UTC 2026","127","1 Team Hummingbird - BFF | EP app","Endpoint tests","(root)","Log out","","Log out",""
"passed","Fri Aug 07 03:11:35 UTC 2026","Fri Aug 07 03:11:37 UTC 2026","1250","4. Team CRM |CRM Staging","Business Scenarios Tests","Account","Account for Contact","","Account for Contact",""
"skipped","Fri Aug 07 03:14:01 UTC 2026","Fri Aug 07 03:14:01 UTC 2026","0","3 Team Techno - UCL","Technical Tests","WebsiteLead","GET /unified_commercial_logic/internal_api/api/website_lead - Retrieve WebsiteLead List","","GET /unified_commercial_logic/internal_api/api/website_lead - Retrieve WebsiteLead List",""
"passed","Fri Aug 07 03:11:40 UTC 2026","Fri Aug 07 03:11:43 UTC 2026","2917","4. Team CRM |CRM Staging","Business Scenarios Tests","Contacts","Create Contact","","Create Contact",""
"passed","Fri Aug 07 03:11:34 UTC 2026","Fri Aug 07 03:11:34 UTC 2026","319","4. Team CRM |CRM Staging","Business Scenarios Tests","Contacts","Edit Contact","","Edit Contact",""
"broken","Fri Aug 07 03:17:40 UTC 2026","Fri Aug 07 03:18:00 UTC 2026","20021","Dolphin","Technical","","","productInferenceTest","AI product search inference stream API",""
"passed","Fri Aug 07 03:10:03 UTC 2026","Fri Aug 07 03:10:03 UTC 2026","27","1 Team Hummingbird - BFF | EP app","Endpoint tests","Homepage, products","categories/homepage","","categories/homepage",""
"failed","Fri Aug 07 03:10:00 UTC 2026","Fri Aug 07 03:10:00 UTC 2026","26","1 Team Hummingbird - BFF | EP app","Endpoint tests","Company","Company ID FR","","Company ID FR",""
"passed","Fri Aug 07 03:11:02 UTC 2026","Fri Aug 07 03:11:02 UTC 2026","14","1.1 Team Hummingbird - BFF | WLW app","Endpoint tests","Mobile_Feedback","Feedback Subject_FR","","Feedback Subject_FR",""
"passed","Fri Aug 07 03:11:17 UTC 2026","Fri Aug 07 03:11:17 UTC 2026","37","1.1 Team Hummingbird - BFF | WLW app","Technical Tests","conversation-controller","GET /public_api/conversation/userConversations/{userId}/unreadCount [SEC] Injection Probe","","GET /public_api/conversation/userConversations/{userId}/unreadCount [SEC] Injection Probe",""
"passed","Fri Aug 07 03:11:30 UTC 2026","Fri Aug 07 03:11:30 UTC 2026","32","1.1 Team Hummingbird - BFF | WLW app","Technical Tests","purchaser-user-setting-controller","POST /userSetting","","POST /userSetting",""
"passed","Fri Aug 07 03:11:39 UTC 2026","Fri Aug 07 03:11:39 UTC 2026","117","4. Team CRM |CRM Staging","Business Scenarios Tests","Lead","Smoke test for Conversion","","Smoke test for Conversion",""
"failed","Fri Aug 07 03:11:19 UTC 2026","Fri Aug 07 03:11:19 UTC 2026","36","1.1 Team Hummingbird - BFF | WLW app","Technical Tests","conversation-controller","GET /public_api/conversation/userConversations/{conversationId}/file [SEC] Injection Probe","","GET /public_api/conversation/userConversations/{conversationId}/file [SEC] Injection Probe",""
"passed","Fri Aug 07 03:11:34 UTC 2026","Fri Aug 07 03:11:34 UTC 2026","36","1.1 Team Hummingbird - BFF | WLW app","Technical Tests","search-controller","GET /public_api/search/products [SEC] Injection Probe","","GET /public_api/search/products [SEC] Injection Probe",""
"passed","Fri Aug 07 03:11:32 UTC 2026","Fri Aug 07 03:11:32 UTC 2026","33","1.1 Team Hummingbird - BFF | WLW app","Technical Tests","rfq-marketing-controller","POST /public_api/rfq-marketing/trigger","","POST /public_api/rfq-marketing/trigger",""
"passed","Fri Aug 07 03:11:37 UTC 2026","Fri Aug 07 03:11:37 UTC 2026","17","1.1 Team Hummingbird - BFF | WLW app","Technical Tests","search-term-controller","PUT /public_api/search/notification-opened [NEG] Missing Auth/API-Key","","PUT /public_api/search/notification-opened [NEG] Missing Auth/API-Key",""
"broken","Fri Aug 07 03:13:59 UTC 2026","Fri Aug 07 03:14:19 UTC 2026","20020","Dolphin","Technical","","","recallPaidSupplierFilterTest","AI Search recall: paid supplier filter (verified=true)",""
"skipped","Fri Aug 07 03:09:08 UTC 2026","Fri Aug 07 03:09:08 UTC 2026","0","7. Team Pegasus | Pegasus Staging","Endpoints Tests","User & Company Context","Get user details by","","Get user details by",""
"passed","Fri Aug 07 03:11:23 UTC 2026","Fri Aug 07 03:11:23 UTC 2026","17","1.1 Team Hummingbird - BFF | WLW app","Technical Tests","login-controller","POST /public_api/auth/sso/login [NEG] Missing Auth/API-Key","","POST /public_api/auth/sso/login [NEG] Missing Auth/API-Key",""
"passed","Fri Aug 07 03:11:20 UTC 2026","Fri Aug 07 03:11:20 UTC 2026","35","1.1 Team Hummingbird - BFF | WLW app","Technical Tests","dynamic-links-controller","POST /public_api/branchio/dynamiclink [NEG] Forbidden Role Token","","POST /public_api/branchio/dynamiclink [NEG] Forbidden Role Token",""
"passed","Fri Aug 07 03:11:39 UTC 2026","Fri Aug 07 03:11:39 UTC 2026","117","4. Team CRM |CRM Staging","Business Scenarios Tests","Lead","Smoke test for Conversion","","Smoke test for Conversion",""
"failed","Fri Aug 07 03:11:12 UTC 2026","Fri Aug 07 03:11:12 UTC 2026","11","1.1 Team Hummingbird - BFF | WLW app","Technical Tests","company-controller","GET /public_api/company","","GET /public_api/company",""
"passed","Fri Aug 07 03:11:24 UTC 2026","Fri Aug 07 03:11:24 UTC 2026","33","1.1 Team Hummingbird - BFF | WLW app","Technical Tests","login-controller","POST /public_api/auth/registration","","POST /public_api/auth/registration",""
"skipped","Fri Aug 07 03:09:08 UTC 2026","Fri Aug 07 03:09:08 UTC 2026","0","7. Team Pegasus | Pegasus Staging","Endpoints Tests","Supplier Registration","Manual VAT check","","vat/check - Validate VAT number",""
"failed","Fri Aug 07 03:11:27 UTC 2026","Fri Aug 07 03:11:27 UTC 2026","13","1.1 Team Hummingbird - BFF | WLW app","Technical Tests","product-controller","GET /public_api/companies/{supplierPublicId}/products","","GET /public_api/companies/{supplierPublicId}/products",""
"passed","Fri Aug 07 03:10:05 UTC 2026","Fri Aug 07 03:10:06 UTC 2026","1837","1 Team Hummingbird - BFF | EP app","Endpoint tests","Conversations","decline QDR","","decline QDR",""
"passed","Fri Aug 07 03:11:06 UTC 2026","Fri Aug 07 03:11:09 UTC 2026","2201","1.1 Team Hummingbird - BFF | WLW app","Endpoint tests","Conversations","decline QDR","","decline QDR",""
"failed","Fri Aug 07 03:08:35 UTC 2026","Fri Aug 07 03:08:35 UTC 2026","14","2 Team Dragon - BFF | RFQ Backend","Technical Tests","(root)","POST /v1/rfqs/{rfqId}/respond - Multipart Upload + Schema + Security","","POST /v1/rfqs/{rfqId}/respond - Multipart Upload + Schema + Security",""
"passed","Fri Aug 07 03:11:38 UTC 2026","Fri Aug 07 03:11:40 UTC 2026","1601","4. Team CRM |CRM Staging","Business Scenarios Tests","Lead","Create a  lead","","Create a  lead",""
"failed","Fri Aug 07 03:11:36 UTC 2026","Fri Aug 07 03:11:36 UTC 2026","16","1.1 Team Hummingbird - BFF | WLW app","Technical Tests","search-controller","GET /public_api/categories/recommendations","","GET /public_api/categories/recommendations",""
"passed","Fri Aug 07 03:11:39 UTC 2026","Fri Aug 07 03:11:39 UTC 2026","117","4. Team CRM |CRM Staging","Business Scenarios Tests","Lead","Smoke test for Conversion","","Smoke test for Conversion",""
"failed","Fri Aug 07 03:11:04 UTC 2026","Fri Aug 07 03:11:04 UTC 2026","182","1.1 Team Hummingbird - BFF | WLW app","Endpoint tests","Homepage, products","product recommendations FR","","product recommendations FR",""
"passed","Fri Aug 07 03:11:00 UTC 2026","Fri Aug 07 03:11:00 UTC 2026","112","1.1 Team Hummingbird - BFF | WLW app","Endpoint tests","User settings","user setting","","user setting",""
"passed","Fri Aug 07 03:11:28 UTC 2026","Fri Aug 07 03:11:28 UTC 2026","19","1.1 Team Hummingbird - BFF | WLW app","Technical Tests","purchaser-support-controller","GET /support-master-data [NEG] Missing Auth/API-Key","","GET /support-master-data [NEG] Missing Auth/API-Key",""
"passed","Fri Aug 07 03:08:38 UTC 2026","Fri Aug 07 03:08:38 UTC 2026","187","Arise","Technical","","","skwd","skwd",""
"skipped","Fri Aug 07 03:09:08 UTC 2026","Fri Aug 07 03:09:08 UTC 2026","0","7. Team Pegasus | Pegasus Staging","Business Scenarios Tests","Supplier Facts","Company create and update for UI","","Create company",""
"passed","Fri Aug 07 03:11:45 UTC 2026","Fri Aug 07 03:11:45 UTC 2026","135","4. Team CRM |CRM Staging","Endpoints Tests","(root)","get company data via SF id","","get company data via SF id",""
"passed","Fri Aug 07 03:11:04 UTC 2026","Fri Aug 07 03:11:04 UTC 2026","81","1.1 Team Hummingbird - BFF | WLW app","Endpoint tests","Search","search track","","search track",""
"skipped","Fri Aug 07 03:09:08 UTC 2026","Fri Aug 07 03:09:08 UTC 2026","0","7. Team Pegasus | Pegasus Staging","Business Scenarios Tests","Supplier Registration","EP - Lead create and update","","leads - Create a lead",""
"passed","Fri Aug 07 03:11:39 UTC 2026","Fri Aug 07 03:11:40 UTC 2026","121","4. Team CRM |CRM Staging","Business Scenarios Tests","WLW Price Compaigns","WLW_Price Compaigns","","WLW_Price Compaigns",""
"passed","Fri Aug 07 03:11:24 UTC 2026","Fri Aug 07 03:11:24 UTC 2026","30","1.1 Team Hummingbird - BFF | WLW app","Technical Tests","login-controller","POST /public_api/auth/resetPassword [NEG] Expired Token","","POST /public_api/auth/resetPassword [NEG] Expired Token",""
"broken","Fri Aug 07 03:14:59 UTC 2026","Fri Aug 07 03:15:19 UTC 2026","20019","Dolphin","Technical","","","recallSpecialCharQueryTest","AI Search recall: special-character query structure OK",""
"passed","Fri Aug 07 03:11:34 UTC 2026","Fri Aug 07 03:11:35 UTC 2026","690","4. Team CRM |CRM Staging","Business Scenarios Tests","Account","Dunning level 1","","Dunning level 1",""
"failed","Fri Aug 07 03:11:05 UTC 2026","Fri Aug 07 03:11:05 UTC 2026","362","1.1 Team Hummingbird - BFF | WLW app","Endpoint tests","Contact request","Callback request","","Callback request",""
"passed","Fri Aug 07 03:11:00 UTC 2026","Fri Aug 07 03:11:00 UTC 2026","519","1.1 Team Hummingbird - BFF | WLW app","Endpoint tests","Login","registration","","registration",""
"passed","Fri Aug 07 03:11:03 UTC 2026","Fri Aug 07 03:11:04 UTC 2026","719","1.1 Team Hummingbird - BFF | WLW app","Endpoint tests","Search","search companies DE","","search companies DE",""
"skipped","Fri Aug 07 03:14:01 UTC 2026","Fri Aug 07 03:14:01 UTC 2026","0","3 Team Techno - UCL","Functional Tests","Endpoint Tests","WebsiteLead","","get all active on wlw for given existing uuid",""
"passed","Fri Aug 07 03:11:22 UTC 2026","Fri Aug 07 03:11:22 UTC 2026","33","1.1 Team Hummingbird - BFF | WLW app","Technical Tests","help-and-support-controller","POST /help","","POST /help",""
"skipped","Fri Aug 07 03:09:08 UTC 2026","Fri Aug 07 03:09:08 UTC 2026","0","7. Team Pegasus | Pegasus Staging","Endpoints Tests","Supplier Registration","EP","","{{supplierRegistrationBackendBaseUrlForGetRequests}}/api/business_sectors/index?lang=en&query=Biscuits",""
"passed","Fri Aug 07 03:11:37 UTC 2026","Fri Aug 07 03:11:39 UTC 2026","2379","4. Team CRM |CRM Staging","Business Scenarios Tests","Create and edit a contact","Create contact","","Create contact",""
"passed","Fri Aug 07 03:11:36 UTC 2026","Fri Aug 07 03:11:40 UTC 2026","4198","4. Team CRM |CRM Staging","Business Scenarios Tests","Account","Trigger SAP Customer number","","Trigger SAP Customer number",""
"passed","Fri Aug 07 03:18:12 UTC 2026","Fri Aug 07 03:18:13 UTC 2026","676","Dolphin","Functional","","","productTextSearchSortTest","AI product text search recall: alternate sort",""
"passed","Fri Aug 07 03:18:08 UTC 2026","Fri Aug 07 03:18:09 UTC 2026","843","Dolphin","Technical","","","productTextSearchPageSizeZeroTest","AI product text search recall: pageSize=0 normalized to default",""
"skipped","Fri Aug 07 03:09:08 UTC 2026","Fri Aug 07 03:09:08 UTC 2026","0","7. Team Pegasus | Pegasus Staging","Spike | Profiles link user to company","(root)","07 GET — Verify profile after PATCH","","07 GET — Verify profile after PATCH",""
"passed","Fri Aug 07 03:18:16 UTC 2026","Fri Aug 07 03:18:16 UTC 2026","78","Dolphin","Functional","","","EPPCppProductRecommendTest","recommend products in CPP -- ep",""
"failed","Fri Aug 07 03:11:18 UTC 2026","Fri Aug 07 03:11:18 UTC 2026","13","1.1 Team Hummingbird - BFF | WLW app","Technical Tests","conversation-controller","GET /public_api/conversation/userConversations/{userId}/unreadCount/ [NEG] Forbidden Role Token","","GET /public_api/conversation/userConversations/{userId}/unreadCount/ [NEG] Forbidden Role Token",""
"passed","Fri Aug 07 03:11:41 UTC 2026","Fri Aug 07 03:11:42 UTC 2026","1510","4. Team CRM |CRM Staging","Business Scenarios Tests","Platform Profile","Smoke Test Create Platform Profile","","Smoke Test Create Platform Profile",""
"passed","Fri Aug 07 03:11:07 UTC 2026","Fri Aug 07 03:11:10 UTC 2026","3137","1.1 Team Hummingbird - BFF | WLW app","Endpoint tests","Visitor profiler","csv get","","csv get",""
"passed","Fri Aug 07 03:09:59 UTC 2026","Fri Aug 07 03:09:59 UTC 2026","27","1 Team Hummingbird - BFF | EP app","Endpoint tests","Support","Supportmasterdata_DE","","Supportmasterdata_DE",""
"skipped","Fri Aug 07 03:14:01 UTC 2026","Fri Aug 07 03:14:01 UTC 2026","0","3 Team Techno - UCL","Functional Tests","Endpoint Tests","membership","","get all active membership for business_partner_id",""
"passed","Fri Aug 07 03:11:24 UTC 2026","Fri Aug 07 03:11:24 UTC 2026","35","1.1 Team Hummingbird - BFF | WLW app","Technical Tests","login-controller","POST /public_api/auth/resetPassword [NEG] Forbidden Role Token","","POST /public_api/auth/resetPassword [NEG] Forbidden Role Token",""
"skipped","Fri Aug 07 03:09:08 UTC 2026","Fri Aug 07 03:09:08 UTC 2026","0","7. Team Pegasus | Pegasus Staging","Endpoints Tests","Business Insights","Admin BIOPS imports","","Admin BIOPS imports",""
"failed","Fri Aug 07 03:11:43 UTC 2026","Fri Aug 07 03:11:43 UTC 2026","78","4. Team CRM |CRM Staging","Endpoints Tests","(root)","Create Note with sf id","","Create Note with sf id",""
"skipped","Fri Aug 07 03:09:08 UTC 2026","Fri Aug 07 03:09:08 UTC 2026","0","7. Team Pegasus | Pegasus Staging","Endpoints Tests","Business Insights","Graph","","Graph",""
"skipped","Fri Aug 07 03:09:08 UTC 2026","Fri Aug 07 03:09:08 UTC 2026","0","7. Team Pegasus | Pegasus Staging","Endpoints Tests","Membership Management (PGS-861)","GET — Verify UTM in supplier-facts","","GET — Verify UTM in supplier-facts",""
"passed","Fri Aug 07 03:11:35 UTC 2026","Fri Aug 07 03:11:36 UTC 2026","1028","4. Team CRM |CRM Staging","Business Scenarios Tests","Account","Smoke Test Create Account with All Fields","","Smoke Test Create Account with All Fields",""
"passed","Fri Aug 07 03:11:26 UTC 2026","Fri Aug 07 03:11:26 UTC 2026","47","1.1 Team Hummingbird - BFF | WLW app","Technical Tests","login-controller","POST /public_api/auth/changePassword [NEG] Forbidden Role Token","","POST /public_api/auth/changePassword [NEG] Forbidden Role Token",""
"passed","Fri Aug 07 03:10:01 UTC 2026","Fri Aug 07 03:10:01 UTC 2026","91","1 Team Hummingbird - BFF | EP app","Endpoint tests","Company","Companies / products FR","","Companies / products FR",""
"passed","Fri Aug 07 03:11:36 UTC 2026","Fri Aug 07 03:11:36 UTC 2026","34","1.1 Team Hummingbird - BFF | WLW app","Technical Tests","search-controller","GET /public_api/products/recommendations [SEC] Injection Probe","","GET /public_api/products/recommendations [SEC] Injection Probe",""
"skipped","Fri Aug 07 03:09:08 UTC 2026","Fri Aug 07 03:09:08 UTC 2026","0","7. Team Pegasus | Pegasus Staging","Endpoints Tests","User & Company Context","User Profile Storage by email","","User Profile Storage by email",""
"passed","Fri Aug 07 03:08:35 UTC 2026","Fri Aug 07 03:08:35 UTC 2026","6","2 Team Dragon - BFF | RFQ Backend","Technical Tests","(root)","GET /v1/user - User Info + Roles + Negative Auth","","GET /v1/user - User Info + Roles + Negative Auth",""
"skipped","Fri Aug 07 03:09:08 UTC 2026","Fri Aug 07 03:09:08 UTC 2026","0","7. Team Pegasus | Pegasus Staging","Business Scenarios Tests","Business Insights","Dashboard smoke flow","","Admin BI",""
"failed","Fri Aug 07 03:09:58 UTC 2026","Fri Aug 07 03:09:59 UTC 2026","618","1 Team Hummingbird - BFF | EP app","Endpoint tests","Login","registration","","registration",""
"passed","Fri Aug 07 03:10:01 UTC 2026","Fri Aug 07 03:10:01 UTC 2026","391","1 Team Hummingbird - BFF | EP app","Endpoint tests","Company","Companies / products EN","","Companies / products EN",""
"skipped","Fri Aug 07 03:14:01 UTC 2026","Fri Aug 07 03:14:01 UTC 2026","0","3 Team Techno - UCL","Functional Tests","Endpoint Tests","membership","","get all membership for non-existing uuid",""
"passed","Fri Aug 07 03:10:02 UTC 2026","Fri Aug 07 03:10:03 UTC 2026","423","1 Team Hummingbird - BFF | EP app","Endpoint tests","Search","Product Search FR","","Product Search FR",""
"passed","Fri Aug 07 03:10:03 UTC 2026","Fri Aug 07 03:10:03 UTC 2026","147","1 Team Hummingbird - BFF | EP app","Endpoint tests","Homepage, products","product recommendations FR","","product recommendations FR",""
"passed","Fri Aug 07 03:11:17 UTC 2026","Fri Aug 07 03:11:17 UTC 2026","35","1.1 Team Hummingbird - BFF | WLW app","Technical Tests","conversation-controller","GET /public_api/conversation/userConversations [SEC] Injection Probe","","GET /public_api/conversation/userConversations [SEC] Injection Probe",""
"passed","Fri Aug 07 03:18:02 UTC 2026","Fri Aug 07 03:18:03 UTC 2026","1508","Dolphin","Technical","","","productTextSearchIllegalSortTest","AI product text search recall: illegal sort passthrough",""
"passed","Fri Aug 07 03:11:07 UTC 2026","Fri Aug 07 03:11:07 UTC 2026","112","1.1 Team Hummingbird - BFF | WLW app","Technical Tests","ab-test-record-controller","POST /public_api/abtest/record","","POST /public_api/abtest/record",""
"passed","Fri Aug 07 03:11:45 UTC 2026","Fri Aug 07 03:11:45 UTC 2026","74","4. Team CRM |CRM Staging","Endpoints Tests","(root)","resolve individual id bulk","","resolve individual id bulk",""
"passed","Fri Aug 07 03:11:16 UTC 2026","Fri Aug 07 03:11:16 UTC 2026","52","1.1 Team Hummingbird - BFF | WLW app","Technical Tests","conversation-controller","POST /public_api/conversation/userConversations/{conversationId}/messages/file/ [NEG] Forbidden Role Token","","POST /public_api/conversation/userConversations/{conversationId}/messages/file/ [NEG] Forbidden Role Token",""
"failed","Fri Aug 07 03:09:58 UTC 2026","Fri Aug 07 03:09:58 UTC 2026","67","1 Team Hummingbird - BFF | EP app","Endpoint tests","Login","user Info","","user Info",""
"skipped","Fri Aug 07 03:09:08 UTC 2026","Fri Aug 07 03:09:08 UTC 2026","0","7. Team Pegasus | Pegasus Staging","Spike | Profiles link user to company","(root)","10 MANUAL — company-editor basic-info (browser)","","10 MANUAL — company-editor basic-info (browser)",""
"broken","Fri Aug 07 03:17:40 UTC 2026","Fri Aug 07 03:18:00 UTC 2026","20021","Dolphin","Functional","","","productInferenceTest","AI product search inference stream API",""
"passed","Fri Aug 07 03:11:42 UTC 2026","Fri Aug 07 03:11:42 UTC 2026","74","4. Team CRM |CRM Staging","Endpoints Tests","(root)","update SF","","update SF",""
"passed","Fri Aug 07 03:11:33 UTC 2026","Fri Aug 07 03:11:33 UTC 2026","86","4. Team CRM |CRM Staging","Business Scenarios Tests","Contacts","Check Contact","","Check Contact",""
"passed","Fri Aug 07 03:11:35 UTC 2026","Fri Aug 07 03:11:37 UTC 2026","1250","4. Team CRM |CRM Staging","Business Scenarios Tests","Account","Account for Contact","","Account for Contact",""
"failed","Fri Aug 07 03:11:02 UTC 2026","Fri Aug 07 03:11:02 UTC 2026","40","1.1 Team Hummingbird - BFF | WLW app","Endpoint tests","Company","Company ID DE","","Company ID DE",""
"passed","Fri Aug 07 03:11:21 UTC 2026","Fri Aug 07 03:11:21 UTC 2026","48","1.1 Team Hummingbird - BFF | WLW app","Technical Tests","feedback-controller","POST /feedback [NEG] Missing Auth/API-Key","","POST /feedback [NEG] Missing Auth/API-Key",""
"skipped","Fri Aug 07 03:09:08 UTC 2026","Fri Aug 07 03:09:08 UTC 2026","0","7. Team Pegasus | Pegasus Staging","Endpoints Tests","Business Insights","PGS-890 Admin company refresh","","PGS-890 Admin company refresh",""
"failed","Fri Aug 07 03:11:14 UTC 2026","Fri Aug 07 03:11:14 UTC 2026","12","1.1 Team Hummingbird - BFF | WLW app","Technical Tests","conversation-controller","GET /public_api/conversation/userConversations/{conversationId}/messages","","GET /public_api/conversation/userConversations/{conversationId}/messages",""
"failed","Fri Aug 07 03:11:28 UTC 2026","Fri Aug 07 03:11:28 UTC 2026","11","1.1 Team Hummingbird - BFF | WLW app","Technical Tests","purchaser-support-controller","GET /support-faq [NEG] Missing Auth/API-Key","","GET /support-faq [NEG] Missing Auth/API-Key",""
"passed","Fri Aug 07 03:11:09 UTC 2026","Fri Aug 07 03:11:09 UTC 2026","17","1.1 Team Hummingbird - BFF | WLW app","Technical Tests","ai-company-search-controller","POST /public_api/search/ai/company/search [NEG] Missing Auth/API-Key","","POST /public_api/search/ai/company/search [NEG] Missing Auth/API-Key",""
"failed","Fri Aug 07 03:11:36 UTC 2026","Fri Aug 07 03:11:36 UTC 2026","11","1.1 Team Hummingbird - BFF | WLW app","Technical Tests","search-controller","GET /public_api/products/recommendations [NEG] Missing Auth/API-Key","","GET /public_api/products/recommendations [NEG] Missing Auth/API-Key",""
"passed","Fri Aug 07 03:11:15 UTC 2026","Fri Aug 07 03:11:15 UTC 2026","39","1.1 Team Hummingbird - BFF | WLW app","Technical Tests","conversation-controller","POST /public_api/conversation/userConversations/{conversationId}/messages/{messageId}/translate [NEG] Expired Token","","POST /public_api/conversation/userConversations/{conversationId}/messages/{messageId}/translate [NEG] Expired Token",""
"failed","Fri Aug 07 03:11:31 UTC 2026","Fri Aug 07 03:11:31 UTC 2026","12","1.1 Team Hummingbird - BFF | WLW app","Technical Tests","push-notification-by-email-controller","GET /v1/pushNotification","","GET /v1/pushNotification",""
"passed","Fri Aug 07 03:11:35 UTC 2026","Fri Aug 07 03:11:35 UTC 2026","37","1.1 Team Hummingbird - BFF | WLW app","Technical Tests","search-controller","GET /public_api/search/ai/tabChange","","GET /public_api/search/ai/tabChange",""
"passed","Fri Aug 07 03:11:16 UTC 2026","Fri Aug 07 03:11:16 UTC 2026","40","1.1 Team Hummingbird - BFF | WLW app","Technical Tests","conversation-controller","POST /public_api/conversation/userConversations/{conversationId}/messages/file [NEG] Forbidden Role Token","","POST /public_api/conversation/userConversations/{conversationId}/messages/file [NEG] Forbidden Role Token",""
"failed","Fri Aug 07 03:11:40 UTC 2026","Fri Aug 07 03:11:40 UTC 2026","11","1.1 Team Hummingbird - BFF | WLW app","Technical Tests","trending-products-controller","GET /public_api/trending/products","","GET /public_api/trending/products",""
"passed","Fri Aug 07 03:11:38 UTC 2026","Fri Aug 07 03:11:38 UTC 2026","190","4. Team CRM |CRM Staging","Business Scenarios Tests","Disable Hubspot","Check hubspot is true","","Check hubspot is true",""
"failed","Fri Aug 07 03:11:30 UTC 2026","Fri Aug 07 03:11:30 UTC 2026","13","1.1 Team Hummingbird - BFF | WLW app","Technical Tests","purchaser-user-setting-controller","GET /userSetting [NEG] Expired Token","","GET /userSetting [NEG] Expired Token",""
"passed","Fri Aug 07 03:18:17 UTC 2026","Fri Aug 07 03:18:17 UTC 2026","72","Dolphin","Technical","","","homepageProductRecommendTest","homepage product recommend -- wlw",""
"passed","Fri Aug 07 03:09:58 UTC 2026","Fri Aug 07 03:09:59 UTC 2026","780","1 Team Hummingbird - BFF | EP app","Endpoint tests","Login","native email login","","native email login",""
"passed","Fri Aug 07 03:18:10 UTC 2026","Fri Aug 07 03:18:11 UTC 2026","1170","Dolphin","Functional","","","productTextSearchPaidSupplierFilterTest","AI product text search recall: paid/verified supplier filter",""
"passed","Fri Aug 07 03:08:34 UTC 2026","Fri Aug 07 03:08:34 UTC 2026","6","2 Team Dragon - BFF | RFQ Backend","Functional Tests","(root)","Assertions Summary (Doc)","","Assertions Summary (Doc)",""
"skipped","Fri Aug 07 03:14:01 UTC 2026","Fri Aug 07 03:14:01 UTC 2026","0","3 Team Techno - UCL","Functional Tests","Endpoint Tests","membership","","get all active membership for uuid not platform specific",""
"failed","Fri Aug 07 03:09:15 UTC 2026","Fri Aug 07 03:09:15 UTC 2026","15","Bamboo","Functional","","","listSubCategoriesTest","list sub Categories",""
"broken","Fri Aug 07 03:09:37 UTC 2026","Fri Aug 07 03:09:57 UTC 2026","20034","Dolphin","Technical","","","pvMatchEmptyCompanyListTest","AI Search PV match: empty companyList → business failure",""
"passed","Fri Aug 07 03:11:41 UTC 2026","Fri Aug 07 03:11:42 UTC 2026","531","4. Team CRM |CRM Staging","Business Scenarios Tests","Cases","Smoke Test for Case Creation","","Smoke Test for Case Creation",""
"passed","Fri Aug 07 03:11:36 UTC 2026","Fri Aug 07 03:11:36 UTC 2026","105","4. Team CRM |CRM Staging","Business Scenarios Tests","Account","Smoke test : Account + Contact + SAP","","Smoke test : Account + Contact + SAP",""
"passed","Fri Aug 07 03:11:29 UTC 2026","Fri Aug 07 03:11:29 UTC 2026","19","1.1 Team Hummingbird - BFF | WLW app","Technical Tests","purchaser-user-setting-controller","PUT /userSetting/{id} [NEG] Missing Auth/API-Key","","PUT /userSetting/{id} [NEG] Missing Auth/API-Key",""
"failed","Fri Aug 07 03:11:12 UTC 2026","Fri Aug 07 03:11:12 UTC 2026","18","1.1 Team Hummingbird - BFF | WLW app","Technical Tests","company-controller","GET /public_api/company [NEG] Missing Auth/API-Key","","GET /public_api/company [NEG] Missing Auth/API-Key",""
"passed","Fri Aug 07 03:11:35 UTC 2026","Fri Aug 07 03:11:35 UTC 2026","18","1.1 Team Hummingbird - BFF | WLW app","Technical Tests","search-controller","GET /public_api/search/ai/tabChange [NEG] Missing Auth/API-Key","","GET /public_api/search/ai/tabChange [NEG] Missing Auth/API-Key",""
"failed","Fri Aug 07 03:11:31 UTC 2026","Fri Aug 07 03:11:31 UTC 2026","13","1.1 Team Hummingbird - BFF | WLW app","Technical Tests","push-notification-by-email-controller","PUT /v1/pushNotification [NEG] Forbidden Role Token","","PUT /v1/pushNotification [NEG] Forbidden Role Token",""
"skipped","Fri Aug 07 03:09:08 UTC 2026","Fri Aug 07 03:09:08 UTC 2026","0","7. Team Pegasus | Pegasus Staging","Business Scenarios Tests","Supplier Facts","API register, publish, and verify in UI","","3. Resolve company uuid by email",""
"passed","Fri Aug 07 03:11:43 UTC 2026","Fri Aug 07 03:11:45 UTC 2026","1748","4. Team CRM |CRM Staging","Endpoints Tests","(root)","trigger the Paid Media lead","","trigger the Paid Media lead",""
"passed","Fri Aug 07 03:11:39 UTC 2026","Fri Aug 07 03:11:39 UTC 2026","34","1.1 Team Hummingbird - BFF | WLW app","Technical Tests","trending-products-controller","POST /public_api/trending/import [NEG] Forbidden Role Token","","POST /public_api/trending/import [NEG] Forbidden Role Token",""
"passed","Fri Aug 07 03:11:07 UTC 2026","Fri Aug 07 03:11:07 UTC 2026","91","1.1 Team Hummingbird - BFF | WLW app","Endpoint tests","(root)","Log out","","Log out",""
"passed","Fri Aug 07 03:09:59 UTC 2026","Fri Aug 07 03:09:59 UTC 2026","56","1 Team Hummingbird - BFF | EP app","Endpoint tests","User settings","user setting","","user setting",""
"failed","Fri Aug 07 03:11:36 UTC 2026","Fri Aug 07 03:11:36 UTC 2026","13","1.1 Team Hummingbird - BFF | WLW app","Technical Tests","search-controller","GET /public_api/categories/recommendations [NEG] Expired Token","","GET /public_api/categories/recommendations [NEG] Expired Token",""
"skipped","Fri Aug 07 03:09:08 UTC 2026","Fri Aug 07 03:09:08 UTC 2026","0","7. Team Pegasus | Pegasus Staging","Endpoints Tests","Visitors","Java (statistics-app)","","Filter types",""
"failed","Fri Aug 07 03:11:33 UTC 2026","Fri Aug 07 03:11:33 UTC 2026","14","1.1 Team Hummingbird - BFF | WLW app","Technical Tests","search-controller","GET /public_api/suppliers/recommendations [NEG] Missing Auth/API-Key","","GET /public_api/suppliers/recommendations [NEG] Missing Auth/API-Key",""
"passed","Fri Aug 07 03:11:37 UTC 2026","Fri Aug 07 03:11:37 UTC 2026","318","4. Team CRM |CRM Staging","Business Scenarios Tests","Create and edit a contact","Edit contact","","Edit contact",""
"passed","Fri Aug 07 03:11:39 UTC 2026","Fri Aug 07 03:11:40 UTC 2026","1601","4. Team CRM |CRM Staging","Business Scenarios Tests","Lead","Create a  lead","","Create a  lead",""
"skipped","Fri Aug 07 03:09:08 UTC 2026","Fri Aug 07 03:09:08 UTC 2026","0","7. Team Pegasus | Pegasus Staging","Endpoints Tests","Supplier Registration","EP","","vat/check - Validate VAT number",""
"skipped","Fri Aug 07 03:09:08 UTC 2026","Fri Aug 07 03:09:08 UTC 2026","0","7. Team Pegasus | Pegasus Staging","Endpoints Tests","Business Insights","Dashboard","","Dashboard",""
"passed","Fri Aug 07 03:11:13 UTC 2026","Fri Aug 07 03:11:13 UTC 2026","34","1.1 Team Hummingbird - BFF | WLW app","Technical Tests","contact-form-controller","POST /public_api/contact-form/messages [NEG] Forbidden Role Token","","POST /public_api/contact-form/messages [NEG] Forbidden Role Token",""
"skipped","Fri Aug 07 03:14:01 UTC 2026","Fri Aug 07 03:14:01 UTC 2026","0","3 Team Techno - UCL","Technical Tests","SponsoredBrand","GET /unified_commercial_logic/internal_api/api/sponsored_brand_v1/{id} - Retrieve SponsoredBrandV1 By ID","","GET /unified_commercial_logic/internal_api/api/sponsored_brand_v1/{id} - Retrieve SponsoredBrandV1 By ID",""
"failed","Fri Aug 07 03:10:05 UTC 2026","Fri Aug 07 03:10:23 UTC 2026","18288","1 Team Hummingbird - BFF | EP app","Endpoint tests","Visitor profiler","csv get","","csv get",""
"passed","Fri Aug 07 03:11:42 UTC 2026","Fri Aug 07 03:11:43 UTC 2026","139","4. Team CRM |CRM Staging","Endpoints Tests","(root)","resolve individual id","","resolve individual id",""
"passed","Fri Aug 07 03:11:40 UTC 2026","Fri Aug 07 03:11:42 UTC 2026","1510","4. Team CRM |CRM Staging","Business Scenarios Tests","Platform Profile","Smoke Test Create Platform Profile","","Smoke Test Create Platform Profile",""
"passed","Fri Aug 07 03:11:07 UTC 2026","Fri Aug 07 03:11:10 UTC 2026","3137","1.1 Team Hummingbird - BFF | WLW app","Endpoint tests","Visitor profiler","csv get","","csv get",""
"passed","Fri Aug 07 03:11:44 UTC 2026","Fri Aug 07 03:11:44 UTC 2026","101","4. Team CRM |CRM Staging","Endpoints Tests","(root)","Update WLW Connect Counters with id","","Update WLW Connect Counters with id",""
"passed","Fri Aug 07 03:11:29 UTC 2026","Fri Aug 07 03:11:29 UTC 2026","32","1.1 Team Hummingbird - BFF | WLW app","Technical Tests","purchaser-support-controller","GET /support-faq [SEC] Injection Probe","","GET /support-faq [SEC] Injection Probe",""
"passed","Fri Aug 07 03:11:42 UTC 2026","Fri Aug 07 03:11:42 UTC 2026","102","4. Team CRM |CRM Staging","Endpoints Tests","(root)","duplicate records","","duplicate records",""
"passed","Fri Aug 07 03:10:02 UTC 2026","Fri Aug 07 03:10:03 UTC 2026","896","1 Team Hummingbird - BFF | EP app","Endpoint tests","Search","search companies, EN","","search companies, EN",""
"passed","Fri Aug 07 03:11:21 UTC 2026","Fri Aug 07 03:11:21 UTC 2026","33","1.1 Team Hummingbird - BFF | WLW app","Technical Tests","feedback-controller","POST /v1/feedback [NEG] Expired Token","","POST /v1/feedback [NEG] Expired Token",""
"passed","Fri Aug 07 03:08:38 UTC 2026","Fri Aug 07 03:08:38 UTC 2026","187","Arise","Functional","","","skwd","skwd",""
"passed","Fri Aug 07 03:18:15 UTC 2026","Fri Aug 07 03:18:16 UTC 2026","163","Dolphin","Functional","","","EPHomepageProductRecommendTest","homepage product recommend -- ep",""
"passed","Fri Aug 07 03:08:34 UTC 2026","Fri Aug 07 03:08:34 UTC 2026","36","2 Team Dragon - BFF | RFQ Backend","Functional Tests","(root)","GET /v1/categories - Success","","GET /v1/categories - Success",""
"failed","Fri Aug 07 03:10:00 UTC 2026","Fri Aug 07 03:10:00 UTC 2026","44","1 Team Hummingbird - BFF | EP app","Endpoint tests","Company","Company ID EN","","Company ID EN",""
"passed","Fri Aug 07 03:11:13 UTC 2026","Fri Aug 07 03:11:13 UTC 2026","64","1.1 Team Hummingbird - BFF | WLW app","Technical Tests","conversation-controller","PUT /public_api/conversation/userConversations/{conversationId}/tag [NEG] Forbidden Role Token","","PUT /public_api/conversation/userConversations/{conversationId}/tag [NEG] Forbidden Role Token",""
"broken","Fri Aug 07 03:12:18 UTC 2026","Fri Aug 07 03:12:38 UTC 2026","20023","Dolphin","Technical","","","recallMissingRequestIdTest","AI Search recall: missing requestId still success",""
"skipped","Fri Aug 07 03:14:01 UTC 2026","Fri Aug 07 03:14:01 UTC 2026","0","3 Team Techno - UCL","Technical Tests","GoogleAd","GET /unified_commercial_logic/internal_api/api/google_ad/{id} - Retrieve GoogleAd By ID","","GET /unified_commercial_logic/internal_api/api/google_ad/{id} - Retrieve GoogleAd By ID",""
"passed","Fri Aug 07 03:18:05 UTC 2026","Fri Aug 07 03:18:06 UTC 2026","1303","Dolphin","Technical","","","productTextSearchMalformedRawQueryStructTest","AI product text search recall: malformed rawQueryStruct still success",""
"broken","Fri Aug 07 03:10:37 UTC 2026","Fri Aug 07 03:10:58 UTC 2026","20611","Dolphin","Functional","","","recallAlternateSortTest","AI Search recall: alternate sort (order_num_desc)",""
"passed","Fri Aug 07 03:11:13 UTC 2026","Fri Aug 07 03:11:13 UTC 2026","19","1.1 Team Hummingbird - BFF | WLW app","Technical Tests","contact-form-controller","POST /public_api/contact-form/messages [NEG] Missing Auth/API-Key","","POST /public_api/contact-form/messages [NEG] Missing Auth/API-Key",""
"passed","Fri Aug 07 03:11:19 UTC 2026","Fri Aug 07 03:11:19 UTC 2026","24","1.1 Team Hummingbird - BFF | WLW app","Technical Tests","currency-exchange-controller","GET /exchange/fetch-rates [NEG] Missing Auth/API-Key","","GET /exchange/fetch-rates [NEG] Missing Auth/API-Key",""
"broken","Fri Aug 07 03:09:57 UTC 2026","Fri Aug 07 03:10:17 UTC 2026","20022","Dolphin","Technical","","","pvMatchMissingQpInfoTest","AI Search PV match: missing qpInfo → business failure",""
"passed","Fri Aug 07 03:11:20 UTC 2026","Fri Aug 07 03:11:20 UTC 2026","35","1.1 Team Hummingbird - BFF | WLW app","Technical Tests","euro-pages-controller","PUT /public_api/euro-pages/auth/delete","","PUT /public_api/euro-pages/auth/delete",""
"passed","Fri Aug 07 03:11:12 UTC 2026","Fri Aug 07 03:11:12 UTC 2026","19","1.1 Team Hummingbird - BFF | WLW app","Technical Tests","company-controller","GET /public_api/company/{id} [NEG] Missing Auth/API-Key","","GET /public_api/company/{id} [NEG] Missing Auth/API-Key",""
"broken","Fri Aug 07 03:17:20 UTC 2026","Fri Aug 07 03:17:40 UTC 2026","20489","Dolphin","Technical","","","productInferenceShortQueryTest","AI product search inference: minimal searchText boundary",""
"passed","Fri Aug 07 03:11:33 UTC 2026","Fri Aug 07 03:11:33 UTC 2026","100","4. Team CRM |CRM Staging","Business Scenarios Tests","Tasks","Check Task","","Check Task",""
"passed","Fri Aug 07 03:11:26 UTC 2026","Fri Aug 07 03:11:26 UTC 2026","30","1.1 Team Hummingbird - BFF | WLW app","Technical Tests","login-controller","POST /public_api/auth/changePassword","","POST /public_api/auth/changePassword",""
"skipped","Fri Aug 07 03:09:08 UTC 2026","Fri Aug 07 03:09:08 UTC 2026","0","7. Team Pegasus | Pegasus Staging","Endpoints Tests","Visitors","Elixir (supplier-app)","","Filters",""
"failed","Fri Aug 07 03:11:34 UTC 2026","Fri Aug 07 03:11:34 UTC 2026","20","1.1 Team Hummingbird - BFF | WLW app","Technical Tests","search-controller","GET /public_api/search/autoComplete","","GET /public_api/search/autoComplete",""
"failed","Fri Aug 07 03:11:33 UTC 2026","Fri Aug 07 03:11:33 UTC 2026","14","1.1 Team Hummingbird - BFF | WLW app","Technical Tests","search-controller","GET /public_api/search [NEG] Expired Token","","GET /public_api/search [NEG] Expired Token",""
"failed","Fri Aug 07 03:11:33 UTC 2026","Fri Aug 07 03:11:33 UTC 2026","13","1.1 Team Hummingbird - BFF | WLW app","Technical Tests","search-controller","GET /public_api/suppliers/recommendations","","GET /public_api/suppliers/recommendations",""
"skipped","Fri Aug 07 03:14:01 UTC 2026","Fri Aug 07 03:14:01 UTC 2026","0","3 Team Techno - UCL","Technical Tests","TopRanking","GET /unified_commercial_logic/internal_api/api/top_ranking_v1/{id} - Retrieve TopRankingV1 By ID","","GET /unified_commercial_logic/internal_api/api/top_ranking_v1/{id} - Retrieve TopRankingV1 By ID",""
"failed","Fri Aug 07 03:11:34 UTC 2026","Fri Aug 07 03:11:34 UTC 2026","14","1.1 Team Hummingbird - BFF | WLW app","Technical Tests","search-controller","GET /public_api/search/products [NEG] Missing Auth/API-Key","","GET /public_api/search/products [NEG] Missing Auth/API-Key",""
"passed","Fri Aug 07 03:11:25 UTC 2026","Fri Aug 07 03:11:25 UTC 2026","16","1.1 Team Hummingbird - BFF | WLW app","Technical Tests","login-controller","POST /public_api/auth/password/login [NEG] Missing Auth/API-Key","","POST /public_api/auth/password/login [NEG] Missing Auth/API-Key",""
"passed","Fri Aug 07 03:11:04 UTC 2026","Fri Aug 07 03:11:04 UTC 2026","549","1.1 Team Hummingbird - BFF | WLW app","Endpoint tests","Search","Product Search EN","","Product Search EN",""
"skipped","Fri Aug 07 03:09:08 UTC 2026","Fri Aug 07 03:09:08 UTC 2026","0","7. Team Pegasus | Pegasus Staging","Spike | Profiles link user to company","(root)","06 PATCH — Link company to profile","","06 PATCH — Link company to profile",""
"failed","Fri Aug 07 03:11:30 UTC 2026","Fri Aug 07 03:11:30 UTC 2026","12","1.1 Team Hummingbird - BFF | WLW app","Technical Tests","purchaser-user-setting-controller","GET /userSetting [NEG] Missing Auth/API-Key","","GET /userSetting [NEG] Missing Auth/API-Key",""
"passed","Fri Aug 07 03:09:59 UTC 2026","Fri Aug 07 03:09:59 UTC 2026","17","1 Team Hummingbird - BFF | EP app","Endpoint tests","User settings","push-notification-by-email-controller","","push-notification-by-email-controller",""
"passed","Fri Aug 07 03:11:30 UTC 2026","Fri Aug 07 03:11:30 UTC 2026","31","1.1 Team Hummingbird - BFF | WLW app","Technical Tests","purchaser-user-setting-controller","POST /userSetting [NEG] Forbidden Role Token","","POST /userSetting [NEG] Forbidden Role Token",""
"failed","Fri Aug 07 03:11:18 UTC 2026","Fri Aug 07 03:11:18 UTC 2026","14","1.1 Team Hummingbird - BFF | WLW app","Technical Tests","conversation-controller","GET /public_api/conversation/userConversations/{userId}/unreadCount/ [NEG] Expired Token","","GET /public_api/conversation/userConversations/{userId}/unreadCount/ [NEG] Expired Token",""
"passed","Fri Aug 07 03:18:15 UTC 2026","Fri Aug 07 03:18:16 UTC 2026","163","Dolphin","Technical","","","EPHomepageProductRecommendTest","homepage product recommend -- ep",""
"passed","Fri Aug 07 03:18:11 UTC 2026","Fri Aug 07 03:18:12 UTC 2026","1191","Dolphin","Functional","","","productTextSearchSecondPageTest","AI product text search recall: pagination page 2",""
"passed","Fri Aug 07 03:11:14 UTC 2026","Fri Aug 07 03:11:14 UTC 2026","32","1.1 Team Hummingbird - BFF | WLW app","Technical Tests","conversation-controller","PUT /public_api/conversation/userConversations/{conversationId}/decline [NEG] Forbidden Role Token","","PUT /public_api/conversation/userConversations/{conversationId}/decline [NEG] Forbidden Role Token",""
"passed","Fri Aug 07 03:10:02 UTC 2026","Fri Aug 07 03:10:02 UTC 2026","408","1 Team Hummingbird - BFF | EP app","Endpoint tests","Search","search companies FR","","search companies FR",""
"skipped","Fri Aug 07 03:09:08 UTC 2026","Fri Aug 07 03:09:08 UTC 2026","0","7. Team Pegasus | Pegasus Staging","Endpoints Tests","Business Insights","User by uuid","","User by uuid",""
"failed","Fri Aug 07 03:11:17 UTC 2026","Fri Aug 07 03:11:17 UTC 2026","16","1.1 Team Hummingbird - BFF | WLW app","Technical Tests","conversation-controller","GET /public_api/conversation/userConversations/{userId}/unreadCount [NEG] Expired Token","","GET /public_api/conversation/userConversations/{userId}/unreadCount [NEG] Expired Token",""
"failed","Fri Aug 07 03:11:10 UTC 2026","Fri Aug 07 03:11:10 UTC 2026","17","1.1 Team Hummingbird - BFF | WLW app","Technical Tests","categories-controller","PUT /preferred/categories","","PUT /preferred/categories",""
"passed","Fri Aug 07 03:11:39 UTC 2026","Fri Aug 07 03:11:39 UTC 2026","14","1.1 Team Hummingbird - BFF | WLW app","Technical Tests","supplier-visitors-controller","GET /","","GET /",""
"passed","Fri Aug 07 03:11:25 UTC 2026","Fri Aug 07 03:11:25 UTC 2026","33","1.1 Team Hummingbird - BFF | WLW app","Technical Tests","login-controller","POST /public_api/auth/code/verify","","POST /public_api/auth/code/verify",""
"passed","Fri Aug 07 03:11:40 UTC 2026","Fri Aug 07 03:11:40 UTC 2026","121","4. Team CRM |CRM Staging","Business Scenarios Tests","WLW Price Compaigns","WLW_Price Compaigns","","WLW_Price Compaigns",""
"passed","Fri Aug 07 03:11:22 UTC 2026","Fri Aug 07 03:11:22 UTC 2026","34","1.1 Team Hummingbird - BFF | WLW app","Technical Tests","feedback-controller","GET /feedback/subject [NEG] Forbidden Role Token","","GET /feedback/subject [NEG] Forbidden Role Token",""
"skipped","Fri Aug 07 03:09:08 UTC 2026","Fri Aug 07 03:09:08 UTC 2026","0","7. Team Pegasus | Pegasus Staging","Business Scenarios Tests","Supplier Facts","Company create and update for UI","","Update company",""
"skipped","Fri Aug 07 03:09:08 UTC 2026","Fri Aug 07 03:09:08 UTC 2026","0","7. Team Pegasus | Pegasus Staging","Spike | Profiles link user to company","(root)","09 MANUAL — my-account supplier page (browser)","","09 MANUAL — my-account supplier page (browser)",""
"failed","Fri Aug 07 03:11:05 UTC 2026","Fri Aug 07 03:11:05 UTC 2026","226","1.1 Team Hummingbird - BFF | WLW app","Endpoint tests","Contact request","Other request","","Other request",""
"passed","Fri Aug 07 03:11:15 UTC 2026","Fri Aug 07 03:11:15 UTC 2026","41","1.1 Team Hummingbird - BFF | WLW app","Technical Tests","conversation-controller","POST /public_api/conversation/userConversations/{conversationId}/messages/{messageId}/translate [NEG] Forbidden Role Token","","POST /public_api/conversation/userConversations/{conversationId}/messages/{messageId}/translate [NEG] Forbidden Role Token",""
"failed","Fri Aug 07 03:08:38 UTC 2026","Fri Aug 07 03:08:38 UTC 2026","23","Arise","Technical","","","skwdAll","skwdAll",""
"skipped","Fri Aug 07 03:09:08 UTC 2026","Fri Aug 07 03:09:08 UTC 2026","0","7. Team Pegasus | Pegasus Staging","Business Scenarios Tests","Business Insights","Dashboard smoke flow","","Health status",""
"failed","Fri Aug 07 03:11:34 UTC 2026","Fri Aug 07 03:11:34 UTC 2026","12","1.1 Team Hummingbird - BFF | WLW app","Technical Tests","search-controller","GET /public_api/search [NEG] Forbidden Role Token","","GET /public_api/search [NEG] Forbidden Role Token",""
"passed","Fri Aug 07 03:11:23 UTC 2026","Fri Aug 07 03:11:23 UTC 2026","33","1.1 Team Hummingbird - BFF | WLW app","Technical Tests","login-controller","POST /public_api/auth/session/extend","","POST /public_api/auth/session/extend",""
"failed","Fri Aug 07 03:11:00 UTC 2026","Fri Aug 07 03:11:00 UTC 2026","66","1.1 Team Hummingbird - BFF | WLW app","Endpoint tests","Login","extend session","","extend session",""
"skipped","Fri Aug 07 03:09:08 UTC 2026","Fri Aug 07 03:09:08 UTC 2026","0","7. Team Pegasus | Pegasus Staging","Endpoints Tests","Visitors","Java (statistics-app)","","Visitors list",""
"broken","Fri Aug 07 03:17:00 UTC 2026","Fri Aug 07 03:17:20 UTC 2026","20023","Dolphin","Functional","","","termRecommendTest","AI Search term recommend API",""
"passed","Fri Aug 07 03:18:16 UTC 2026","Fri Aug 07 03:18:16 UTC 2026","669","Dolphin","Functional","","","EPOtherStoreProductRecommendTest","product other store recommend",""
"passed","Fri Aug 07 03:11:44 UTC 2026","Fri Aug 07 03:11:45 UTC 2026","1037","4. Team CRM |CRM Staging","Endpoints Tests","(root)","Create platform profile","","Create platform profile",""
"passed","Fri Aug 07 03:11:16 UTC 2026","Fri Aug 07 03:11:16 UTC 2026","37","1.1 Team Hummingbird - BFF | WLW app","Technical Tests","conversation-controller","POST /public_api/conversation/userConversations/{conversationId}/messages/file","","POST /public_api/conversation/userConversations/{conversationId}/messages/file",""
"passed","Fri Aug 07 03:11:27 UTC 2026","Fri Aug 07 03:11:27 UTC 2026","39","1.1 Team Hummingbird - BFF | WLW app","Technical Tests","product-controller","GET /public_api/products/{productId}","","GET /public_api/products/{productId}",""
"passed","Fri Aug 07 03:11:03 UTC 2026","Fri Aug 07 03:11:03 UTC 2026","50","1.1 Team Hummingbird - BFF | WLW app","Endpoint tests","Company","Product ID","","Product ID",""
"failed","Fri Aug 07 03:11:09 UTC 2026","Fri Aug 07 03:11:09 UTC 2026","12","1.1 Team Hummingbird - BFF | WLW app","Technical Tests","ai-company-search-controller","GET /public_api/search/ai/company/search [NEG] Forbidden Role Token","","GET /public_api/search/ai/company/search [NEG] Forbidden Role Token",""
"skipped","Fri Aug 07 03:14:01 UTC 2026","Fri Aug 07 03:14:01 UTC 2026","0","3 Team Techno - UCL","Technical Tests","Membership","GET /unified_commercial_logic/internal_api/api/membership - Retrieve Membership List","","GET /unified_commercial_logic/internal_api/api/membership - Retrieve Membership List",""
"failed","Fri Aug 07 03:11:35 UTC 2026","Fri Aug 07 03:11:35 UTC 2026","553","4. Team CRM |CRM Staging","Business Scenarios Tests","Account","Verify HubSpot Sync","","Verify HubSpot Sync",""
"passed","Fri Aug 07 03:18:18 UTC 2026","Fri Aug 07 03:18:18 UTC 2026","80","Dolphin","Technical","","","zeroResultProductRecommendTest","Recommend products in 0 result search list page v1 -- wlw",""
"skipped","Fri Aug 07 03:14:01 UTC 2026","Fri Aug 07 03:14:01 UTC 2026","0","3 Team Techno - UCL","Technical Tests","Membership","GET /unified_commercial_logic/internal_api/api/membership/ - Retrieve Membership List","","GET /unified_commercial_logic/internal_api/api/membership/ - Retrieve Membership List",""
"passed","Fri Aug 07 03:10:03 UTC 2026","Fri Aug 07 03:10:03 UTC 2026","137","1 Team Hummingbird - BFF | EP app","Endpoint tests","Homepage, products","product recommendations DE","","product recommendations DE",""
"passed","Fri Aug 07 03:11:43 UTC 2026","Fri Aug 07 03:11:43 UTC 2026","185","4. Team CRM |CRM Staging","Endpoints Tests","(root)","trigger from SF Platform Profile","","trigger from SF Platform Profile",""
"passed","Fri Aug 07 03:11:20 UTC 2026","Fri Aug 07 03:11:20 UTC 2026","36","1.1 Team Hummingbird - BFF | WLW app","Technical Tests","currency-exchange-controller","GET /exchange/fetch-rates [NEG] Forbidden Role Token","","GET /exchange/fetch-rates [NEG] Forbidden Role Token",""
"failed","Fri Aug 07 03:11:13 UTC 2026","Fri Aug 07 03:11:13 UTC 2026","18","1.1 Team Hummingbird - BFF | WLW app","Technical Tests","conversation-controller","PUT /public_api/conversation/userConversations/{conversationId}/messages/markAsRead [NEG] Missing Auth/API-Key","","PUT /public_api/conversation/userConversations/{conversationId}/messages/markAsRead [NEG] Missing Auth/API-Key",""
"skipped","Fri Aug 07 03:09:08 UTC 2026","Fri Aug 07 03:09:08 UTC 2026","0","7. Team Pegasus | Pegasus Staging","Endpoints Tests","Shop Import & Onboarding Backend","/offers/count - get count","","/offers/count - get count",""
"failed","Fri Aug 07 03:11:01 UTC 2026","Fri Aug 07 03:11:01 UTC 2026","19","1.1 Team Hummingbird - BFF | WLW app","Endpoint tests","Support","currency daily rates","","currency daily rates",""
"passed","Fri Aug 07 03:11:03 UTC 2026","Fri Aug 07 03:11:03 UTC 2026","60","1.1 Team Hummingbird - BFF | WLW app","Endpoint tests","Search","search autoComplete FR","","search autoComplete FR",""
"failed","Fri Aug 07 03:08:35 UTC 2026","Fri Aug 07 03:08:35 UTC 2026","14","2 Team Dragon - BFF | RFQ Backend","Technical Tests","(root)","POST /v1/rfqs/{rfqId}/respond - Multipart Upload + Schema + Security","","POST /v1/rfqs/{rfqId}/respond - Multipart Upload + Schema + Security",""
"failed","Fri Aug 07 03:11:39 UTC 2026","Fri Aug 07 03:11:39 UTC 2026","12","1.1 Team Hummingbird - BFF | WLW app","Technical Tests","supplier-visitors-controller","GET /public_api/suppliers/{supplier_id}/visits/csv [SEC] Injection Probe","","GET /public_api/suppliers/{supplier_id}/visits/csv [SEC] Injection Probe",""
"passed","Fri Aug 07 03:11:32 UTC 2026","Fri Aug 07 03:11:32 UTC 2026","34","1.1 Team Hummingbird - BFF | WLW app","Technical Tests","rfq-controller","POST /public_api/connect/purchaser/tenders","","POST /public_api/connect/purchaser/tenders",""
"failed","Fri Aug 07 03:10:02 UTC 2026","Fri Aug 07 03:10:02 UTC 2026","55","1 Team Hummingbird - BFF | EP app","Endpoint tests","Search","search track","","search track",""
"passed","Fri Aug 07 03:18:17 UTC 2026","Fri Aug 07 03:18:18 UTC 2026","254","Dolphin","Functional","","","instoreSearchTest","instore search -- cpp/pdp with sort and leaf filter",""
"passed","Fri Aug 07 03:11:25 UTC 2026","Fri Aug 07 03:11:25 UTC 2026","35","1.1 Team Hummingbird - BFF | WLW app","Technical Tests","login-controller","POST /public_api/auth/password/login","","POST /public_api/auth/password/login",""
"failed","Fri Aug 07 03:11:06 UTC 2026","Fri Aug 07 03:11:06 UTC 2026","98","1.1 Team Hummingbird - BFF | WLW app","Endpoint tests","Conversations","send file message","","send file message",""
"failed","Fri Aug 07 03:11:35 UTC 2026","Fri Aug 07 03:11:35 UTC 2026","15","1.1 Team Hummingbird - BFF | WLW app","Technical Tests","search-controller","GET /public_api/search/autoComplete [SEC] Injection Probe","","GET /public_api/search/autoComplete [SEC] Injection Probe",""
"passed","Fri Aug 07 03:11:40 UTC 2026","Fri Aug 07 03:11:40 UTC 2026","36","1.1 Team Hummingbird - BFF | WLW app","Technical Tests","trending-products-controller","GET /public_api/trending/notifications [NEG] Forbidden Role Token","","GET /public_api/trending/notifications [NEG] Forbidden Role Token",""
"passed","Fri Aug 07 03:18:18 UTC 2026","Fri Aug 07 03:18:18 UTC 2026","71","Dolphin","Technical","","","sameStoreProductRecommendTest","product same store recommend -- wlw",""
"skipped","Fri Aug 07 03:09:08 UTC 2026","Fri Aug 07 03:09:08 UTC 2026","0","7. Team Pegasus | Pegasus Staging","Business Scenarios Tests","Supplier Registration","WLW - Lead create and update","","leads - Create a lead",""
"passed","Fri Aug 07 03:11:32 UTC 2026","Fri Aug 07 03:11:32 UTC 2026","33","1.1 Team Hummingbird - BFF | WLW app","Technical Tests","rfq-controller","POST /public_api/connect/purchaser/tenders/ [NEG] Expired Token","","POST /public_api/connect/purchaser/tenders/ [NEG] Expired Token",""
"passed","Fri Aug 07 03:11:34 UTC 2026","Fri Aug 07 03:11:34 UTC 2026","120","4. Team CRM |CRM Staging","Business Scenarios Tests","Quote","Check Quote","","Check Quote",""
"passed","Fri Aug 07 03:11:14 UTC 2026","Fri Aug 07 03:11:14 UTC 2026","43","1.1 Team Hummingbird - BFF | WLW app","Technical Tests","conversation-controller","PUT /public_api/conversation/userConversations/{conversationId}/decline [NEG] Expired Token","","PUT /public_api/conversation/userConversations/{conversationId}/decline [NEG] Expired Token",""
"passed","Fri Aug 07 03:11:41 UTC 2026","Fri Aug 07 03:11:42 UTC 2026","886","4. Team CRM |CRM Staging","Business Scenarios Tests","Calls","Smoke test for call","","Smoke test for call",""
"passed","Fri Aug 07 03:18:15 UTC 2026","Fri Aug 07 03:18:15 UTC 2026","22","Dolphin","Technical","","","productTextSearchWhitespaceQueryTest","AI product text search recall: whitespace-only query → empty success",""
"passed","Fri Aug 07 03:11:20 UTC 2026","Fri Aug 07 03:11:20 UTC 2026","156","1.1 Team Hummingbird - BFF | WLW app","Technical Tests","dynamic-links-controller","POST /public_api/branchio/dynamiclink","","POST /public_api/branchio/dynamiclink",""
"passed","Fri Aug 07 03:11:32 UTC 2026","Fri Aug 07 03:11:32 UTC 2026","35","1.1 Team Hummingbird - BFF | WLW app","Technical Tests","rfq-controller","POST /public_api/connect/purchaser/tenders/","","POST /public_api/connect/purchaser/tenders/",""
"passed","Fri Aug 07 03:11:11 UTC 2026","Fri Aug 07 03:11:11 UTC 2026","35","1.1 Team Hummingbird - BFF | WLW app","Technical Tests","categories-controller","PUT /preferred/categories [SEC] Injection Probe","","PUT /preferred/categories [SEC] Injection Probe",""
"passed","Fri Aug 07 03:11:20 UTC 2026","Fri Aug 07 03:11:20 UTC 2026","33","1.1 Team Hummingbird - BFF | WLW app","Technical Tests","dynamic-links-controller","POST /public_api/branchio/dynamiclink [NEG] Expired Token","","POST /public_api/branchio/dynamiclink [NEG] Expired Token",""
"passed","Fri Aug 07 03:11:03 UTC 2026","Fri Aug 07 03:11:04 UTC 2026","740","1.1 Team Hummingbird - BFF | WLW app","Endpoint tests","Search","search companies, EN","","search companies, EN",""
"passed","Fri Aug 07 03:18:17 UTC 2026","Fri Aug 07 03:18:17 UTC 2026","77","Dolphin","Technical","","","cppProductRecommendTest","recommend products in CPP -- wlw",""
"passed","Fri Aug 07 03:11:38 UTC 2026","Fri Aug 07 03:11:38 UTC 2026","33","1.1 Team Hummingbird - BFF | WLW app","Technical Tests","supplier-visitors-controller","GET /public_api/suppliers/{supplier_id}/visits/{id} [NEG] Forbidden Role Token","","GET /public_api/suppliers/{supplier_id}/visits/{id} [NEG] Forbidden Role Token",""
"failed","Fri Aug 07 03:11:33 UTC 2026","Fri Aug 07 03:11:33 UTC 2026","13","1.1 Team Hummingbird - BFF | WLW app","Technical Tests","search-controller","GET /public_api/search [NEG] Missing Auth/API-Key","","GET /public_api/search [NEG] Missing Auth/API-Key",""
"passed","Fri Aug 07 03:11:24 UTC 2026","Fri Aug 07 03:11:24 UTC 2026","32","1.1 Team Hummingbird - BFF | WLW app","Technical Tests","login-controller","POST /public_api/auth/registration [NEG] Expired Token","","POST /public_api/auth/registration [NEG] Expired Token",""
"passed","Fri Aug 07 03:11:05 UTC 2026","Fri Aug 07 03:11:05 UTC 2026","23","1.1 Team Hummingbird - BFF | WLW app","Endpoint tests","Homepage, products","preferred categories","","preferred categories",""
"passed","Fri Aug 07 03:11:36 UTC 2026","Fri Aug 07 03:11:36 UTC 2026","32","1.1 Team Hummingbird - BFF | WLW app","Technical Tests","search-controller","GET /public_api/search/ai/tabChange [NEG] Forbidden Role Token","","GET /public_api/search/ai/tabChange [NEG] Forbidden Role Token",""
"passed","Fri Aug 07 03:08:34 UTC 2026","Fri Aug 07 03:08:34 UTC 2026","48","2 Team Dragon - BFF | RFQ Backend","Functional Tests","(root)","GET /v1/rfqs/{rfqId} - Success or 404","","GET /v1/rfqs/{rfqId} - Success or 404",""
"passed","Fri Aug 07 03:11:15 UTC 2026","Fri Aug 07 03:11:15 UTC 2026","34","1.1 Team Hummingbird - BFF | WLW app","Technical Tests","conversation-controller","POST /public_api/conversation/userConversations/{conversationId}/messages","","POST /public_api/conversation/userConversations/{conversationId}/messages",""
"passed","Fri Aug 07 03:11:25 UTC 2026","Fri Aug 07 03:11:25 UTC 2026","37","1.1 Team Hummingbird - BFF | WLW app","Technical Tests","login-controller","POST /public_api/auth/password/login [NEG] Forbidden Role Token","","POST /public_api/auth/password/login [NEG] Forbidden Role Token",""
"passed","Fri Aug 07 03:11:42 UTC 2026","Fri Aug 07 03:11:42 UTC 2026","134","4. Team CRM |CRM Staging","Endpoints Tests","(root)","get connect receipient","","get connect receipient",""
"passed","Fri Aug 07 03:11:06 UTC 2026","Fri Aug 07 03:11:06 UTC 2026","400","1.1 Team Hummingbird - BFF | WLW app","Endpoint tests","Conversations","conversation/messages","","conversation/messages",""
"failed","Fri Aug 07 03:11:35 UTC 2026","Fri Aug 07 03:11:35 UTC 2026","14","1.1 Team Hummingbird - BFF | WLW app","Technical Tests","search-controller","GET /public_api/search/ai/termRecommend [NEG] Forbidden Role Token","","GET /public_api/search/ai/termRecommend [NEG] Forbidden Role Token",""
"passed","Fri Aug 07 03:11:24 UTC 2026","Fri Aug 07 03:11:24 UTC 2026","17","1.1 Team Hummingbird - BFF | WLW app","Technical Tests","login-controller","POST /public_api/auth/registration [NEG] Missing Auth/API-Key","","POST /public_api/auth/registration [NEG] Missing Auth/API-Key",""
"passed","Fri Aug 07 03:10:00 UTC 2026","Fri Aug 07 03:10:01 UTC 2026","433","1 Team Hummingbird - BFF | EP app","Endpoint tests","Mobile_Feedback","post feedback","","post feedback",""
"failed","Fri Aug 07 03:11:14 UTC 2026","Fri Aug 07 03:11:14 UTC 2026","29","1.1 Team Hummingbird - BFF | WLW app","Technical Tests","conversation-controller","PUT /public_api/conversation/userConversations/{conversationId}/messages/markAsRead [NEG] Expired Token","","PUT /public_api/conversation/userConversations/{conversationId}/messages/markAsRead [NEG] Expired Token",""
"passed","Fri Aug 07 03:11:35 UTC 2026","Fri Aug 07 03:11:35 UTC 2026","435","4. Team CRM |CRM Staging","Business Scenarios Tests","Account","Update Account","","Update Account",""
"passed","Fri Aug 07 03:11:00 UTC 2026","Fri Aug 07 03:11:00 UTC 2026","100","1.1 Team Hummingbird - BFF | WLW app","Endpoint tests","Login","forgot password","","forgot password",""
"broken","Fri Aug 07 03:11:18 UTC 2026","Fri Aug 07 03:11:38 UTC 2026","20005","Dolphin","Functional","","","recallCountryFilterTest","AI Search recall: country filter DE",""
"passed","Fri Aug 07 03:11:06 UTC 2026","Fri Aug 07 03:11:06 UTC 2026","76","1.1 Team Hummingbird - BFF | WLW app","Endpoint tests","Conversations","mark as read","","mark as read",""
"failed","Fri Aug 07 03:09:15 UTC 2026","Fri Aug 07 03:09:15 UTC 2026","15","Bamboo","Technical","","","listSubCategoriesTest","list sub Categories",""
"passed","Fri Aug 07 03:11:27 UTC 2026","Fri Aug 07 03:11:27 UTC 2026","38","1.1 Team Hummingbird - BFF | WLW app","Technical Tests","product-controller","GET /public_api/products/{productId} [NEG] Expired Token","","GET /public_api/products/{productId} [NEG] Expired Token",""
"passed","Fri Aug 07 03:11:45 UTC 2026","Fri Aug 07 03:11:45 UTC 2026","135","4. Team CRM |CRM Staging","Endpoints Tests","(root)","get company data via SF id","","get company data via SF id",""
"passed","Fri Aug 07 03:11:43 UTC 2026","Fri Aug 07 03:11:43 UTC 2026","583","4. Team CRM |CRM Staging","Endpoints Tests","(root)","sync event to trigger the RFC lead process","","sync event to trigger the RFC lead process",""
"failed","Fri Aug 07 03:11:19 UTC 2026","Fri Aug 07 03:11:19 UTC 2026","13","1.1 Team Hummingbird - BFF | WLW app","Technical Tests","conversation-controller","GET /public_api/conversation/userConversations/{conversationId}/file/ [NEG] Expired Token","","GET /public_api/conversation/userConversations/{conversationId}/file/ [NEG] Expired Token",""
"passed","Fri Aug 07 03:11:33 UTC 2026","Fri Aug 07 03:11:33 UTC 2026","506","4. Team CRM |CRM Staging","Business Scenarios Tests","Tasks","Change  Assigned To","","Change  Assigned To",""
"passed","Fri Aug 07 03:11:13 UTC 2026","Fri Aug 07 03:11:13 UTC 2026","33","1.1 Team Hummingbird - BFF | WLW app","Technical Tests","contact-form-controller","POST /public_api/contact-form/messages [NEG] Expired Token","","POST /public_api/contact-form/messages [NEG] Expired Token",""
"failed","Fri Aug 07 03:11:06 UTC 2026","Fri Aug 07 03:11:06 UTC 2026","20","1.1 Team Hummingbird - BFF | WLW app","Endpoint tests","Conversations","dynamic link conversation","","dynamic link conversation",""
"passed","Fri Aug 07 03:11:35 UTC 2026","Fri Aug 07 03:11:35 UTC 2026","33","1.1 Team Hummingbird - BFF | WLW app","Technical Tests","search-controller","GET /public_api/search/ai/tabChange [NEG] Expired Token","","GET /public_api/search/ai/tabChange [NEG] Expired Token",""
"failed","Fri Aug 07 03:11:14 UTC 2026","Fri Aug 07 03:11:14 UTC 2026","11","1.1 Team Hummingbird - BFF | WLW app","Technical Tests","conversation-controller","GET /public_api/conversation/userConversations/{conversationId}/messages [NEG] Expired Token","","GET /public_api/conversation/userConversations/{conversationId}/messages [NEG] Expired Token",""
"failed","Fri Aug 07 03:11:36 UTC 2026","Fri Aug 07 03:11:36 UTC 2026","12","1.1 Team Hummingbird - BFF | WLW app","Technical Tests","search-controller","GET /public_api/categories/recommendations [NEG] Missing Auth/API-Key","","GET /public_api/categories/recommendations [NEG] Missing Auth/API-Key",""
"failed","Fri Aug 07 03:11:17 UTC 2026","Fri Aug 07 03:11:17 UTC 2026","12","1.1 Team Hummingbird - BFF | WLW app","Technical Tests","conversation-controller","GET /public_api/conversation/userConversations/{userId}/unreadCount","","GET /public_api/conversation/userConversations/{userId}/unreadCount",""
"failed","Fri Aug 07 03:11:31 UTC 2026","Fri Aug 07 03:11:31 UTC 2026","11","1.1 Team Hummingbird - BFF | WLW app","Technical Tests","push-notification-by-email-controller","GET /v1/pushNotification [NEG] Forbidden Role Token","","GET /v1/pushNotification [NEG] Forbidden Role Token",""
"passed","Fri Aug 07 03:11:42 UTC 2026","Fri Aug 07 03:11:43 UTC 2026","134","4. Team CRM |CRM Staging","Endpoints Tests","(root)","get connect receipient","","get connect receipient",""
"failed","Fri Aug 07 03:11:10 UTC 2026","Fri Aug 07 03:11:10 UTC 2026","10","1.1 Team Hummingbird - BFF | WLW app","Technical Tests","categories-controller","GET /preferred/categories [NEG] Expired Token","","GET /preferred/categories [NEG] Expired Token",""
"passed","Fri Aug 07 03:11:11 UTC 2026","Fri Aug 07 03:11:11 UTC 2026","37","1.1 Team Hummingbird - BFF | WLW app","Technical Tests","categories-controller","GET /public_api/categories/homepage","","GET /public_api/categories/homepage",""
"failed","Fri Aug 07 03:11:35 UTC 2026","Fri Aug 07 03:11:35 UTC 2026","553","4. Team CRM |CRM Staging","Business Scenarios Tests","Account","Verify HubSpot Sync","","Verify HubSpot Sync",""
"broken","Fri Aug 07 03:13:59 UTC 2026","Fri Aug 07 03:14:19 UTC 2026","20020","Dolphin","Functional","","","recallPaidSupplierFilterTest","AI Search recall: paid supplier filter (verified=true)",""
"skipped","Fri Aug 07 03:09:08 UTC 2026","Fri Aug 07 03:09:08 UTC 2026","0","7. Team Pegasus | Pegasus Staging","Endpoints Tests","Shop Import & Onboarding Backend","/import/status","","/import/status",""
"passed","Fri Aug 07 03:18:17 UTC 2026","Fri Aug 07 03:18:17 UTC 2026","353","Dolphin","Functional","","","getproductRecommendByQueryOnCserpTest","getproductRecommendByQueryOnCserpTest",""
"passed","Fri Aug 07 03:18:11 UTC 2026","Fri Aug 07 03:18:12 UTC 2026","1191","Dolphin","Technical","","","productTextSearchSecondPageTest","AI product text search recall: pagination page 2",""
"passed","Fri Aug 07 03:11:38 UTC 2026","Fri Aug 07 03:11:42 UTC 2026","3937","4. Team CRM |CRM Staging","Business Scenarios Tests","Disable Hubspot","Change Hubspot to true","","Change Hubspot to true",""
"passed","Fri Aug 07 03:11:15 UTC 2026","Fri Aug 07 03:11:15 UTC 2026","21","1.1 Team Hummingbird - BFF | WLW app","Technical Tests","conversation-controller","POST /public_api/conversation/userConversations/{conversationId}/messages/{messageId}/translate [NEG] Missing Auth/API-Key","","POST /public_api/conversation/userConversations/{conversationId}/messages/{messageId}/translate [NEG] Missing Auth/API-Key",""
"passed","Fri Aug 07 03:11:27 UTC 2026","Fri Aug 07 03:11:27 UTC 2026","38","1.1 Team Hummingbird - BFF | WLW app","Technical Tests","product-controller","GET /public_api/products/{productId} [NEG] Forbidden Role Token","","GET /public_api/products/{productId} [NEG] Forbidden Role Token",""
"skipped","Fri Aug 07 03:09:58 UTC 2026","Fri Aug 07 03:09:58 UTC 2026","0","1 Team Hummingbird - BFF | EP app","Business Scenario Tests","(empty)","(empty)","","Business Scenario Tests - empty",""
"passed","Fri Aug 07 03:11:37 UTC 2026","Fri Aug 07 03:11:37 UTC 2026","71","4. Team CRM |CRM Staging","Business Scenarios Tests","Create and edit a contact","Check Contact","","Check Contact",""
"passed","Fri Aug 07 03:11:20 UTC 2026","Fri Aug 07 03:11:20 UTC 2026","36","1.1 Team Hummingbird - BFF | WLW app","Technical Tests","currency-exchange-controller","GET /exchange/fetch-rates [NEG] Expired Token","","GET /exchange/fetch-rates [NEG] Expired Token",""
"failed","Fri Aug 07 03:10:04 UTC 2026","Fri Aug 07 03:10:04 UTC 2026","156","1 Team Hummingbird - BFF | EP app","Endpoint tests","Conversations","File","","File",""
"passed","Fri Aug 07 03:11:02 UTC 2026","Fri Aug 07 03:11:02 UTC 2026","20","1.1 Team Hummingbird - BFF | WLW app","Endpoint tests","Mobile_Feedback","Feedback Subject_EN","","Feedback Subject_EN",""
"passed","Fri Aug 07 03:11:21 UTC 2026","Fri Aug 07 03:11:21 UTC 2026","33","1.1 Team Hummingbird - BFF | WLW app","Technical Tests","euro-pages-controller","DELETE /public_api/euro-pages/auth/delete [NEG] Expired Token","","DELETE /public_api/euro-pages/auth/delete [NEG] Expired Token",""
"failed","Fri Aug 07 03:08:38 UTC 2026","Fri Aug 07 03:08:38 UTC 2026","23","Arise","Functional","","","skwdAll","skwdAll",""
"skipped","Fri Aug 07 03:09:08 UTC 2026","Fri Aug 07 03:09:08 UTC 2026","0","7. Team Pegasus | Pegasus Staging","Endpoints Tests","Shop Import & Onboarding Backend","offers/subCategories","","offers/subCategories",""
"skipped","Fri Aug 07 03:14:01 UTC 2026","Fri Aug 07 03:14:01 UTC 2026","0","3 Team Techno - UCL","Technical Tests","Organization","GET /unified_commercial_logic/internal_api/api/organization/ - Retrieve Organization List","","GET /unified_commercial_logic/internal_api/api/organization/ - Retrieve Organization List",""
"passed","Fri Aug 07 03:11:38 UTC 2026","Fri Aug 07 03:11:38 UTC 2026","190","4. Team CRM |CRM Staging","Business Scenarios Tests","Disable Hubspot","Check hubspot is true","","Check hubspot is true",""
"passed","Fri Aug 07 03:10:03 UTC 2026","Fri Aug 07 03:10:03 UTC 2026","23","1 Team Hummingbird - BFF | EP app","Endpoint tests","Homepage, products","preferred categories","","preferred categories",""
"passed","Fri Aug 07 03:11:44 UTC 2026","Fri Aug 07 03:11:44 UTC 2026","101","4. Team CRM |CRM Staging","Endpoints Tests","(root)","Update WLW Connect Counters with id","","Update WLW Connect Counters with id",""
"failed","Fri Aug 07 03:11:39 UTC 2026","Fri Aug 07 03:11:40 UTC 2026","151","4. Team CRM |CRM Staging","Business Scenarios Tests","Lead","Get a Lead","","Get a Lead",""
"failed","Fri Aug 07 03:11:31 UTC 2026","Fri Aug 07 03:11:31 UTC 2026","13","1.1 Team Hummingbird - BFF | WLW app","Technical Tests","push-notification-by-email-controller","PUT /v1/pushNotification [NEG] Expired Token","","PUT /v1/pushNotification [NEG] Expired Token",""
"passed","Fri Aug 07 03:11:26 UTC 2026","Fri Aug 07 03:11:26 UTC 2026","38","1.1 Team Hummingbird - BFF | WLW app","Technical Tests","login-controller","DELETE /public_api/auth/sso/logout [NEG] Expired Token","","DELETE /public_api/auth/sso/logout [NEG] Expired Token",""
"failed","Fri Aug 07 03:11:17 UTC 2026","Fri Aug 07 03:11:17 UTC 2026","12","1.1 Team Hummingbird - BFF | WLW app","Technical Tests","conversation-controller","GET /public_api/conversation/userConversations/{userId}/unreadCount [NEG] Forbidden Role Token","","GET /public_api/conversation/userConversations/{userId}/unreadCount [NEG] Forbidden Role Token",""
"skipped","Fri Aug 07 03:09:08 UTC 2026","Fri Aug 07 03:09:08 UTC 2026","0","7. Team Pegasus | Pegasus Staging","Endpoints Tests","Supplier Registration","Manual VAT check","","Import vat",""
"skipped","Fri Aug 07 03:09:08 UTC 2026","Fri Aug 07 03:09:08 UTC 2026","0","7. Team Pegasus | Pegasus Staging","Endpoints Tests","Shop Import & Onboarding Backend","/offers/keywordSuggestion","","/offers/keywordSuggestion",""
"passed","Fri Aug 07 03:11:08 UTC 2026","Fri Aug 07 03:11:08 UTC 2026","38","1.1 Team Hummingbird - BFF | WLW app","Technical Tests","ai-company-search-controller","POST /public_api/search/ai/supplier/recall","","POST /public_api/search/ai/supplier/recall",""
"passed","Fri Aug 07 03:11:21 UTC 2026","Fri Aug 07 03:11:21 UTC 2026","36","1.1 Team Hummingbird - BFF | WLW app","Technical Tests","euro-pages-controller","DELETE /public_api/euro-pages/auth/delete [NEG] Forbidden Role Token","","DELETE /public_api/euro-pages/auth/delete [NEG] Forbidden Role Token",""
"passed","Fri Aug 07 03:11:08 UTC 2026","Fri Aug 07 03:11:08 UTC 2026","40","1.1 Team Hummingbird - BFF | WLW app","Technical Tests","ai-company-search-controller","POST /public_api/search/ai/supplier/pv-match [NEG] Forbidden Role Token","","POST /public_api/search/ai/supplier/pv-match [NEG] Forbidden Role Token",""
"passed","Fri Aug 07 03:11:37 UTC 2026","Fri Aug 07 03:11:37 UTC 2026","71","4. Team CRM |CRM Staging","Business Scenarios Tests","Create and edit a contact","Check Contact","","Check Contact",""
"skipped","Fri Aug 07 03:09:08 UTC 2026","Fri Aug 07 03:09:08 UTC 2026","0","7. Team Pegasus | Pegasus Staging","Endpoints Tests","Business Insights","Company","","Company",""
"skipped","Fri Aug 07 03:09:08 UTC 2026","Fri Aug 07 03:09:08 UTC 2026","0","7. Team Pegasus | Pegasus Staging","Endpoints Tests","Shop Import & Onboarding Backend","/categories/suggest","","/categories/suggest",""
"passed","Fri Aug 07 03:10:02 UTC 2026","Fri Aug 07 03:10:03 UTC 2026","893","1 Team Hummingbird - BFF | EP app","Endpoint tests","Search","Product Search EN","","Product Search EN",""
"passed","Fri Aug 07 03:11:36 UTC 2026","Fri Aug 07 03:11:36 UTC 2026","105","4. Team CRM |CRM Staging","Business Scenarios Tests","Account","Smoke test : Account + Contact + SAP","","Smoke test : Account + Contact + SAP",""
"passed","Fri Aug 07 03:08:37 UTC 2026","Fri Aug 07 03:08:37 UTC 2026","532","Arise","Technical","","","getAllElementsByUrlTest","getAllElementsByUrlTest",""
"passed","Fri Aug 07 03:11:30 UTC 2026","Fri Aug 07 03:11:30 UTC 2026","33","1.1 Team Hummingbird - BFF | WLW app","Technical Tests","purchaser-user-setting-controller","POST /userSetting [NEG] Expired Token","","POST /userSetting [NEG] Expired Token",""
"passed","Fri Aug 07 03:10:01 UTC 2026","Fri Aug 07 03:10:01 UTC 2026","184","1 Team Hummingbird - BFF | EP app","Endpoint tests","Company","branchIO dynamic link, share PDP","","branchIO dynamic link, share PDP",""
"passed","Fri Aug 07 03:11:12 UTC 2026","Fri Aug 07 03:11:12 UTC 2026","32","1.1 Team Hummingbird - BFF | WLW app","Technical Tests","company-controller","GET /public_api/company/{id}","","GET /public_api/company/{id}",""
"skipped","Fri Aug 07 03:14:01 UTC 2026","Fri Aug 07 03:14:01 UTC 2026","0","3 Team Techno - UCL","Functional Tests","Endpoint Tests","GoogleAd","","get active googleAd for the given uuid",""
"failed","Fri Aug 07 03:11:12 UTC 2026","Fri Aug 07 03:11:12 UTC 2026","14","1.1 Team Hummingbird - BFF | WLW app","Technical Tests","company-controller","GET /public_api/suppliers/{companyID}/listings [SEC] Injection Probe","","GET /public_api/suppliers/{companyID}/listings [SEC] Injection Probe",""
"passed","Fri Aug 07 03:11:21 UTC 2026","Fri Aug 07 03:11:21 UTC 2026","24","1.1 Team Hummingbird - BFF | WLW app","Technical Tests","euro-pages-controller","DELETE /public_api/euro-pages/auth/delete [NEG] Missing Auth/API-Key","","DELETE /public_api/euro-pages/auth/delete [NEG] Missing Auth/API-Key",""
"failed","Fri Aug 07 03:11:10 UTC 2026","Fri Aug 07 03:11:10 UTC 2026","11","1.1 Team Hummingbird - BFF | WLW app","Technical Tests","categories-controller","PUT /preferred/categories [NEG] Expired Token","","PUT /preferred/categories [NEG] Expired Token",""
"failed","Fri Aug 07 03:11:38 UTC 2026","Fri Aug 07 03:11:38 UTC 2026","14","1.1 Team Hummingbird - BFF | WLW app","Technical Tests","supplier-visitors-controller","GET /public_api/suppliers/{supplier_id}/visits [SEC] Injection Probe","","GET /public_api/suppliers/{supplier_id}/visits [SEC] Injection Probe",""
"passed","Fri Aug 07 03:10:01 UTC 2026","Fri Aug 07 03:10:01 UTC 2026","80","1 Team Hummingbird - BFF | EP app","Endpoint tests","Company","search company products","","search company products",""
"skipped","Fri Aug 07 03:09:08 UTC 2026","Fri Aug 07 03:09:08 UTC 2026","0","7. Team Pegasus | Pegasus Staging","Endpoints Tests","Shop Import & Onboarding Backend","/offers/searchCategories","","/offers/searchCategories",""
"passed","Fri Aug 07 03:18:16 UTC 2026","Fri Aug 07 03:18:16 UTC 2026","669","Dolphin","Technical","","","EPOtherStoreProductRecommendTest","product other store recommend",""
"skipped","Fri Aug 07 03:09:08 UTC 2026","Fri Aug 07 03:09:08 UTC 2026","0","7. Team Pegasus | Pegasus Staging","Endpoints Tests","Shop Import & Onboarding Backend","/offers - get offers","","/offers - get offers",""
"passed","Fri Aug 07 03:11:41 UTC 2026","Fri Aug 07 03:11:41 UTC 2026","33","1.1 Team Hummingbird - BFF | WLW app","Technical Tests","user-controller","PUT /public_api/user/userInfo [NEG] Forbidden Role Token","","PUT /public_api/user/userInfo [NEG] Forbidden Role Token",""
"passed","Fri Aug 07 03:11:01 UTC 2026","Fri Aug 07 03:11:01 UTC 2026","19","1.1 Team Hummingbird - BFF | WLW app","Endpoint tests","Support","Supportmasterdata_FR","","Supportmasterdata_FR",""
"skipped","Fri Aug 07 03:09:08 UTC 2026","Fri Aug 07 03:09:08 UTC 2026","0","7. Team Pegasus | Pegasus Staging","Business Scenarios Tests","Visitors","Statistics visitor drill-down","","Visitor details",""
"passed","Fri Aug 07 03:11:25 UTC 2026","Fri Aug 07 03:11:25 UTC 2026","16","1.1 Team Hummingbird - BFF | WLW app","Technical Tests","login-controller","POST /public_api/auth/code/verify [NEG] Missing Auth/API-Key","","POST /public_api/auth/code/verify [NEG] Missing Auth/API-Key",""
"passed","Fri Aug 07 03:08:37 UTC 2026","Fri Aug 07 03:08:37 UTC 2026","29","Arise","Technical","","","pageElementsGet","pageElementsGet",""
"passed","Fri Aug 07 03:11:34 UTC 2026","Fri Aug 07 03:11:47 UTC 2026","12545","4. Team CRM |CRM Staging","Business Scenarios Tests","Account","wlw salesorderitems link","","wlw salesorderitems link",""
"failed","Fri Aug 07 03:11:38 UTC 2026","Fri Aug 07 03:11:38 UTC 2026","11","1.1 Team Hummingbird - BFF | WLW app","Technical Tests","supplier-visitors-controller","GET /public_api/suppliers/{supplier_id}/visits [NEG] Expired Token","","GET /public_api/suppliers/{supplier_id}/visits [NEG] Expired Token",""
"passed","Fri Aug 07 03:11:34 UTC 2026","Fri Aug 07 03:11:34 UTC 2026","36","1.1 Team Hummingbird - BFF | WLW app","Technical Tests","search-controller","GET /public_api/search [SEC] Injection Probe","","GET /public_api/search [SEC] Injection Probe",""
"skipped","Fri Aug 07 03:09:08 UTC 2026","Fri Aug 07 03:09:08 UTC 2026","0","7. Team Pegasus | Pegasus Staging","Business Scenarios Tests","Supplier Facts","API register, publish, and verify in UI","","5. UI login reminder",""
"failed","Fri Aug 07 03:11:37 UTC 2026","Fri Aug 07 03:11:37 UTC 2026","12","1.1 Team Hummingbird - BFF | WLW app","Technical Tests","search-controller","GET /public_api/categories/recommendations [NEG] Forbidden Role Token","","GET /public_api/categories/recommendations [NEG] Forbidden Role Token",""
"failed","Fri Aug 07 03:11:17 UTC 2026","Fri Aug 07 03:11:17 UTC 2026","15","1.1 Team Hummingbird - BFF | WLW app","Technical Tests","conversation-controller","GET /public_api/conversation/userConversations/{userId}/unreadCount/","","GET /public_api/conversation/userConversations/{userId}/unreadCount/",""
"passed","Fri Aug 07 03:11:33 UTC 2026","Fri Aug 07 03:12:25 UTC 2026","51855","4. Team CRM |CRM Staging","Business Scenarios Tests","Contacts","Create Contact","","Create Contact",""
"passed","Fri Aug 07 03:11:40 UTC 2026","Fri Aug 07 03:11:41 UTC 2026","265","4. Team CRM |CRM Staging","Business Scenarios Tests","Platform Profile","Update Platform Profile","","Update Platform Profile",""
"passed","Fri Aug 07 03:11:36 UTC 2026","Fri Aug 07 03:11:37 UTC 2026","896","4. Team CRM |CRM Staging","Business Scenarios Tests","Account","Create Account","","Create Account",""
"failed","Fri Aug 07 03:11:28 UTC 2026","Fri Aug 07 03:11:28 UTC 2026","12","1.1 Team Hummingbird - BFF | WLW app","Technical Tests","product-controller","GET /public_api/companies/{supplierPublicId}/products [NEG] Forbidden Role Token","","GET /public_api/companies/{supplierPublicId}/products [NEG] Forbidden Role Token",""
"failed","Fri Aug 07 03:11:02 UTC 2026","Fri Aug 07 03:11:02 UTC 2026","72","1.1 Team Hummingbird - BFF | WLW app","Endpoint tests","Company","Companies / products EN","","Companies / products EN",""
"passed","Fri Aug 07 03:11:28 UTC 2026","Fri Aug 07 03:11:28 UTC 2026","31","1.1 Team Hummingbird - BFF | WLW app","Technical Tests","purchaser-support-controller","GET /support-master-data [NEG] Forbidden Role Token","","GET /support-master-data [NEG] Forbidden Role Token",""
"passed","Fri Aug 07 03:09:58 UTC 2026","Fri Aug 07 03:09:59 UTC 2026","965","1 Team Hummingbird - BFF | EP app","Endpoint tests","Login","user Info","","user Info",""
"passed","Fri Aug 07 03:11:32 UTC 2026","Fri Aug 07 03:11:32 UTC 2026","16","1.1 Team Hummingbird - BFF | WLW app","Technical Tests","rfq-marketing-controller","POST /public_api/rfq-marketing/trigger [NEG] Missing Auth/API-Key","","POST /public_api/rfq-marketing/trigger [NEG] Missing Auth/API-Key",""
"passed","Fri Aug 07 03:09:15 UTC 2026","Fri Aug 07 03:09:15 UTC 2026","38","Bamboo","Technical","","","listTopCategoriesTest","list top Categories",""
"passed","Fri Aug 07 03:11:14 UTC 2026","Fri Aug 07 03:11:14 UTC 2026","37","1.1 Team Hummingbird - BFF | WLW app","Technical Tests","conversation-controller","PUT /public_api/conversation/userConversations/{conversationId}/decline","","PUT /public_api/conversation/userConversations/{conversationId}/decline",""
"passed","Fri Aug 07 03:11:30 UTC 2026","Fri Aug 07 03:11:30 UTC 2026","20","1.1 Team Hummingbird - BFF | WLW app","Technical Tests","purchaser-user-setting-controller","POST /userSetting [NEG] Missing Auth/API-Key","","POST /userSetting [NEG] Missing Auth/API-Key",""
"passed","Fri Aug 07 03:11:13 UTC 2026","Fri Aug 07 03:11:13 UTC 2026","18","1.1 Team Hummingbird - BFF | WLW app","Technical Tests","conversation-controller","PUT /public_api/conversation/userConversations/{conversationId}/tag [NEG] Missing Auth/API-Key","","PUT /public_api/conversation/userConversations/{conversationId}/tag [NEG] Missing Auth/API-Key",""
"passed","Fri Aug 07 03:11:24 UTC 2026","Fri Aug 07 03:11:24 UTC 2026","15","1.1 Team Hummingbird - BFF | WLW app","Technical Tests","login-controller","POST /public_api/auth/resetPassword [NEG] Missing Auth/API-Key","","POST /public_api/auth/resetPassword [NEG] Missing Auth/API-Key",""
"passed","Fri Aug 07 03:08:34 UTC 2026","Fri Aug 07 03:08:34 UTC 2026","6","2 Team Dragon - BFF | RFQ Backend","Technical Tests","(root)","GET /v1/rfqs/{rfqId} - Details (Schema + Auth Orchestration)","","GET /v1/rfqs/{rfqId} - Details (Schema + Auth Orchestration)",""
"broken","Fri Aug 07 03:14:19 UTC 2026","Fri Aug 07 03:14:39 UTC 2026","20010","Dolphin","Technical","","","recallSecondPageTest","AI Search recall: pagination page 2",""
"skipped","Fri Aug 07 03:09:08 UTC 2026","Fri Aug 07 03:09:08 UTC 2026","0","7. Team Pegasus | Pegasus Staging","Endpoints Tests","Shop Import & Onboarding Backend","/offers/{offerId}","","/offers/{offerId}",""
"passed","Fri Aug 07 03:11:19 UTC 2026","Fri Aug 07 03:11:19 UTC 2026","44","1.1 Team Hummingbird - BFF | WLW app","Technical Tests","currency-exchange-controller","GET /exchange/fetch-rates","","GET /exchange/fetch-rates",""
"passed","Fri Aug 07 03:18:17 UTC 2026","Fri Aug 07 03:18:17 UTC 2026","72","Dolphin","Functional","","","homepageProductRecommendTest","homepage product recommend -- wlw",""
"failed","Fri Aug 07 03:11:11 UTC 2026","Fri Aug 07 03:11:11 UTC 2026","15","1.1 Team Hummingbird - BFF | WLW app","Technical Tests","company-controller","GET /public_api/suppliers/{companyID}/listings","","GET /public_api/suppliers/{companyID}/listings",""
"failed","Fri Aug 07 03:10:04 UTC 2026","Fri Aug 07 03:10:04 UTC 2026","34","1 Team Hummingbird - BFF | EP app","Endpoint tests","Conversations","mark as read","","mark as read",""
"failed","Fri Aug 07 03:11:40 UTC 2026","Fri Aug 07 03:11:40 UTC 2026","12","1.1 Team Hummingbird - BFF | WLW app","Technical Tests","trending-products-controller","GET /public_api/trending/products [NEG] Missing Auth/API-Key","","GET /public_api/trending/products [NEG] Missing Auth/API-Key",""
"passed","Fri Aug 07 03:11:25 UTC 2026","Fri Aug 07 03:11:25 UTC 2026","15","1.1 Team Hummingbird - BFF | WLW app","Technical Tests","login-controller","POST /public_api/auth/code/resend [NEG] Missing Auth/API-Key","","POST /public_api/auth/code/resend [NEG] Missing Auth/API-Key",""
"failed","Fri Aug 07 03:11:37 UTC 2026","Fri Aug 07 03:11:37 UTC 2026","13","1.1 Team Hummingbird - BFF | WLW app","Technical Tests","search-term-controller","POST /public_api/search/track [NEG] Expired Token","","POST /public_api/search/track [NEG] Expired Token",""
"failed","Fri Aug 07 03:10:00 UTC 2026","Fri Aug 07 03:10:00 UTC 2026","19","1 Team Hummingbird - BFF | EP app","Endpoint tests","Support","currency daily rates","","currency daily rates",""
"failed","Fri Aug 07 03:11:27 UTC 2026","Fri Aug 07 03:11:27 UTC 2026","11","1.1 Team Hummingbird - BFF | WLW app","Technical Tests","product-controller","GET /public_api/products [NEG] Expired Token","","GET /public_api/products [NEG] Expired Token",""
"passed","Fri Aug 07 03:11:36 UTC 2026","Fri Aug 07 03:11:40 UTC 2026","4587","4. Team CRM |CRM Staging","Business Scenarios Tests","Account","Contact for Account","","Contact for Account",""
"broken","Fri Aug 07 03:09:17 UTC 2026","Fri Aug 07 03:09:37 UTC 2026","20017","Dolphin","Functional","","","inferenceTest","AI Search inference API (SSE stream)",""
"broken","Fri Aug 07 03:16:40 UTC 2026","Fri Aug 07 03:17:00 UTC 2026","20022","Dolphin","Technical","","","termRecommendNoMockTest","AI Search term recommend API without mock",""
"passed","Fri Aug 07 03:11:06 UTC 2026","Fri Aug 07 03:11:06 UTC 2026","90","1.1 Team Hummingbird - BFF | WLW app","Endpoint tests","Conversations","translate message","","translate message",""
"failed","Fri Aug 07 03:11:19 UTC 2026","Fri Aug 07 03:11:19 UTC 2026","15","1.1 Team Hummingbird - BFF | WLW app","Technical Tests","conversation-controller","GET /public_api/conversation/userConversations/{conversationId}/file [NEG] Expired Token","","GET /public_api/conversation/userConversations/{conversationId}/file [NEG] Expired Token",""
"failed","Fri Aug 07 03:11:09 UTC 2026","Fri Aug 07 03:11:09 UTC 2026","14","1.1 Team Hummingbird - BFF | WLW app","Technical Tests","ai-company-search-controller","GET /public_api/search/ai/company/stream/mock [NEG] Missing Auth/API-Key","","GET /public_api/search/ai/company/stream/mock [NEG] Missing Auth/API-Key",""
"skipped","Fri Aug 07 03:09:08 UTC 2026","Fri Aug 07 03:09:08 UTC 2026","0","7. Team Pegasus | Pegasus Staging","Endpoints Tests","User & Company Context","UCL Organizations","","UCL Organizations",""
"skipped","Fri Aug 07 03:09:08 UTC 2026","Fri Aug 07 03:09:08 UTC 2026","0","7. Team Pegasus | Pegasus Staging","Business Scenarios Tests","Supplier Registration","WLW - Lead create and update","","leads/{lead_id} - Update a lead",""
"passed","Fri Aug 07 03:11:34 UTC 2026","Fri Aug 07 03:11:34 UTC 2026","319","4. Team CRM |CRM Staging","Business Scenarios Tests","Contacts","Edit Contact","","Edit Contact",""
"failed","Fri Aug 07 03:11:17 UTC 2026","Fri Aug 07 03:11:17 UTC 2026","13","1.1 Team Hummingbird - BFF | WLW app","Technical Tests","conversation-controller","GET /public_api/conversation/userConversations/{userId}/unreadCount [NEG] Missing Auth/API-Key","","GET /public_api/conversation/userConversations/{userId}/unreadCount [NEG] Missing Auth/API-Key",""
"passed","Fri Aug 07 03:11:38 UTC 2026","Fri Aug 07 03:11:38 UTC 2026","111","4. Team CRM |CRM Staging","Business Scenarios Tests","Lead","Lead-duplicateCheck - without dupicates","","Lead-duplicateCheck - without dupicates",""
"passed","Fri Aug 07 03:11:11 UTC 2026","Fri Aug 07 03:11:11 UTC 2026","16","1.1 Team Hummingbird - BFF | WLW app","Technical Tests","categories-controller","GET /public_api/categories/homepage [NEG] Missing Auth/API-Key","","GET /public_api/categories/homepage [NEG] Missing Auth/API-Key",""
"failed","Fri Aug 07 03:11:29 UTC 2026","Fri Aug 07 03:11:29 UTC 2026","11","1.1 Team Hummingbird - BFF | WLW app","Technical Tests","purchaser-support-controller","GET /support-faq [NEG] Forbidden Role Token","","GET /support-faq [NEG] Forbidden Role Token",""
"failed","Fri Aug 07 03:11:34 UTC 2026","Fri Aug 07 03:11:34 UTC 2026","13","1.1 Team Hummingbird - BFF | WLW app","Technical Tests","search-controller","GET /public_api/search/products [NEG] Expired Token","","GET /public_api/search/products [NEG] Expired Token",""
"passed","Fri Aug 07 03:11:37 UTC 2026","Fri Aug 07 03:11:37 UTC 2026","34","1.1 Team Hummingbird - BFF | WLW app","Technical Tests","search-controller","GET /public_api/categories/recommendations [SEC] Injection Probe","","GET /public_api/categories/recommendations [SEC] Injection Probe",""
"skipped","Fri Aug 07 03:09:08 UTC 2026","Fri Aug 07 03:09:08 UTC 2026","0","7. Team Pegasus | Pegasus Staging","Spike | Profiles link user to company","(root)","08 MANUAL — supplier_api GET (needs browser session)","","08 MANUAL — supplier_api GET (needs browser session)",""
"passed","Fri Aug 07 03:11:32 UTC 2026","Fri Aug 07 03:11:32 UTC 2026","35","1.1 Team Hummingbird - BFF | WLW app","Technical Tests","rfq-controller","POST /public_api/connect/purchaser/tenders [NEG] Expired Token","","POST /public_api/connect/purchaser/tenders [NEG] Expired Token",""
"passed","Fri Aug 07 03:11:38 UTC 2026","Fri Aug 07 03:11:38 UTC 2026","237","4. Team CRM |CRM Staging","Business Scenarios Tests","Lead","Lead-duplicateCheck - with dulicates","","Lead-duplicateCheck - with dulicates",""
"passed","Fri Aug 07 03:11:07 UTC 2026","Fri Aug 07 03:11:07 UTC 2026","52","1.1 Team Hummingbird - BFF | WLW app","Endpoint tests","Visitor profiler","download visitors csv","","download visitors csv",""
"passed","Fri Aug 07 03:11:30 UTC 2026","Fri Aug 07 03:11:30 UTC 2026","36","1.1 Team Hummingbird - BFF | WLW app","Technical Tests","purchaser-user-setting-controller","GET /userSetting [SEC] Injection Probe","","GET /userSetting [SEC] Injection Probe",""
"passed","Fri Aug 07 03:11:01 UTC 2026","Fri Aug 07 03:11:01 UTC 2026","65","1.1 Team Hummingbird - BFF | WLW app","Endpoint tests","User settings","user setting","","user setting",""
"failed","Fri Aug 07 03:11:05 UTC 2026","Fri Aug 07 03:11:05 UTC 2026","259","1.1 Team Hummingbird - BFF | WLW app","Endpoint tests","Contact request","Product request","","Product request",""
"skipped","Fri Aug 07 03:14:01 UTC 2026","Fri Aug 07 03:14:01 UTC 2026","0","3 Team Techno - UCL","Technical Tests","SponsoredBrand","GET /unified_commercial_logic/internal_api/api/sponsored_brand_v1 - Retrieve SponsoredBrandV1 List","","GET /unified_commercial_logic/internal_api/api/sponsored_brand_v1 - Retrieve SponsoredBrandV1 List",""
"failed","Fri Aug 07 03:10:04 UTC 2026","Fri Aug 07 03:10:04 UTC 2026","408","1 Team Hummingbird - BFF | EP app","Endpoint tests","Conversations","user conversations to decline request","","user conversations to decline request",""
"broken","Fri Aug 07 03:13:19 UTC 2026","Fri Aug 07 03:13:39 UTC 2026","20021","Dolphin","Technical","","","recallPageSizeZeroNormalizedTest","AI Search recall: pageSize=0 normalized to default",""
"passed","Fri Aug 07 03:11:13 UTC 2026","Fri Aug 07 03:11:13 UTC 2026","38","1.1 Team Hummingbird - BFF | WLW app","Technical Tests","conversation-controller","PUT /public_api/conversation/userConversations/{conversationId}/tag","","PUT /public_api/conversation/userConversations/{conversationId}/tag",""
"passed","Fri Aug 07 03:09:15 UTC 2026","Fri Aug 07 03:09:15 UTC 2026","38","Bamboo","Functional","","","searchCategoryByNameTest","searchCategoryByName",""
"skipped","Fri Aug 07 03:14:01 UTC 2026","Fri Aug 07 03:14:01 UTC 2026","0","3 Team Techno - UCL","Functional Tests","Endpoint Tests","membership","","get all active membership for uuid platform specific",""
"passed","Fri Aug 07 03:11:01 UTC 2026","Fri Aug 07 03:11:01 UTC 2026","17","1.1 Team Hummingbird - BFF | WLW app","Endpoint tests","Support","Support FAQ_DE","","Support FAQ_DE",""
"passed","Fri Aug 07 03:11:01 UTC 2026","Fri Aug 07 03:11:01 UTC 2026","17","1.1 Team Hummingbird - BFF | WLW app","Endpoint tests","Support","Support FAQ_FR","","Support FAQ_FR",""
"passed","Fri Aug 07 03:11:15 UTC 2026","Fri Aug 07 03:11:15 UTC 2026","16","1.1 Team Hummingbird - BFF | WLW app","Technical Tests","conversation-controller","POST /public_api/conversation/userConversations/{conversationId}/messages [NEG] Missing Auth/API-Key","","POST /public_api/conversation/userConversations/{conversationId}/messages [NEG] Missing Auth/API-Key",""
"passed","Fri Aug 07 03:11:22 UTC 2026","Fri Aug 07 03:11:22 UTC 2026","35","1.1 Team Hummingbird - BFF | WLW app","Technical Tests","help-and-support-controller","POST /help [NEG] Forbidden Role Token","","POST /help [NEG] Forbidden Role Token",""
"passed","Fri Aug 07 03:11:42 UTC 2026","Fri Aug 07 03:11:42 UTC 2026","102","4. Team CRM |CRM Staging","Endpoints Tests","(root)","duplicate records","","duplicate records",""
"skipped","Fri Aug 07 03:09:08 UTC 2026","Fri Aug 07 03:09:08 UTC 2026","0","7. Team Pegasus | Pegasus Staging","Endpoints Tests","Visitors","Java (statistics-app)","","WSL pixel",""
"passed","Fri Aug 07 03:08:35 UTC 2026","Fri Aug 07 03:08:35 UTC 2026","4","2 Team Dragon - BFF | RFQ Backend","Technical Tests","(root)","Negative test: malformed UUIDs & content type checks","","Negative test: malformed UUIDs & content type checks",""
"skipped","Fri Aug 07 03:09:08 UTC 2026","Fri Aug 07 03:09:08 UTC 2026","0","7. Team Pegasus | Pegasus Staging","Spike | Profiles link user to company","(root)","02 POST — Create company (Supplier Facts)","","02 POST — Create company (Supplier Facts)",""
"passed","Fri Aug 07 03:11:16 UTC 2026","Fri Aug 07 03:11:16 UTC 2026","28","1.1 Team Hummingbird - BFF | WLW app","Technical Tests","conversation-controller","POST /public_api/conversation/userConversations/{conversationId}/messages/file [NEG] Missing Auth/API-Key","","POST /public_api/conversation/userConversations/{conversationId}/messages/file [NEG] Missing Auth/API-Key",""
"skipped","Fri Aug 07 03:14:01 UTC 2026","Fri Aug 07 03:14:01 UTC 2026","0","3 Team Techno - UCL","Technical Tests","Retargeting","GET /unified_commercial_logic/internal_api/api/retargeting - Retrieve Retargeting List","","GET /unified_commercial_logic/internal_api/api/retargeting - Retrieve Retargeting List",""
"passed","Fri Aug 07 03:11:26 UTC 2026","Fri Aug 07 03:11:26 UTC 2026","34","1.1 Team Hummingbird - BFF | WLW app","Technical Tests","login-controller","DELETE /public_api/auth/sso/logout [NEG] Forbidden Role Token","","DELETE /public_api/auth/sso/logout [NEG] Forbidden Role Token",""
"failed","Fri Aug 07 03:11:11 UTC 2026","Fri Aug 07 03:11:11 UTC 2026","17","1.1 Team Hummingbird - BFF | WLW app","Technical Tests","categories-controller","PUT /preferred/categories [NEG] Forbidden Role Token","","PUT /preferred/categories [NEG] Forbidden Role Token",""
"passed","Fri Aug 07 03:11:35 UTC 2026","Fri Aug 07 03:11:36 UTC 2026","1028","4. Team CRM |CRM Staging","Business Scenarios Tests","Account","Smoke Test Create Account with All Fields","","Smoke Test Create Account with All Fields",""
"passed","Fri Aug 07 03:11:09 UTC 2026","Fri Aug 07 03:11:09 UTC 2026","34","1.1 Team Hummingbird - BFF | WLW app","Technical Tests","ai-company-search-controller","POST /public_api/search/ai/company/search [NEG] Forbidden Role Token","","POST /public_api/search/ai/company/search [NEG] Forbidden Role Token",""
"passed","Fri Aug 07 03:11:40 UTC 2026","Fri Aug 07 03:11:40 UTC 2026","39","1.1 Team Hummingbird - BFF | WLW app","Technical Tests","trending-products-controller","GET /public_api/trending/notifications [NEG] Expired Token","","GET /public_api/trending/notifications [NEG] Expired Token",""
"broken","Fri Aug 07 03:15:40 UTC 2026","Fri Aug 07 03:16:00 UTC 2026","20006","Dolphin","Technical","","","recallTopRankingScenarioTest","AI Search recall: wlw-staging.de cnc top-ranking scenario",""
"skipped","Fri Aug 07 03:09:08 UTC 2026","Fri Aug 07 03:09:08 UTC 2026","0","7. Team Pegasus | Pegasus Staging","Endpoints Tests","Business Insights","User Activity","","User Activity",""
"broken","Fri Aug 07 03:09:14 UTC 2026","Fri Aug 07 03:09:14 UTC 2026","629","Bamboo","Functional","","","findCategoryByIdTest","findCategoryById",""
"passed","Fri Aug 07 03:11:36 UTC 2026","Fri Aug 07 03:11:36 UTC 2026","35","1.1 Team Hummingbird - BFF | WLW app","Technical Tests","search-controller","GET /public_api/search/ai/tabChange [SEC] Injection Probe","","GET /public_api/search/ai/tabChange [SEC] Injection Probe",""
"failed","Fri Aug 07 03:08:34 UTC 2026","Fri Aug 07 03:08:34 UTC 2026","6","2 Team Dragon - BFF | RFQ Backend","Functional Tests","(root)","GET /v1/rfqs/attachments/{attachmentId} - Download","","GET /v1/rfqs/attachments/{attachmentId} - Download",""
"skipped","Fri Aug 07 03:14:01 UTC 2026","Fri Aug 07 03:14:01 UTC 2026","0","3 Team Techno - UCL","Technical Tests","SponsoredBrand","GET /unified_commercial_logic/internal_api/api/sponsored_brand_v1/ - Retrieve SponsoredBrandV1 List","","GET /unified_commercial_logic/internal_api/api/sponsored_brand_v1/ - Retrieve SponsoredBrandV1 List",""
"passed","Fri Aug 07 03:11:40 UTC 2026","Fri Aug 07 03:11:41 UTC 2026","265","4. Team CRM |CRM Staging","Business Scenarios Tests","Platform Profile","Update Platform Profile","","Update Platform Profile",""
"passed","Fri Aug 07 03:18:18 UTC 2026","Fri Aug 07 03:18:18 UTC 2026","80","Dolphin","Functional","","","zeroResultProductRecommendTest","Recommend products in 0 result search list page v1 -- wlw",""
"passed","Fri Aug 07 03:11:43 UTC 2026","Fri Aug 07 03:11:43 UTC 2026","139","4. Team CRM |CRM Staging","Endpoints Tests","(root)","resolve individual id","","resolve individual id",""
"passed","Fri Aug 07 03:11:40 UTC 2026","Fri Aug 07 03:11:40 UTC 2026","0","4. Team CRM |CRM Staging","Business Scenarios Tests","Contacts","Smoke test for Create Contact & Verify HubSpot Sync","","Smoke test for Create Contact & Verify HubSpot Sync",""
"passed","Fri Aug 07 03:11:26 UTC 2026","Fri Aug 07 03:11:26 UTC 2026","14","1.1 Team Hummingbird - BFF | WLW app","Technical Tests","login-controller","POST /public_api/auth/changePassword [NEG] Missing Auth/API-Key","","POST /public_api/auth/changePassword [NEG] Missing Auth/API-Key",""
"passed","Fri Aug 07 03:09:15 UTC 2026","Fri Aug 07 03:09:15 UTC 2026","38","Bamboo","Technical","","","searchCategoryByNameTest","searchCategoryByName",""
"passed","Fri Aug 07 03:11:08 UTC 2026","Fri Aug 07 03:11:08 UTC 2026","33","1.1 Team Hummingbird - BFF | WLW app","Technical Tests","ai-company-search-controller","POST /public_api/search/ai/supplier/recall [NEG] Forbidden Role Token","","POST /public_api/search/ai/supplier/recall [NEG] Forbidden Role Token",""
"passed","Fri Aug 07 03:09:59 UTC 2026","Fri Aug 07 03:09:59 UTC 2026","71","1 Team Hummingbird - BFF | EP app","Endpoint tests","User settings","user setting","","user setting",""
"passed","Fri Aug 07 03:11:23 UTC 2026","Fri Aug 07 03:11:23 UTC 2026","32","1.1 Team Hummingbird - BFF | WLW app","Technical Tests","login-controller","POST /public_api/auth/sso/login [NEG] Expired Token","","POST /public_api/auth/sso/login [NEG] Expired Token",""
"failed","Fri Aug 07 03:11:08 UTC 2026","Fri Aug 07 03:11:08 UTC 2026","14","1.1 Team Hummingbird - BFF | WLW app","Technical Tests","ai-company-search-controller","GET /public_api/search/ai/company/search","","GET /public_api/search/ai/company/search",""
"broken","Fri Aug 07 03:10:37 UTC 2026","Fri Aug 07 03:10:58 UTC 2026","20611","Dolphin","Technical","","","recallAlternateSortTest","AI Search recall: alternate sort (order_num_desc)",""
"passed","Fri Aug 07 03:11:12 UTC 2026","Fri Aug 07 03:11:12 UTC 2026","32","1.1 Team Hummingbird - BFF | WLW app","Technical Tests","company-controller","GET /public_api/company/{id} [NEG] Expired Token","","GET /public_api/company/{id} [NEG] Expired Token",""
"passed","Fri Aug 07 03:11:36 UTC 2026","Fri Aug 07 03:11:40 UTC 2026","4198","4. Team CRM |CRM Staging","Business Scenarios Tests","Account","Trigger SAP Customer number","","Trigger SAP Customer number",""
"passed","Fri Aug 07 03:11:03 UTC 2026","Fri Aug 07 03:11:03 UTC 2026","36","1.1 Team Hummingbird - BFF | WLW app","Endpoint tests","Company","Companies / products FR","","Companies / products FR",""
"passed","Fri Aug 07 03:11:01 UTC 2026","Fri Aug 07 03:11:01 UTC 2026","16","1.1 Team Hummingbird - BFF | WLW app","Endpoint tests","Support","Support FAQ_EN","","Support FAQ_EN",""
"passed","Fri Aug 07 03:18:16 UTC 2026","Fri Aug 07 03:18:16 UTC 2026","71","Dolphin","Functional","","","EPZeroResultProductRecommendTest","Recommend products in 0 result search list page v1 -- ep",""
"passed","Fri Aug 07 03:08:37 UTC 2026","Fri Aug 07 03:08:37 UTC 2026","29","Arise","Functional","","","pageElementsGet","pageElementsGet",""
"passed","Fri Aug 07 03:11:45 UTC 2026","Fri Aug 07 03:11:45 UTC 2026","74","4. Team CRM |CRM Staging","Endpoints Tests","(root)","resolve individual id bulk","","resolve individual id bulk",""
"failed","Fri Aug 07 03:11:35 UTC 2026","Fri Aug 07 03:11:35 UTC 2026","13","1.1 Team Hummingbird - BFF | WLW app","Technical Tests","search-controller","GET /public_api/search/ai/termRecommend [NEG] Expired Token","","GET /public_api/search/ai/termRecommend [NEG] Expired Token",""
"failed","Fri Aug 07 03:11:12 UTC 2026","Fri Aug 07 03:11:12 UTC 2026","13","1.1 Team Hummingbird - BFF | WLW app","Technical Tests","company-controller","GET /public_api/company [NEG] Expired Token","","GET /public_api/company [NEG] Expired Token",""
"skipped","Fri Aug 07 03:09:08 UTC 2026","Fri Aug 07 03:09:08 UTC 2026","0","7. Team Pegasus | Pegasus Staging","Technical Tests","(empty)","(empty)","","Technical Tests - empty",""
"passed","Fri Aug 07 03:18:15 UTC 2026","Fri Aug 07 03:18:15 UTC 2026","727","Dolphin","Functional","","","productTextSearchTopRankingScenarioTest","AI product text search recall: wlw-staging cnc top-ranking scenario",""
"passed","Fri Aug 07 03:09:59 UTC 2026","Fri Aug 07 03:09:59 UTC 2026","130","1 Team Hummingbird - BFF | EP app","Endpoint tests","User settings","user setting","","user setting",""
"failed","Fri Aug 07 03:11:08 UTC 2026","Fri Aug 07 03:11:08 UTC 2026","14","1.1 Team Hummingbird - BFF | WLW app","Technical Tests","ai-company-search-controller","GET /public_api/search/ai/company/search [NEG] Missing Auth/API-Key","","GET /public_api/search/ai/company/search [NEG] Missing Auth/API-Key",""
"broken","Fri Aug 07 03:12:38 UTC 2026","Fri Aug 07 03:12:59 UTC 2026","20553","Dolphin","Technical","","","recallNoResultQueryTest","AI Search recall: no-result query (empty offers or zero total)",""
"skipped","Fri Aug 07 03:09:08 UTC 2026","Fri Aug 07 03:09:08 UTC 2026","0","7. Team Pegasus | Pegasus Staging","Endpoints Tests","Visitors","Elixir (supplier-app)","","Visitors by uuid",""
"passed","Fri Aug 07 03:11:38 UTC 2026","Fri Aug 07 03:11:38 UTC 2026","31","1.1 Team Hummingbird - BFF | WLW app","Technical Tests","search-term-controller","POST /public_api/search/track [SEC] Injection Probe","","POST /public_api/search/track [SEC] Injection Probe",""
"failed","Fri Aug 07 03:11:19 UTC 2026","Fri Aug 07 03:11:19 UTC 2026","14","1.1 Team Hummingbird - BFF | WLW app","Technical Tests","conversation-controller","GET /public_api/conversation/userConversations/{conversationId}/file/ [NEG] Missing Auth/API-Key","","GET /public_api/conversation/userConversations/{conversationId}/file/ [NEG] Missing Auth/API-Key",""
"broken","Fri Aug 07 03:15:40 UTC 2026","Fri Aug 07 03:16:00 UTC 2026","20006","Dolphin","Functional","","","recallTopRankingScenarioTest","AI Search recall: wlw-staging.de cnc top-ranking scenario",""
"skipped","Fri Aug 07 03:14:01 UTC 2026","Fri Aug 07 03:14:01 UTC 2026","0","3 Team Techno - UCL","Functional Tests","Endpoint Tests","SponsoredBrand","","get active SPB by uuid",""
"passed","Fri Aug 07 03:11:29 UTC 2026","Fri Aug 07 03:11:29 UTC 2026","32","1.1 Team Hummingbird - BFF | WLW app","Technical Tests","purchaser-user-setting-controller","POST /userSetting/","","POST /userSetting/",""
"passed","Fri Aug 07 03:11:29 UTC 2026","Fri Aug 07 03:11:29 UTC 2026","34","1.1 Team Hummingbird - BFF | WLW app","Technical Tests","purchaser-user-setting-controller","PUT /userSetting/{id} [NEG] Forbidden Role Token","","PUT /userSetting/{id} [NEG] Forbidden Role Token",""
"passed","Fri Aug 07 03:11:00 UTC 2026","Fri Aug 07 03:11:00 UTC 2026","511","1.1 Team Hummingbird - BFF | WLW app","Endpoint tests","Login","native email login purchaser","","native email login purchaser",""
