"Status","Start Time","Stop Time","Duration in ms","Parent Suite","Suite","Sub Suite","Test Class","Test Method","Name","Description"
"passed","Fri Jul 31 03:15:53 UTC 2026","Fri Jul 31 03:15:53 UTC 2026","38","1.1 Team Hummingbird - BFF | WLW app","Technical Tests","login-controller","DELETE /public_api/auth/sso/logout [NEG] Forbidden Role Token","","DELETE /public_api/auth/sso/logout [NEG] Forbidden Role Token",""
"passed","Fri Jul 31 03:16:49 UTC 2026","Fri Jul 31 03:17:41 UTC 2026","52531","4. Team CRM |CRM Staging","Business Scenarios Tests","Contacts","Create Contact","","Create Contact",""
"failed","Fri Jul 31 03:15:36 UTC 2026","Fri Jul 31 03:15:36 UTC 2026","13","1.1 Team Hummingbird - BFF | WLW app","Technical Tests","ai-company-search-controller","GET /public_api/search/ai/company/stream/mock","","GET /public_api/search/ai/company/stream/mock",""
"passed","Fri Jul 31 03:16:49 UTC 2026","Fri Jul 31 03:16:49 UTC 2026","93","4. Team CRM |CRM Staging","Business Scenarios Tests","Contacts","Check Contact","","Check Contact",""
"passed","Fri Jul 31 03:16:53 UTC 2026","Fri Jul 31 03:16:53 UTC 2026","126","4. Team CRM |CRM Staging","Business Scenarios Tests","Create and edit a contact","Check Contact","","Check Contact",""
"passed","Fri Jul 31 03:16:58 UTC 2026","Fri Jul 31 03:16:58 UTC 2026","50","4. Team CRM |CRM Staging","Endpoints Tests","(root)","resolve individual id","","resolve individual id",""
"failed","Fri Jul 31 03:15:58 UTC 2026","Fri Jul 31 03:15:58 UTC 2026","18","1.1 Team Hummingbird - BFF | WLW app","Technical Tests","push-notification-by-email-controller","PUT /v1/pushNotification","","PUT /v1/pushNotification",""
"failed","Fri Jul 31 03:15:43 UTC 2026","Fri Jul 31 03:15:43 UTC 2026","14","1.1 Team Hummingbird - BFF | WLW app","Technical Tests","conversation-controller","GET /public_api/conversation/userConversations","","GET /public_api/conversation/userConversations",""
"passed","Fri Jul 31 03:23:53 UTC 2026","Fri Jul 31 03:23:54 UTC 2026","707","Dolphin","Technical","","","productTextSearchTopRankingScenarioTest","AI product text search recall: wlw-staging cnc top-ranking scenario",""
"failed","Fri Jul 31 03:14:23 UTC 2026","Fri Jul 31 03:14:23 UTC 2026","15","Bamboo","Technical","","","listSubCategoriesTest","list sub Categories",""
"broken","Fri Jul 31 03:14:36 UTC 2026","Fri Jul 31 03:14:56 UTC 2026","20021","Dolphin","Technical","","","inferenceShortQueryTest","AI Search inference: minimal searchText boundary",""
"passed","Fri Jul 31 03:15:47 UTC 2026","Fri Jul 31 03:15:47 UTC 2026","36","1.1 Team Hummingbird - BFF | WLW app","Technical Tests","euro-pages-controller","PUT /public_api/euro-pages/auth/delete [NEG] Missing Auth/API-Key","","PUT /public_api/euro-pages/auth/delete [NEG] Missing Auth/API-Key",""
"passed","Fri Jul 31 03:13:39 UTC 2026","Fri Jul 31 03:13:39 UTC 2026","81","2 Team Dragon - BFF | RFQ Backend","Functional Tests","(root)","POST /v1/rfqs/{rfqId}/respond - Error Case (400)","","POST /v1/rfqs/{rfqId}/respond - Error Case (400)",""
"skipped","Fri Jul 31 03:13:47 UTC 2026","Fri Jul 31 03:13:47 UTC 2026","0","7. Team Pegasus | Pegasus Staging","Business Scenarios Tests","Supplier Registration","EP - Lead create and update","","leads - Create a lead",""
"skipped","Fri Jul 31 03:13:47 UTC 2026","Fri Jul 31 03:13:47 UTC 2026","0","7. Team Pegasus | Pegasus Staging","Endpoints Tests","Business Insights","Admin BIOPS imports","","Admin BIOPS imports",""
"passed","Fri Jul 31 03:16:55 UTC 2026","Fri Jul 31 03:16:55 UTC 2026","108","4. Team CRM |CRM Staging","Business Scenarios Tests","Lead","Smoke test for Conversion","","Smoke test for Conversion",""
"passed","Fri Jul 31 03:13:39 UTC 2026","Fri Jul 31 03:13:40 UTC 2026","164","2 Team Dragon - BFF | RFQ Backend","Technical Tests","(root)","GET /v1/rfqs (list) - Compliance + Schema + Perf","","GET /v1/rfqs (list) - Compliance + Schema + Perf",""
"broken","Fri Jul 31 03:15:57 UTC 2026","Fri Jul 31 03:16:17 UTC 2026","20016","Dolphin","Technical","","","pvMatchTest","AI Search PV match (supplierAiMatch) API",""
"failed","Fri Jul 31 03:16:04 UTC 2026","Fri Jul 31 03:16:04 UTC 2026","14","1.1 Team Hummingbird - BFF | WLW app","Technical Tests","supplier-visitors-controller","GET /public_api/suppliers/{supplier_id}/visits [NEG] Expired Token","","GET /public_api/suppliers/{supplier_id}/visits [NEG] Expired Token",""
"passed","Fri Jul 31 03:15:39 UTC 2026","Fri Jul 31 03:15:39 UTC 2026","32","1.1 Team Hummingbird - BFF | WLW app","Technical Tests","company-controller","GET /public_api/company/{id} [NEG] Forbidden Role Token","","GET /public_api/company/{id} [NEG] Forbidden Role Token",""
"passed","Fri Jul 31 03:15:52 UTC 2026","Fri Jul 31 03:15:52 UTC 2026","36","1.1 Team Hummingbird - BFF | WLW app","Technical Tests","login-controller","POST /public_api/auth/code/verify [NEG] Expired Token","","POST /public_api/auth/code/verify [NEG] Expired Token",""
"passed","Fri Jul 31 03:16:53 UTC 2026","Fri Jul 31 03:16:59 UTC 2026","5695","4. Team CRM |CRM Staging","Business Scenarios Tests","Disable Hubspot","Change Hubspot to true","","Change Hubspot to true",""
"passed","Fri Jul 31 03:15:47 UTC 2026","Fri Jul 31 03:15:47 UTC 2026","36","1.1 Team Hummingbird - BFF | WLW app","Technical Tests","euro-pages-controller","DELETE /public_api/euro-pages/auth/delete [NEG] Forbidden Role Token","","DELETE /public_api/euro-pages/auth/delete [NEG] Forbidden Role Token",""
"passed","Fri Jul 31 03:16:49 UTC 2026","Fri Jul 31 03:17:41 UTC 2026","52531","4. Team CRM |CRM Staging","Business Scenarios Tests","Contacts","Create Contact","","Create Contact",""
"passed","Fri Jul 31 03:15:34 UTC 2026","Fri Jul 31 03:15:34 UTC 2026","35","1.1 Team Hummingbird - BFF | WLW app","Technical Tests","ab-test-record-controller","POST /public_api/abtest/record [NEG] Missing Auth/API-Key","","POST /public_api/abtest/record [NEG] Missing Auth/API-Key",""
"passed","Fri Jul 31 03:14:39 UTC 2026","Fri Jul 31 03:14:39 UTC 2026","230","1 Team Hummingbird - BFF | EP app","Endpoint tests","Homepage, products","product recommendations FR","","product recommendations FR",""
"passed","Fri Jul 31 03:23:55 UTC 2026","Fri Jul 31 03:23:55 UTC 2026","98","Dolphin","Technical","","","EPZeroResultProductRecommendTest","Recommend products in 0 result search list page v1 -- ep",""
"passed","Fri Jul 31 03:23:55 UTC 2026","Fri Jul 31 03:23:55 UTC 2026","50","Dolphin","Technical","","","getCategoryListEpTest","v-recommend category list -- ep",""
"passed","Fri Jul 31 03:15:28 UTC 2026","Fri Jul 31 03:15:28 UTC 2026","18","1.1 Team Hummingbird - BFF | WLW app","Endpoint tests","Mobile_Feedback","Feedback Subject_FR","","Feedback Subject_FR",""
"passed","Fri Jul 31 03:14:38 UTC 2026","Fri Jul 31 03:14:39 UTC 2026","1058","1 Team Hummingbird - BFF | EP app","Endpoint tests","RFQ","post RFQ","","post RFQ",""
"broken","Fri Jul 31 03:18:17 UTC 2026","Fri Jul 31 03:18:37 UTC 2026","20010","Dolphin","Technical","","","recallNoResultQueryTest","AI Search recall: no-result query (empty offers or zero total)",""
"passed","Fri Jul 31 03:15:59 UTC 2026","Fri Jul 31 03:15:59 UTC 2026","17","1.1 Team Hummingbird - BFF | WLW app","Technical Tests","rfq-marketing-controller","POST /public_api/rfq-marketing/trigger [NEG] Missing Auth/API-Key","","POST /public_api/rfq-marketing/trigger [NEG] Missing Auth/API-Key",""
"failed","Fri Jul 31 03:13:40 UTC 2026","Fri Jul 31 03:13:40 UTC 2026","72","2 Team Dragon - BFF | RFQ Backend","Technical Tests","(root)","GET /v1/rfqs/attachments/{attachmentId} - Download + Cache + Perf","","GET /v1/rfqs/attachments/{attachmentId} - Download + Cache + Perf",""
"failed","Fri Jul 31 03:14:39 UTC 2026","Fri Jul 31 03:14:40 UTC 2026","402","1 Team Hummingbird - BFF | EP app","Endpoint tests","Contact request","Other request","","Other request",""
"failed","Fri Jul 31 03:15:43 UTC 2026","Fri Jul 31 03:15:43 UTC 2026","14","1.1 Team Hummingbird - BFF | WLW app","Technical Tests","conversation-controller","GET /public_api/conversation/userConversations/{userId}/unreadCount [NEG] Missing Auth/API-Key","","GET /public_api/conversation/userConversations/{userId}/unreadCount [NEG] Missing Auth/API-Key",""
"passed","Fri Jul 31 03:16:02 UTC 2026","Fri Jul 31 03:16:02 UTC 2026","34","1.1 Team Hummingbird - BFF | WLW app","Technical Tests","search-controller","GET /public_api/search/ai/tabChange [NEG] Expired Token","","GET /public_api/search/ai/tabChange [NEG] Expired Token",""
"passed","Fri Jul 31 03:15:39 UTC 2026","Fri Jul 31 03:15:39 UTC 2026","29","1.1 Team Hummingbird - BFF | WLW app","Technical Tests","company-controller","GET /public_api/company/{id} [NEG] Missing Auth/API-Key","","GET /public_api/company/{id} [NEG] Missing Auth/API-Key",""
"passed","Fri Jul 31 03:16:54 UTC 2026","Fri Jul 31 03:16:54 UTC 2026","135","4. Team CRM |CRM Staging","Business Scenarios Tests","Lead","Lead-duplicateCheck - without dupicates","","Lead-duplicateCheck - without dupicates",""
"passed","Fri Jul 31 03:16:50 UTC 2026","Fri Jul 31 03:16:52 UTC 2026","2753","4. Team CRM |CRM Staging","Business Scenarios Tests","Quote","Smoke Test Create new quote","","Smoke Test Create new quote",""
"passed","Fri Jul 31 03:14:35 UTC 2026","Fri Jul 31 03:14:35 UTC 2026","63","1 Team Hummingbird - BFF | EP app","Endpoint tests","Support","Support FAQ_DE","","Support FAQ_DE",""
"failed","Fri Jul 31 03:15:53 UTC 2026","Fri Jul 31 03:15:53 UTC 2026","14","1.1 Team Hummingbird - BFF | WLW app","Technical Tests","product-controller","GET /public_api/products","","GET /public_api/products",""
"passed","Fri Jul 31 03:16:51 UTC 2026","Fri Jul 31 03:16:52 UTC 2026","859","4. Team CRM |CRM Staging","Business Scenarios Tests","Account","Account for Contact","","Account for Contact",""
"failed","Fri Jul 31 03:15:44 UTC 2026","Fri Jul 31 03:15:44 UTC 2026","14","1.1 Team Hummingbird - BFF | WLW app","Technical Tests","conversation-controller","GET /public_api/conversation/userConversations/{userId}/unreadCount [NEG] Forbidden Role Token","","GET /public_api/conversation/userConversations/{userId}/unreadCount [NEG] Forbidden Role Token",""
"skipped","Fri Jul 31 03:13:47 UTC 2026","Fri Jul 31 03:13:47 UTC 2026","0","7. Team Pegasus | Pegasus Staging","Business Scenarios Tests","Supplier Facts","API register, publish, and verify in UI","","1. Create registration lead",""
"passed","Fri Jul 31 03:16:59 UTC 2026","Fri Jul 31 03:17:00 UTC 2026","1091","4. Team CRM |CRM Staging","Endpoints Tests","(root)","trigger the Paid Media lead","","trigger the Paid Media lead",""
"passed","Fri Jul 31 03:15:52 UTC 2026","Fri Jul 31 03:15:52 UTC 2026","15","1.1 Team Hummingbird - BFF | WLW app","Technical Tests","login-controller","POST /public_api/auth/code/resend [NEG] Missing Auth/API-Key","","POST /public_api/auth/code/resend [NEG] Missing Auth/API-Key",""
"passed","Fri Jul 31 03:14:35 UTC 2026","Fri Jul 31 03:14:35 UTC 2026","29","1 Team Hummingbird - BFF | EP app","Endpoint tests","Support","Support FAQ_EN","","Support FAQ_EN",""
"skipped","Fri Jul 31 03:14:34 UTC 2026","Fri Jul 31 03:14:34 UTC 2026","0","1 Team Hummingbird - BFF | EP app","Technical Tests","(empty)","(empty)","","Technical Tests - empty",""
"failed","Fri Jul 31 03:15:54 UTC 2026","Fri Jul 31 03:15:54 UTC 2026","14","1.1 Team Hummingbird - BFF | WLW app","Technical Tests","product-controller","GET /public_api/companies/{supplierPublicId}/products [NEG] Expired Token","","GET /public_api/companies/{supplierPublicId}/products [NEG] Expired Token",""
"failed","Fri Jul 31 03:16:01 UTC 2026","Fri Jul 31 03:16:01 UTC 2026","13","1.1 Team Hummingbird - BFF | WLW app","Technical Tests","search-controller","GET /public_api/search/ai/termRecommend [NEG] Missing Auth/API-Key","","GET /public_api/search/ai/termRecommend [NEG] Missing Auth/API-Key",""
"passed","Fri Jul 31 03:14:40 UTC 2026","Fri Jul 31 03:14:42 UTC 2026","2548","1 Team Hummingbird - BFF | EP app","Endpoint tests","Conversations","user conversations","","user conversations",""
"skipped","Fri Jul 31 03:20:04 UTC 2026","Fri Jul 31 03:20:04 UTC 2026","0","3 Team Techno - UCL","Technical Tests","Membership","GET /unified_commercial_logic/internal_api/api/membership - Retrieve Membership List","","GET /unified_commercial_logic/internal_api/api/membership - Retrieve Membership List",""
"passed","Fri Jul 31 03:15:56 UTC 2026","Fri Jul 31 03:15:56 UTC 2026","32","1.1 Team Hummingbird - BFF | WLW app","Technical Tests","purchaser-user-setting-controller","POST /userSetting/ [NEG] Forbidden Role Token","","POST /userSetting/ [NEG] Forbidden Role Token",""
"passed","Fri Jul 31 03:15:50 UTC 2026","Fri Jul 31 03:15:50 UTC 2026","34","1.1 Team Hummingbird - BFF | WLW app","Technical Tests","login-controller","POST /public_api/auth/session/extend [NEG] Forbidden Role Token","","POST /public_api/auth/session/extend [NEG] Forbidden Role Token",""
"skipped","Fri Jul 31 03:13:47 UTC 2026","Fri Jul 31 03:13:47 UTC 2026","0","7. Team Pegasus | Pegasus Staging","Endpoints Tests","User & Company Context","UCL Organizations","","UCL Organizations",""
"failed","Fri Jul 31 03:15:45 UTC 2026","Fri Jul 31 03:15:45 UTC 2026","13","1.1 Team Hummingbird - BFF | WLW app","Technical Tests","conversation-controller","GET /public_api/conversation/userConversations/{conversationId}/file/","","GET /public_api/conversation/userConversations/{conversationId}/file/",""
"passed","Fri Jul 31 03:16:59 UTC 2026","Fri Jul 31 03:17:00 UTC 2026","399","4. Team CRM |CRM Staging","Endpoints Tests","(root)","Create Note with sf id Copy","","Create Note with sf id Copy",""
"failed","Fri Jul 31 03:15:53 UTC 2026","Fri Jul 31 03:15:53 UTC 2026","13","1.1 Team Hummingbird - BFF | WLW app","Technical Tests","product-controller","GET /public_api/products [NEG] Forbidden Role Token","","GET /public_api/products [NEG] Forbidden Role Token",""
"passed","Fri Jul 31 03:16:06 UTC 2026","Fri Jul 31 03:16:06 UTC 2026","33","1.1 Team Hummingbird - BFF | WLW app","Technical Tests","trending-products-controller","POST /public_api/trending/import [NEG] Expired Token","","POST /public_api/trending/import [NEG] Expired Token",""
"failed","Fri Jul 31 03:16:50 UTC 2026","Fri Jul 31 03:16:51 UTC 2026","474","4. Team CRM |CRM Staging","Business Scenarios Tests","Account","Verify HubSpot Sync","","Verify HubSpot Sync",""
"passed","Fri Jul 31 03:14:37 UTC 2026","Fri Jul 31 03:14:38 UTC 2026","249","1 Team Hummingbird - BFF | EP app","Endpoint tests","Search","search autoComplete EN","","search autoComplete EN",""
"passed","Fri Jul 31 03:15:30 UTC 2026","Fri Jul 31 03:15:31 UTC 2026","124","1.1 Team Hummingbird - BFF | WLW app","Endpoint tests","Search","search track","","search track",""
"passed","Fri Jul 31 03:14:37 UTC 2026","Fri Jul 31 03:14:37 UTC 2026","120","1 Team Hummingbird - BFF | EP app","Endpoint tests","Company","search company products","","search company products",""
"passed","Fri Jul 31 03:15:57 UTC 2026","Fri Jul 31 03:15:57 UTC 2026","39","1.1 Team Hummingbird - BFF | WLW app","Technical Tests","purchaser-user-setting-controller","POST /userSetting [NEG] Expired Token","","POST /userSetting [NEG] Expired Token",""
"passed","Fri Jul 31 03:16:07 UTC 2026","Fri Jul 31 03:16:07 UTC 2026","35","1.1 Team Hummingbird - BFF | WLW app","Technical Tests","trending-products-controller","GET /public_api/trending/notifications","","GET /public_api/trending/notifications",""
"passed","Fri Jul 31 03:16:49 UTC 2026","Fri Jul 31 03:16:50 UTC 2026","385","4. Team CRM |CRM Staging","Business Scenarios Tests","Contacts","Edit Contact","","Edit Contact",""
"passed","Fri Jul 31 03:15:52 UTC 2026","Fri Jul 31 03:15:52 UTC 2026","15","1.1 Team Hummingbird - BFF | WLW app","Technical Tests","login-controller","POST /public_api/auth/changePassword [NEG] Missing Auth/API-Key","","POST /public_api/auth/changePassword [NEG] Missing Auth/API-Key",""
"failed","Fri Jul 31 03:15:35 UTC 2026","Fri Jul 31 03:15:35 UTC 2026","12","1.1 Team Hummingbird - BFF | WLW app","Technical Tests","ai-company-search-controller","GET /public_api/search/ai/company/search [NEG] Expired Token","","GET /public_api/search/ai/company/search [NEG] Expired Token",""
"skipped","Fri Jul 31 03:20:04 UTC 2026","Fri Jul 31 03:20:04 UTC 2026","0","3 Team Techno - UCL","Technical Tests","TopRanking","GET /unified_commercial_logic/internal_api/api/top_ranking_v1/{id} - Retrieve TopRankingV1 By ID","","GET /unified_commercial_logic/internal_api/api/top_ranking_v1/{id} - Retrieve TopRankingV1 By ID",""
"passed","Fri Jul 31 03:16:53 UTC 2026","Fri Jul 31 03:16:59 UTC 2026","5695","4. Team CRM |CRM Staging","Business Scenarios Tests","Disable Hubspot","Change Hubspot to true","","Change Hubspot to true",""
"passed","Fri Jul 31 03:16:58 UTC 2026","Fri Jul 31 03:16:59 UTC 2026","440","4. Team CRM |CRM Staging","Endpoints Tests","(root)","sync event to trigger the RFC lead process","","sync event to trigger the RFC lead process",""
"passed","Fri Jul 31 03:23:54 UTC 2026","Fri Jul 31 03:23:54 UTC 2026","21","Dolphin","Technical","","","productTextSearchWhitespaceQueryTest","AI product text search recall: whitespace-only query → empty success",""
"failed","Fri Jul 31 03:16:01 UTC 2026","Fri Jul 31 03:16:01 UTC 2026","10","1.1 Team Hummingbird - BFF | WLW app","Technical Tests","search-controller","GET /public_api/search/ai/termRecommend","","GET /public_api/search/ai/termRecommend",""
"passed","Fri Jul 31 03:15:59 UTC 2026","Fri Jul 31 03:15:59 UTC 2026","35","1.1 Team Hummingbird - BFF | WLW app","Technical Tests","rfq-controller","POST /public_api/connect/purchaser/tenders/ [NEG] Expired Token","","POST /public_api/connect/purchaser/tenders/ [NEG] Expired Token",""
"passed","Fri Jul 31 03:13:40 UTC 2026","Fri Jul 31 03:13:40 UTC 2026","13","2 Team Dragon - BFF | RFQ Backend","Technical Tests","(root)","GET /v1/categories - CPV list (schema + contract)","","GET /v1/categories - CPV list (schema + contract)",""
"passed","Fri Jul 31 03:15:30 UTC 2026","Fri Jul 31 03:15:31 UTC 2026","890","1.1 Team Hummingbird - BFF | WLW app","Endpoint tests","Search","search companies DE","","search companies DE",""
"passed","Fri Jul 31 03:16:49 UTC 2026","Fri Jul 31 03:16:49 UTC 2026","90","4. Team CRM |CRM Staging","Business Scenarios Tests","Tasks","Verify Change","","Verify Change",""
"passed","Fri Jul 31 03:13:40 UTC 2026","Fri Jul 31 03:13:40 UTC 2026","5","2 Team Dragon - BFF | RFQ Backend","Technical Tests","(root)","Negative test: malformed UUIDs & content type checks","","Negative test: malformed UUIDs & content type checks",""
"skipped","Fri Jul 31 03:13:47 UTC 2026","Fri Jul 31 03:13:47 UTC 2026","0","7. Team Pegasus | Pegasus Staging","Endpoints Tests","Business Insights","Subscription","","Subscription",""
"passed","Fri Jul 31 03:15:47 UTC 2026","Fri Jul 31 03:15:47 UTC 2026","36","1.1 Team Hummingbird - BFF | WLW app","Technical Tests","euro-pages-controller","PUT /public_api/euro-pages/auth/delete","","PUT /public_api/euro-pages/auth/delete",""
"passed","Fri Jul 31 03:15:26 UTC 2026","Fri Jul 31 03:15:26 UTC 2026","97","1.1 Team Hummingbird - BFF | WLW app","Endpoint tests","Login","forgot password","","forgot password",""
"skipped","Fri Jul 31 03:13:47 UTC 2026","Fri Jul 31 03:13:47 UTC 2026","0","7. Team Pegasus | Pegasus Staging","Business Scenarios Tests","Visitors","Statistics visitor drill-down","","CSV creation",""
"failed","Fri Jul 31 03:15:43 UTC 2026","Fri Jul 31 03:15:43 UTC 2026","15","1.1 Team Hummingbird - BFF | WLW app","Technical Tests","conversation-controller","GET /public_api/conversation/userConversations/{userId}/unreadCount","","GET /public_api/conversation/userConversations/{userId}/unreadCount",""
"passed","Fri Jul 31 03:16:59 UTC 2026","Fri Jul 31 03:17:00 UTC 2026","399","4. Team CRM |CRM Staging","Endpoints Tests","(root)","Create Note with sf id Copy","","Create Note with sf id Copy",""
"skipped","Fri Jul 31 03:13:47 UTC 2026","Fri Jul 31 03:13:47 UTC 2026","0","7. Team Pegasus | Pegasus Staging","Endpoints Tests","Membership Management (PGS-861)","GET — Verify UTM in supplier-facts","","GET — Verify UTM in supplier-facts",""
"passed","Fri Jul 31 03:15:40 UTC 2026","Fri Jul 31 03:15:40 UTC 2026","31","1.1 Team Hummingbird - BFF | WLW app","Technical Tests","conversation-controller","PUT /public_api/conversation/userConversations/{conversationId}/decline","","PUT /public_api/conversation/userConversations/{conversationId}/decline",""
"failed","Fri Jul 31 03:15:45 UTC 2026","Fri Jul 31 03:15:45 UTC 2026","13","1.1 Team Hummingbird - BFF | WLW app","Technical Tests","conversation-controller","GET /public_api/conversation/userConversations/{conversationId}/file","","GET /public_api/conversation/userConversations/{conversationId}/file",""
"passed","Fri Jul 31 03:14:38 UTC 2026","Fri Jul 31 03:14:39 UTC 2026","1298","1 Team Hummingbird - BFF | EP app","Endpoint tests","Search","Product Search EN","","Product Search EN",""
"passed","Fri Jul 31 03:23:56 UTC 2026","Fri Jul 31 03:23:57 UTC 2026","94","Dolphin","Functional","","","otherStoreProductRecommendTest","similar products recommend -- wlw pdp",""
"skipped","Fri Jul 31 03:13:47 UTC 2026","Fri Jul 31 03:13:47 UTC 2026","0","7. Team Pegasus | Pegasus Staging","Endpoints Tests","Supplier Registration","EP","","request_for_quotations - Endpoints related to the creation of request for quotations",""
"passed","Fri Jul 31 03:23:41 UTC 2026","Fri Jul 31 03:23:43 UTC 2026","1563","Dolphin","Technical","","","productTextSearchLongQueryTest","AI product text search recall: long query truncated",""
"passed","Fri Jul 31 03:15:27 UTC 2026","Fri Jul 31 03:15:27 UTC 2026","26","1.1 Team Hummingbird - BFF | WLW app","Endpoint tests","Support","Support FAQ_EN","","Support FAQ_EN",""
"passed","Fri Jul 31 03:16:02 UTC 2026","Fri Jul 31 03:16:02 UTC 2026","32","1.1 Team Hummingbird - BFF | WLW app","Technical Tests","search-controller","GET /public_api/search/ai/tabChange [SEC] Injection Probe","","GET /public_api/search/ai/tabChange [SEC] Injection Probe",""
"passed","Fri Jul 31 03:15:42 UTC 2026","Fri Jul 31 03:15:42 UTC 2026","37","1.1 Team Hummingbird - BFF | WLW app","Technical Tests","conversation-controller","POST /public_api/conversation/userConversations/{conversationId}/messages/file/ [NEG] Expired Token","","POST /public_api/conversation/userConversations/{conversationId}/messages/file/ [NEG] Expired Token",""
"passed","Fri Jul 31 03:15:39 UTC 2026","Fri Jul 31 03:15:39 UTC 2026","37","1.1 Team Hummingbird - BFF | WLW app","Technical Tests","company-controller","GET /public_api/company/{id}","","GET /public_api/company/{id}",""
"passed","Fri Jul 31 03:16:56 UTC 2026","Fri Jul 31 03:16:56 UTC 2026","0","4. Team CRM |CRM Staging","Business Scenarios Tests","Contacts","Smoke test for Create Contact & Verify HubSpot Sync","","Smoke test for Create Contact & Verify HubSpot Sync",""
"passed","Fri Jul 31 03:15:49 UTC 2026","Fri Jul 31 03:15:49 UTC 2026","34","1.1 Team Hummingbird - BFF | WLW app","Technical Tests","help-and-support-controller","POST /help","","POST /help",""
"passed","Fri Jul 31 03:16:06 UTC 2026","Fri Jul 31 03:16:06 UTC 2026","35","1.1 Team Hummingbird - BFF | WLW app","Technical Tests","trending-products-controller","POST /public_api/trending/import","","POST /public_api/trending/import",""
"passed","Fri Jul 31 03:23:55 UTC 2026","Fri Jul 31 03:23:55 UTC 2026","43","Dolphin","Functional","","","getCategoryListWlwWithPreferredSuperCategoryIdsTest","v-recommend category list -- wlw, with preferredSuperCategoryIds",""
"passed","Fri Jul 31 03:23:57 UTC 2026","Fri Jul 31 03:23:57 UTC 2026","88","Dolphin","Technical","","","sameStoreProductRecommendTest","product same store recommend -- wlw",""
"passed","Fri Jul 31 03:15:37 UTC 2026","Fri Jul 31 03:15:37 UTC 2026","34","1.1 Team Hummingbird - BFF | WLW app","Technical Tests","categories-controller","GET /preferred/categories [SEC] Injection Probe","","GET /preferred/categories [SEC] Injection Probe",""
"passed","Fri Jul 31 03:15:29 UTC 2026","Fri Jul 31 03:15:29 UTC 2026","53","1.1 Team Hummingbird - BFF | WLW app","Endpoint tests","Company","Suppliers listings","","Suppliers listings",""
"passed","Fri Jul 31 03:15:40 UTC 2026","Fri Jul 31 03:15:40 UTC 2026","37","1.1 Team Hummingbird - BFF | WLW app","Technical Tests","conversation-controller","PUT /public_api/conversation/userConversations/{conversationId}/messages/markAsRead [SEC] Injection Probe","","PUT /public_api/conversation/userConversations/{conversationId}/messages/markAsRead [SEC] Injection Probe",""
"passed","Fri Jul 31 03:15:28 UTC 2026","Fri Jul 31 03:15:28 UTC 2026","22","1.1 Team Hummingbird - BFF | WLW app","Endpoint tests","Mobile_Feedback","Feedback Subject_DE","","Feedback Subject_DE",""
"failed","Fri Jul 31 03:23:44 UTC 2026","Fri Jul 31 03:23:45 UTC 2026","818","Dolphin","Technical","","","productTextSearchNoResultTest","AI product text search recall: no-result query",""
"passed","Fri Jul 31 03:15:50 UTC 2026","Fri Jul 31 03:15:51 UTC 2026","36","1.1 Team Hummingbird - BFF | WLW app","Technical Tests","login-controller","POST /public_api/auth/resetPassword [NEG] Expired Token","","POST /public_api/auth/resetPassword [NEG] Expired Token",""
"passed","Fri Jul 31 03:14:23 UTC 2026","Fri Jul 31 03:14:23 UTC 2026","31","Bamboo","Technical","","","searchCategoryByNameTest","searchCategoryByName",""
"passed","Fri Jul 31 03:13:39 UTC 2026","Fri Jul 31 03:13:39 UTC 2026","48","2 Team Dragon - BFF | RFQ Backend","Functional Tests","(root)","GET /v1/rfqs/{rfqId} - Success or 404","","GET /v1/rfqs/{rfqId} - Success or 404",""
"skipped","Fri Jul 31 03:13:47 UTC 2026","Fri Jul 31 03:13:47 UTC 2026","0","7. Team Pegasus | Pegasus Staging","Endpoints Tests","Business Insights","Company Overview","","Company Overview",""
"skipped","Fri Jul 31 03:13:47 UTC 2026","Fri Jul 31 03:13:47 UTC 2026","0","7. Team Pegasus | Pegasus Staging","Endpoints Tests","Supplier Registration","EP","","{{supplierRegistrationBackendBaseUrlForGetRequests}}/api/business_sectors/index?lang=en&query=Biscuits",""
"skipped","Fri Jul 31 03:13:47 UTC 2026","Fri Jul 31 03:13:47 UTC 2026","0","7. Team Pegasus | Pegasus Staging","Spike | Profiles link user to company","(root)","02 POST — Create company (Supplier Facts)","","02 POST — Create company (Supplier Facts)",""
"failed","Fri Jul 31 03:16:04 UTC 2026","Fri Jul 31 03:16:04 UTC 2026","11","1.1 Team Hummingbird - BFF | WLW app","Technical Tests","search-term-controller","POST /public_api/search/track","","POST /public_api/search/track",""
"passed","Fri Jul 31 03:16:52 UTC 2026","Fri Jul 31 03:16:53 UTC 2026","885","4. Team CRM |CRM Staging","Business Scenarios Tests","Account","Create Account","","Create Account",""
"passed","Fri Jul 31 03:15:44 UTC 2026","Fri Jul 31 03:15:44 UTC 2026","35","1.1 Team Hummingbird - BFF | WLW app","Technical Tests","conversation-controller","GET /public_api/conversation/userConversations/{userId}/unreadCount/ [SEC] Injection Probe","","GET /public_api/conversation/userConversations/{userId}/unreadCount/ [SEC] Injection Probe",""
"passed","Fri Jul 31 03:15:46 UTC 2026","Fri Jul 31 03:15:47 UTC 2026","37","1.1 Team Hummingbird - BFF | WLW app","Technical Tests","dynamic-links-controller","POST /public_api/branchio/dynamiclink [NEG] Expired Token","","POST /public_api/branchio/dynamiclink [NEG] Expired Token",""
"passed","Fri Jul 31 03:15:42 UTC 2026","Fri Jul 31 03:15:43 UTC 2026","36","1.1 Team Hummingbird - BFF | WLW app","Technical Tests","conversation-controller","POST /public_api/conversation/userConversations/{conversationId}/messages/file","","POST /public_api/conversation/userConversations/{conversationId}/messages/file",""
"failed","Fri Jul 31 03:15:41 UTC 2026","Fri Jul 31 03:15:41 UTC 2026","15","1.1 Team Hummingbird - BFF | WLW app","Technical Tests","conversation-controller","GET /public_api/conversation/userConversations/{conversationId}/messages [NEG] Missing Auth/API-Key","","GET /public_api/conversation/userConversations/{conversationId}/messages [NEG] Missing Auth/API-Key",""
"passed","Fri Jul 31 03:15:29 UTC 2026","Fri Jul 31 03:15:29 UTC 2026","127","1.1 Team Hummingbird - BFF | WLW app","Endpoint tests","Company","Product ID","","Product ID",""
"broken","Fri Jul 31 03:18:37 UTC 2026","Fri Jul 31 03:18:57 UTC 2026","20023","Dolphin","Technical","","","recallPageSizeOverMaxTest","AI Search recall: pageSize over max capped",""
"failed","Fri Jul 31 03:15:31 UTC 2026","Fri Jul 31 03:15:32 UTC 2026","358","1.1 Team Hummingbird - BFF | WLW app","Endpoint tests","Contact request","Other request","","Other request",""
"skipped","Fri Jul 31 03:13:47 UTC 2026","Fri Jul 31 03:13:47 UTC 2026","0","7. Team Pegasus | Pegasus Staging","Endpoints Tests","Business Insights","Sister platform","","Sister platform",""
"passed","Fri Jul 31 03:15:42 UTC 2026","Fri Jul 31 03:15:42 UTC 2026","36","1.1 Team Hummingbird - BFF | WLW app","Technical Tests","conversation-controller","POST /public_api/conversation/userConversations/{conversationId}/messages/file/ [NEG] Forbidden Role Token","","POST /public_api/conversation/userConversations/{conversationId}/messages/file/ [NEG] Forbidden Role Token",""
"skipped","Fri Jul 31 03:13:47 UTC 2026","Fri Jul 31 03:13:47 UTC 2026","0","7. Team Pegasus | Pegasus Staging","Business Scenarios Tests","Business Insights","Dashboard smoke flow","","Scoring",""
"failed","Fri Jul 31 03:14:39 UTC 2026","Fri Jul 31 03:14:39 UTC 2026","360","1 Team Hummingbird - BFF | EP app","Endpoint tests","Homepage, products","trending products","","trending products",""
"passed","Fri Jul 31 03:16:02 UTC 2026","Fri Jul 31 03:16:02 UTC 2026","33","1.1 Team Hummingbird - BFF | WLW app","Technical Tests","search-controller","GET /public_api/search/ai/tabChange [NEG] Forbidden Role Token","","GET /public_api/search/ai/tabChange [NEG] Forbidden Role Token",""
"failed","Fri Jul 31 03:13:49 UTC 2026","Fri Jul 31 03:13:49 UTC 2026","21","Arise","Technical","","","skwdAll","skwdAll",""
"passed","Fri Jul 31 03:16:07 UTC 2026","Fri Jul 31 03:16:07 UTC 2026","16","1.1 Team Hummingbird - BFF | WLW app","Technical Tests","user-controller","PUT /public_api/user/userInfo [NEG] Missing Auth/API-Key","","PUT /public_api/user/userInfo [NEG] Missing Auth/API-Key",""
"passed","Fri Jul 31 03:15:27 UTC 2026","Fri Jul 31 03:15:27 UTC 2026","72","1.1 Team Hummingbird - BFF | WLW app","Endpoint tests","User settings","user setting","","user setting",""
"skipped","Fri Jul 31 03:20:04 UTC 2026","Fri Jul 31 03:20:04 UTC 2026","0","3 Team Techno - UCL","Technical Tests","WebsiteLead","GET /unified_commercial_logic/internal_api/api/website_lead/{id} - Retrieve WebsiteLead By ID","","GET /unified_commercial_logic/internal_api/api/website_lead/{id} - Retrieve WebsiteLead By ID",""
"skipped","Fri Jul 31 03:13:47 UTC 2026","Fri Jul 31 03:13:47 UTC 2026","0","7. Team Pegasus | Pegasus Staging","Endpoints Tests","Visitors","Elixir (supplier-app)","","Visitors by uuid",""
"passed","Fri Jul 31 03:16:05 UTC 2026","Fri Jul 31 03:16:05 UTC 2026","32","1.1 Team Hummingbird - BFF | WLW app","Technical Tests","supplier-visitors-controller","GET /public_api/suppliers/{supplier_id}/visits/{id} [NEG] Expired Token","","GET /public_api/suppliers/{supplier_id}/visits/{id} [NEG] Expired Token",""
"passed","Fri Jul 31 03:14:39 UTC 2026","Fri Jul 31 03:14:39 UTC 2026","137","1 Team Hummingbird - BFF | EP app","Endpoint tests","Homepage, products","preferred categories","","preferred categories",""
"passed","Fri Jul 31 03:15:54 UTC 2026","Fri Jul 31 03:15:54 UTC 2026","32","1.1 Team Hummingbird - BFF | WLW app","Technical Tests","product-controller","GET /public_api/products/{productId} [NEG] Forbidden Role Token","","GET /public_api/products/{productId} [NEG] Forbidden Role Token",""
"passed","Fri Jul 31 03:16:54 UTC 2026","Fri Jul 31 03:16:54 UTC 2026","228","4. Team CRM |CRM Staging","Business Scenarios Tests","Disable Hubspot","Check hubspot is true","","Check hubspot is true",""
"passed","Fri Jul 31 03:15:42 UTC 2026","Fri Jul 31 03:15:42 UTC 2026","36","1.1 Team Hummingbird - BFF | WLW app","Technical Tests","conversation-controller","POST /public_api/conversation/userConversations/{conversationId}/messages/{messageId}/translate","","POST /public_api/conversation/userConversations/{conversationId}/messages/{messageId}/translate",""
"passed","Fri Jul 31 03:15:39 UTC 2026","Fri Jul 31 03:15:39 UTC 2026","35","1.1 Team Hummingbird - BFF | WLW app","Technical Tests","contact-form-controller","POST /public_api/contact-form/messages [NEG] Expired Token","","POST /public_api/contact-form/messages [NEG] Expired Token",""
"skipped","Fri Jul 31 03:20:04 UTC 2026","Fri Jul 31 03:20:04 UTC 2026","0","3 Team Techno - UCL","Technical Tests","WebsiteLead","GET /unified_commercial_logic/internal_api/api/website_lead - Retrieve WebsiteLead List","","GET /unified_commercial_logic/internal_api/api/website_lead - Retrieve WebsiteLead List",""
"failed","Fri Jul 31 03:16:55 UTC 2026","Fri Jul 31 03:16:55 UTC 2026","172","4. Team CRM |CRM Staging","Business Scenarios Tests","Lead","Get a Lead","","Get a Lead",""
"passed","Fri Jul 31 03:16:53 UTC 2026","Fri Jul 31 03:16:53 UTC 2026","478","4. Team CRM |CRM Staging","Business Scenarios Tests","Create and edit a contact","Edit contact","","Edit contact",""
"failed","Fri Jul 31 03:14:37 UTC 2026","Fri Jul 31 03:14:37 UTC 2026","69","1 Team Hummingbird - BFF | EP app","Endpoint tests","Company","Company ID FR","","Company ID FR",""
"failed","Fri Jul 31 03:14:41 UTC 2026","Fri Jul 31 03:15:00 UTC 2026","18281","1 Team Hummingbird - BFF | EP app","Endpoint tests","Visitor profiler","csv get","","csv get",""
"passed","Fri Jul 31 03:15:47 UTC 2026","Fri Jul 31 03:15:47 UTC 2026","40","1.1 Team Hummingbird - BFF | WLW app","Technical Tests","euro-pages-controller","PUT /public_api/euro-pages/auth/delete [NEG] Expired Token","","PUT /public_api/euro-pages/auth/delete [NEG] Expired Token",""
"passed","Fri Jul 31 03:15:40 UTC 2026","Fri Jul 31 03:15:40 UTC 2026","52","1.1 Team Hummingbird - BFF | WLW app","Technical Tests","conversation-controller","PUT /public_api/conversation/userConversations/{conversationId}/tag [NEG] Expired Token","","PUT /public_api/conversation/userConversations/{conversationId}/tag [NEG] Expired Token",""
"passed","Fri Jul 31 03:16:59 UTC 2026","Fri Jul 31 03:16:59 UTC 2026","152","4. Team CRM |CRM Staging","Endpoints Tests","(root)","trigger from SF Platform Profile","","trigger from SF Platform Profile",""
"passed","Fri Jul 31 03:15:48 UTC 2026","Fri Jul 31 03:15:48 UTC 2026","37","1.1 Team Hummingbird - BFF | WLW app","Technical Tests","feedback-controller","POST /feedback","","POST /feedback",""
"broken","Fri Jul 31 03:17:57 UTC 2026","Fri Jul 31 03:18:17 UTC 2026","20023","Dolphin","Technical","","","recallMissingRequestIdTest","AI Search recall: missing requestId still success",""
"failed","Fri Jul 31 03:16:00 UTC 2026","Fri Jul 31 03:16:00 UTC 2026","12","1.1 Team Hummingbird - BFF | WLW app","Technical Tests","search-controller","GET /public_api/search","","GET /public_api/search",""
"passed","Fri Jul 31 03:14:35 UTC 2026","Fri Jul 31 03:14:35 UTC 2026","19","1 Team Hummingbird - BFF | EP app","Endpoint tests","User settings","push-notification-by-email-controller","","push-notification-by-email-controller",""
"passed","Fri Jul 31 03:15:51 UTC 2026","Fri Jul 31 03:15:51 UTC 2026","17","1.1 Team Hummingbird - BFF | WLW app","Technical Tests","login-controller","POST /public_api/auth/registration [NEG] Missing Auth/API-Key","","POST /public_api/auth/registration [NEG] Missing Auth/API-Key",""
"broken","Fri Jul 31 03:14:22 UTC 2026","Fri Jul 31 03:14:22 UTC 2026","514","Bamboo","Technical","","","findCategoryByIdTest","findCategoryById",""
"passed","Fri Jul 31 03:15:36 UTC 2026","Fri Jul 31 03:15:36 UTC 2026","79","1.1 Team Hummingbird - BFF | WLW app","Technical Tests","ai-company-search-controller","POST /public_api/search/ai/company/search [NEG] Forbidden Role Token","","POST /public_api/search/ai/company/search [NEG] Forbidden Role Token",""
"broken","Fri Jul 31 03:17:17 UTC 2026","Fri Jul 31 03:17:37 UTC 2026","20008","Dolphin","Technical","","","recallIllegalSortPassthroughTest","AI Search recall: illegal sort passthrough (no param fail)",""
"skipped","Fri Jul 31 03:20:04 UTC 2026","Fri Jul 31 03:20:04 UTC 2026","0","3 Team Techno - UCL","Functional Tests","Endpoint Tests","TopRanking","","get TR with the given existing id",""
"passed","Fri Jul 31 03:15:34 UTC 2026","Fri Jul 31 03:15:34 UTC 2026","36","1.1 Team Hummingbird - BFF | WLW app","Technical Tests","ai-company-search-controller","POST /public_api/search/ai/supplier/recall","","POST /public_api/search/ai/supplier/recall",""
"passed","Fri Jul 31 03:16:03 UTC 2026","Fri Jul 31 03:16:03 UTC 2026","17","1.1 Team Hummingbird - BFF | WLW app","Technical Tests","search-term-controller","PUT /public_api/search/notification-opened [NEG] Missing Auth/API-Key","","PUT /public_api/search/notification-opened [NEG] Missing Auth/API-Key",""
"passed","Fri Jul 31 03:16:58 UTC 2026","Fri Jul 31 03:16:58 UTC 2026","50","4. Team CRM |CRM Staging","Endpoints Tests","(root)","resolve individual id","","resolve individual id",""
"skipped","Fri Jul 31 03:13:47 UTC 2026","Fri Jul 31 03:13:47 UTC 2026","0","7. Team Pegasus | Pegasus Staging","Endpoints Tests","User & Company Context","User Profile Storage by uuid","","User Profile Storage by uuid",""
"failed","Fri Jul 31 03:14:41 UTC 2026","Fri Jul 31 03:14:41 UTC 2026","334","1 Team Hummingbird - BFF | EP app","Endpoint tests","Conversations","Decline RFQ","","Decline RFQ",""
"passed","Fri Jul 31 03:16:51 UTC 2026","Fri Jul 31 03:16:56 UTC 2026","4209","4. Team CRM |CRM Staging","Business Scenarios Tests","Account","Trigger SAP Customer number","","Trigger SAP Customer number",""
"failed","Fri Jul 31 03:15:39 UTC 2026","Fri Jul 31 03:15:39 UTC 2026","16","1.1 Team Hummingbird - BFF | WLW app","Technical Tests","company-controller","GET /public_api/company [SEC] Injection Probe","","GET /public_api/company [SEC] Injection Probe",""
"skipped","Fri Jul 31 03:13:47 UTC 2026","Fri Jul 31 03:13:47 UTC 2026","0","7. Team Pegasus | Pegasus Staging","Endpoints Tests","Shop Import & Onboarding Backend","/offers/count - get count","","/offers/count - get count",""
"passed","Fri Jul 31 03:16:50 UTC 2026","Fri Jul 31 03:16:51 UTC 2026","333","4. Team CRM |CRM Staging","Business Scenarios Tests","Account","Update Account","","Update Account",""
"passed","Fri Jul 31 03:15:33 UTC 2026","Fri Jul 31 03:15:36 UTC 2026","2627","1.1 Team Hummingbird - BFF | WLW app","Endpoint tests","Visitor profiler","Visits","","Visits",""
"failed","Fri Jul 31 03:15:58 UTC 2026","Fri Jul 31 03:15:58 UTC 2026","13","1.1 Team Hummingbird - BFF | WLW app","Technical Tests","push-notification-by-email-controller","PUT /v1/pushNotification [SEC] Injection Probe","","PUT /v1/pushNotification [SEC] Injection Probe",""
"skipped","Fri Jul 31 03:13:47 UTC 2026","Fri Jul 31 03:13:47 UTC 2026","0","7. Team Pegasus | Pegasus Staging","Business Scenarios Tests","Business Insights","Dashboard smoke flow","","Traffic",""
"passed","Fri Jul 31 03:16:07 UTC 2026","Fri Jul 31 03:16:07 UTC 2026","33","1.1 Team Hummingbird - BFF | WLW app","Technical Tests","user-controller","PUT /public_api/user/userInfo","","PUT /public_api/user/userInfo",""
"passed","Fri Jul 31 03:16:07 UTC 2026","Fri Jul 31 03:16:07 UTC 2026","34","1.1 Team Hummingbird - BFF | WLW app","Technical Tests","user-controller","GET /public_api/user/userInfo [NEG] Forbidden Role Token","","GET /public_api/user/userInfo [NEG] Forbidden Role Token",""
"failed","Fri Jul 31 03:15:55 UTC 2026","Fri Jul 31 03:15:55 UTC 2026","14","1.1 Team Hummingbird - BFF | WLW app","Technical Tests","purchaser-support-controller","GET /support-faq [NEG] Forbidden Role Token","","GET /support-faq [NEG] Forbidden Role Token",""
"passed","Fri Jul 31 03:15:31 UTC 2026","Fri Jul 31 03:15:31 UTC 2026","181","1.1 Team Hummingbird - BFF | WLW app","Endpoint tests","Homepage, products","trending products","","trending products",""
"failed","Fri Jul 31 03:15:38 UTC 2026","Fri Jul 31 03:15:38 UTC 2026","15","1.1 Team Hummingbird - BFF | WLW app","Technical Tests","company-controller","GET /public_api/suppliers/{companyID}/listings","","GET /public_api/suppliers/{companyID}/listings",""
"failed","Fri Jul 31 03:16:05 UTC 2026","Fri Jul 31 03:16:05 UTC 2026","15","1.1 Team Hummingbird - BFF | WLW app","Technical Tests","supplier-visitors-controller","GET /public_api/suppliers/{supplier_id}/visits/csv [SEC] Injection Probe","","GET /public_api/suppliers/{supplier_id}/visits/csv [SEC] Injection Probe",""
"failed","Fri Jul 31 03:16:04 UTC 2026","Fri Jul 31 03:16:04 UTC 2026","15","1.1 Team Hummingbird - BFF | WLW app","Technical Tests","supplier-visitors-controller","GET /public_api/suppliers/{supplier_id}/visits","","GET /public_api/suppliers/{supplier_id}/visits",""
"passed","Fri Jul 31 03:23:54 UTC 2026","Fri Jul 31 03:23:54 UTC 2026","110","Dolphin","Functional","","","EPOtherStoreProductRecommendTest","product other store recommend",""
"passed","Fri Jul 31 03:16:53 UTC 2026","Fri Jul 31 03:16:53 UTC 2026","231","4. Team CRM |CRM Staging","Business Scenarios Tests","Disable Hubspot","Check hubspot is false","","Check hubspot is false",""
"skipped","Fri Jul 31 03:13:47 UTC 2026","Fri Jul 31 03:13:47 UTC 2026","0","7. Team Pegasus | Pegasus Staging","Endpoints Tests","Membership Management (PGS-861)","POST /companies — create with UTM (PGS-861)","","POST /companies — create with UTM (PGS-861)",""
"failed","Fri Jul 31 03:16:05 UTC 2026","Fri Jul 31 03:16:05 UTC 2026","13","1.1 Team Hummingbird - BFF | WLW app","Technical Tests","supplier-visitors-controller","GET /public_api/suppliers/{supplier_id}/visits/csv [NEG] Forbidden Role Token","","GET /public_api/suppliers/{supplier_id}/visits/csv [NEG] Forbidden Role Token",""
"passed","Fri Jul 31 03:15:37 UTC 2026","Fri Jul 31 03:15:37 UTC 2026","47","1.1 Team Hummingbird - BFF | WLW app","Technical Tests","categories-controller","PUT /preferred/categories [SEC] Injection Probe","","PUT /preferred/categories [SEC] Injection Probe",""
"passed","Fri Jul 31 03:15:39 UTC 2026","Fri Jul 31 03:15:40 UTC 2026","36","1.1 Team Hummingbird - BFF | WLW app","Technical Tests","conversation-controller","PUT /public_api/conversation/userConversations/{conversationId}/tag","","PUT /public_api/conversation/userConversations/{conversationId}/tag",""
"passed","Fri Jul 31 03:15:50 UTC 2026","Fri Jul 31 03:15:50 UTC 2026","32","1.1 Team Hummingbird - BFF | WLW app","Technical Tests","login-controller","POST /public_api/auth/sso/login [NEG] Expired Token","","POST /public_api/auth/sso/login [NEG] Expired Token",""
"skipped","Fri Jul 31 03:20:04 UTC 2026","Fri Jul 31 03:20:04 UTC 2026","0","3 Team Techno - UCL","Functional Tests","Endpoint Tests","GoogleAd","","get active googleAd for the given uuid",""
"passed","Fri Jul 31 03:15:51 UTC 2026","Fri Jul 31 03:15:51 UTC 2026","30","1.1 Team Hummingbird - BFF | WLW app","Technical Tests","login-controller","POST /public_api/auth/registration [NEG] Forbidden Role Token","","POST /public_api/auth/registration [NEG] Forbidden Role Token",""
"passed","Fri Jul 31 03:23:55 UTC 2026","Fri Jul 31 03:23:56 UTC 2026","882","Dolphin","Functional","","","getproductRecommendByQueryOnCserpTest","getproductRecommendByQueryOnCserpTest",""
"passed","Fri Jul 31 03:14:34 UTC 2026","Fri Jul 31 03:14:35 UTC 2026","885","1 Team Hummingbird - BFF | EP app","Endpoint tests","Login","native email login","","native email login",""
"failed","Fri Jul 31 03:14:36 UTC 2026","Fri Jul 31 03:14:37 UTC 2026","343","1 Team Hummingbird - BFF | EP app","Endpoint tests","Company","Company ID EN","","Company ID EN",""
"passed","Fri Jul 31 03:15:51 UTC 2026","Fri Jul 31 03:15:51 UTC 2026","36","1.1 Team Hummingbird - BFF | WLW app","Technical Tests","login-controller","POST /public_api/auth/password/login [NEG] Expired Token","","POST /public_api/auth/password/login [NEG] Expired Token",""
"failed","Fri Jul 31 03:14:41 UTC 2026","Fri Jul 31 03:14:45 UTC 2026","4111","1 Team Hummingbird - BFF | EP app","Endpoint tests","Conversations","unread count","","unread count",""
"skipped","Fri Jul 31 03:13:47 UTC 2026","Fri Jul 31 03:13:47 UTC 2026","0","7. Team Pegasus | Pegasus Staging","Endpoints Tests","Shop Import & Onboarding Backend","/offers/searchCategories","","/offers/searchCategories",""
"passed","Fri Jul 31 03:15:47 UTC 2026","Fri Jul 31 03:15:47 UTC 2026","36","1.1 Team Hummingbird - BFF | WLW app","Technical Tests","euro-pages-controller","PUT /public_api/euro-pages/auth/delete [NEG] Forbidden Role Token","","PUT /public_api/euro-pages/auth/delete [NEG] Forbidden Role Token",""
"passed","Fri Jul 31 03:14:36 UTC 2026","Fri Jul 31 03:14:37 UTC 2026","624","1 Team Hummingbird - BFF | EP app","Endpoint tests","Mobile_Feedback","post feedback","","post feedback",""
"passed","Fri Jul 31 03:23:54 UTC 2026","Fri Jul 31 03:23:55 UTC 2026","102","Dolphin","Technical","","","EPSameStoreProductRecommendTest","product same store recommend -- ep",""
"skipped","Fri Jul 31 03:13:47 UTC 2026","Fri Jul 31 03:13:47 UTC 2026","0","7. Team Pegasus | Pegasus Staging","Spike | Profiles link user to company","(root)","03 GET — Verify company (Supplier Facts)","","03 GET — Verify company (Supplier Facts)",""
"skipped","Fri Jul 31 03:13:47 UTC 2026","Fri Jul 31 03:13:47 UTC 2026","0","7. Team Pegasus | Pegasus Staging","Endpoints Tests","Supplier Registration","EP","","vat/check - Validate VAT number",""
"passed","Fri Jul 31 03:23:55 UTC 2026","Fri Jul 31 03:23:55 UTC 2026","26","Dolphin","Functional","","","getLandingPageProductListTest","get Landing page Product List for seo",""
"passed","Fri Jul 31 03:14:38 UTC 2026","Fri Jul 31 03:14:38 UTC 2026","277","1 Team Hummingbird - BFF | EP app","Endpoint tests","Search","search autoComplete DE","","search autoComplete DE",""
"passed","Fri Jul 31 03:23:54 UTC 2026","Fri Jul 31 03:23:54 UTC 2026","137","Dolphin","Technical","","","EPPCppProductRecommendTest","recommend products in CPP -- ep",""
"passed","Fri Jul 31 03:16:51 UTC 2026","Fri Jul 31 03:16:54 UTC 2026","2738","4. Team CRM |CRM Staging","Business Scenarios Tests","Account","Contact for Account","","Contact for Account",""
"failed","Fri Jul 31 03:15:41 UTC 2026","Fri Jul 31 03:15:41 UTC 2026","15","1.1 Team Hummingbird - BFF | WLW app","Technical Tests","conversation-controller","GET /public_api/conversation/userConversations/{conversationId}/messages [NEG] Expired Token","","GET /public_api/conversation/userConversations/{conversationId}/messages [NEG] Expired Token",""
"failed","Fri Jul 31 03:15:36 UTC 2026","Fri Jul 31 03:15:36 UTC 2026","14","1.1 Team Hummingbird - BFF | WLW app","Technical Tests","categories-controller","GET /preferred/categories [NEG] Missing Auth/API-Key","","GET /preferred/categories [NEG] Missing Auth/API-Key",""
"passed","Fri Jul 31 03:23:57 UTC 2026","Fri Jul 31 03:23:57 UTC 2026","88","Dolphin","Functional","","","sameStoreProductRecommendTest","product same store recommend -- wlw",""
"passed","Fri Jul 31 03:15:34 UTC 2026","Fri Jul 31 03:15:34 UTC 2026","39","1.1 Team Hummingbird - BFF | WLW app","Technical Tests","ab-test-record-controller","POST /public_api/abtest/record [NEG] Forbidden Role Token","","POST /public_api/abtest/record [NEG] Forbidden Role Token",""
"passed","Fri Jul 31 03:17:00 UTC 2026","Fri Jul 31 03:17:00 UTC 2026","175","4. Team CRM |CRM Staging","Endpoints Tests","(root)","trigger a Buyer lead","","trigger a Buyer lead",""
"passed","Fri Jul 31 03:15:49 UTC 2026","Fri Jul 31 03:15:49 UTC 2026","38","1.1 Team Hummingbird - BFF | WLW app","Technical Tests","inside-business-controller","GET /public_api/inside_business","","GET /public_api/inside_business",""
"skipped","Fri Jul 31 03:20:04 UTC 2026","Fri Jul 31 03:20:04 UTC 2026","0","3 Team Techno - UCL","Technical Tests","GoogleAd","GET /unified_commercial_logic/internal_api/api/google_ad - Retrieve GoogleAd List","","GET /unified_commercial_logic/internal_api/api/google_ad - Retrieve GoogleAd List",""
"passed","Fri Jul 31 03:23:51 UTC 2026","Fri Jul 31 03:23:52 UTC 2026","1077","Dolphin","Technical","","","productTextSearchSpecialCharTest","AI product text search recall: special-character query",""
"passed","Fri Jul 31 03:16:06 UTC 2026","Fri Jul 31 03:16:06 UTC 2026","20","1.1 Team Hummingbird - BFF | WLW app","Technical Tests","supplier-visitors-controller","GET /","","GET /",""
"skipped","Fri Jul 31 03:13:47 UTC 2026","Fri Jul 31 03:13:47 UTC 2026","0","7. Team Pegasus | Pegasus Staging","Endpoints Tests","Shop Import & Onboarding Backend","/offers/suggestCategory","","/offers/suggestCategory",""
"passed","Fri Jul 31 03:23:55 UTC 2026","Fri Jul 31 03:23:55 UTC 2026","26","Dolphin","Technical","","","getLandingPageProductListTest","get Landing page Product List for seo",""
"failed","Fri Jul 31 03:15:43 UTC 2026","Fri Jul 31 03:15:43 UTC 2026","14","1.1 Team Hummingbird - BFF | WLW app","Technical Tests","conversation-controller","GET /public_api/conversation/userConversations [NEG] Forbidden Role Token","","GET /public_api/conversation/userConversations [NEG] Forbidden Role Token",""
"skipped","Fri Jul 31 03:13:47 UTC 2026","Fri Jul 31 03:13:47 UTC 2026","0","7. Team Pegasus | Pegasus Staging","Business Scenarios Tests","Supplier Facts","Company create and update for UI","","Update company",""
"passed","Fri Jul 31 03:16:50 UTC 2026","Fri Jul 31 03:16:50 UTC 2026","319","4. Team CRM |CRM Staging","Business Scenarios Tests","Quote","Check Quote","","Check Quote",""
"failed","Fri Jul 31 03:14:35 UTC 2026","Fri Jul 31 03:14:35 UTC 2026","94","1 Team Hummingbird - BFF | EP app","Endpoint tests","Login","extend session","","extend session",""
"failed","Fri Jul 31 03:15:41 UTC 2026","Fri Jul 31 03:15:41 UTC 2026","13","1.1 Team Hummingbird - BFF | WLW app","Technical Tests","conversation-controller","GET /public_api/conversation/userConversations/{conversationId}/messages [NEG] Forbidden Role Token","","GET /public_api/conversation/userConversations/{conversationId}/messages [NEG] Forbidden Role Token",""
"failed","Fri Jul 31 03:14:36 UTC 2026","Fri Jul 31 03:14:37 UTC 2026","124","1 Team Hummingbird - BFF | EP app","Endpoint tests","Company","Company ID DE","","Company ID DE",""
"passed","Fri Jul 31 03:23:52 UTC 2026","Fri Jul 31 03:23:53 UTC 2026","767","Dolphin","Functional","","","productTextSearchTest","AI product text search recall API",""
"passed","Fri Jul 31 03:15:42 UTC 2026","Fri Jul 31 03:15:42 UTC 2026","16","1.1 Team Hummingbird - BFF | WLW app","Technical Tests","conversation-controller","POST /public_api/conversation/userConversations/{conversationId}/messages/{messageId}/translate [NEG] Missing Auth/API-Key","","POST /public_api/conversation/userConversations/{conversationId}/messages/{messageId}/translate [NEG] Missing Auth/API-Key",""
"passed","Fri Jul 31 03:14:37 UTC 2026","Fri Jul 31 03:14:37 UTC 2026","353","1 Team Hummingbird - BFF | EP app","Endpoint tests","Company","Companies / products DE","","Companies / products DE",""
"passed","Fri Jul 31 03:15:58 UTC 2026","Fri Jul 31 03:15:58 UTC 2026","28","1.1 Team Hummingbird - BFF | WLW app","Technical Tests","rfq-controller","POST /public_api/connect/purchaser/tenders [NEG] Missing Auth/API-Key","","POST /public_api/connect/purchaser/tenders [NEG] Missing Auth/API-Key",""
"failed","Fri Jul 31 03:15:37 UTC 2026","Fri Jul 31 03:15:37 UTC 2026","13","1.1 Team Hummingbird - BFF | WLW app","Technical Tests","categories-controller","PUT /preferred/categories [NEG] Forbidden Role Token","","PUT /preferred/categories [NEG] Forbidden Role Token",""
"skipped","Fri Jul 31 03:13:47 UTC 2026","Fri Jul 31 03:13:47 UTC 2026","0","7. Team Pegasus | Pegasus Staging","Endpoints Tests","Visitors","Get Visits","","Get Visits",""
"passed","Fri Jul 31 03:14:37 UTC 2026","Fri Jul 31 03:14:37 UTC 2026","215","1 Team Hummingbird - BFF | EP app","Endpoint tests","Company","branchIO dynamic link, share CPP","","branchIO dynamic link, share CPP",""
"passed","Fri Jul 31 03:15:34 UTC 2026","Fri Jul 31 03:15:34 UTC 2026","114","1.1 Team Hummingbird - BFF | WLW app","Technical Tests","ai-company-search-controller","POST /public_api/search/ai/supplier/recall [NEG] Missing Auth/API-Key","","POST /public_api/search/ai/supplier/recall [NEG] Missing Auth/API-Key",""
"passed","Fri Jul 31 03:16:58 UTC 2026","Fri Jul 31 03:16:58 UTC 2026","39","4. Team CRM |CRM Staging","Endpoints Tests","(root)","get responsible user","","get responsible user",""
"failed","Fri Jul 31 03:15:56 UTC 2026","Fri Jul 31 03:15:56 UTC 2026","13","1.1 Team Hummingbird - BFF | WLW app","Technical Tests","purchaser-user-setting-controller","GET /userSetting [NEG] Expired Token","","GET /userSetting [NEG] Expired Token",""
"passed","Fri Jul 31 03:16:07 UTC 2026","Fri Jul 31 03:16:07 UTC 2026","20","1.1 Team Hummingbird - BFF | WLW app","Technical Tests","trending-products-controller","GET /public_api/trending/notifications [NEG] Missing Auth/API-Key","","GET /public_api/trending/notifications [NEG] Missing Auth/API-Key",""
"skipped","Fri Jul 31 03:20:04 UTC 2026","Fri Jul 31 03:20:04 UTC 2026","0","3 Team Techno - UCL","Technical Tests","Organization","GET /unified_commercial_logic/internal_api/api/organization/{id} - Retrieve Organization By ID","","GET /unified_commercial_logic/internal_api/api/organization/{id} - Retrieve Organization By ID",""
"passed","Fri Jul 31 03:15:37 UTC 2026","Fri Jul 31 03:15:37 UTC 2026","34","1.1 Team Hummingbird - BFF | WLW app","Technical Tests","categories-controller","GET /public_api/categories/homepage [NEG] Expired Token","","GET /public_api/categories/homepage [NEG] Expired Token",""
"skipped","Fri Jul 31 03:20:04 UTC 2026","Fri Jul 31 03:20:04 UTC 2026","0","3 Team Techno - UCL","Functional Tests","Endpoint Tests","Retargeting","","get active retargeting for the given uuid",""
"passed","Fri Jul 31 03:14:36 UTC 2026","Fri Jul 31 03:14:36 UTC 2026","21","1 Team Hummingbird - BFF | EP app","Endpoint tests","Support","Supportmasterdata_FR","","Supportmasterdata_FR",""
"passed","Fri Jul 31 03:13:49 UTC 2026","Fri Jul 31 03:13:49 UTC 2026","480","Arise","Functional","","","psearchProxySearch","psearchProxySearch",""
"broken","Fri Jul 31 03:16:37 UTC 2026","Fri Jul 31 03:16:57 UTC 2026","20016","Dolphin","Technical","","","recallBlankQueryTest","AI Search recall: blank query and imageUrl → business failure",""
"passed","Fri Jul 31 03:13:49 UTC 2026","Fri Jul 31 03:13:49 UTC 2026","35","Arise","Technical","","","pageElementsGet","pageElementsGet",""
"skipped","Fri Jul 31 03:13:47 UTC 2026","Fri Jul 31 03:13:47 UTC 2026","0","7. Team Pegasus | Pegasus Staging","Spike | Profiles link user to company","(root)","10 MANUAL — company-editor basic-info (browser)","","10 MANUAL — company-editor basic-info (browser)",""
"passed","Fri Jul 31 03:23:56 UTC 2026","Fri Jul 31 03:23:57 UTC 2026","94","Dolphin","Technical","","","otherStoreProductRecommendTest","similar products recommend -- wlw pdp",""
"passed","Fri Jul 31 03:15:54 UTC 2026","Fri Jul 31 03:15:54 UTC 2026","17","1.1 Team Hummingbird - BFF | WLW app","Technical Tests","product-controller","GET /public_api/products/{productId} [NEG] Missing Auth/API-Key","","GET /public_api/products/{productId} [NEG] Missing Auth/API-Key",""
"passed","Fri Jul 31 03:15:46 UTC 2026","Fri Jul 31 03:15:46 UTC 2026","22","1.1 Team Hummingbird - BFF | WLW app","Technical Tests","currency-exchange-controller","GET /exchange/fetch-rates [NEG] Missing Auth/API-Key","","GET /exchange/fetch-rates [NEG] Missing Auth/API-Key",""
"skipped","Fri Jul 31 03:13:47 UTC 2026","Fri Jul 31 03:13:47 UTC 2026","0","7. Team Pegasus | Pegasus Staging","Business Scenarios Tests","Business Insights","Dashboard smoke flow","","Visitors",""
"passed","Fri Jul 31 03:16:53 UTC 2026","Fri Jul 31 03:16:53 UTC 2026","126","4. Team CRM |CRM Staging","Business Scenarios Tests","Create and edit a contact","Check Contact","","Check Contact",""
"failed","Fri Jul 31 03:16:01 UTC 2026","Fri Jul 31 03:16:01 UTC 2026","14","1.1 Team Hummingbird - BFF | WLW app","Technical Tests","search-controller","GET /public_api/search/autoComplete [SEC] Injection Probe","","GET /public_api/search/autoComplete [SEC] Injection Probe",""
"passed","Fri Jul 31 03:16:56 UTC 2026","Fri Jul 31 03:16:58 UTC 2026","2062","4. Team CRM |CRM Staging","Business Scenarios Tests","Platform Profile","Smoke Test Create Platform Profile","","Smoke Test Create Platform Profile",""
"broken","Fri Jul 31 03:23:18 UTC 2026","Fri Jul 31 03:23:38 UTC 2026","20021","Dolphin","Technical","","","productInferenceTest","AI product search inference stream API",""
"passed","Fri Jul 31 03:17:00 UTC 2026","Fri Jul 31 03:17:01 UTC 2026","807","4. Team CRM |CRM Staging","Endpoints Tests","(root)","Create platform profile","","Create platform profile",""
"passed","Fri Jul 31 03:15:52 UTC 2026","Fri Jul 31 03:15:52 UTC 2026","80","1.1 Team Hummingbird - BFF | WLW app","Technical Tests","login-controller","POST /public_api/auth/changePassword","","POST /public_api/auth/changePassword",""
"failed","Fri Jul 31 03:15:35 UTC 2026","Fri Jul 31 03:15:35 UTC 2026","12","1.1 Team Hummingbird - BFF | WLW app","Technical Tests","ai-company-search-controller","GET /public_api/search/ai/company/search [SEC] Injection Probe","","GET /public_api/search/ai/company/search [SEC] Injection Probe",""
"skipped","Fri Jul 31 03:13:47 UTC 2026","Fri Jul 31 03:13:47 UTC 2026","0","7. Team Pegasus | Pegasus Staging","Endpoints Tests","Shop Import & Onboarding Backend","/import/status","","/import/status",""
"failed","Fri Jul 31 03:16:06 UTC 2026","Fri Jul 31 03:16:06 UTC 2026","12","1.1 Team Hummingbird - BFF | WLW app","Technical Tests","trending-products-controller","GET /public_api/trending/products [NEG] Missing Auth/API-Key","","GET /public_api/trending/products [NEG] Missing Auth/API-Key",""
"passed","Fri Jul 31 03:23:54 UTC 2026","Fri Jul 31 03:23:54 UTC 2026","110","Dolphin","Technical","","","EPOtherStoreProductRecommendTest","product other store recommend",""
"broken","Fri Jul 31 03:23:18 UTC 2026","Fri Jul 31 03:23:38 UTC 2026","20021","Dolphin","Functional","","","productInferenceTest","AI product search inference stream API",""
"failed","Fri Jul 31 03:16:04 UTC 2026","Fri Jul 31 03:16:04 UTC 2026","11","1.1 Team Hummingbird - BFF | WLW app","Technical Tests","supplier-visitors-controller","GET /public_api/suppliers/{supplier_id}/visits [NEG] Missing Auth/API-Key","","GET /public_api/suppliers/{supplier_id}/visits [NEG] Missing Auth/API-Key",""
"passed","Fri Jul 31 03:23:55 UTC 2026","Fri Jul 31 03:23:55 UTC 2026","210","Dolphin","Technical","","","getProductsByCategoryTest","popular in category -- getProductsByCategory",""
"passed","Fri Jul 31 03:15:33 UTC 2026","Fri Jul 31 03:15:34 UTC 2026","1128","1.1 Team Hummingbird - BFF | WLW app","Endpoint tests","Conversations","decline QDR","","decline QDR",""
"passed","Fri Jul 31 03:15:37 UTC 2026","Fri Jul 31 03:15:37 UTC 2026","38","1.1 Team Hummingbird - BFF | WLW app","Technical Tests","categories-controller","GET /public_api/categories/homepage","","GET /public_api/categories/homepage",""
"passed","Fri Jul 31 03:16:05 UTC 2026","Fri Jul 31 03:16:05 UTC 2026","18","1.1 Team Hummingbird - BFF | WLW app","Technical Tests","supplier-visitors-controller","GET /public_api/suppliers/{supplier_id}/visits/{id} [NEG] Missing Auth/API-Key","","GET /public_api/suppliers/{supplier_id}/visits/{id} [NEG] Missing Auth/API-Key",""
"passed","Fri Jul 31 03:16:01 UTC 2026","Fri Jul 31 03:16:01 UTC 2026","33","1.1 Team Hummingbird - BFF | WLW app","Technical Tests","search-controller","GET /public_api/search/products [SEC] Injection Probe","","GET /public_api/search/products [SEC] Injection Probe",""
"passed","Fri Jul 31 03:15:49 UTC 2026","Fri Jul 31 03:15:49 UTC 2026","36","1.1 Team Hummingbird - BFF | WLW app","Technical Tests","help-and-support-controller","POST /help [NEG] Expired Token","","POST /help [NEG] Expired Token",""
"passed","Fri Jul 31 03:15:40 UTC 2026","Fri Jul 31 03:15:40 UTC 2026","35","1.1 Team Hummingbird - BFF | WLW app","Technical Tests","conversation-controller","PUT /public_api/conversation/userConversations/{conversationId}/tag [NEG] Forbidden Role Token","","PUT /public_api/conversation/userConversations/{conversationId}/tag [NEG] Forbidden Role Token",""
"passed","Fri Jul 31 03:15:51 UTC 2026","Fri Jul 31 03:15:51 UTC 2026","33","1.1 Team Hummingbird - BFF | WLW app","Technical Tests","login-controller","POST /public_api/auth/password/login","","POST /public_api/auth/password/login",""
"passed","Fri Jul 31 03:15:59 UTC 2026","Fri Jul 31 03:15:59 UTC 2026","23","1.1 Team Hummingbird - BFF | WLW app","Technical Tests","rfq-controller","POST /public_api/connect/purchaser/tenders/ [NEG] Missing Auth/API-Key","","POST /public_api/connect/purchaser/tenders/ [NEG] Missing Auth/API-Key",""
"passed","Fri Jul 31 03:16:52 UTC 2026","Fri Jul 31 03:16:52 UTC 2026","114","4. Team CRM |CRM Staging","Business Scenarios Tests","Account","Smoke test : Account + Contact + SAP","","Smoke test : Account + Contact + SAP",""
"skipped","Fri Jul 31 03:13:47 UTC 2026","Fri Jul 31 03:13:47 UTC 2026","0","7. Team Pegasus | Pegasus Staging","Spike | Profiles link user to company","(root)","09 MANUAL — my-account supplier page (browser)","","09 MANUAL — my-account supplier page (browser)",""
"passed","Fri Jul 31 03:15:58 UTC 2026","Fri Jul 31 03:15:58 UTC 2026","30","1.1 Team Hummingbird - BFF | WLW app","Technical Tests","rfq-controller","POST /public_api/connect/purchaser/tenders","","POST /public_api/connect/purchaser/tenders",""
"failed","Fri Jul 31 03:15:40 UTC 2026","Fri Jul 31 03:15:40 UTC 2026","14","1.1 Team Hummingbird - BFF | WLW app","Technical Tests","conversation-controller","PUT /public_api/conversation/userConversations/{conversationId}/messages/markAsRead [NEG] Expired Token","","PUT /public_api/conversation/userConversations/{conversationId}/messages/markAsRead [NEG] Expired Token",""
"failed","Fri Jul 31 03:15:55 UTC 2026","Fri Jul 31 03:15:55 UTC 2026","10","1.1 Team Hummingbird - BFF | WLW app","Technical Tests","purchaser-support-controller","GET /support-faq [NEG] Expired Token","","GET /support-faq [NEG] Expired Token",""
"passed","Fri Jul 31 03:23:56 UTC 2026","Fri Jul 31 03:23:56 UTC 2026","100","Dolphin","Functional","","","homepageProductRecommendTest","homepage product recommend -- wlw",""
"skipped","Fri Jul 31 03:13:47 UTC 2026","Fri Jul 31 03:13:47 UTC 2026","0","7. Team Pegasus | Pegasus Staging","Endpoints Tests","Shop Import & Onboarding Backend","/categories/suggest","","/categories/suggest",""
"failed","Fri Jul 31 03:15:38 UTC 2026","Fri Jul 31 03:15:38 UTC 2026","14","1.1 Team Hummingbird - BFF | WLW app","Technical Tests","company-controller","GET /public_api/company [NEG] Forbidden Role Token","","GET /public_api/company [NEG] Forbidden Role Token",""
"passed","Fri Jul 31 03:15:47 UTC 2026","Fri Jul 31 03:15:47 UTC 2026","49","1.1 Team Hummingbird - BFF | WLW app","Technical Tests","euro-pages-controller","DELETE /public_api/euro-pages/auth/delete [NEG] Expired Token","","DELETE /public_api/euro-pages/auth/delete [NEG] Expired Token",""
"passed","Fri Jul 31 03:14:34 UTC 2026","Fri Jul 31 03:14:36 UTC 2026","1971","1 Team Hummingbird - BFF | EP app","Endpoint tests","Login","user Info","","user Info",""
"passed","Fri Jul 31 03:13:48 UTC 2026","Fri Jul 31 03:13:48 UTC 2026","540","Arise","Technical","","","getAllElementsByUrlTest","getAllElementsByUrlTest",""
"failed","Fri Jul 31 03:16:05 UTC 2026","Fri Jul 31 03:16:05 UTC 2026","13","1.1 Team Hummingbird - BFF | WLW app","Technical Tests","supplier-visitors-controller","GET /public_api/suppliers/{supplier_id}/visits/csv [NEG] Missing Auth/API-Key","","GET /public_api/suppliers/{supplier_id}/visits/csv [NEG] Missing Auth/API-Key",""
"passed","Fri Jul 31 03:15:57 UTC 2026","Fri Jul 31 03:15:57 UTC 2026","33","1.1 Team Hummingbird - BFF | WLW app","Technical Tests","purchaser-user-setting-controller","GET /userSetting [SEC] Injection Probe","","GET /userSetting [SEC] Injection Probe",""
"failed","Fri Jul 31 03:16:55 UTC 2026","Fri Jul 31 03:16:55 UTC 2026","172","4. Team CRM |CRM Staging","Business Scenarios Tests","Lead","Get a Lead","","Get a Lead",""
"failed","Fri Jul 31 03:15:45 UTC 2026","Fri Jul 31 03:15:45 UTC 2026","13","1.1 Team Hummingbird - BFF | WLW app","Technical Tests","conversation-controller","GET /public_api/conversation/userConversations/{conversationId} [NEG] Forbidden Role Token","","GET /public_api/conversation/userConversations/{conversationId} [NEG] Forbidden Role Token",""
"passed","Fri Jul 31 03:15:33 UTC 2026","Fri Jul 31 03:15:37 UTC 2026","3260","1.1 Team Hummingbird - BFF | WLW app","Endpoint tests","Visitor profiler","csv get","","csv get",""
"passed","Fri Jul 31 03:16:58 UTC 2026","Fri Jul 31 03:16:58 UTC 2026","89","4. Team CRM |CRM Staging","Endpoints Tests","(root)","get connect receipient","","get connect receipient",""
"passed","Fri Jul 31 03:16:55 UTC 2026","Fri Jul 31 03:16:55 UTC 2026","108","4. Team CRM |CRM Staging","Business Scenarios Tests","Lead","Smoke test for Conversion","","Smoke test for Conversion",""
"passed","Fri Jul 31 03:15:33 UTC 2026","Fri Jul 31 03:15:33 UTC 2026","110","1.1 Team Hummingbird - BFF | WLW app","Endpoint tests","Conversations","unread count","","unread count",""
"passed","Fri Jul 31 03:14:37 UTC 2026","Fri Jul 31 03:14:38 UTC 2026","177","1 Team Hummingbird - BFF | EP app","Endpoint tests","Company","branchIO dynamic link, share PDP","","branchIO dynamic link, share PDP",""
"failed","Fri Jul 31 03:15:32 UTC 2026","Fri Jul 31 03:15:32 UTC 2026","481","1.1 Team Hummingbird - BFF | WLW app","Endpoint tests","Contact request","Product request","","Product request",""
"passed","Fri Jul 31 03:14:39 UTC 2026","Fri Jul 31 03:14:39 UTC 2026","243","1 Team Hummingbird - BFF | EP app","Endpoint tests","Homepage, products","product recommendations EN","","product recommendations EN",""
"failed","Fri Jul 31 03:16:03 UTC 2026","Fri Jul 31 03:16:03 UTC 2026","11","1.1 Team Hummingbird - BFF | WLW app","Technical Tests","search-controller","GET /public_api/categories/recommendations [NEG] Forbidden Role Token","","GET /public_api/categories/recommendations [NEG] Forbidden Role Token",""
"passed","Fri Jul 31 03:13:40 UTC 2026","Fri Jul 31 03:13:40 UTC 2026","7","2 Team Dragon - BFF | RFQ Backend","Technical Tests","(root)","GET /v1/rfqs/{rfqId} - Details (Schema + Auth Orchestration)","","GET /v1/rfqs/{rfqId} - Details (Schema + Auth Orchestration)",""
"passed","Fri Jul 31 03:15:59 UTC 2026","Fri Jul 31 03:15:59 UTC 2026","33","1.1 Team Hummingbird - BFF | WLW app","Technical Tests","rfq-marketing-controller","POST /public_api/rfq-marketing/trigger [NEG] Forbidden Role Token","","POST /public_api/rfq-marketing/trigger [NEG] Forbidden Role Token",""
"failed","Fri Jul 31 03:15:56 UTC 2026","Fri Jul 31 03:15:56 UTC 2026","14","1.1 Team Hummingbird - BFF | WLW app","Technical Tests","purchaser-user-setting-controller","GET /userSetting","","GET /userSetting",""
"failed","Fri Jul 31 03:16:02 UTC 2026","Fri Jul 31 03:16:02 UTC 2026","14","1.1 Team Hummingbird - BFF | WLW app","Technical Tests","search-controller","GET /public_api/products/recommendations [NEG] Missing Auth/API-Key","","GET /public_api/products/recommendations [NEG] Missing Auth/API-Key",""
"skipped","Fri Jul 31 03:13:47 UTC 2026","Fri Jul 31 03:13:47 UTC 2026","0","7. Team Pegasus | Pegasus Staging","Endpoints Tests","Business Insights","User Activity","","User Activity",""
"failed","Fri Jul 31 03:15:59 UTC 2026","Fri Jul 31 03:15:59 UTC 2026","15","1.1 Team Hummingbird - BFF | WLW app","Technical Tests","search-controller","GET /public_api/suppliers/recommendations","","GET /public_api/suppliers/recommendations",""
"failed","Fri Jul 31 03:16:02 UTC 2026","Fri Jul 31 03:16:02 UTC 2026","12","1.1 Team Hummingbird - BFF | WLW app","Technical Tests","search-controller","GET /public_api/search/ai/termRecommend [SEC] Injection Probe","","GET /public_api/search/ai/termRecommend [SEC] Injection Probe",""
"passed","Fri Jul 31 03:14:35 UTC 2026","Fri Jul 31 03:14:36 UTC 2026","903","1 Team Hummingbird - BFF | EP app","Endpoint tests","User settings","user setting","","user setting",""
"passed","Fri Jul 31 03:15:52 UTC 2026","Fri Jul 31 03:15:53 UTC 2026","52","1.1 Team Hummingbird - BFF | WLW app","Technical Tests","login-controller","POST /public_api/auth/changePassword [NEG] Expired Token","","POST /public_api/auth/changePassword [NEG] Expired Token",""
"failed","Fri Jul 31 03:16:02 UTC 2026","Fri Jul 31 03:16:02 UTC 2026","14","1.1 Team Hummingbird - BFF | WLW app","Technical Tests","search-controller","GET /public_api/search/ai/termRecommend [NEG] Forbidden Role Token","","GET /public_api/search/ai/termRecommend [NEG] Forbidden Role Token",""
"failed","Fri Jul 31 03:16:51 UTC 2026","Fri Jul 31 03:16:52 UTC 2026","1567","4. Team CRM |CRM Staging","Business Scenarios Tests","Account","Smoke Test Basic Account Creation","","Smoke Test Basic Account Creation",""
"passed","Fri Jul 31 03:16:50 UTC 2026","Fri Jul 31 03:16:51 UTC 2026","600","4. Team CRM |CRM Staging","Business Scenarios Tests","Account","Dunning level 1","","Dunning level 1",""
"failed","Fri Jul 31 03:15:38 UTC 2026","Fri Jul 31 03:15:38 UTC 2026","12","1.1 Team Hummingbird - BFF | WLW app","Technical Tests","company-controller","GET /public_api/suppliers/{companyID}/listings [NEG] Forbidden Role Token","","GET /public_api/suppliers/{companyID}/listings [NEG] Forbidden Role Token",""
"passed","Fri Jul 31 03:14:37 UTC 2026","Fri Jul 31 03:14:38 UTC 2026","779","1 Team Hummingbird - BFF | EP app","Endpoint tests","Company","Companies / products EN","","Companies / products EN",""
"passed","Fri Jul 31 03:16:03 UTC 2026","Fri Jul 31 03:16:03 UTC 2026","31","1.1 Team Hummingbird - BFF | WLW app","Technical Tests","search-term-controller","PUT /public_api/search/notification-opened [NEG] Expired Token","","PUT /public_api/search/notification-opened [NEG] Expired Token",""
"passed","Fri Jul 31 03:14:38 UTC 2026","Fri Jul 31 03:14:39 UTC 2026","1003","1 Team Hummingbird - BFF | EP app","Endpoint tests","Search","Product Search DE","","Product Search DE",""
"failed","Fri Jul 31 03:16:02 UTC 2026","Fri Jul 31 03:16:02 UTC 2026","12","1.1 Team Hummingbird - BFF | WLW app","Technical Tests","search-controller","GET /public_api/products/recommendations","","GET /public_api/products/recommendations",""
"failed","Fri Jul 31 03:16:51 UTC 2026","Fri Jul 31 03:16:52 UTC 2026","1567","4. Team CRM |CRM Staging","Business Scenarios Tests","Account","Smoke Test Basic Account Creation","","Smoke Test Basic Account Creation",""
"skipped","Fri Jul 31 03:20:04 UTC 2026","Fri Jul 31 03:20:04 UTC 2026","0","3 Team Techno - UCL","Functional Tests","Endpoint Tests","membership","","get all active membership for business_partner_id",""
"failed","Fri Jul 31 03:16:00 UTC 2026","Fri Jul 31 03:16:00 UTC 2026","13","1.1 Team Hummingbird - BFF | WLW app","Technical Tests","search-controller","GET /public_api/suppliers/recommendations [SEC] Injection Probe","","GET /public_api/suppliers/recommendations [SEC] Injection Probe",""
"failed","Fri Jul 31 03:15:36 UTC 2026","Fri Jul 31 03:15:36 UTC 2026","11","1.1 Team Hummingbird - BFF | WLW app","Technical Tests","ai-company-search-controller","GET /public_api/search/ai/company/stream/mock [NEG] Forbidden Role Token","","GET /public_api/search/ai/company/stream/mock [NEG] Forbidden Role Token",""
"passed","Fri Jul 31 03:15:40 UTC 2026","Fri Jul 31 03:15:40 UTC 2026","19","1.1 Team Hummingbird - BFF | WLW app","Technical Tests","conversation-controller","PUT /public_api/conversation/userConversations/{conversationId}/decline [NEG] Missing Auth/API-Key","","PUT /public_api/conversation/userConversations/{conversationId}/decline [NEG] Missing Auth/API-Key",""
"passed","Fri Jul 31 03:15:56 UTC 2026","Fri Jul 31 03:15:56 UTC 2026","41","1.1 Team Hummingbird - BFF | WLW app","Technical Tests","purchaser-user-setting-controller","PUT /userSetting/{id} [NEG] Expired Token","","PUT /userSetting/{id} [NEG] Expired Token",""
"passed","Fri Jul 31 03:15:28 UTC 2026","Fri Jul 31 03:15:28 UTC 2026","24","1.1 Team Hummingbird - BFF | WLW app","Endpoint tests","Support","Supportmasterdata_EN","","Supportmasterdata_EN",""
"skipped","Fri Jul 31 03:13:47 UTC 2026","Fri Jul 31 03:13:47 UTC 2026","0","7. Team Pegasus | Pegasus Staging","Business Scenarios Tests","Business Insights","Dashboard smoke flow","","Health status",""
"skipped","Fri Jul 31 03:13:47 UTC 2026","Fri Jul 31 03:13:47 UTC 2026","0","7. Team Pegasus | Pegasus Staging","Business Scenarios Tests","Supplier Registration","EP - Lead create and update","","leads/{lead_id} - Update a lead",""
"skipped","Fri Jul 31 03:20:04 UTC 2026","Fri Jul 31 03:20:04 UTC 2026","0","3 Team Techno - UCL","Technical Tests","SponsoredBrand","GET /unified_commercial_logic/internal_api/api/sponsored_brand_v1/ - Retrieve SponsoredBrandV1 List","","GET /unified_commercial_logic/internal_api/api/sponsored_brand_v1/ - Retrieve SponsoredBrandV1 List",""
"broken","Fri Jul 31 03:21:18 UTC 2026","Fri Jul 31 03:21:38 UTC 2026","20021","Dolphin","Functional","","","recallTopRankingScenarioTest","AI Search recall: wlw-staging.de cnc top-ranking scenario",""
"skipped","Fri Jul 31 03:16:48 UTC 2026","Fri Jul 31 03:16:48 UTC 2026","0","4. Team CRM |CRM Staging","Technical Tests","(empty)","(empty)","","Technical Tests - empty",""
"failed","Fri Jul 31 03:16:00 UTC 2026","Fri Jul 31 03:16:00 UTC 2026","14","1.1 Team Hummingbird - BFF | WLW app","Technical Tests","search-controller","GET /public_api/search [NEG] Expired Token","","GET /public_api/search [NEG] Expired Token",""
"failed","Fri Jul 31 03:16:01 UTC 2026","Fri Jul 31 03:16:01 UTC 2026","15","1.1 Team Hummingbird - BFF | WLW app","Technical Tests","search-controller","GET /public_api/search/autoComplete [NEG] Expired Token","","GET /public_api/search/autoComplete [NEG] Expired Token",""
"passed","Fri Jul 31 03:23:53 UTC 2026","Fri Jul 31 03:23:54 UTC 2026","707","Dolphin","Functional","","","productTextSearchTopRankingScenarioTest","AI product text search recall: wlw-staging cnc top-ranking scenario",""
"passed","Fri Jul 31 03:16:56 UTC 2026","Fri Jul 31 03:16:56 UTC 2026","0","4. Team CRM |CRM Staging","Business Scenarios Tests","Contacts","Smoke test for Create Contact & Verify HubSpot Sync","","Smoke test for Create Contact & Verify HubSpot Sync",""
"failed","Fri Jul 31 03:16:57 UTC 2026","Fri Jul 31 03:16:58 UTC 2026","436","4. Team CRM |CRM Staging","Endpoints Tests","Accounts","Get Account Information","","Get Account Information",""
"skipped","Fri Jul 31 03:20:04 UTC 2026","Fri Jul 31 03:20:04 UTC 2026","0","3 Team Techno - UCL","Functional Tests","Endpoint Tests","WebsiteLead","","get all active on ep for given existing uuid",""
"passed","Fri Jul 31 03:14:39 UTC 2026","Fri Jul 31 03:14:39 UTC 2026","35","1 Team Hummingbird - BFF | EP app","Endpoint tests","Homepage, products","preferred categories","","preferred categories",""
"passed","Fri Jul 31 03:14:23 UTC 2026","Fri Jul 31 03:14:23 UTC 2026","31","Bamboo","Functional","","","searchCategoryByNameTest","searchCategoryByName",""
"passed","Fri Jul 31 03:16:56 UTC 2026","Fri Jul 31 03:16:56 UTC 2026","217","4. Team CRM |CRM Staging","Business Scenarios Tests","Platform Profile","Update Platform Profile","","Update Platform Profile",""
"passed","Fri Jul 31 03:17:00 UTC 2026","Fri Jul 31 03:17:00 UTC 2026","175","4. Team CRM |CRM Staging","Endpoints Tests","(root)","trigger a Buyer lead","","trigger a Buyer lead",""
"passed","Fri Jul 31 03:15:37 UTC 2026","Fri Jul 31 03:15:37 UTC 2026","22","1.1 Team Hummingbird - BFF | WLW app","Technical Tests","categories-controller","GET /public_api/categories/homepage [NEG] Missing Auth/API-Key","","GET /public_api/categories/homepage [NEG] Missing Auth/API-Key",""
"passed","Fri Jul 31 03:16:58 UTC 2026","Fri Jul 31 03:16:58 UTC 2026","89","4. Team CRM |CRM Staging","Endpoints Tests","(root)","get connect receipient","","get connect receipient",""
"passed","Fri Jul 31 03:15:35 UTC 2026","Fri Jul 31 03:15:35 UTC 2026","50","1.1 Team Hummingbird - BFF | WLW app","Technical Tests","ai-company-search-controller","POST /public_api/search/ai/company/search","","POST /public_api/search/ai/company/search",""
"skipped","Fri Jul 31 03:13:47 UTC 2026","Fri Jul 31 03:13:47 UTC 2026","0","7. Team Pegasus | Pegasus Staging","Endpoints Tests","Shop Import & Onboarding Backend","offers/subCategories","","offers/subCategories",""
"broken","Fri Jul 31 03:20:58 UTC 2026","Fri Jul 31 03:21:18 UTC 2026","20022","Dolphin","Functional","","","recallTest","AI Search recall (supplierTextSearch) API using params from inference",""
"skipped","Fri Jul 31 03:20:04 UTC 2026","Fri Jul 31 03:20:04 UTC 2026","0","3 Team Techno - UCL","Functional Tests","Endpoint Tests","TopRanking","","get all active on wlw for the given uuid",""
"passed","Fri Jul 31 03:15:26 UTC 2026","Fri Jul 31 03:15:26 UTC 2026","492","1.1 Team Hummingbird - BFF | WLW app","Endpoint tests","Login","native email login","","native email login",""
"passed","Fri Jul 31 03:15:26 UTC 2026","Fri Jul 31 03:15:27 UTC 2026","495","1.1 Team Hummingbird - BFF | WLW app","Endpoint tests","Login","user Info","","user Info",""
"passed","Fri Jul 31 03:16:52 UTC 2026","Fri Jul 31 03:16:55 UTC 2026","2684","4. Team CRM |CRM Staging","Business Scenarios Tests","Create and edit a contact","Create contact","","Create contact",""
"passed","Fri Jul 31 03:23:57 UTC 2026","Fri Jul 31 03:23:57 UTC 2026","86","Dolphin","Functional","","","zeroResultProductRecommendTest","Recommend products in 0 result search list page v1 -- wlw",""
"passed","Fri Jul 31 03:13:40 UTC 2026","Fri Jul 31 03:13:40 UTC 2026","6","2 Team Dragon - BFF | RFQ Backend","Technical Tests","(root)","GET /v1/user - User Info + Roles + Negative Auth","","GET /v1/user - User Info + Roles + Negative Auth",""
"passed","Fri Jul 31 03:15:26 UTC 2026","Fri Jul 31 03:15:27 UTC 2026","773","1.1 Team Hummingbird - BFF | WLW app","Endpoint tests","Login","native email login purchaser","","native email login purchaser",""
"passed","Fri Jul 31 03:15:31 UTC 2026","Fri Jul 31 03:15:31 UTC 2026","137","1.1 Team Hummingbird - BFF | WLW app","Endpoint tests","Homepage, products","product recommendations EN","","product recommendations EN",""
"failed","Fri Jul 31 03:15:29 UTC 2026","Fri Jul 31 03:15:29 UTC 2026","59","1.1 Team Hummingbird - BFF | WLW app","Endpoint tests","Company","Company ID FR","","Company ID FR",""
"skipped","Fri Jul 31 03:20:04 UTC 2026","Fri Jul 31 03:20:04 UTC 2026","0","3 Team Techno - UCL","Technical Tests","Retargeting","GET /unified_commercial_logic/internal_api/api/retargeting - Retrieve Retargeting List","","GET /unified_commercial_logic/internal_api/api/retargeting - Retrieve Retargeting List",""
"passed","Fri Jul 31 03:15:48 UTC 2026","Fri Jul 31 03:15:48 UTC 2026","32","1.1 Team Hummingbird - BFF | WLW app","Technical Tests","feedback-controller","GET /feedback/subject","","GET /feedback/subject",""
"passed","Fri Jul 31 03:15:30 UTC 2026","Fri Jul 31 03:15:31 UTC 2026","715","1.1 Team Hummingbird - BFF | WLW app","Endpoint tests","Search","search companies, EN","","search companies, EN",""
"failed","Fri Jul 31 03:15:58 UTC 2026","Fri Jul 31 03:15:58 UTC 2026","13","1.1 Team Hummingbird - BFF | WLW app","Technical Tests","push-notification-by-email-controller","PUT /v1/pushNotification [NEG] Expired Token","","PUT /v1/pushNotification [NEG] Expired Token",""
"passed","Fri Jul 31 03:16:58 UTC 2026","Fri Jul 31 03:16:58 UTC 2026","42","4. Team CRM |CRM Staging","Endpoints Tests","(root)","update SF","","update SF",""
"passed","Fri Jul 31 03:13:39 UTC 2026","Fri Jul 31 03:13:39 UTC 2026","470","2 Team Dragon - BFF | RFQ Backend","Functional Tests","(root)","GET /v1/rfqs - Success","","GET /v1/rfqs - Success",""
"passed","Fri Jul 31 03:16:54 UTC 2026","Fri Jul 31 03:16:54 UTC 2026","228","4. Team CRM |CRM Staging","Business Scenarios Tests","Disable Hubspot","Check hubspot is true","","Check hubspot is true",""
"passed","Fri Jul 31 03:15:51 UTC 2026","Fri Jul 31 03:15:51 UTC 2026","33","1.1 Team Hummingbird - BFF | WLW app","Technical Tests","login-controller","POST /public_api/auth/password/login [NEG] Forbidden Role Token","","POST /public_api/auth/password/login [NEG] Forbidden Role Token",""
"passed","Fri Jul 31 03:17:00 UTC 2026","Fri Jul 31 03:17:00 UTC 2026","50","4. Team CRM |CRM Staging","Endpoints Tests","(root)","get company data via SF id","","get company data via SF id",""
"passed","Fri Jul 31 03:14:40 UTC 2026","Fri Jul 31 03:14:41 UTC 2026","458","1 Team Hummingbird - BFF | EP app","Endpoint tests","Conversations","translate message","","translate message",""
"passed","Fri Jul 31 03:16:50 UTC 2026","Fri Jul 31 03:17:02 UTC 2026","11690","4. Team CRM |CRM Staging","Business Scenarios Tests","Account","wlw salesorderitems link","","wlw salesorderitems link",""
"broken","Fri Jul 31 03:22:18 UTC 2026","Fri Jul 31 03:22:38 UTC 2026","20671","Dolphin","Technical","","","termRecommendNoMockTest","AI Search term recommend API without mock",""
"passed","Fri Jul 31 03:23:39 UTC 2026","Fri Jul 31 03:23:40 UTC 2026","1328","Dolphin","Functional","","","productTextSearchCountryFilterTest","AI product text search recall: country filter DE",""
"failed","Fri Jul 31 03:16:01 UTC 2026","Fri Jul 31 03:16:01 UTC 2026","11","1.1 Team Hummingbird - BFF | WLW app","Technical Tests","search-controller","GET /public_api/search/ai/termRecommend [NEG] Expired Token","","GET /public_api/search/ai/termRecommend [NEG] Expired Token",""
"failed","Fri Jul 31 03:16:00 UTC 2026","Fri Jul 31 03:16:00 UTC 2026","14","1.1 Team Hummingbird - BFF | WLW app","Technical Tests","search-controller","GET /public_api/search/products","","GET /public_api/search/products",""
"passed","Fri Jul 31 03:15:26 UTC 2026","Fri Jul 31 03:15:27 UTC 2026","479","1.1 Team Hummingbird - BFF | WLW app","Endpoint tests","Login","registration","","registration",""
"passed","Fri Jul 31 03:15:33 UTC 2026","Fri Jul 31 03:15:37 UTC 2026","3260","1.1 Team Hummingbird - BFF | WLW app","Endpoint tests","Visitor profiler","csv get","","csv get",""
"failed","Fri Jul 31 03:15:35 UTC 2026","Fri Jul 31 03:15:35 UTC 2026","26","1.1 Team Hummingbird - BFF | WLW app","Technical Tests","ai-company-search-controller","GET /public_api/search/ai/company/search","","GET /public_api/search/ai/company/search",""
"passed","Fri Jul 31 03:16:59 UTC 2026","Fri Jul 31 03:17:00 UTC 2026","676","4. Team CRM |CRM Staging","Endpoints Tests","(root)","Create Note with sf id","","Create Note with sf id",""
"passed","Fri Jul 31 03:15:32 UTC 2026","Fri Jul 31 03:15:32 UTC 2026","321","1.1 Team Hummingbird - BFF | WLW app","Endpoint tests","Conversations","conversation/messages","","conversation/messages",""
"skipped","Fri Jul 31 03:13:47 UTC 2026","Fri Jul 31 03:13:47 UTC 2026","0","7. Team Pegasus | Pegasus Staging","Business Scenarios Tests","Supplier Registration","WLW - Lead create and update","","leads - Create a lead",""
"skipped","Fri Jul 31 03:20:04 UTC 2026","Fri Jul 31 03:20:04 UTC 2026","0","3 Team Techno - UCL","Technical Tests","TopRanking","GET /unified_commercial_logic/internal_api/api/top_ranking_v1 - Retrieve TopRankingV1 List","","GET /unified_commercial_logic/internal_api/api/top_ranking_v1 - Retrieve TopRankingV1 List",""
"failed","Fri Jul 31 03:15:44 UTC 2026","Fri Jul 31 03:15:44 UTC 2026","11","1.1 Team Hummingbird - BFF | WLW app","Technical Tests","conversation-controller","GET /public_api/conversation/userConversations/{userId}/unreadCount/ [NEG] Missing Auth/API-Key","","GET /public_api/conversation/userConversations/{userId}/unreadCount/ [NEG] Missing Auth/API-Key",""
"passed","Fri Jul 31 03:15:50 UTC 2026","Fri Jul 31 03:15:50 UTC 2026","37","1.1 Team Hummingbird - BFF | WLW app","Technical Tests","login-controller","POST /public_api/auth/session/extend [NEG] Missing Auth/API-Key","","POST /public_api/auth/session/extend [NEG] Missing Auth/API-Key",""
"passed","Fri Jul 31 03:14:39 UTC 2026","Fri Jul 31 03:14:39 UTC 2026","47","1 Team Hummingbird - BFF | EP app","Endpoint tests","Homepage, products","categories/homepage","","categories/homepage",""
"failed","Fri Jul 31 03:15:40 UTC 2026","Fri Jul 31 03:15:40 UTC 2026","15","1.1 Team Hummingbird - BFF | WLW app","Technical Tests","conversation-controller","PUT /public_api/conversation/userConversations/{conversationId}/messages/markAsRead","","PUT /public_api/conversation/userConversations/{conversationId}/messages/markAsRead",""
"passed","Fri Jul 31 03:23:39 UTC 2026","Fri Jul 31 03:23:40 UTC 2026","1328","Dolphin","Technical","","","productTextSearchCountryFilterTest","AI product text search recall: country filter DE",""
"skipped","Fri Jul 31 03:13:47 UTC 2026","Fri Jul 31 03:13:47 UTC 2026","0","7. Team Pegasus | Pegasus Staging","Endpoints Tests","User & Company Context","User Profile Storage by email","","User Profile Storage by email",""
"passed","Fri Jul 31 03:15:48 UTC 2026","Fri Jul 31 03:15:48 UTC 2026","23","1.1 Team Hummingbird - BFF | WLW app","Technical Tests","feedback-controller","POST /feedback [NEG] Missing Auth/API-Key","","POST /feedback [NEG] Missing Auth/API-Key",""
"skipped","Fri Jul 31 03:16:48 UTC 2026","Fri Jul 31 03:16:48 UTC 2026","0","4. Team CRM |CRM Staging","Endpoints Tests","Users","Custom Endpoints","","Endpoints Tests / Users / Custom Endpoints - empty",""
"skipped","Fri Jul 31 03:13:47 UTC 2026","Fri Jul 31 03:13:47 UTC 2026","0","7. Team Pegasus | Pegasus Staging","Spike | Profiles link user to company","(root)","06 PATCH — Link company to profile","","06 PATCH — Link company to profile",""
"passed","Fri Jul 31 03:15:46 UTC 2026","Fri Jul 31 03:15:46 UTC 2026","35","1.1 Team Hummingbird - BFF | WLW app","Technical Tests","currency-exchange-controller","GET /exchange/fetch-rates","","GET /exchange/fetch-rates",""
"passed","Fri Jul 31 03:13:40 UTC 2026","Fri Jul 31 03:13:40 UTC 2026","7","2 Team Dragon - BFF | RFQ Backend","Technical Tests","(root)","GET /v1/rfqs/{rfqId} - Details (Schema + Auth Orchestration)","","GET /v1/rfqs/{rfqId} - Details (Schema + Auth Orchestration)",""
"failed","Fri Jul 31 03:14:41 UTC 2026","Fri Jul 31 03:14:46 UTC 2026","5105","1 Team Hummingbird - BFF | EP app","Endpoint tests","Visitor profiler","Visitor ID","","Visitor ID",""
"passed","Fri Jul 31 03:23:55 UTC 2026","Fri Jul 31 03:23:55 UTC 2026","50","Dolphin","Functional","","","getCategoryListEpTest","v-recommend category list -- ep",""
"skipped","Fri Jul 31 03:13:47 UTC 2026","Fri Jul 31 03:13:47 UTC 2026","0","7. Team Pegasus | Pegasus Staging","Spike | Profiles link user to company","(root)","01 OAuth — Supplier Facts token","","01 OAuth — Supplier Facts token",""
"passed","Fri Jul 31 03:13:41 UTC 2026","Fri Jul 31 03:13:41 UTC 2026","32","2 Team Dragon - BFF | RFQ Backend","Business Scenario Tests","(root)","RFQ_details","","RFQ_details",""
"failed","Fri Jul 31 03:15:37 UTC 2026","Fri Jul 31 03:15:37 UTC 2026","18","1.1 Team Hummingbird - BFF | WLW app","Technical Tests","categories-controller","PUT /preferred/categories","","PUT /preferred/categories",""
"failed","Fri Jul 31 03:15:38 UTC 2026","Fri Jul 31 03:15:38 UTC 2026","16","1.1 Team Hummingbird - BFF | WLW app","Technical Tests","company-controller","GET /public_api/company","","GET /public_api/company",""
"passed","Fri Jul 31 03:16:05 UTC 2026","Fri Jul 31 03:16:05 UTC 2026","33","1.1 Team Hummingbird - BFF | WLW app","Technical Tests","supplier-visitors-controller","GET /public_api/suppliers/{supplier_id}/visits/{id} [NEG] Forbidden Role Token","","GET /public_api/suppliers/{supplier_id}/visits/{id} [NEG] Forbidden Role Token",""
"failed","Fri Jul 31 03:15:56 UTC 2026","Fri Jul 31 03:15:56 UTC 2026","15","1.1 Team Hummingbird - BFF | WLW app","Technical Tests","purchaser-user-setting-controller","GET /userSetting [NEG] Missing Auth/API-Key","","GET /userSetting [NEG] Missing Auth/API-Key",""
"passed","Fri Jul 31 03:15:28 UTC 2026","Fri Jul 31 03:15:29 UTC 2026","224","1.1 Team Hummingbird - BFF | WLW app","Endpoint tests","Mobile_Feedback","post feedback","","post feedback",""
"passed","Fri Jul 31 03:16:49 UTC 2026","Fri Jul 31 03:16:52 UTC 2026","2753","4. Team CRM |CRM Staging","Business Scenarios Tests","Quote","Smoke Test Create new quote","","Smoke Test Create new quote",""
"failed","Fri Jul 31 03:14:40 UTC 2026","Fri Jul 31 03:14:41 UTC 2026","80","1 Team Hummingbird - BFF | EP app","Endpoint tests","Conversations","mark as read","","mark as read",""
"failed","Fri Jul 31 03:15:59 UTC 2026","Fri Jul 31 03:15:59 UTC 2026","13","1.1 Team Hummingbird - BFF | WLW app","Technical Tests","search-controller","GET /public_api/suppliers/recommendations [NEG] Expired Token","","GET /public_api/suppliers/recommendations [NEG] Expired Token",""
"passed","Fri Jul 31 03:15:30 UTC 2026","Fri Jul 31 03:15:31 UTC 2026","793","1.1 Team Hummingbird - BFF | WLW app","Endpoint tests","Search","search companies FR","","search companies FR",""
"passed","Fri Jul 31 03:14:41 UTC 2026","Fri Jul 31 03:14:44 UTC 2026","2852","1 Team Hummingbird - BFF | EP app","Endpoint tests","Visitor profiler","Visits","","Visits",""
"passed","Fri Jul 31 03:15:39 UTC 2026","Fri Jul 31 03:15:39 UTC 2026","36","1.1 Team Hummingbird - BFF | WLW app","Technical Tests","contact-form-controller","POST /public_api/contact-form/messages","","POST /public_api/contact-form/messages",""
"passed","Fri Jul 31 03:15:31 UTC 2026","Fri Jul 31 03:15:31 UTC 2026","158","1.1 Team Hummingbird - BFF | WLW app","Endpoint tests","RFQ","post RFQ","","post RFQ",""
"failed","Fri Jul 31 03:15:29 UTC 2026","Fri Jul 31 03:15:29 UTC 2026","66","1.1 Team Hummingbird - BFF | WLW app","Endpoint tests","Company","Companies / products EN","","Companies / products EN",""
"passed","Fri Jul 31 03:23:51 UTC 2026","Fri Jul 31 03:23:51 UTC 2026","762","Dolphin","Technical","","","productTextSearchSortTest","AI product text search recall: alternate sort",""
"passed","Fri Jul 31 03:14:41 UTC 2026","Fri Jul 31 03:14:42 UTC 2026","174","1 Team Hummingbird - BFF | EP app","Endpoint tests","(root)","Log out","","Log out",""
"failed","Fri Jul 31 03:14:41 UTC 2026","Fri Jul 31 03:14:41 UTC 2026","0","1 Team Hummingbird - BFF | EP app","Endpoint tests","Visitor profiler","download visitors csv","","download visitors csv",""
"passed","Fri Jul 31 03:15:55 UTC 2026","Fri Jul 31 03:15:55 UTC 2026","35","1.1 Team Hummingbird - BFF | WLW app","Technical Tests","purchaser-user-setting-controller","PUT /userSetting/{id}","","PUT /userSetting/{id}",""
"passed","Fri Jul 31 03:16:59 UTC 2026","Fri Jul 31 03:16:59 UTC 2026","71","4. Team CRM |CRM Staging","Endpoints Tests","(root)","Update Website Leads Fields with sf_id","","Update Website Leads Fields with sf_id",""
"failed","Fri Jul 31 03:13:41 UTC 2026","Fri Jul 31 03:13:41 UTC 2026","203","2 Team Dragon - BFF | RFQ Backend","Business Scenario Tests","(root)","RFQ_Listing","","RFQ_Listing",""
"skipped","Fri Jul 31 03:20:04 UTC 2026","Fri Jul 31 03:20:04 UTC 2026","0","3 Team Techno - UCL","Functional Tests","Endpoint Tests","WebsiteLead","","get all active on wlw for given existing uuid",""
"passed","Fri Jul 31 03:15:41 UTC 2026","Fri Jul 31 03:15:41 UTC 2026","33","1.1 Team Hummingbird - BFF | WLW app","Technical Tests","conversation-controller","PUT /public_api/conversation/userConversations/{conversationId}/decline [NEG] Expired Token","","PUT /public_api/conversation/userConversations/{conversationId}/decline [NEG] Expired Token",""
"passed","Fri Jul 31 03:14:36 UTC 2026","Fri Jul 31 03:14:36 UTC 2026","43","1 Team Hummingbird - BFF | EP app","Endpoint tests","Support","currency daily rates","","currency daily rates",""
"skipped","Fri Jul 31 03:20:04 UTC 2026","Fri Jul 31 03:20:04 UTC 2026","0","3 Team Techno - UCL","Technical Tests","Membership","GET /unified_commercial_logic/internal_api/api/membership/ - Retrieve Membership List","","GET /unified_commercial_logic/internal_api/api/membership/ - Retrieve Membership List",""
"passed","Fri Jul 31 03:15:31 UTC 2026","Fri Jul 31 03:15:31 UTC 2026","37","1.1 Team Hummingbird - BFF | WLW app","Endpoint tests","Homepage, products","preferred categories","","preferred categories",""
"broken","Fri Jul 31 03:18:57 UTC 2026","Fri Jul 31 03:19:17 UTC 2026","20007","Dolphin","Technical","","","recallPageSizeZeroNormalizedTest","AI Search recall: pageSize=0 normalized to default",""
"failed","Fri Jul 31 03:15:54 UTC 2026","Fri Jul 31 03:15:54 UTC 2026","10","1.1 Team Hummingbird - BFF | WLW app","Technical Tests","product-controller","GET /public_api/companies/{supplierPublicId}/products [NEG] Forbidden Role Token","","GET /public_api/companies/{supplierPublicId}/products [NEG] Forbidden Role Token",""
"passed","Fri Jul 31 03:15:27 UTC 2026","Fri Jul 31 03:15:27 UTC 2026","17","1.1 Team Hummingbird - BFF | WLW app","Endpoint tests","Support","FAQ Alibaba","","FAQ Alibaba",""
"passed","Fri Jul 31 03:16:59 UTC 2026","Fri Jul 31 03:17:00 UTC 2026","1091","4. Team CRM |CRM Staging","Endpoints Tests","(root)","trigger the Paid Media lead","","trigger the Paid Media lead",""
"failed","Fri Jul 31 03:16:06 UTC 2026","Fri Jul 31 03:16:06 UTC 2026","11","1.1 Team Hummingbird - BFF | WLW app","Technical Tests","trending-products-controller","GET /public_api/trending/products","","GET /public_api/trending/products",""
"skipped","Fri Jul 31 03:20:04 UTC 2026","Fri Jul 31 03:20:04 UTC 2026","0","3 Team Techno - UCL","Technical Tests","Membership","GET /unified_commercial_logic/internal_api/api/membership/find_by_id/{id} - Retrieve Membership By ID","","GET /unified_commercial_logic/internal_api/api/membership/find_by_id/{id} - Retrieve Membership By ID",""
"failed","Fri Jul 31 03:15:44 UTC 2026","Fri Jul 31 03:15:44 UTC 2026","14","1.1 Team Hummingbird - BFF | WLW app","Technical Tests","conversation-controller","GET /public_api/conversation/userConversations/{conversationId}","","GET /public_api/conversation/userConversations/{conversationId}",""
"passed","Fri Jul 31 03:14:38 UTC 2026","Fri Jul 31 03:14:39 UTC 2026","1656","1 Team Hummingbird - BFF | EP app","Endpoint tests","Search","search companies, EN","","search companies, EN",""
"failed","Fri Jul 31 03:13:40 UTC 2026","Fri Jul 31 03:13:40 UTC 2026","15","2 Team Dragon - BFF | RFQ Backend","Technical Tests","(root)","POST /v1/rfqs/{rfqId}/respond - Multipart Upload + Schema + Security","","POST /v1/rfqs/{rfqId}/respond - Multipart Upload + Schema + Security",""
"skipped","Fri Jul 31 03:13:47 UTC 2026","Fri Jul 31 03:13:47 UTC 2026","0","7. Team Pegasus | Pegasus Staging","Endpoints Tests","Business Insights","Product search","","Product search",""
"passed","Fri Jul 31 03:14:38 UTC 2026","Fri Jul 31 03:14:39 UTC 2026","901","1 Team Hummingbird - BFF | EP app","Endpoint tests","Search","search companies DE","","search companies DE",""
"passed","Fri Jul 31 03:15:48 UTC 2026","Fri Jul 31 03:15:48 UTC 2026","39","1.1 Team Hummingbird - BFF | WLW app","Technical Tests","feedback-controller","POST /v1/feedback [NEG] Forbidden Role Token","","POST /v1/feedback [NEG] Forbidden Role Token",""
"passed","Fri Jul 31 03:14:23 UTC 2026","Fri Jul 31 03:14:23 UTC 2026","43","Bamboo","Technical","","","listTopCategoriesTest","list top Categories",""
"passed","Fri Jul 31 03:15:48 UTC 2026","Fri Jul 31 03:15:48 UTC 2026","59","1.1 Team Hummingbird - BFF | WLW app","Technical Tests","feedback-controller","POST /v1/feedback [NEG] Expired Token","","POST /v1/feedback [NEG] Expired Token",""
"passed","Fri Jul 31 03:15:57 UTC 2026","Fri Jul 31 03:15:57 UTC 2026","35","1.1 Team Hummingbird - BFF | WLW app","Technical Tests","purchaser-user-setting-controller","POST /userSetting [NEG] Forbidden Role Token","","POST /userSetting [NEG] Forbidden Role Token",""
"failed","Fri Jul 31 03:16:06 UTC 2026","Fri Jul 31 03:16:06 UTC 2026","14","1.1 Team Hummingbird - BFF | WLW app","Technical Tests","trending-products-controller","GET /public_api/trending/products [SEC] Injection Probe","","GET /public_api/trending/products [SEC] Injection Probe",""
"passed","Fri Jul 31 03:16:02 UTC 2026","Fri Jul 31 03:16:02 UTC 2026","20","1.1 Team Hummingbird - BFF | WLW app","Technical Tests","search-controller","GET /public_api/search/ai/tabChange [NEG] Missing Auth/API-Key","","GET /public_api/search/ai/tabChange [NEG] Missing Auth/API-Key",""
"skipped","Fri Jul 31 03:20:04 UTC 2026","Fri Jul 31 03:20:04 UTC 2026","0","3 Team Techno - UCL","Technical Tests","GoogleAd","GET /unified_commercial_logic/internal_api/api/google_ad/{id} - Retrieve GoogleAd By ID","","GET /unified_commercial_logic/internal_api/api/google_ad/{id} - Retrieve GoogleAd By ID",""
"passed","Fri Jul 31 03:15:59 UTC 2026","Fri Jul 31 03:15:59 UTC 2026","38","1.1 Team Hummingbird - BFF | WLW app","Technical Tests","rfq-controller","POST /public_api/connect/purchaser/tenders/ [NEG] Forbidden Role Token","","POST /public_api/connect/purchaser/tenders/ [NEG] Forbidden Role Token",""
"passed","Fri Jul 31 03:15:48 UTC 2026","Fri Jul 31 03:15:48 UTC 2026","32","1.1 Team Hummingbird - BFF | WLW app","Technical Tests","feedback-controller","GET /feedback/subject [NEG] Expired Token","","GET /feedback/subject [NEG] Expired Token",""
"failed","Fri Jul 31 03:13:39 UTC 2026","Fri Jul 31 03:13:39 UTC 2026","6","2 Team Dragon - BFF | RFQ Backend","Functional Tests","(root)","GET /v1/rfqs/attachments/{attachmentId} - Download","","GET /v1/rfqs/attachments/{attachmentId} - Download",""
"failed","Fri Jul 31 03:15:45 UTC 2026","Fri Jul 31 03:15:45 UTC 2026","14","1.1 Team Hummingbird - BFF | WLW app","Technical Tests","conversation-controller","GET /public_api/conversation/userConversations/{conversationId}/file [NEG] Missing Auth/API-Key","","GET /public_api/conversation/userConversations/{conversationId}/file [NEG] Missing Auth/API-Key",""
"broken","Fri Jul 31 03:14:56 UTC 2026","Fri Jul 31 03:15:16 UTC 2026","20019","Dolphin","Functional","","","inferenceTest","AI Search inference API (SSE stream)",""
"failed","Fri Jul 31 03:15:46 UTC 2026","Fri Jul 31 03:15:46 UTC 2026","13","1.1 Team Hummingbird - BFF | WLW app","Technical Tests","conversation-controller","GET /public_api/conversation/userConversations/{conversationId}/file/ [SEC] Injection Probe","","GET /public_api/conversation/userConversations/{conversationId}/file/ [SEC] Injection Probe",""
"passed","Fri Jul 31 03:15:55 UTC 2026","Fri Jul 31 03:15:55 UTC 2026","35","1.1 Team Hummingbird - BFF | WLW app","Technical Tests","purchaser-support-controller","GET /support-faq [SEC] Injection Probe","","GET /support-faq [SEC] Injection Probe",""
"passed","Fri Jul 31 03:17:00 UTC 2026","Fri Jul 31 03:17:00 UTC 2026","50","4. Team CRM |CRM Staging","Endpoints Tests","(root)","get company data via SF id","","get company data via SF id",""
"skipped","Fri Jul 31 03:13:47 UTC 2026","Fri Jul 31 03:13:47 UTC 2026","0","7. Team Pegasus | Pegasus Staging","Endpoints Tests","Shop Import & Onboarding Backend","/offers/keywordSuggestion","","/offers/keywordSuggestion",""
"failed","Fri Jul 31 03:16:00 UTC 2026","Fri Jul 31 03:16:00 UTC 2026","15","1.1 Team Hummingbird - BFF | WLW app","Technical Tests","search-controller","GET /public_api/search/products [NEG] Expired Token","","GET /public_api/search/products [NEG] Expired Token",""
"passed","Fri Jul 31 03:15:59 UTC 2026","Fri Jul 31 03:15:59 UTC 2026","29","1.1 Team Hummingbird - BFF | WLW app","Technical Tests","rfq-marketing-controller","POST /public_api/rfq-marketing/trigger","","POST /public_api/rfq-marketing/trigger",""
"passed","Fri Jul 31 03:16:53 UTC 2026","Fri Jul 31 03:16:53 UTC 2026","231","4. Team CRM |CRM Staging","Business Scenarios Tests","Disable Hubspot","Check hubspot is false","","Check hubspot is false",""
"broken","Fri Jul 31 03:14:22 UTC 2026","Fri Jul 31 03:14:23 UTC 2026","560","Bamboo","Functional","","","leafCategoryPredictTest","leafCategoryPredict",""
"skipped","Fri Jul 31 03:13:47 UTC 2026","Fri Jul 31 03:13:47 UTC 2026","0","7. Team Pegasus | Pegasus Staging","Endpoints Tests","Supplier Registration","EP","","email/check - Validate email domain for a specified country",""
"passed","Fri Jul 31 03:15:41 UTC 2026","Fri Jul 31 03:15:41 UTC 2026","33","1.1 Team Hummingbird - BFF | WLW app","Technical Tests","conversation-controller","PUT /public_api/conversation/userConversations/{conversationId}/decline [NEG] Forbidden Role Token","","PUT /public_api/conversation/userConversations/{conversationId}/decline [NEG] Forbidden Role Token",""
"passed","Fri Jul 31 03:15:34 UTC 2026","Fri Jul 31 03:15:34 UTC 2026","37","1.1 Team Hummingbird - BFF | WLW app","Technical Tests","ab-test-record-controller","POST /public_api/abtest/record [NEG] Expired Token","","POST /public_api/abtest/record [NEG] Expired Token",""
"passed","Fri Jul 31 03:16:53 UTC 2026","Fri Jul 31 03:16:54 UTC 2026","675","4. Team CRM |CRM Staging","Business Scenarios Tests","Disable Hubspot","Change Hubspot to false","","Change Hubspot to false",""
"passed","Fri Jul 31 03:23:55 UTC 2026","Fri Jul 31 03:23:55 UTC 2026","71","Dolphin","Technical","","","getCategoryListWlwTest","v-recommend category list -- wlw, full categories",""
"passed","Fri Jul 31 03:15:51 UTC 2026","Fri Jul 31 03:15:51 UTC 2026","35","1.1 Team Hummingbird - BFF | WLW app","Technical Tests","login-controller","POST /public_api/auth/registration","","POST /public_api/auth/registration",""
"failed","Fri Jul 31 03:16:02 UTC 2026","Fri Jul 31 03:16:02 UTC 2026","15","1.1 Team Hummingbird - BFF | WLW app","Technical Tests","search-controller","GET /public_api/products/recommendations [NEG] Expired Token","","GET /public_api/products/recommendations [NEG] Expired Token",""
"passed","Fri Jul 31 03:14:38 UTC 2026","Fri Jul 31 03:14:39 UTC 2026","822","1 Team Hummingbird - BFF | EP app","Endpoint tests","Search","search companies FR","","search companies FR",""
"broken","Fri Jul 31 03:20:58 UTC 2026","Fri Jul 31 03:21:18 UTC 2026","20022","Dolphin","Technical","","","recallTest","AI Search recall (supplierTextSearch) API using params from inference",""
"passed","Fri Jul 31 03:14:40 UTC 2026","Fri Jul 31 03:14:40 UTC 2026","252","1 Team Hummingbird - BFF | EP app","Endpoint tests","Conversations","conversation/messages","","conversation/messages",""
"passed","Fri Jul 31 03:17:00 UTC 2026","Fri Jul 31 03:17:01 UTC 2026","807","4. Team CRM |CRM Staging","Endpoints Tests","(root)","Create platform profile","","Create platform profile",""
"passed","Fri Jul 31 03:16:56 UTC 2026","Fri Jul 31 03:16:57 UTC 2026","699","4. Team CRM |CRM Staging","Business Scenarios Tests","Products","Update Product","","Update Product",""
"failed","Fri Jul 31 03:15:33 UTC 2026","Fri Jul 31 03:15:34 UTC 2026","966","1.1 Team Hummingbird - BFF | WLW app","Endpoint tests","Visitor profiler","Visitor ID","","Visitor ID",""
"passed","Fri Jul 31 03:16:57 UTC 2026","Fri Jul 31 03:16:57 UTC 2026","464","4. Team CRM |CRM Staging","Business Scenarios Tests","Cases","Smoke Test for Case Creation","","Smoke Test for Case Creation",""
"passed","Fri Jul 31 03:15:34 UTC 2026","Fri Jul 31 03:15:34 UTC 2026","86","1.1 Team Hummingbird - BFF | WLW app","Endpoint tests","(root)","Log out","","Log out",""
"passed","Fri Jul 31 03:15:56 UTC 2026","Fri Jul 31 03:15:56 UTC 2026","31","1.1 Team Hummingbird - BFF | WLW app","Technical Tests","purchaser-user-setting-controller","PUT /userSetting/{id} [NEG] Forbidden Role Token","","PUT /userSetting/{id} [NEG] Forbidden Role Token",""
"broken","Fri Jul 31 03:20:18 UTC 2026","Fri Jul 31 03:20:38 UTC 2026","20011","Dolphin","Technical","","","recallSingleFilterTest","AI Search recall: single filter (verified=true)",""
"skipped","Fri Jul 31 03:13:47 UTC 2026","Fri Jul 31 03:13:47 UTC 2026","0","7. Team Pegasus | Pegasus Staging","Business Scenarios Tests","Visitors","Statistics visitor drill-down","","CSV status",""
"passed","Fri Jul 31 03:16:04 UTC 2026","Fri Jul 31 03:16:04 UTC 2026","35","1.1 Team Hummingbird - BFF | WLW app","Technical Tests","search-term-controller","POST /public_api/search/track [SEC] Injection Probe","","POST /public_api/search/track [SEC] Injection Probe",""
"passed","Fri Jul 31 03:23:48 UTC 2026","Fri Jul 31 03:23:49 UTC 2026","1165","Dolphin","Functional","","","productTextSearchPaidSupplierFilterTest","AI product text search recall: paid/verified supplier filter",""
"passed","Fri Jul 31 03:15:49 UTC 2026","Fri Jul 31 03:15:49 UTC 2026","37","1.1 Team Hummingbird - BFF | WLW app","Technical Tests","help-and-support-controller","POST /help [NEG] Forbidden Role Token","","POST /help [NEG] Forbidden Role Token",""
"passed","Fri Jul 31 03:15:30 UTC 2026","Fri Jul 31 03:15:31 UTC 2026","467","1.1 Team Hummingbird - BFF | WLW app","Endpoint tests","Search","Product Search DE","","Product Search DE",""
"passed","Fri Jul 31 03:15:31 UTC 2026","Fri Jul 31 03:15:31 UTC 2026","159","1.1 Team Hummingbird - BFF | WLW app","Endpoint tests","Homepage, products","product recommendations DE","","product recommendations DE",""
"passed","Fri Jul 31 03:14:36 UTC 2026","Fri Jul 31 03:14:36 UTC 2026","35","1 Team Hummingbird - BFF | EP app","Endpoint tests","Mobile_Feedback","Feedback Subject_DE","","Feedback Subject_DE",""
"passed","Fri Jul 31 03:16:58 UTC 2026","Fri Jul 31 03:16:59 UTC 2026","440","4. Team CRM |CRM Staging","Endpoints Tests","(root)","sync event to trigger the RFC lead process","","sync event to trigger the RFC lead process",""
"passed","Fri Jul 31 03:15:49 UTC 2026","Fri Jul 31 03:15:49 UTC 2026","34","1.1 Team Hummingbird - BFF | WLW app","Technical Tests","inside-business-controller","GET /public_api/inside_business [NEG] Forbidden Role Token","","GET /public_api/inside_business [NEG] Forbidden Role Token",""
"passed","Fri Jul 31 03:16:57 UTC 2026","Fri Jul 31 03:16:57 UTC 2026","75","4. Team CRM |CRM Staging","Endpoints Tests","(root)","duplicate records","","duplicate records",""
"passed","Fri Jul 31 03:15:34 UTC 2026","Fri Jul 31 03:15:34 UTC 2026","35","1.1 Team Hummingbird - BFF | WLW app","Technical Tests","ai-company-search-controller","POST /public_api/search/ai/supplier/recall [NEG] Expired Token","","POST /public_api/search/ai/supplier/recall [NEG] Expired Token",""
"broken","Fri Jul 31 03:21:18 UTC 2026","Fri Jul 31 03:21:38 UTC 2026","20021","Dolphin","Technical","","","recallTopRankingScenarioTest","AI Search recall: wlw-staging.de cnc top-ranking scenario",""
"passed","Fri Jul 31 03:15:56 UTC 2026","Fri Jul 31 03:15:56 UTC 2026","24","1.1 Team Hummingbird - BFF | WLW app","Technical Tests","purchaser-user-setting-controller","POST /userSetting/ [NEG] Missing Auth/API-Key","","POST /userSetting/ [NEG] Missing Auth/API-Key",""
"passed","Fri Jul 31 03:15:34 UTC 2026","Fri Jul 31 03:15:34 UTC 2026","40","1.1 Team Hummingbird - BFF | WLW app","Technical Tests","ai-company-search-controller","POST /public_api/search/ai/supplier/recall [NEG] Forbidden Role Token","","POST /public_api/search/ai/supplier/recall [NEG] Forbidden Role Token",""
"failed","Fri Jul 31 03:15:55 UTC 2026","Fri Jul 31 03:15:55 UTC 2026","16","1.1 Team Hummingbird - BFF | WLW app","Technical Tests","purchaser-support-controller","GET /support-faq [NEG] Missing Auth/API-Key","","GET /support-faq [NEG] Missing Auth/API-Key",""
"failed","Fri Jul 31 03:13:39 UTC 2026","Fri Jul 31 03:13:39 UTC 2026","164","2 Team Dragon - BFF | RFQ Backend","Functional Tests","(root)","POST /v1/rfqs/{rfqId}/respond - Success","","POST /v1/rfqs/{rfqId}/respond - Success",""
"skipped","Fri Jul 31 03:13:47 UTC 2026","Fri Jul 31 03:13:47 UTC 2026","0","7. Team Pegasus | Pegasus Staging","Endpoints Tests","Shop Import & Onboarding Backend","/offers - get offers","","/offers - get offers",""
"passed","Fri Jul 31 03:15:46 UTC 2026","Fri Jul 31 03:15:46 UTC 2026","33","1.1 Team Hummingbird - BFF | WLW app","Technical Tests","currency-exchange-controller","GET /exchange/fetch-rates [NEG] Forbidden Role Token","","GET /exchange/fetch-rates [NEG] Forbidden Role Token",""
"passed","Fri Jul 31 03:16:48 UTC 2026","Fri Jul 31 03:16:48 UTC 2026","92","4. Team CRM |CRM Staging","Business Scenarios Tests","Tasks","Check Task","","Check Task",""
"failed","Fri Jul 31 03:16:01 UTC 2026","Fri Jul 31 03:16:01 UTC 2026","14","1.1 Team Hummingbird - BFF | WLW app","Technical Tests","search-controller","GET /public_api/search/autoComplete [NEG] Missing Auth/API-Key","","GET /public_api/search/autoComplete [NEG] Missing Auth/API-Key",""
"passed","Fri Jul 31 03:16:04 UTC 2026","Fri Jul 31 03:16:04 UTC 2026","34","1.1 Team Hummingbird - BFF | WLW app","Technical Tests","search-term-controller","PUT /public_api/search/notification-opened [NEG] Forbidden Role Token","","PUT /public_api/search/notification-opened [NEG] Forbidden Role Token",""
"passed","Fri Jul 31 03:15:32 UTC 2026","Fri Jul 31 03:15:33 UTC 2026","996","1.1 Team Hummingbird - BFF | WLW app","Endpoint tests","Conversations","new message","","new message",""
"passed","Fri Jul 31 03:15:30 UTC 2026","Fri Jul 31 03:15:30 UTC 2026","65","1.1 Team Hummingbird - BFF | WLW app","Endpoint tests","Search","search autoComplete FR","","search autoComplete FR",""
"skipped","Fri Jul 31 03:20:04 UTC 2026","Fri Jul 31 03:20:04 UTC 2026","0","3 Team Techno - UCL","Technical Tests","SponsoredBrand","GET /unified_commercial_logic/internal_api/api/sponsored_brand_v1 - Retrieve SponsoredBrandV1 List","","GET /unified_commercial_logic/internal_api/api/sponsored_brand_v1 - Retrieve SponsoredBrandV1 List",""
"failed","Fri Jul 31 03:15:36 UTC 2026","Fri Jul 31 03:15:36 UTC 2026","12","1.1 Team Hummingbird - BFF | WLW app","Technical Tests","ai-company-search-controller","GET /public_api/search/ai/company/stream/mock [NEG] Missing Auth/API-Key","","GET /public_api/search/ai/company/stream/mock [NEG] Missing Auth/API-Key",""
"skipped","Fri Jul 31 03:13:47 UTC 2026","Fri Jul 31 03:13:47 UTC 2026","0","7. Team Pegasus | Pegasus Staging","Endpoints Tests","Business Insights","User by uuid","","User by uuid",""
"failed","Fri Jul 31 03:15:45 UTC 2026","Fri Jul 31 03:15:45 UTC 2026","13","1.1 Team Hummingbird - BFF | WLW app","Technical Tests","conversation-controller","GET /public_api/conversation/userConversations/{conversationId} [NEG] Expired Token","","GET /public_api/conversation/userConversations/{conversationId} [NEG] Expired Token",""
"passed","Fri Jul 31 03:14:40 UTC 2026","Fri Jul 31 03:14:40 UTC 2026","334","1 Team Hummingbird - BFF | EP app","Endpoint tests","Conversations","conversation id","","conversation id",""
"passed","Fri Jul 31 03:15:48 UTC 2026","Fri Jul 31 03:15:48 UTC 2026","37","1.1 Team Hummingbird - BFF | WLW app","Technical Tests","feedback-controller","POST /feedback [NEG] Expired Token","","POST /feedback [NEG] Expired Token",""
"passed","Fri Jul 31 03:15:41 UTC 2026","Fri Jul 31 03:15:41 UTC 2026","36","1.1 Team Hummingbird - BFF | WLW app","Technical Tests","conversation-controller","POST /public_api/conversation/userConversations/{conversationId}/messages","","POST /public_api/conversation/userConversations/{conversationId}/messages",""
"passed","Fri Jul 31 03:15:29 UTC 2026","Fri Jul 31 03:15:29 UTC 2026","45","1.1 Team Hummingbird - BFF | WLW app","Endpoint tests","Company","Companies / products FR","","Companies / products FR",""
"passed","Fri Jul 31 03:15:28 UTC 2026","Fri Jul 31 03:15:28 UTC 2026","20","1.1 Team Hummingbird - BFF | WLW app","Endpoint tests","Support","Supportmasterdata_DE","","Supportmasterdata_DE",""
"passed","Fri Jul 31 03:23:43 UTC 2026","Fri Jul 31 03:23:44 UTC 2026","1275","Dolphin","Technical","","","productTextSearchMalformedRawQueryStructTest","AI product text search recall: malformed rawQueryStruct still success",""
"passed","Fri Jul 31 03:15:58 UTC 2026","Fri Jul 31 03:15:58 UTC 2026","32","1.1 Team Hummingbird - BFF | WLW app","Technical Tests","rfq-controller","POST /public_api/connect/purchaser/tenders [NEG] Expired Token","","POST /public_api/connect/purchaser/tenders [NEG] Expired Token",""
"skipped","Fri Jul 31 03:20:04 UTC 2026","Fri Jul 31 03:20:04 UTC 2026","0","3 Team Techno - UCL","Functional Tests","Endpoint Tests","membership","","get all membership for non-existing uuid",""
"passed","Fri Jul 31 03:16:55 UTC 2026","Fri Jul 31 03:16:59 UTC 2026","4109","4. Team CRM |CRM Staging","Business Scenarios Tests","Contacts","Create Contact","","Create Contact",""
"broken","Fri Jul 31 03:21:58 UTC 2026","Fri Jul 31 03:22:18 UTC 2026","20023","Dolphin","Technical","","","termRecommendBlankLanguageTest","AI Search term recommend: blank language → business failure",""
"skipped","Fri Jul 31 03:20:04 UTC 2026","Fri Jul 31 03:20:04 UTC 2026","0","3 Team Techno - UCL","Functional Tests","Endpoint Tests","SponsoredBrand","","get active SPB by uuid",""
"skipped","Fri Jul 31 03:13:47 UTC 2026","Fri Jul 31 03:13:47 UTC 2026","0","7. Team Pegasus | Pegasus Staging","Business Scenarios Tests","Business Insights","Dashboard smoke flow","","Top products",""
"failed","Fri Jul 31 03:15:41 UTC 2026","Fri Jul 31 03:15:41 UTC 2026","11","1.1 Team Hummingbird - BFF | WLW app","Technical Tests","conversation-controller","GET /public_api/conversation/userConversations/{conversationId}/messages","","GET /public_api/conversation/userConversations/{conversationId}/messages",""
"passed","Fri Jul 31 03:16:07 UTC 2026","Fri Jul 31 03:16:07 UTC 2026","32","1.1 Team Hummingbird - BFF | WLW app","Technical Tests","user-controller","GET /public_api/user/userInfo [NEG] Expired Token","","GET /public_api/user/userInfo [NEG] Expired Token",""
"passed","Fri Jul 31 03:14:35 UTC 2026","Fri Jul 31 03:14:35 UTC 2026","84","1 Team Hummingbird - BFF | EP app","Endpoint tests","User settings","user setting","","user setting",""
"failed","Fri Jul 31 03:14:41 UTC 2026","Fri Jul 31 03:14:59 UTC 2026","18281","1 Team Hummingbird - BFF | EP app","Endpoint tests","Visitor profiler","csv get","","csv get",""
"skipped","Fri Jul 31 03:13:47 UTC 2026","Fri Jul 31 03:13:47 UTC 2026","0","7. Team Pegasus | Pegasus Staging","Endpoints Tests","Business Insights","Origin","","Origin",""
"failed","Fri Jul 31 03:16:04 UTC 2026","Fri Jul 31 03:16:04 UTC 2026","14","1.1 Team Hummingbird - BFF | WLW app","Technical Tests","search-term-controller","POST /public_api/search/track [NEG] Expired Token","","POST /public_api/search/track [NEG] Expired Token",""
"passed","Fri Jul 31 03:16:52 UTC 2026","Fri Jul 31 03:16:53 UTC 2026","885","4. Team CRM |CRM Staging","Business Scenarios Tests","Account","Create Account","","Create Account",""
"broken","Fri Jul 31 03:15:16 UTC 2026","Fri Jul 31 03:15:37 UTC 2026","20029","Dolphin","Technical","","","pvMatchEmptyCompanyListTest","AI Search PV match: empty companyList → business failure",""
"skipped","Fri Jul 31 03:20:04 UTC 2026","Fri Jul 31 03:20:04 UTC 2026","0","3 Team Techno - UCL","Technical Tests","Membership","GET /unified_commercial_logic/internal_api/api/membership/v2 - Retrieve Membership V2 List","","GET /unified_commercial_logic/internal_api/api/membership/v2 - Retrieve Membership V2 List",""
"passed","Fri Jul 31 03:16:54 UTC 2026","Fri Jul 31 03:16:54 UTC 2026","233","4. Team CRM |CRM Staging","Business Scenarios Tests","Lead","Lead-duplicateCheck - with dulicates","","Lead-duplicateCheck - with dulicates",""
"broken","Fri Jul 31 03:16:57 UTC 2026","Fri Jul 31 03:17:17 UTC 2026","20016","Dolphin","Technical","","","recallCountryFilterTest","AI Search recall: country filter DE",""
"failed","Fri Jul 31 03:16:00 UTC 2026","Fri Jul 31 03:16:00 UTC 2026","11","1.1 Team Hummingbird - BFF | WLW app","Technical Tests","search-controller","GET /public_api/search [NEG] Missing Auth/API-Key","","GET /public_api/search [NEG] Missing Auth/API-Key",""
"passed","Fri Jul 31 03:23:40 UTC 2026","Fri Jul 31 03:23:41 UTC 2026","1552","Dolphin","Technical","","","productTextSearchIllegalSortTest","AI product text search recall: illegal sort passthrough",""
"skipped","Fri Jul 31 03:20:04 UTC 2026","Fri Jul 31 03:20:04 UTC 2026","0","3 Team Techno - UCL","Technical Tests","Retargeting","GET /unified_commercial_logic/internal_api/api/retargeting/{id} - Retrieve Retargeting By ID","","GET /unified_commercial_logic/internal_api/api/retargeting/{id} - Retrieve Retargeting By ID",""
"passed","Fri Jul 31 03:23:56 UTC 2026","Fri Jul 31 03:23:56 UTC 2026","100","Dolphin","Technical","","","homepageProductRecommendTest","homepage product recommend -- wlw",""
"skipped","Fri Jul 31 03:20:04 UTC 2026","Fri Jul 31 03:20:04 UTC 2026","0","3 Team Techno - UCL","Technical Tests","Retargeting","GET /unified_commercial_logic/internal_api/api/retargeting/ - Retrieve Retargeting List","","GET /unified_commercial_logic/internal_api/api/retargeting/ - Retrieve Retargeting List",""
"failed","Fri Jul 31 03:15:53 UTC 2026","Fri Jul 31 03:15:53 UTC 2026","14","1.1 Team Hummingbird - BFF | WLW app","Technical Tests","product-controller","GET /public_api/products [SEC] Injection Probe","","GET /public_api/products [SEC] Injection Probe",""
"passed","Fri Jul 31 03:15:36 UTC 2026","Fri Jul 31 03:15:36 UTC 2026","72","1.1 Team Hummingbird - BFF | WLW app","Technical Tests","ai-company-search-controller","POST /public_api/search/ai/company/search [NEG] Expired Token","","POST /public_api/search/ai/company/search [NEG] Expired Token",""
"passed","Fri Jul 31 03:15:52 UTC 2026","Fri Jul 31 03:15:52 UTC 2026","35","1.1 Team Hummingbird - BFF | WLW app","Technical Tests","login-controller","POST /public_api/auth/code/resend [NEG] Expired Token","","POST /public_api/auth/code/resend [NEG] Expired Token",""
"skipped","Fri Jul 31 03:20:04 UTC 2026","Fri Jul 31 03:20:04 UTC 2026","0","3 Team Techno - UCL","Functional Tests","Endpoint Tests","membership","","get all active membership for uuid not platform specific",""
"passed","Fri Jul 31 03:15:35 UTC 2026","Fri Jul 31 03:15:35 UTC 2026","47","1.1 Team Hummingbird - BFF | WLW app","Technical Tests","ai-company-search-controller","POST /public_api/search/ai/supplier/pv-match [NEG] Forbidden Role Token","","POST /public_api/search/ai/supplier/pv-match [NEG] Forbidden Role Token",""
"passed","Fri Jul 31 03:15:42 UTC 2026","Fri Jul 31 03:15:42 UTC 2026","53","1.1 Team Hummingbird - BFF | WLW app","Technical Tests","conversation-controller","POST /public_api/conversation/userConversations/{conversationId}/messages/file/","","POST /public_api/conversation/userConversations/{conversationId}/messages/file/",""
"broken","Fri Jul 31 03:20:18 UTC 2026","Fri Jul 31 03:20:38 UTC 2026","20011","Dolphin","Functional","","","recallSingleFilterTest","AI Search recall: single filter (verified=true)",""
"passed","Fri Jul 31 03:13:49 UTC 2026","Fri Jul 31 03:13:49 UTC 2026","183","Arise","Functional","","","skwd","skwd",""
"passed","Fri Jul 31 03:16:57 UTC 2026","Fri Jul 31 03:16:57 UTC 2026","702","4. Team CRM |CRM Staging","Business Scenarios Tests","Calls","Smoke test for call","","Smoke test for call",""
"passed","Fri Jul 31 03:14:37 UTC 2026","Fri Jul 31 03:14:37 UTC 2026","660","1 Team Hummingbird - BFF | EP app","Endpoint tests","Company","Suppliers listings","","Suppliers listings",""
"passed","Fri Jul 31 03:16:56 UTC 2026","Fri Jul 31 03:16:57 UTC 2026","699","4. Team CRM |CRM Staging","Business Scenarios Tests","Products","Update Product","","Update Product",""
"passed","Fri Jul 31 03:15:49 UTC 2026","Fri Jul 31 03:15:49 UTC 2026","32","1.1 Team Hummingbird - BFF | WLW app","Technical Tests","inside-business-controller","GET /public_api/inside_business [NEG] Missing Auth/API-Key","","GET /public_api/inside_business [NEG] Missing Auth/API-Key",""
"skipped","Fri Jul 31 03:20:04 UTC 2026","Fri Jul 31 03:20:04 UTC 2026","0","3 Team Techno - UCL","Technical Tests","GoogleAd","GET /unified_commercial_logic/internal_api/api/google_ad/ - Retrieve GoogleAd List","","GET /unified_commercial_logic/internal_api/api/google_ad/ - Retrieve GoogleAd List",""
"passed","Fri Jul 31 03:14:39 UTC 2026","Fri Jul 31 03:14:39 UTC 2026","173","1 Team Hummingbird - BFF | EP app","Endpoint tests","Homepage, products","product recommendations DE","","product recommendations DE",""
"passed","Fri Jul 31 03:15:42 UTC 2026","Fri Jul 31 03:15:42 UTC 2026","34","1.1 Team Hummingbird - BFF | WLW app","Technical Tests","conversation-controller","POST /public_api/conversation/userConversations/{conversationId}/messages/{messageId}/translate [NEG] Forbidden Role Token","","POST /public_api/conversation/userConversations/{conversationId}/messages/{messageId}/translate [NEG] Forbidden Role Token",""
"passed","Fri Jul 31 03:16:52 UTC 2026","Fri Jul 31 03:16:52 UTC 2026","114","4. Team CRM |CRM Staging","Business Scenarios Tests","Account","Smoke test : Account + Contact + SAP","","Smoke test : Account + Contact + SAP",""
"passed","Fri Jul 31 03:15:55 UTC 2026","Fri Jul 31 03:15:55 UTC 2026","36","1.1 Team Hummingbird - BFF | WLW app","Technical Tests","purchaser-support-controller","GET /support-master-data [NEG] Forbidden Role Token","","GET /support-master-data [NEG] Forbidden Role Token",""
"passed","Fri Jul 31 03:15:27 UTC 2026","Fri Jul 31 03:15:27 UTC 2026","15","1.1 Team Hummingbird - BFF | WLW app","Endpoint tests","User settings","push-notification-by-email-controller","","push-notification-by-email-controller",""
"passed","Fri Jul 31 03:14:37 UTC 2026","Fri Jul 31 03:14:37 UTC 2026","350","1 Team Hummingbird - BFF | EP app","Endpoint tests","Company","Companies / products FR","","Companies / products FR",""
"passed","Fri Jul 31 03:15:27 UTC 2026","Fri Jul 31 03:15:27 UTC 2026","20","1.1 Team Hummingbird - BFF | WLW app","Endpoint tests","Support","Support FAQ_DE","","Support FAQ_DE",""
"failed","Fri Jul 31 03:16:01 UTC 2026","Fri Jul 31 03:16:01 UTC 2026","14","1.1 Team Hummingbird - BFF | WLW app","Technical Tests","search-controller","GET /public_api/search/autoComplete","","GET /public_api/search/autoComplete",""
"passed","Fri Jul 31 03:23:54 UTC 2026","Fri Jul 31 03:23:54 UTC 2026","249","Dolphin","Functional","","","EPHomepageProductRecommendTest","homepage product recommend -- ep",""
"passed","Fri Jul 31 03:15:27 UTC 2026","Fri Jul 31 03:15:27 UTC 2026","127","1.1 Team Hummingbird - BFF | WLW app","Endpoint tests","User settings","user setting","","user setting",""
"passed","Fri Jul 31 03:15:51 UTC 2026","Fri Jul 31 03:15:51 UTC 2026","34","1.1 Team Hummingbird - BFF | WLW app","Technical Tests","login-controller","POST /public_api/auth/registration [NEG] Expired Token","","POST /public_api/auth/registration [NEG] Expired Token",""
"skipped","Fri Jul 31 03:13:47 UTC 2026","Fri Jul 31 03:13:47 UTC 2026","0","7. Team Pegasus | Pegasus Staging","Business Scenarios Tests","Supplier Registration","WLW - Lead create and update","","leads/{lead_id} - Update a lead",""
"passed","Fri Jul 31 03:15:48 UTC 2026","Fri Jul 31 03:15:48 UTC 2026","62","1.1 Team Hummingbird - BFF | WLW app","Technical Tests","feedback-controller","POST /v1/feedback [NEG] Missing Auth/API-Key","","POST /v1/feedback [NEG] Missing Auth/API-Key",""
"passed","Fri Jul 31 03:15:55 UTC 2026","Fri Jul 31 03:15:55 UTC 2026","34","1.1 Team Hummingbird - BFF | WLW app","Technical Tests","purchaser-support-controller","GET /support-master-data [NEG] Expired Token","","GET /support-master-data [NEG] Expired Token",""
"passed","Fri Jul 31 03:16:06 UTC 2026","Fri Jul 31 03:16:06 UTC 2026","19","1.1 Team Hummingbird - BFF | WLW app","Technical Tests","trending-products-controller","POST /public_api/trending/import [NEG] Missing Auth/API-Key","","POST /public_api/trending/import [NEG] Missing Auth/API-Key",""
"passed","Fri Jul 31 03:13:49 UTC 2026","Fri Jul 31 03:13:49 UTC 2026","183","Arise","Technical","","","skwd","skwd",""
"passed","Fri Jul 31 03:17:00 UTC 2026","Fri Jul 31 03:17:00 UTC 2026","78","4. Team CRM |CRM Staging","Endpoints Tests","(root)","Update WLW Connect Counters with id","","Update WLW Connect Counters with id",""
"passed","Fri Jul 31 03:15:27 UTC 2026","Fri Jul 31 03:15:27 UTC 2026","17","1.1 Team Hummingbird - BFF | WLW app","Endpoint tests","Support","Support FAQ_FR","","Support FAQ_FR",""
"passed","Fri Jul 31 03:15:48 UTC 2026","Fri Jul 31 03:15:48 UTC 2026","36","1.1 Team Hummingbird - BFF | WLW app","Technical Tests","feedback-controller","POST /feedback [NEG] Forbidden Role Token","","POST /feedback [NEG] Forbidden Role Token",""
"passed","Fri Jul 31 03:16:51 UTC 2026","Fri Jul 31 03:16:52 UTC 2026","790","4. Team CRM |CRM Staging","Business Scenarios Tests","Account","Smoke Test Create Account with All Fields","","Smoke Test Create Account with All Fields",""
"failed","Fri Jul 31 03:13:40 UTC 2026","Fri Jul 31 03:13:40 UTC 2026","15","2 Team Dragon - BFF | RFQ Backend","Technical Tests","(root)","POST /v1/rfqs/{rfqId}/respond - Multipart Upload + Schema + Security","","POST /v1/rfqs/{rfqId}/respond - Multipart Upload + Schema + Security",""
"skipped","Fri Jul 31 03:13:47 UTC 2026","Fri Jul 31 03:13:47 UTC 2026","0","7. Team Pegasus | Pegasus Staging","Spike | Profiles link user to company","(root)","07 GET — Verify profile after PATCH","","07 GET — Verify profile after PATCH",""
"failed","Fri Jul 31 03:15:36 UTC 2026","Fri Jul 31 03:15:36 UTC 2026","15","1.1 Team Hummingbird - BFF | WLW app","Technical Tests","ai-company-search-controller","GET /public_api/search/ai/company/stream/mock [NEG] Expired Token","","GET /public_api/search/ai/company/stream/mock [NEG] Expired Token",""
"skipped","Fri Jul 31 03:13:47 UTC 2026","Fri Jul 31 03:13:47 UTC 2026","0","7. Team Pegasus | Pegasus Staging","Spike | Profiles link user to company","(root)","08 MANUAL — supplier_api GET (needs browser session)","","08 MANUAL — supplier_api GET (needs browser session)",""
"passed","Fri Jul 31 03:15:50 UTC 2026","Fri Jul 31 03:15:50 UTC 2026","35","1.1 Team Hummingbird - BFF | WLW app","Technical Tests","login-controller","POST /public_api/auth/resetPassword","","POST /public_api/auth/resetPassword",""
"broken","Fri Jul 31 03:19:37 UTC 2026","Fri Jul 31 03:19:57 UTC 2026","20023","Dolphin","Technical","","","recallPaidSupplierFilterTest","AI Search recall: paid supplier filter (verified=true)",""
"skipped","Fri Jul 31 03:20:04 UTC 2026","Fri Jul 31 03:20:04 UTC 2026","0","3 Team Techno - UCL","Technical Tests","Organization","GET /unified_commercial_logic/internal_api/api/organization - Retrieve Organization List","","GET /unified_commercial_logic/internal_api/api/organization - Retrieve Organization List",""
"passed","Fri Jul 31 03:16:59 UTC 2026","Fri Jul 31 03:16:59 UTC 2026","152","4. Team CRM |CRM Staging","Endpoints Tests","(root)","trigger from SF Platform Profile","","trigger from SF Platform Profile",""
"failed","Fri Jul 31 03:16:05 UTC 2026","Fri Jul 31 03:16:05 UTC 2026","14","1.1 Team Hummingbird - BFF | WLW app","Technical Tests","supplier-visitors-controller","GET /public_api/suppliers/{supplier_id}/visits [SEC] Injection Probe","","GET /public_api/suppliers/{supplier_id}/visits [SEC] Injection Probe",""
"passed","Fri Jul 31 03:15:57 UTC 2026","Fri Jul 31 03:15:57 UTC 2026","32","1.1 Team Hummingbird - BFF | WLW app","Technical Tests","purchaser-user-setting-controller","POST /userSetting","","POST /userSetting",""
"broken","Fri Jul 31 03:21:38 UTC 2026","Fri Jul 31 03:21:58 UTC 2026","20020","Dolphin","Technical","","","recallWhitespaceQueryTest","AI Search recall: whitespace-only query → business failure",""
"passed","Fri Jul 31 03:16:08 UTC 2026","Fri Jul 31 03:16:08 UTC 2026","33","1.1 Team Hummingbird - BFF | WLW app","Technical Tests","user-controller","PUT /public_api/user/userInfo [NEG] Expired Token","","PUT /public_api/user/userInfo [NEG] Expired Token",""
"broken","Fri Jul 31 03:22:58 UTC 2026","Fri Jul 31 03:23:18 UTC 2026","20015","Dolphin","Technical","","","productInferenceShortQueryTest","AI product search inference: minimal searchText boundary",""
"failed","Fri Jul 31 03:15:45 UTC 2026","Fri Jul 31 03:15:45 UTC 2026","18","1.1 Team Hummingbird - BFF | WLW app","Technical Tests","conversation-controller","GET /public_api/conversation/userConversations/{conversationId}/file [SEC] Injection Probe","","GET /public_api/conversation/userConversations/{conversationId}/file [SEC] Injection Probe",""
"failed","Fri Jul 31 03:15:44 UTC 2026","Fri Jul 31 03:15:44 UTC 2026","14","1.1 Team Hummingbird - BFF | WLW app","Technical Tests","conversation-controller","GET /public_api/conversation/userConversations/{userId}/unreadCount/ [NEG] Expired Token","","GET /public_api/conversation/userConversations/{userId}/unreadCount/ [NEG] Expired Token",""
"broken","Fri Jul 31 03:14:56 UTC 2026","Fri Jul 31 03:15:16 UTC 2026","20019","Dolphin","Technical","","","inferenceTest","AI Search inference API (SSE stream)",""
"failed","Fri Jul 31 03:15:44 UTC 2026","Fri Jul 31 03:15:44 UTC 2026","13","1.1 Team Hummingbird - BFF | WLW app","Technical Tests","conversation-controller","GET /public_api/conversation/userConversations/{userId}/unreadCount [NEG] Expired Token","","GET /public_api/conversation/userConversations/{userId}/unreadCount [NEG] Expired Token",""
"passed","Fri Jul 31 03:16:54 UTC 2026","Fri Jul 31 03:16:54 UTC 2026","135","4. Team CRM |CRM Staging","Business Scenarios Tests","Lead","Lead-duplicateCheck - without dupicates","","Lead-duplicateCheck - without dupicates",""
"skipped","Fri Jul 31 03:13:47 UTC 2026","Fri Jul 31 03:13:47 UTC 2026","0","7. Team Pegasus | Pegasus Staging","Endpoints Tests","Shop Import & Onboarding Backend","/offers/{offerId}","","/offers/{offerId}",""
"skipped","Fri Jul 31 03:20:04 UTC 2026","Fri Jul 31 03:20:04 UTC 2026","0","3 Team Techno - UCL","Technical Tests","Membership","GET /unified_commercial_logic/internal_api/api/membership/platform-profile-status/{sfuuid} - getStatus By SFUUID","","GET /unified_commercial_logic/internal_api/api/membership/platform-profile-status/{sfuuid} - getStatus By SFUUID",""
"skipped","Fri Jul 31 03:13:47 UTC 2026","Fri Jul 31 03:13:47 UTC 2026","0","7. Team Pegasus | Pegasus Staging","Endpoints Tests","Visitors","Elixir (supplier-app)","","Filters",""
"passed","Fri Jul 31 03:23:54 UTC 2026","Fri Jul 31 03:23:54 UTC 2026","137","Dolphin","Functional","","","EPPCppProductRecommendTest","recommend products in CPP -- ep",""
"failed","Fri Jul 31 03:16:03 UTC 2026","Fri Jul 31 03:16:03 UTC 2026","14","1.1 Team Hummingbird - BFF | WLW app","Technical Tests","search-controller","GET /public_api/categories/recommendations [NEG] Expired Token","","GET /public_api/categories/recommendations [NEG] Expired Token",""
"skipped","Fri Jul 31 03:13:47 UTC 2026","Fri Jul 31 03:13:47 UTC 2026","0","7. Team Pegasus | Pegasus Staging","Endpoints Tests","User & Company Context","Get company data crm","","Get company data crm",""
"passed","Fri Jul 31 03:15:46 UTC 2026","Fri Jul 31 03:15:46 UTC 2026","34","1.1 Team Hummingbird - BFF | WLW app","Technical Tests","dynamic-links-controller","POST /public_api/branchio/dynamiclink","","POST /public_api/branchio/dynamiclink",""
"passed","Fri Jul 31 03:15:43 UTC 2026","Fri Jul 31 03:15:43 UTC 2026","21","1.1 Team Hummingbird - BFF | WLW app","Technical Tests","conversation-controller","POST /public_api/conversation/userConversations/{conversationId}/messages/file [NEG] Missing Auth/API-Key","","POST /public_api/conversation/userConversations/{conversationId}/messages/file [NEG] Missing Auth/API-Key",""
"failed","Fri Jul 31 03:15:35 UTC 2026","Fri Jul 31 03:15:35 UTC 2026","57","1.1 Team Hummingbird - BFF | WLW app","Technical Tests","ai-company-search-controller","GET /public_api/search/ai/company/search [NEG] Missing Auth/API-Key","","GET /public_api/search/ai/company/search [NEG] Missing Auth/API-Key",""
"failed","Fri Jul 31 03:16:00 UTC 2026","Fri Jul 31 03:16:00 UTC 2026","14","1.1 Team Hummingbird - BFF | WLW app","Technical Tests","search-controller","GET /public_api/search/products [NEG] Missing Auth/API-Key","","GET /public_api/search/products [NEG] Missing Auth/API-Key",""
"passed","Fri Jul 31 03:23:55 UTC 2026","Fri Jul 31 03:23:55 UTC 2026","125","Dolphin","Functional","","","cppProductRecommendTest","recommend products in CPP -- wlw",""
"passed","Fri Jul 31 03:15:27 UTC 2026","Fri Jul 31 03:15:27 UTC 2026","96","1.1 Team Hummingbird - BFF | WLW app","Endpoint tests","User settings","user setting","","user setting",""
"passed","Fri Jul 31 03:15:57 UTC 2026","Fri Jul 31 03:15:57 UTC 2026","17","1.1 Team Hummingbird - BFF | WLW app","Technical Tests","purchaser-user-setting-controller","POST /userSetting [NEG] Missing Auth/API-Key","","POST /userSetting [NEG] Missing Auth/API-Key",""
"failed","Fri Jul 31 03:14:39 UTC 2026","Fri Jul 31 03:14:40 UTC 2026","328","1 Team Hummingbird - BFF | EP app","Endpoint tests","Contact request","QDR request","","QDR request",""
"passed","Fri Jul 31 03:15:50 UTC 2026","Fri Jul 31 03:15:50 UTC 2026","19","1.1 Team Hummingbird - BFF | WLW app","Technical Tests","login-controller","POST /public_api/auth/resetPassword [NEG] Missing Auth/API-Key","","POST /public_api/auth/resetPassword [NEG] Missing Auth/API-Key",""
"failed","Fri Jul 31 03:15:29 UTC 2026","Fri Jul 31 03:15:29 UTC 2026","57","1.1 Team Hummingbird - BFF | WLW app","Endpoint tests","Company","Company ID DE","","Company ID DE",""
"passed","Fri Jul 31 03:15:35 UTC 2026","Fri Jul 31 03:15:36 UTC 2026","74","1.1 Team Hummingbird - BFF | WLW app","Technical Tests","ai-company-search-controller","POST /public_api/search/ai/company/search [NEG] Missing Auth/API-Key","","POST /public_api/search/ai/company/search [NEG] Missing Auth/API-Key",""
"skipped","Fri Jul 31 03:13:47 UTC 2026","Fri Jul 31 03:13:47 UTC 2026","0","7. Team Pegasus | Pegasus Staging","Spike | Profiles link user to company","(root)","04 OAuth — User Storage token","","04 OAuth — User Storage token",""
"skipped","Fri Jul 31 03:13:47 UTC 2026","Fri Jul 31 03:13:47 UTC 2026","0","7. Team Pegasus | Pegasus Staging","Endpoints Tests","Supplier Registration","One Platform — User Profile API","","Get Profile by ID",""
"passed","Fri Jul 31 03:17:00 UTC 2026","Fri Jul 31 03:17:00 UTC 2026","78","4. Team CRM |CRM Staging","Endpoints Tests","(root)","Update WLW Connect Counters with id","","Update WLW Connect Counters with id",""
"passed","Fri Jul 31 03:16:50 UTC 2026","Fri Jul 31 03:17:02 UTC 2026","11690","4. Team CRM |CRM Staging","Business Scenarios Tests","Account","wlw salesorderitems link","","wlw salesorderitems link",""
"passed","Fri Jul 31 03:15:26 UTC 2026","Fri Jul 31 03:15:26 UTC 2026","206","1.1 Team Hummingbird - BFF | WLW app","Endpoint tests","Login","user Info","","user Info",""
"passed","Fri Jul 31 03:23:55 UTC 2026","Fri Jul 31 03:23:55 UTC 2026","125","Dolphin","Technical","","","cppProductRecommendTest","recommend products in CPP -- wlw",""
"failed","Fri Jul 31 03:15:44 UTC 2026","Fri Jul 31 03:15:44 UTC 2026","13","1.1 Team Hummingbird - BFF | WLW app","Technical Tests","conversation-controller","GET /public_api/conversation/userConversations/{userId}/unreadCount/ [NEG] Forbidden Role Token","","GET /public_api/conversation/userConversations/{userId}/unreadCount/ [NEG] Forbidden Role Token",""
"passed","Fri Jul 31 03:15:41 UTC 2026","Fri Jul 31 03:15:41 UTC 2026","20","1.1 Team Hummingbird - BFF | WLW app","Technical Tests","conversation-controller","POST /public_api/conversation/userConversations/{conversationId}/messages [NEG] Missing Auth/API-Key","","POST /public_api/conversation/userConversations/{conversationId}/messages [NEG] Missing Auth/API-Key",""
"failed","Fri Jul 31 03:16:57 UTC 2026","Fri Jul 31 03:16:58 UTC 2026","436","4. Team CRM |CRM Staging","Endpoints Tests","Accounts","Get Account Information","","Get Account Information",""
"passed","Fri Jul 31 03:16:52 UTC 2026","Fri Jul 31 03:16:52 UTC 2026","191","4. Team CRM |CRM Staging","Business Scenarios Tests","Feedback","Trigger Feedback","","Trigger Feedback",""
"failed","Fri Jul 31 03:15:38 UTC 2026","Fri Jul 31 03:15:38 UTC 2026","13","1.1 Team Hummingbird - BFF | WLW app","Technical Tests","company-controller","GET /public_api/company [NEG] Missing Auth/API-Key","","GET /public_api/company [NEG] Missing Auth/API-Key",""
"failed","Fri Jul 31 03:15:57 UTC 2026","Fri Jul 31 03:15:57 UTC 2026","10","1.1 Team Hummingbird - BFF | WLW app","Technical Tests","push-notification-by-email-controller","GET /v1/pushNotification [SEC] Injection Probe","","GET /v1/pushNotification [SEC] Injection Probe",""
"skipped","Fri Jul 31 03:20:04 UTC 2026","Fri Jul 31 03:20:04 UTC 2026","0","3 Team Techno - UCL","Technical Tests","Membership","GET /unified_commercial_logic/internal_api/api/membership/{id} - Retrieve Membership fields By ID","","GET /unified_commercial_logic/internal_api/api/membership/{id} - Retrieve Membership fields By ID",""
"passed","Fri Jul 31 03:15:56 UTC 2026","Fri Jul 31 03:15:56 UTC 2026","36","1.1 Team Hummingbird - BFF | WLW app","Technical Tests","purchaser-user-setting-controller","POST /userSetting/","","POST /userSetting/",""
"passed","Fri Jul 31 03:13:48 UTC 2026","Fri Jul 31 03:13:48 UTC 2026","540","Arise","Functional","","","getAllElementsByUrlTest","getAllElementsByUrlTest",""
"skipped","Fri Jul 31 03:20:04 UTC 2026","Fri Jul 31 03:20:04 UTC 2026","0","3 Team Techno - UCL","Technical Tests","TopRanking","GET /unified_commercial_logic/internal_api/api/top_ranking_v1/ - Retrieve TopRankingV1 List","","GET /unified_commercial_logic/internal_api/api/top_ranking_v1/ - Retrieve TopRankingV1 List",""
"failed","Fri Jul 31 03:15:43 UTC 2026","Fri Jul 31 03:15:43 UTC 2026","11","1.1 Team Hummingbird - BFF | WLW app","Technical Tests","conversation-controller","GET /public_api/conversation/userConversations [NEG] Missing Auth/API-Key","","GET /public_api/conversation/userConversations [NEG] Missing Auth/API-Key",""
"passed","Fri Jul 31 03:23:55 UTC 2026","Fri Jul 31 03:23:55 UTC 2026","71","Dolphin","Functional","","","getCategoryListWlwTest","v-recommend category list -- wlw, full categories",""
"passed","Fri Jul 31 03:15:52 UTC 2026","Fri Jul 31 03:15:52 UTC 2026","36","1.1 Team Hummingbird - BFF | WLW app","Technical Tests","login-controller","POST /public_api/auth/code/verify [NEG] Forbidden Role Token","","POST /public_api/auth/code/verify [NEG] Forbidden Role Token",""
"passed","Fri Jul 31 03:16:07 UTC 2026","Fri Jul 31 03:16:07 UTC 2026","31","1.1 Team Hummingbird - BFF | WLW app","Technical Tests","trending-products-controller","GET /public_api/trending/notifications [NEG] Expired Token","","GET /public_api/trending/notifications [NEG] Expired Token",""
"passed","Fri Jul 31 03:15:41 UTC 2026","Fri Jul 31 03:15:41 UTC 2026","41","1.1 Team Hummingbird - BFF | WLW app","Technical Tests","conversation-controller","GET /public_api/conversation/userConversations/{conversationId}/messages [SEC] Injection Probe","","GET /public_api/conversation/userConversations/{conversationId}/messages [SEC] Injection Probe",""
"passed","Fri Jul 31 03:16:03 UTC 2026","Fri Jul 31 03:16:03 UTC 2026","60","1.1 Team Hummingbird - BFF | WLW app","Technical Tests","search-term-controller","PUT /public_api/search/notification-opened","","PUT /public_api/search/notification-opened",""
"passed","Fri Jul 31 03:16:54 UTC 2026","Fri Jul 31 03:16:56 UTC 2026","1527","4. Team CRM |CRM Staging","Business Scenarios Tests","Lead","Create a  lead","","Create a  lead",""
"passed","Fri Jul 31 03:15:46 UTC 2026","Fri Jul 31 03:15:46 UTC 2026","33","1.1 Team Hummingbird - BFF | WLW app","Technical Tests","currency-exchange-controller","GET /exchange/fetch-rates [NEG] Expired Token","","GET /exchange/fetch-rates [NEG] Expired Token",""
"failed","Fri Jul 31 03:16:54 UTC 2026","Fri Jul 31 03:16:55 UTC 2026","322","4. Team CRM |CRM Staging","Business Scenarios Tests","Lead","Update a Lead","","Update a Lead",""
"failed","Fri Jul 31 03:15:59 UTC 2026","Fri Jul 31 03:15:59 UTC 2026","14","1.1 Team Hummingbird - BFF | WLW app","Technical Tests","search-controller","GET /public_api/suppliers/recommendations [NEG] Missing Auth/API-Key","","GET /public_api/suppliers/recommendations [NEG] Missing Auth/API-Key",""
"broken","Fri Jul 31 03:22:38 UTC 2026","Fri Jul 31 03:22:58 UTC 2026","20023","Dolphin","Functional","","","termRecommendTest","AI Search term recommend API",""
"failed","Fri Jul 31 03:15:54 UTC 2026","Fri Jul 31 03:15:54 UTC 2026","14","1.1 Team Hummingbird - BFF | WLW app","Technical Tests","product-controller","GET /public_api/companies/{supplierPublicId}/products [NEG] Missing Auth/API-Key","","GET /public_api/companies/{supplierPublicId}/products [NEG] Missing Auth/API-Key",""
"passed","Fri Jul 31 03:13:49 UTC 2026","Fri Jul 31 03:13:49 UTC 2026","35","Arise","Functional","","","pageElementsGet","pageElementsGet",""
"passed","Fri Jul 31 03:16:54 UTC 2026","Fri Jul 31 03:16:54 UTC 2026","233","4. Team CRM |CRM Staging","Business Scenarios Tests","Lead","Lead-duplicateCheck - with dulicates","","Lead-duplicateCheck - with dulicates",""
"passed","Fri Jul 31 03:23:55 UTC 2026","Fri Jul 31 03:23:55 UTC 2026","43","Dolphin","Technical","","","getCategoryListWlwWithPreferredSuperCategoryIdsTest","v-recommend category list -- wlw, with preferredSuperCategoryIds",""
"skipped","Fri Jul 31 03:16:48 UTC 2026","Fri Jul 31 03:16:48 UTC 2026","0","4. Team CRM |CRM Staging","Endpoints Tests","Users","Quotes","","Endpoints Tests / Users / Quotes - empty",""
"passed","Fri Jul 31 03:23:54 UTC 2026","Fri Jul 31 03:23:55 UTC 2026","102","Dolphin","Functional","","","EPSameStoreProductRecommendTest","product same store recommend -- ep",""
"broken","Fri Jul 31 03:16:57 UTC 2026","Fri Jul 31 03:17:17 UTC 2026","20016","Dolphin","Functional","","","recallCountryFilterTest","AI Search recall: country filter DE",""
"failed","Fri Jul 31 03:16:54 UTC 2026","Fri Jul 31 03:16:55 UTC 2026","322","4. Team CRM |CRM Staging","Business Scenarios Tests","Lead","Update a Lead","","Update a Lead",""
"passed","Fri Jul 31 03:15:33 UTC 2026","Fri Jul 31 03:15:34 UTC 2026","60","1.1 Team Hummingbird - BFF | WLW app","Endpoint tests","Visitor profiler","download visitors csv","","download visitors csv",""
"failed","Fri Jul 31 03:17:00 UTC 2026","Fri Jul 31 03:17:00 UTC 2026","61","4. Team CRM |CRM Staging","Endpoints Tests","(root)","get company data via CRM id","","get company data via CRM id",""
"failed","Fri Jul 31 03:16:03 UTC 2026","Fri Jul 31 03:16:03 UTC 2026","18","1.1 Team Hummingbird - BFF | WLW app","Technical Tests","search-controller","GET /public_api/categories/recommendations","","GET /public_api/categories/recommendations",""
"passed","Fri Jul 31 03:14:38 UTC 2026","Fri Jul 31 03:14:38 UTC 2026","55","1 Team Hummingbird - BFF | EP app","Endpoint tests","Search","search autoComplete FR","","search autoComplete FR",""
"failed","Fri Jul 31 03:15:33 UTC 2026","Fri Jul 31 03:15:33 UTC 2026","26","1.1 Team Hummingbird - BFF | WLW app","Endpoint tests","Conversations","dynamic link conversation","","dynamic link conversation",""
"passed","Fri Jul 31 03:16:48 UTC 2026","Fri Jul 31 03:16:49 UTC 2026","1031","4. Team CRM |CRM Staging","Business Scenarios Tests","Tasks","Smoke test Create task","","Smoke test Create task",""
"failed","Fri Jul 31 03:16:00 UTC 2026","Fri Jul 31 03:16:00 UTC 2026","11","1.1 Team Hummingbird - BFF | WLW app","Technical Tests","search-controller","GET /public_api/search [NEG] Forbidden Role Token","","GET /public_api/search [NEG] Forbidden Role Token",""
"passed","Fri Jul 31 03:23:47 UTC 2026","Fri Jul 31 03:23:47 UTC 2026","764","Dolphin","Technical","","","productTextSearchPageSizeZeroTest","AI product text search recall: pageSize=0 normalized to default",""
"passed","Fri Jul 31 03:15:34 UTC 2026","Fri Jul 31 03:15:34 UTC 2026","201","1.1 Team Hummingbird - BFF | WLW app","Technical Tests","ab-test-record-controller","POST /public_api/abtest/record","","POST /public_api/abtest/record",""
"broken","Fri Jul 31 03:16:17 UTC 2026","Fri Jul 31 03:16:37 UTC 2026","20716","Dolphin","Functional","","","recallAlternateSortTest","AI Search recall: alternate sort (order_num_desc)",""
"passed","Fri Jul 31 03:15:28 UTC 2026","Fri Jul 31 03:15:28 UTC 2026","16","1.1 Team Hummingbird - BFF | WLW app","Endpoint tests","Mobile_Feedback","Feedback Subject_EN","","Feedback Subject_EN",""
"passed","Fri Jul 31 03:23:48 UTC 2026","Fri Jul 31 03:23:49 UTC 2026","1165","Dolphin","Technical","","","productTextSearchPaidSupplierFilterTest","AI product text search recall: paid/verified supplier filter",""
"passed","Fri Jul 31 03:15:45 UTC 2026","Fri Jul 31 03:15:45 UTC 2026","30","1.1 Team Hummingbird - BFF | WLW app","Technical Tests","conversation-controller","GET /public_api/conversation/userConversations/{conversationId} [SEC] Injection Probe","","GET /public_api/conversation/userConversations/{conversationId} [SEC] Injection Probe",""
"passed","Fri Jul 31 03:15:52 UTC 2026","Fri Jul 31 03:15:52 UTC 2026","60","1.1 Team Hummingbird - BFF | WLW app","Technical Tests","login-controller","POST /public_api/auth/code/resend [NEG] Forbidden Role Token","","POST /public_api/auth/code/resend [NEG] Forbidden Role Token",""
"skipped","Fri Jul 31 03:13:47 UTC 2026","Fri Jul 31 03:13:47 UTC 2026","0","7. Team Pegasus | Pegasus Staging","Business Scenarios Tests","Visitors","Statistics visitor drill-down","","Visitor details",""
"passed","Fri Jul 31 03:16:57 UTC 2026","Fri Jul 31 03:16:57 UTC 2026","490","4. Team CRM |CRM Staging","Business Scenarios Tests","Meetings","Smoke Test for Meeting","","Smoke Test for Meeting",""
"broken","Fri Jul 31 03:14:16 UTC 2026","Fri Jul 31 03:14:36 UTC 2026","20816","Dolphin","Technical","","","inferenceEmptySearchTextTest","AI Search inference: empty searchText still streams",""
"passed","Fri Jul 31 03:13:49 UTC 2026","Fri Jul 31 03:13:49 UTC 2026","480","Arise","Technical","","","psearchProxySearch","psearchProxySearch",""
"passed","Fri Jul 31 03:15:30 UTC 2026","Fri Jul 31 03:15:30 UTC 2026","75","1.1 Team Hummingbird - BFF | WLW app","Endpoint tests","Search","search autoComplete EN","","search autoComplete EN",""
"passed","Fri Jul 31 03:15:30 UTC 2026","Fri Jul 31 03:15:31 UTC 2026","446","1.1 Team Hummingbird - BFF | WLW app","Endpoint tests","Search","Product Search FR","","Product Search FR",""
"passed","Fri Jul 31 03:14:34 UTC 2026","Fri Jul 31 03:14:34 UTC 2026","495","1 Team Hummingbird - BFF | EP app","Endpoint tests","Login","native email login purchaser","","native email login purchaser",""
"passed","Fri Jul 31 03:15:48 UTC 2026","Fri Jul 31 03:15:48 UTC 2026","20","1.1 Team Hummingbird - BFF | WLW app","Technical Tests","feedback-controller","GET /feedback/subject [NEG] Missing Auth/API-Key","","GET /feedback/subject [NEG] Missing Auth/API-Key",""
"passed","Fri Jul 31 03:15:42 UTC 2026","Fri Jul 31 03:15:42 UTC 2026","35","1.1 Team Hummingbird - BFF | WLW app","Technical Tests","conversation-controller","POST /public_api/conversation/userConversations/{conversationId}/messages [NEG] Forbidden Role Token","","POST /public_api/conversation/userConversations/{conversationId}/messages [NEG] Forbidden Role Token",""
"skipped","Fri Jul 31 03:20:04 UTC 2026","Fri Jul 31 03:20:04 UTC 2026","0","3 Team Techno - UCL","Technical Tests","Organization","GET /unified_commercial_logic/internal_api/api/organization/ - Retrieve Organization List","","GET /unified_commercial_logic/internal_api/api/organization/ - Retrieve Organization List",""
"failed","Fri Jul 31 03:15:32 UTC 2026","Fri Jul 31 03:15:32 UTC 2026","83","1.1 Team Hummingbird - BFF | WLW app","Endpoint tests","Conversations","send file message","","send file message",""
"passed","Fri Jul 31 03:16:50 UTC 2026","Fri Jul 31 03:16:51 UTC 2026","333","4. Team CRM |CRM Staging","Business Scenarios Tests","Account","Update Account","","Update Account",""
"passed","Fri Jul 31 03:23:47 UTC 2026","Fri Jul 31 03:23:48 UTC 2026","803","Dolphin","Technical","","","productTextSearchPageZeroTest","AI product text search recall: page=0 normalized",""
"passed","Fri Jul 31 03:16:55 UTC 2026","Fri Jul 31 03:16:55 UTC 2026","203","4. Team CRM |CRM Staging","Business Scenarios Tests","WLW Price Compaigns","WLW_Price Compaigns","","WLW_Price Compaigns",""
"failed","Fri Jul 31 03:14:39 UTC 2026","Fri Jul 31 03:14:41 UTC 2026","1560","1 Team Hummingbird - BFF | EP app","Endpoint tests","Contact request","Callback request","","Callback request",""
"passed","Fri Jul 31 03:15:41 UTC 2026","Fri Jul 31 03:15:41 UTC 2026","35","1.1 Team Hummingbird - BFF | WLW app","Technical Tests","conversation-controller","POST /public_api/conversation/userConversations/{conversationId}/messages [NEG] Expired Token","","POST /public_api/conversation/userConversations/{conversationId}/messages [NEG] Expired Token",""
"passed","Fri Jul 31 03:15:59 UTC 2026","Fri Jul 31 03:15:59 UTC 2026","37","1.1 Team Hummingbird - BFF | WLW app","Technical Tests","rfq-marketing-controller","POST /public_api/rfq-marketing/trigger [NEG] Expired Token","","POST /public_api/rfq-marketing/trigger [NEG] Expired Token",""
"passed","Fri Jul 31 03:16:49 UTC 2026","Fri Jul 31 03:16:50 UTC 2026","385","4. Team CRM |CRM Staging","Business Scenarios Tests","Contacts","Edit Contact","","Edit Contact",""
"passed","Fri Jul 31 03:15:47 UTC 2026","Fri Jul 31 03:15:47 UTC 2026","30","1.1 Team Hummingbird - BFF | WLW app","Technical Tests","dynamic-links-controller","POST /public_api/branchio/dynamiclink [NEG] Forbidden Role Token","","POST /public_api/branchio/dynamiclink [NEG] Forbidden Role Token",""
"passed","Fri Jul 31 03:15:53 UTC 2026","Fri Jul 31 03:15:53 UTC 2026","32","1.1 Team Hummingbird - BFF | WLW app","Technical Tests","login-controller","DELETE /public_api/auth/sso/logout","","DELETE /public_api/auth/sso/logout",""
"passed","Fri Jul 31 03:14:37 UTC 2026","Fri Jul 31 03:14:37 UTC 2026","434","1 Team Hummingbird - BFF | EP app","Endpoint tests","Company","Product ID","","Product ID",""
"failed","Fri Jul 31 03:15:53 UTC 2026","Fri Jul 31 03:15:53 UTC 2026","12","1.1 Team Hummingbird - BFF | WLW app","Technical Tests","product-controller","GET /public_api/products [NEG] Expired Token","","GET /public_api/products [NEG] Expired Token",""
"passed","Fri Jul 31 03:23:56 UTC 2026","Fri Jul 31 03:23:56 UTC 2026","313","Dolphin","Technical","","","instoreSearchTest","instore search -- cpp/pdp with sort and leaf filter",""
"skipped","Fri Jul 31 03:13:47 UTC 2026","Fri Jul 31 03:13:47 UTC 2026","0","7. Team Pegasus | Pegasus Staging","Endpoints Tests","Supplier Registration","Manual VAT check","","Import vat",""
"failed","Fri Jul 31 03:15:38 UTC 2026","Fri Jul 31 03:15:38 UTC 2026","14","1.1 Team Hummingbird - BFF | WLW app","Technical Tests","company-controller","GET /public_api/suppliers/{companyID}/listings [NEG] Missing Auth/API-Key","","GET /public_api/suppliers/{companyID}/listings [NEG] Missing Auth/API-Key",""
"skipped","Fri Jul 31 03:13:47 UTC 2026","Fri Jul 31 03:13:47 UTC 2026","0","7. Team Pegasus | Pegasus Staging","Endpoints Tests","Supplier Registration","EP","","business_sectors - Get business sectors",""
"skipped","Fri Jul 31 03:20:04 UTC 2026","Fri Jul 31 03:20:04 UTC 2026","0","3 Team Techno - UCL","Functional Tests","Endpoint Tests","SponsoredBrand","","get SPB by id",""
"passed","Fri Jul 31 03:16:59 UTC 2026","Fri Jul 31 03:16:59 UTC 2026","71","4. Team CRM |CRM Staging","Endpoints Tests","(root)","Update Website Leads Fields with sf_id","","Update Website Leads Fields with sf_id",""
"skipped","Fri Jul 31 03:14:34 UTC 2026","Fri Jul 31 03:14:34 UTC 2026","0","1 Team Hummingbird - BFF | EP app","Business Scenario Tests","(empty)","(empty)","","Business Scenario Tests - empty",""
"skipped","Fri Jul 31 03:13:47 UTC 2026","Fri Jul 31 03:13:47 UTC 2026","0","7. Team Pegasus | Pegasus Staging","Business Scenarios Tests","Business Insights","Dashboard smoke flow","","Activity by uuid",""
"passed","Fri Jul 31 03:15:32 UTC 2026","Fri Jul 31 03:15:33 UTC 2026","101","1.1 Team Hummingbird - BFF | WLW app","Endpoint tests","Conversations","translate message","","translate message",""
"skipped","Fri Jul 31 03:13:47 UTC 2026","Fri Jul 31 03:13:47 UTC 2026","0","7. Team Pegasus | Pegasus Staging","Business Scenarios Tests","Business Insights","Dashboard smoke flow","","Admin BI",""
"passed","Fri Jul 31 03:23:55 UTC 2026","Fri Jul 31 03:23:55 UTC 2026","98","Dolphin","Functional","","","EPZeroResultProductRecommendTest","Recommend products in 0 result search list page v1 -- ep",""
"passed","Fri Jul 31 03:16:57 UTC 2026","Fri Jul 31 03:16:57 UTC 2026","464","4. Team CRM |CRM Staging","Business Scenarios Tests","Cases","Smoke Test for Case Creation","","Smoke Test for Case Creation",""
"failed","Fri Jul 31 03:14:34 UTC 2026","Fri Jul 31 03:14:34 UTC 2026","103","1 Team Hummingbird - BFF | EP app","Endpoint tests","Login","user Info","","user Info",""
"failed","Fri Jul 31 03:16:05 UTC 2026","Fri Jul 31 03:16:05 UTC 2026","11","1.1 Team Hummingbird - BFF | WLW app","Technical Tests","supplier-visitors-controller","GET /public_api/suppliers/{supplier_id}/visits/csv","","GET /public_api/suppliers/{supplier_id}/visits/csv",""
"passed","Fri Jul 31 03:15:52 UTC 2026","Fri Jul 31 03:15:52 UTC 2026","32","1.1 Team Hummingbird - BFF | WLW app","Technical Tests","login-controller","POST /public_api/auth/code/resend","","POST /public_api/auth/code/resend",""
"passed","Fri Jul 31 03:15:52 UTC 2026","Fri Jul 31 03:15:52 UTC 2026","19","1.1 Team Hummingbird - BFF | WLW app","Technical Tests","login-controller","POST /public_api/auth/code/verify [NEG] Missing Auth/API-Key","","POST /public_api/auth/code/verify [NEG] Missing Auth/API-Key",""
"skipped","Fri Jul 31 03:13:47 UTC 2026","Fri Jul 31 03:13:47 UTC 2026","0","7. Team Pegasus | Pegasus Staging","Endpoints Tests","Visitors","Java (statistics-app)","","WSL pixel",""
"failed","Fri Jul 31 03:14:40 UTC 2026","Fri Jul 31 03:14:40 UTC 2026","370","1 Team Hummingbird - BFF | EP app","Endpoint tests","Conversations","send file message","","send file message",""
"skipped","Fri Jul 31 03:13:47 UTC 2026","Fri Jul 31 03:13:47 UTC 2026","0","7. Team Pegasus | Pegasus Staging","Endpoints Tests","Business Insights","Graph","","Graph",""
"failed","Fri Jul 31 03:15:57 UTC 2026","Fri Jul 31 03:15:57 UTC 2026","14","1.1 Team Hummingbird - BFF | WLW app","Technical Tests","push-notification-by-email-controller","GET /v1/pushNotification","","GET /v1/pushNotification",""
"passed","Fri Jul 31 03:15:31 UTC 2026","Fri Jul 31 03:15:31 UTC 2026","193","1.1 Team Hummingbird - BFF | WLW app","Endpoint tests","Homepage, products","product recommendations FR","","product recommendations FR",""
"skipped","Fri Jul 31 03:13:47 UTC 2026","Fri Jul 31 03:13:47 UTC 2026","0","7. Team Pegasus | Pegasus Staging","Business Scenarios Tests","Supplier Facts","API register, publish, and verify in UI","","2. Complete registration (user + company)",""
"passed","Fri Jul 31 03:15:28 UTC 2026","Fri Jul 31 03:15:28 UTC 2026","20","1.1 Team Hummingbird - BFF | WLW app","Endpoint tests","Support","Supportmasterdata_FR","","Supportmasterdata_FR",""
"failed","Fri Jul 31 03:15:54 UTC 2026","Fri Jul 31 03:15:54 UTC 2026","14","1.1 Team Hummingbird - BFF | WLW app","Technical Tests","product-controller","GET /public_api/companies/{supplierPublicId}/products [SEC] Injection Probe","","GET /public_api/companies/{supplierPublicId}/products [SEC] Injection Probe",""
"failed","Fri Jul 31 03:14:40 UTC 2026","Fri Jul 31 03:14:40 UTC 2026","552","1 Team Hummingbird - BFF | EP app","Endpoint tests","Conversations","user conversations to decline request","","user conversations to decline request",""
"passed","Fri Jul 31 03:15:33 UTC 2026","Fri Jul 31 03:15:33 UTC 2026","132","1.1 Team Hummingbird - BFF | WLW app","Endpoint tests","Conversations","mark as read","","mark as read",""
"skipped","Fri Jul 31 03:20:04 UTC 2026","Fri Jul 31 03:20:04 UTC 2026","0","3 Team Techno - UCL","Technical Tests","WebsiteLead","GET /unified_commercial_logic/internal_api/api/website_lead/ - Retrieve WebsiteLead List","","GET /unified_commercial_logic/internal_api/api/website_lead/ - Retrieve WebsiteLead List",""
"passed","Fri Jul 31 03:16:48 UTC 2026","Fri Jul 31 03:16:49 UTC 2026","353","4. Team CRM |CRM Staging","Business Scenarios Tests","Tasks","Change  Assigned To","","Change  Assigned To",""
"passed","Fri Jul 31 03:13:40 UTC 2026","Fri Jul 31 03:13:40 UTC 2026","13","2 Team Dragon - BFF | RFQ Backend","Technical Tests","(root)","GET /v1/categories - CPV list (schema + contract)","","GET /v1/categories - CPV list (schema + contract)",""
"broken","Fri Jul 31 03:19:57 UTC 2026","Fri Jul 31 03:20:18 UTC 2026","20024","Dolphin","Technical","","","recallSecondPageTest","AI Search recall: pagination page 2",""
"passed","Fri Jul 31 03:16:58 UTC 2026","Fri Jul 31 03:16:58 UTC 2026","39","4. Team CRM |CRM Staging","Endpoints Tests","(root)","get responsible user","","get responsible user",""
"passed","Fri Jul 31 03:16:54 UTC 2026","Fri Jul 31 03:16:56 UTC 2026","1527","4. Team CRM |CRM Staging","Business Scenarios Tests","Lead","Create a  lead","","Create a  lead",""
"passed","Fri Jul 31 03:16:55 UTC 2026","Fri Jul 31 03:16:55 UTC 2026","108","4. Team CRM |CRM Staging","Business Scenarios Tests","Lead","Smoke test for Conversion","","Smoke test for Conversion",""
"passed","Fri Jul 31 03:16:52 UTC 2026","Fri Jul 31 03:16:56 UTC 2026","4209","4. Team CRM |CRM Staging","Business Scenarios Tests","Account","Trigger SAP Customer number","","Trigger SAP Customer number",""
"broken","Fri Jul 31 03:14:22 UTC 2026","Fri Jul 31 03:14:22 UTC 2026","514","Bamboo","Functional","","","findCategoryByIdTest","findCategoryById",""
"failed","Fri Jul 31 03:15:36 UTC 2026","Fri Jul 31 03:15:36 UTC 2026","13","1.1 Team Hummingbird - BFF | WLW app","Technical Tests","categories-controller","GET /preferred/categories","","GET /preferred/categories",""
"broken","Fri Jul 31 03:14:22 UTC 2026","Fri Jul 31 03:14:23 UTC 2026","560","Bamboo","Technical","","","leafCategoryPredictTest","leafCategoryPredict",""
"passed","Fri Jul 31 03:15:47 UTC 2026","Fri Jul 31 03:15:48 UTC 2026","43","1.1 Team Hummingbird - BFF | WLW app","Technical Tests","feedback-controller","POST /v1/feedback","","POST /v1/feedback",""
"failed","Fri Jul 31 03:14:41 UTC 2026","Fri Jul 31 03:14:41 UTC 2026","117","1 Team Hummingbird - BFF | EP app","Endpoint tests","Conversations","dynamic link conversation","","dynamic link conversation",""
"skipped","Fri Jul 31 03:13:47 UTC 2026","Fri Jul 31 03:13:47 UTC 2026","0","7. Team Pegasus | Pegasus Staging","Endpoints Tests","Supplier Registration","EP","","keywords - Search for keywords",""
"skipped","Fri Jul 31 03:13:47 UTC 2026","Fri Jul 31 03:13:47 UTC 2026","0","7. Team Pegasus | Pegasus Staging","Business Scenarios Tests","Supplier Facts","Company create and update for UI","","Create company",""
"skipped","Fri Jul 31 03:15:26 UTC 2026","Fri Jul 31 03:15:26 UTC 2026","0","1.1 Team Hummingbird - BFF | WLW app","Business Scenario Tests","(empty)","(empty)","","Business Scenario Tests - empty",""
"passed","Fri Jul 31 03:15:49 UTC 2026","Fri Jul 31 03:15:49 UTC 2026","34","1.1 Team Hummingbird - BFF | WLW app","Technical Tests","feedback-controller","GET /feedback/subject [NEG] Forbidden Role Token","","GET /feedback/subject [NEG] Forbidden Role Token",""
"passed","Fri Jul 31 03:15:39 UTC 2026","Fri Jul 31 03:15:39 UTC 2026","36","1.1 Team Hummingbird - BFF | WLW app","Technical Tests","company-controller","GET /public_api/company/{id} [NEG] Expired Token","","GET /public_api/company/{id} [NEG] Expired Token",""
"passed","Fri Jul 31 03:15:55 UTC 2026","Fri Jul 31 03:15:55 UTC 2026","29","1.1 Team Hummingbird - BFF | WLW app","Technical Tests","purchaser-user-setting-controller","PUT /userSetting/{id} [NEG] Missing Auth/API-Key","","PUT /userSetting/{id} [NEG] Missing Auth/API-Key",""
"passed","Fri Jul 31 03:16:56 UTC 2026","Fri Jul 31 03:16:56 UTC 2026","0","4. Team CRM |CRM Staging","Business Scenarios Tests","Contacts","Smoke test for Create Contact & Verify HubSpot Sync","","Smoke test for Create Contact & Verify HubSpot Sync",""
"skipped","Fri Jul 31 03:13:47 UTC 2026","Fri Jul 31 03:13:47 UTC 2026","0","7. Team Pegasus | Pegasus Staging","Endpoints Tests","Supplier Registration","Manual VAT check","","vat/check - Validate VAT number",""
"failed","Fri Jul 31 03:15:33 UTC 2026","Fri Jul 31 03:15:33 UTC 2026","104","1.1 Team Hummingbird - BFF | WLW app","Endpoint tests","Conversations","Decline RFQ","","Decline RFQ",""
"passed","Fri Jul 31 03:15:54 UTC 2026","Fri Jul 31 03:15:55 UTC 2026","36","1.1 Team Hummingbird - BFF | WLW app","Technical Tests","purchaser-support-controller","GET /support-master-data","","GET /support-master-data",""
"passed","Fri Jul 31 03:15:42 UTC 2026","Fri Jul 31 03:15:42 UTC 2026","33","1.1 Team Hummingbird - BFF | WLW app","Technical Tests","conversation-controller","POST /public_api/conversation/userConversations/{conversationId}/messages/{messageId}/translate [NEG] Expired Token","","POST /public_api/conversation/userConversations/{conversationId}/messages/{messageId}/translate [NEG] Expired Token",""
"failed","Fri Jul 31 03:15:44 UTC 2026","Fri Jul 31 03:15:44 UTC 2026","14","1.1 Team Hummingbird - BFF | WLW app","Technical Tests","conversation-controller","GET /public_api/conversation/userConversations/{userId}/unreadCount/","","GET /public_api/conversation/userConversations/{userId}/unreadCount/",""
"passed","Fri Jul 31 03:15:53 UTC 2026","Fri Jul 31 03:15:53 UTC 2026","28","1.1 Team Hummingbird - BFF | WLW app","Technical Tests","login-controller","POST /public_api/auth/changePassword [NEG] Forbidden Role Token","","POST /public_api/auth/changePassword [NEG] Forbidden Role Token",""
"failed","Fri Jul 31 03:16:04 UTC 2026","Fri Jul 31 03:16:04 UTC 2026","14","1.1 Team Hummingbird - BFF | WLW app","Technical Tests","search-term-controller","POST /public_api/search/track [NEG] Forbidden Role Token","","POST /public_api/search/track [NEG] Forbidden Role Token",""
"failed","Fri Jul 31 03:15:36 UTC 2026","Fri Jul 31 03:15:36 UTC 2026","14","1.1 Team Hummingbird - BFF | WLW app","Technical Tests","ai-company-search-controller","GET /public_api/search/ai/company/stream/mock [SEC] Injection Probe","","GET /public_api/search/ai/company/stream/mock [SEC] Injection Probe",""
"passed","Fri Jul 31 03:16:51 UTC 2026","Fri Jul 31 03:16:52 UTC 2026","859","4. Team CRM |CRM Staging","Business Scenarios Tests","Account","Account for Contact","","Account for Contact",""
"failed","Fri Jul 31 03:15:54 UTC 2026","Fri Jul 31 03:15:54 UTC 2026","12","1.1 Team Hummingbird - BFF | WLW app","Technical Tests","product-controller","GET /public_api/companies/{supplierPublicId}/products","","GET /public_api/companies/{supplierPublicId}/products",""
"broken","Fri Jul 31 03:22:38 UTC 2026","Fri Jul 31 03:22:58 UTC 2026","20023","Dolphin","Technical","","","termRecommendTest","AI Search term recommend API",""
"broken","Fri Jul 31 03:19:17 UTC 2026","Fri Jul 31 03:19:37 UTC 2026","20016","Dolphin","Technical","","","recallPageZeroNormalizedTest","AI Search recall: page=0 normalized, still success",""
"passed","Fri Jul 31 03:23:38 UTC 2026","Fri Jul 31 03:23:39 UTC 2026","193","Dolphin","Technical","","","productTextSearchBlankQueryTest","AI product text search recall: blank query → empty success",""
"passed","Fri Jul 31 03:16:48 UTC 2026","Fri Jul 31 03:16:49 UTC 2026","1031","4. Team CRM |CRM Staging","Business Scenarios Tests","Tasks","Smoke test Create task","","Smoke test Create task",""
"passed","Fri Jul 31 03:15:51 UTC 2026","Fri Jul 31 03:15:51 UTC 2026","36","1.1 Team Hummingbird - BFF | WLW app","Technical Tests","login-controller","POST /public_api/auth/resetPassword [NEG] Forbidden Role Token","","POST /public_api/auth/resetPassword [NEG] Forbidden Role Token",""
"passed","Fri Jul 31 03:15:55 UTC 2026","Fri Jul 31 03:15:55 UTC 2026","20","1.1 Team Hummingbird - BFF | WLW app","Technical Tests","purchaser-support-controller","GET /support-master-data [NEG] Missing Auth/API-Key","","GET /support-master-data [NEG] Missing Auth/API-Key",""
"failed","Fri Jul 31 03:15:38 UTC 2026","Fri Jul 31 03:15:38 UTC 2026","14","1.1 Team Hummingbird - BFF | WLW app","Technical Tests","company-controller","GET /public_api/suppliers/{companyID}/listings [NEG] Expired Token","","GET /public_api/suppliers/{companyID}/listings [NEG] Expired Token",""
"skipped","Fri Jul 31 03:13:47 UTC 2026","Fri Jul 31 03:13:47 UTC 2026","0","7. Team Pegasus | Pegasus Staging","Endpoints Tests","Shop Import & Onboarding Backend","/offers/topCategories","","/offers/topCategories",""
"failed","Fri Jul 31 03:16:03 UTC 2026","Fri Jul 31 03:16:03 UTC 2026","14","1.1 Team Hummingbird - BFF | WLW app","Technical Tests","search-controller","GET /public_api/categories/recommendations [NEG] Missing Auth/API-Key","","GET /public_api/categories/recommendations [NEG] Missing Auth/API-Key",""
"passed","Fri Jul 31 03:15:50 UTC 2026","Fri Jul 31 03:15:50 UTC 2026","16","1.1 Team Hummingbird - BFF | WLW app","Technical Tests","login-controller","POST /public_api/auth/sso/login [NEG] Missing Auth/API-Key","","POST /public_api/auth/sso/login [NEG] Missing Auth/API-Key",""
"passed","Fri Jul 31 03:15:38 UTC 2026","Fri Jul 31 03:15:38 UTC 2026","39","1.1 Team Hummingbird - BFF | WLW app","Technical Tests","categories-controller","GET /public_api/categories/homepage [NEG] Forbidden Role Token","","GET /public_api/categories/homepage [NEG] Forbidden Role Token",""
"passed","Fri Jul 31 03:15:28 UTC 2026","Fri Jul 31 03:15:29 UTC 2026","52","1.1 Team Hummingbird - BFF | WLW app","Endpoint tests","Company","Company ID EN","","Company ID EN",""
"passed","Fri Jul 31 03:15:28 UTC 2026","Fri Jul 31 03:15:28 UTC 2026","21","1.1 Team Hummingbird - BFF | WLW app","Endpoint tests","Support","currency daily rates","","currency daily rates",""
"skipped","Fri Jul 31 03:13:47 UTC 2026","Fri Jul 31 03:13:47 UTC 2026","0","7. Team Pegasus | Pegasus Staging","Endpoints Tests","Visitors","Elixir (supplier-app)","","Countries by uuid",""
"passed","Fri Jul 31 03:14:23 UTC 2026","Fri Jul 31 03:14:23 UTC 2026","43","Bamboo","Functional","","","listTopCategoriesTest","list top Categories",""
"failed","Fri Jul 31 03:16:06 UTC 2026","Fri Jul 31 03:16:06 UTC 2026","13","1.1 Team Hummingbird - BFF | WLW app","Technical Tests","trending-products-controller","GET /public_api/trending/products [NEG] Expired Token","","GET /public_api/trending/products [NEG] Expired Token",""
"passed","Fri Jul 31 03:16:57 UTC 2026","Fri Jul 31 03:16:57 UTC 2026","490","4. Team CRM |CRM Staging","Business Scenarios Tests","Meetings","Smoke Test for Meeting","","Smoke Test for Meeting",""
"passed","Fri Jul 31 03:17:01 UTC 2026","Fri Jul 31 03:17:01 UTC 2026","45","4. Team CRM |CRM Staging","Endpoints Tests","(root)","resolve individual id bulk","","resolve individual id bulk",""
"skipped","Fri Jul 31 03:13:47 UTC 2026","Fri Jul 31 03:13:47 UTC 2026","0","7. Team Pegasus | Pegasus Staging","Endpoints Tests","Business Insights","Dashboard","","Dashboard",""
"passed","Fri Jul 31 03:16:03 UTC 2026","Fri Jul 31 03:16:03 UTC 2026","36","1.1 Team Hummingbird - BFF | WLW app","Technical Tests","search-controller","GET /public_api/categories/recommendations [SEC] Injection Probe","","GET /public_api/categories/recommendations [SEC] Injection Probe",""
"failed","Fri Jul 31 03:16:05 UTC 2026","Fri Jul 31 03:16:05 UTC 2026","13","1.1 Team Hummingbird - BFF | WLW app","Technical Tests","supplier-visitors-controller","GET /public_api/suppliers/{supplier_id}/visits/csv [NEG] Expired Token","","GET /public_api/suppliers/{supplier_id}/visits/csv [NEG] Expired Token",""
"failed","Fri Jul 31 03:14:40 UTC 2026","Fri Jul 31 03:14:40 UTC 2026","348","1 Team Hummingbird - BFF | EP app","Endpoint tests","Contact request","Product request","","Product request",""
"passed","Fri Jul 31 03:16:07 UTC 2026","Fri Jul 31 03:16:07 UTC 2026","15","1.1 Team Hummingbird - BFF | WLW app","Technical Tests","user-controller","GET /public_api/user/userInfo [NEG] Missing Auth/API-Key","","GET /public_api/user/userInfo [NEG] Missing Auth/API-Key",""
"passed","Fri Jul 31 03:16:53 UTC 2026","Fri Jul 31 03:16:53 UTC 2026","478","4. Team CRM |CRM Staging","Business Scenarios Tests","Create and edit a contact","Edit contact","","Edit contact",""
"failed","Fri Jul 31 03:15:45 UTC 2026","Fri Jul 31 03:15:45 UTC 2026","14","1.1 Team Hummingbird - BFF | WLW app","Technical Tests","conversation-controller","GET /public_api/conversation/userConversations/{conversationId}/file/ [NEG] Missing Auth/API-Key","","GET /public_api/conversation/userConversations/{conversationId}/file/ [NEG] Missing Auth/API-Key",""
"passed","Fri Jul 31 03:16:50 UTC 2026","Fri Jul 31 03:16:50 UTC 2026","319","4. Team CRM |CRM Staging","Business Scenarios Tests","Quote","Check Quote","","Check Quote",""
"passed","Fri Jul 31 03:16:59 UTC 2026","Fri Jul 31 03:17:00 UTC 2026","676","4. Team CRM |CRM Staging","Endpoints Tests","(root)","Create Note with sf id","","Create Note with sf id",""
"passed","Fri Jul 31 03:15:47 UTC 2026","Fri Jul 31 03:15:47 UTC 2026","33","1.1 Team Hummingbird - BFF | WLW app","Technical Tests","euro-pages-controller","DELETE /public_api/euro-pages/auth/delete","","DELETE /public_api/euro-pages/auth/delete",""
"failed","Fri Jul 31 03:15:32 UTC 2026","Fri Jul 31 03:15:32 UTC 2026","378","1.1 Team Hummingbird - BFF | WLW app","Endpoint tests","Contact request","QDR request","","QDR request",""
"passed","Fri Jul 31 03:13:39 UTC 2026","Fri Jul 31 03:13:39 UTC 2026","5","2 Team Dragon - BFF | RFQ Backend","Functional Tests","(root)","Assertions Summary (Doc)","","Assertions Summary (Doc)",""
"failed","Fri Jul 31 03:15:57 UTC 2026","Fri Jul 31 03:15:57 UTC 2026","11","1.1 Team Hummingbird - BFF | WLW app","Technical Tests","push-notification-by-email-controller","GET /v1/pushNotification [NEG] Expired Token","","GET /v1/pushNotification [NEG] Expired Token",""
"failed","Fri Jul 31 03:15:36 UTC 2026","Fri Jul 31 03:15:36 UTC 2026","34","1.1 Team Hummingbird - BFF | WLW app","Technical Tests","categories-controller","GET /preferred/categories [NEG] Expired Token","","GET /preferred/categories [NEG] Expired Token",""
"passed","Fri Jul 31 03:14:36 UTC 2026","Fri Jul 31 03:14:36 UTC 2026","21","1 Team Hummingbird - BFF | EP app","Endpoint tests","Mobile_Feedback","Feedback Subject_EN","","Feedback Subject_EN",""
"skipped","Fri Jul 31 03:13:47 UTC 2026","Fri Jul 31 03:13:47 UTC 2026","0","7. Team Pegasus | Pegasus Staging","Endpoints Tests","Business Insights","Company","","Company",""
"passed","Fri Jul 31 03:15:58 UTC 2026","Fri Jul 31 03:15:58 UTC 2026","35","1.1 Team Hummingbird - BFF | WLW app","Technical Tests","rfq-controller","POST /public_api/connect/purchaser/tenders [NEG] Forbidden Role Token","","POST /public_api/connect/purchaser/tenders [NEG] Forbidden Role Token",""
"failed","Fri Jul 31 03:15:53 UTC 2026","Fri Jul 31 03:15:53 UTC 2026","13","1.1 Team Hummingbird - BFF | WLW app","Technical Tests","product-controller","GET /public_api/products [NEG] Missing Auth/API-Key","","GET /public_api/products [NEG] Missing Auth/API-Key",""
"passed","Fri Jul 31 03:13:40 UTC 2026","Fri Jul 31 03:13:40 UTC 2026","6","2 Team Dragon - BFF | RFQ Backend","Technical Tests","(root)","GET /v1/user - User Info + Roles + Negative Auth","","GET /v1/user - User Info + Roles + Negative Auth",""
"passed","Fri Jul 31 03:23:52 UTC 2026","Fri Jul 31 03:23:53 UTC 2026","767","Dolphin","Technical","","","productTextSearchTest","AI product text search recall API",""
"passed","Fri Jul 31 03:14:35 UTC 2026","Fri Jul 31 03:14:35 UTC 2026","19","1 Team Hummingbird - BFF | EP app","Endpoint tests","Support","Supportmasterdata_DE","","Supportmasterdata_DE",""
"failed","Fri Jul 31 03:15:37 UTC 2026","Fri Jul 31 03:15:37 UTC 2026","12","1.1 Team Hummingbird - BFF | WLW app","Technical Tests","categories-controller","PUT /preferred/categories [NEG] Missing Auth/API-Key","","PUT /preferred/categories [NEG] Missing Auth/API-Key",""
"passed","Fri Jul 31 03:16:52 UTC 2026","Fri Jul 31 03:16:52 UTC 2026","114","4. Team CRM |CRM Staging","Business Scenarios Tests","Account","Smoke test : Account + Contact + SAP","","Smoke test : Account + Contact + SAP",""
"passed","Fri Jul 31 03:16:02 UTC 2026","Fri Jul 31 03:16:02 UTC 2026","32","1.1 Team Hummingbird - BFF | WLW app","Technical Tests","search-controller","GET /public_api/search/ai/tabChange","","GET /public_api/search/ai/tabChange",""
"skipped","Fri Jul 31 03:16:48 UTC 2026","Fri Jul 31 03:16:48 UTC 2026","0","4. Team CRM |CRM Staging","Endpoints Tests","Activities","(empty)","","Endpoints Tests / Activities - empty",""
"passed","Fri Jul 31 03:15:29 UTC 2026","Fri Jul 31 03:15:30 UTC 2026","196","1.1 Team Hummingbird - BFF | WLW app","Endpoint tests","Company","branchIO dynamic link, share CPP","","branchIO dynamic link, share CPP",""
"failed","Fri Jul 31 03:16:00 UTC 2026","Fri Jul 31 03:16:00 UTC 2026","18","1.1 Team Hummingbird - BFF | WLW app","Technical Tests","search-controller","GET /public_api/suppliers/recommendations [NEG] Forbidden Role Token","","GET /public_api/suppliers/recommendations [NEG] Forbidden Role Token",""
"skipped","Fri Jul 31 03:13:47 UTC 2026","Fri Jul 31 03:13:47 UTC 2026","0","7. Team Pegasus | Pegasus Staging","Business Scenarios Tests","Business Insights","Dashboard smoke flow","","Activity",""
"failed","Fri Jul 31 03:15:29 UTC 2026","Fri Jul 31 03:15:29 UTC 2026","60","1.1 Team Hummingbird - BFF | WLW app","Endpoint tests","Company","Companies / products DE","","Companies / products DE",""
"passed","Fri Jul 31 03:16:06 UTC 2026","Fri Jul 31 03:16:06 UTC 2026","36","1.1 Team Hummingbird - BFF | WLW app","Technical Tests","trending-products-controller","POST /public_api/trending/import [NEG] Forbidden Role Token","","POST /public_api/trending/import [NEG] Forbidden Role Token",""
"passed","Fri Jul 31 03:15:53 UTC 2026","Fri Jul 31 03:15:53 UTC 2026","40","1.1 Team Hummingbird - BFF | WLW app","Technical Tests","login-controller","DELETE /public_api/auth/sso/logout [NEG] Expired Token","","DELETE /public_api/auth/sso/logout [NEG] Expired Token",""
"failed","Fri Jul 31 03:16:01 UTC 2026","Fri Jul 31 03:16:01 UTC 2026","14","1.1 Team Hummingbird - BFF | WLW app","Technical Tests","search-controller","GET /public_api/search/products [NEG] Forbidden Role Token","","GET /public_api/search/products [NEG] Forbidden Role Token",""
"skipped","Fri Jul 31 03:13:47 UTC 2026","Fri Jul 31 03:13:47 UTC 2026","0","7. Team Pegasus | Pegasus Staging","Endpoints Tests","Supplier Registration","EP","","leads/get - Get a lead",""
"passed","Fri Jul 31 03:15:56 UTC 2026","Fri Jul 31 03:15:56 UTC 2026","33","1.1 Team Hummingbird - BFF | WLW app","Technical Tests","purchaser-user-setting-controller","POST /userSetting/ [NEG] Expired Token","","POST /userSetting/ [NEG] Expired Token",""
"passed","Fri Jul 31 03:16:57 UTC 2026","Fri Jul 31 03:16:57 UTC 2026","75","4. Team CRM |CRM Staging","Endpoints Tests","(root)","duplicate records","","duplicate records",""
"passed","Fri Jul 31 03:15:31 UTC 2026","Fri Jul 31 03:15:31 UTC 2026","23","1.1 Team Hummingbird - BFF | WLW app","Endpoint tests","Homepage, products","categories/homepage","","categories/homepage",""
"passed","Fri Jul 31 03:16:08 UTC 2026","Fri Jul 31 03:16:08 UTC 2026","32","1.1 Team Hummingbird - BFF | WLW app","Technical Tests","user-controller","PUT /public_api/user/userInfo [NEG] Forbidden Role Token","","PUT /public_api/user/userInfo [NEG] Forbidden Role Token",""
"failed","Fri Jul 31 03:14:34 UTC 2026","Fri Jul 31 03:14:35 UTC 2026","133","1 Team Hummingbird - BFF | EP app","Endpoint tests","Login","resend code","","resend code",""
"broken","Fri Jul 31 03:15:57 UTC 2026","Fri Jul 31 03:16:17 UTC 2026","20016","Dolphin","Functional","","","pvMatchTest","AI Search PV match (supplierAiMatch) API",""
"passed","Fri Jul 31 03:15:28 UTC 2026","Fri Jul 31 03:15:28 UTC 2026","64","1.1 Team Hummingbird - BFF | WLW app","Endpoint tests","Support","notifications list","","notifications list",""
"passed","Fri Jul 31 03:14:35 UTC 2026","Fri Jul 31 03:14:35 UTC 2026","24","1 Team Hummingbird - BFF | EP app","Endpoint tests","Support","Support FAQ_FR","","Support FAQ_FR",""
"skipped","Fri Jul 31 03:13:47 UTC 2026","Fri Jul 31 03:13:47 UTC 2026","0","7. Team Pegasus | Pegasus Staging","Endpoints Tests","Shop Import & Onboarding Backend","/offers/fetchCategory","","/offers/fetchCategory",""
"passed","Fri Jul 31 03:15:32 UTC 2026","Fri Jul 31 03:15:32 UTC 2026","328","1.1 Team Hummingbird - BFF | WLW app","Endpoint tests","Conversations","user conversations","","user conversations",""
"failed","Fri Jul 31 03:15:37 UTC 2026","Fri Jul 31 03:15:37 UTC 2026","14","1.1 Team Hummingbird - BFF | WLW app","Technical Tests","categories-controller","PUT /preferred/categories [NEG] Expired Token","","PUT /preferred/categories [NEG] Expired Token",""
"failed","Fri Jul 31 03:16:01 UTC 2026","Fri Jul 31 03:16:01 UTC 2026","14","1.1 Team Hummingbird - BFF | WLW app","Technical Tests","search-controller","GET /public_api/search/autoComplete [NEG] Forbidden Role Token","","GET /public_api/search/autoComplete [NEG] Forbidden Role Token",""
"broken","Fri Jul 31 03:15:37 UTC 2026","Fri Jul 31 03:15:57 UTC 2026","20023","Dolphin","Technical","","","pvMatchMissingQpInfoTest","AI Search PV match: missing qpInfo → business failure",""
"passed","Fri Jul 31 03:16:00 UTC 2026","Fri Jul 31 03:16:00 UTC 2026","34","1.1 Team Hummingbird - BFF | WLW app","Technical Tests","search-controller","GET /public_api/search [SEC] Injection Probe","","GET /public_api/search [SEC] Injection Probe",""
"failed","Fri Jul 31 03:15:57 UTC 2026","Fri Jul 31 03:15:57 UTC 2026","14","1.1 Team Hummingbird - BFF | WLW app","Technical Tests","push-notification-by-email-controller","GET /v1/pushNotification [NEG] Forbidden Role Token","","GET /v1/pushNotification [NEG] Forbidden Role Token",""
"failed","Fri Jul 31 03:15:58 UTC 2026","Fri Jul 31 03:15:58 UTC 2026","14","1.1 Team Hummingbird - BFF | WLW app","Technical Tests","push-notification-by-email-controller","PUT /v1/pushNotification [NEG] Missing Auth/API-Key","","PUT /v1/pushNotification [NEG] Missing Auth/API-Key",""
"broken","Fri Jul 31 03:20:38 UTC 2026","Fri Jul 31 03:20:58 UTC 2026","20016","Dolphin","Technical","","","recallSpecialCharQueryTest","AI Search recall: special-character query structure OK",""
"failed","Fri Jul 31 03:15:37 UTC 2026","Fri Jul 31 03:15:37 UTC 2026","15","1.1 Team Hummingbird - BFF | WLW app","Technical Tests","categories-controller","GET /preferred/categories [NEG] Forbidden Role Token","","GET /preferred/categories [NEG] Forbidden Role Token",""
"passed","Fri Jul 31 03:16:05 UTC 2026","Fri Jul 31 03:16:05 UTC 2026","33","1.1 Team Hummingbird - BFF | WLW app","Technical Tests","supplier-visitors-controller","GET /public_api/suppliers/{supplier_id}/visits/{id}","","GET /public_api/suppliers/{supplier_id}/visits/{id}",""
"failed","Fri Jul 31 03:16:03 UTC 2026","Fri Jul 31 03:16:03 UTC 2026","14","1.1 Team Hummingbird - BFF | WLW app","Technical Tests","search-controller","GET /public_api/products/recommendations [NEG] Forbidden Role Token","","GET /public_api/products/recommendations [NEG] Forbidden Role Token",""
"failed","Fri Jul 31 03:16:51 UTC 2026","Fri Jul 31 03:16:51 UTC 2026","474","4. Team CRM |CRM Staging","Business Scenarios Tests","Account","Verify HubSpot Sync","","Verify HubSpot Sync",""
"skipped","Fri Jul 31 03:13:47 UTC 2026","Fri Jul 31 03:13:47 UTC 2026","0","7. Team Pegasus | Pegasus Staging","Technical Tests","(empty)","(empty)","","Technical Tests - empty",""
"failed","Fri Jul 31 03:14:40 UTC 2026","Fri Jul 31 03:14:40 UTC 2026","146","1 Team Hummingbird - BFF | EP app","Endpoint tests","Conversations","File","","File",""
"passed","Fri Jul 31 03:16:55 UTC 2026","Fri Jul 31 03:17:00 UTC 2026","4109","4. Team CRM |CRM Staging","Business Scenarios Tests","Contacts","Create Contact","","Create Contact",""
"passed","Fri Jul 31 03:15:46 UTC 2026","Fri Jul 31 03:15:46 UTC 2026","18","1.1 Team Hummingbird - BFF | WLW app","Technical Tests","dynamic-links-controller","POST /public_api/branchio/dynamiclink [NEG] Missing Auth/API-Key","","POST /public_api/branchio/dynamiclink [NEG] Missing Auth/API-Key",""
"skipped","Fri Jul 31 03:16:48 UTC 2026","Fri Jul 31 03:16:48 UTC 2026","0","4. Team CRM |CRM Staging","Endpoints Tests","Leads","(empty)","","Endpoints Tests / Leads - empty",""
"failed","Fri Jul 31 03:15:32 UTC 2026","Fri Jul 31 03:15:32 UTC 2026","364","1.1 Team Hummingbird - BFF | WLW app","Endpoint tests","Conversations","user conversations to decline request","","user conversations to decline request",""
"failed","Fri Jul 31 03:15:35 UTC 2026","Fri Jul 31 03:15:35 UTC 2026","42","1.1 Team Hummingbird - BFF | WLW app","Technical Tests","ai-company-search-controller","GET /public_api/search/ai/company/search [NEG] Forbidden Role Token","","GET /public_api/search/ai/company/search [NEG] Forbidden Role Token",""
"broken","Fri Jul 31 03:19:57 UTC 2026","Fri Jul 31 03:20:18 UTC 2026","20024","Dolphin","Functional","","","recallSecondPageTest","AI Search recall: pagination page 2",""
"passed","Fri Jul 31 03:15:50 UTC 2026","Fri Jul 31 03:15:50 UTC 2026","32","1.1 Team Hummingbird - BFF | WLW app","Technical Tests","login-controller","POST /public_api/auth/session/extend [NEG] Expired Token","","POST /public_api/auth/session/extend [NEG] Expired Token",""
"broken","Fri Jul 31 03:16:17 UTC 2026","Fri Jul 31 03:16:37 UTC 2026","20716","Dolphin","Technical","","","recallAlternateSortTest","AI Search recall: alternate sort (order_num_desc)",""
"failed","Fri Jul 31 03:15:55 UTC 2026","Fri Jul 31 03:15:55 UTC 2026","13","1.1 Team Hummingbird - BFF | WLW app","Technical Tests","purchaser-support-controller","GET /support-faq","","GET /support-faq",""
"failed","Fri Jul 31 03:15:38 UTC 2026","Fri Jul 31 03:15:38 UTC 2026","15","1.1 Team Hummingbird - BFF | WLW app","Technical Tests","company-controller","GET /public_api/suppliers/{companyID}/listings [SEC] Injection Probe","","GET /public_api/suppliers/{companyID}/listings [SEC] Injection Probe",""
"failed","Fri Jul 31 03:16:04 UTC 2026","Fri Jul 31 03:16:04 UTC 2026","14","1.1 Team Hummingbird - BFF | WLW app","Technical Tests","supplier-visitors-controller","GET /public_api/suppliers/{supplier_id}/visits [NEG] Forbidden Role Token","","GET /public_api/suppliers/{supplier_id}/visits [NEG] Forbidden Role Token",""
"passed","Fri Jul 31 03:15:29 UTC 2026","Fri Jul 31 03:15:30 UTC 2026","335","1.1 Team Hummingbird - BFF | WLW app","Endpoint tests","Company","branchIO dynamic link, share PDP","","branchIO dynamic link, share PDP",""
"passed","Fri Jul 31 03:15:31 UTC 2026","Fri Jul 31 03:15:31 UTC 2026","25","1.1 Team Hummingbird - BFF | WLW app","Endpoint tests","Homepage, products","preferred categories","","preferred categories",""
"passed","Fri Jul 31 03:14:35 UTC 2026","Fri Jul 31 03:14:35 UTC 2026","229","1 Team Hummingbird - BFF | EP app","Endpoint tests","User settings","user setting","","user setting",""
"skipped","Fri Jul 31 03:13:47 UTC 2026","Fri Jul 31 03:13:47 UTC 2026","0","7. Team Pegasus | Pegasus Staging","Endpoints Tests","Visitors","Elixir (supplier-app)","","Visitor details",""
"passed","Fri Jul 31 03:15:53 UTC 2026","Fri Jul 31 03:15:53 UTC 2026","33","1.1 Team Hummingbird - BFF | WLW app","Technical Tests","login-controller","DELETE /public_api/auth/sso/logout [NEG] Missing Auth/API-Key","","DELETE /public_api/auth/sso/logout [NEG] Missing Auth/API-Key",""
"passed","Fri Jul 31 03:15:43 UTC 2026","Fri Jul 31 03:15:43 UTC 2026","35","1.1 Team Hummingbird - BFF | WLW app","Technical Tests","conversation-controller","GET /public_api/conversation/userConversations [SEC] Injection Probe","","GET /public_api/conversation/userConversations [SEC] Injection Probe",""
"passed","Fri Jul 31 03:15:43 UTC 2026","Fri Jul 31 03:15:43 UTC 2026","33","1.1 Team Hummingbird - BFF | WLW app","Technical Tests","conversation-controller","POST /public_api/conversation/userConversations/{conversationId}/messages/file [NEG] Forbidden Role Token","","POST /public_api/conversation/userConversations/{conversationId}/messages/file [NEG] Forbidden Role Token",""
"passed","Fri Jul 31 03:16:51 UTC 2026","Fri Jul 31 03:16:52 UTC 2026","790","4. Team CRM |CRM Staging","Business Scenarios Tests","Account","Smoke Test Create Account with All Fields","","Smoke Test Create Account with All Fields",""
"passed","Fri Jul 31 03:14:36 UTC 2026","Fri Jul 31 03:14:36 UTC 2026","94","1 Team Hummingbird - BFF | EP app","Endpoint tests","Support","notifications list","","notifications list",""
"failed","Fri Jul 31 03:15:45 UTC 2026","Fri Jul 31 03:15:45 UTC 2026","16","1.1 Team Hummingbird - BFF | WLW app","Technical Tests","conversation-controller","GET /public_api/conversation/userConversations/{conversationId}/file [NEG] Forbidden Role Token","","GET /public_api/conversation/userConversations/{conversationId}/file [NEG] Forbidden Role Token",""
"failed","Fri Jul 31 03:15:46 UTC 2026","Fri Jul 31 03:15:46 UTC 2026","14","1.1 Team Hummingbird - BFF | WLW app","Technical Tests","conversation-controller","GET /public_api/conversation/userConversations/{conversationId}/file/ [NEG] Expired Token","","GET /public_api/conversation/userConversations/{conversationId}/file/ [NEG] Expired Token",""
"failed","Fri Jul 31 03:15:32 UTC 2026","Fri Jul 31 03:15:32 UTC 2026","66","1.1 Team Hummingbird - BFF | WLW app","Endpoint tests","Conversations","File","","File",""
"skipped","Fri Jul 31 03:20:04 UTC 2026","Fri Jul 31 03:20:04 UTC 2026","0","3 Team Techno - UCL","Technical Tests","SponsoredBrand","GET /unified_commercial_logic/internal_api/api/sponsored_brand_v1/{id} - Retrieve SponsoredBrandV1 By ID","","GET /unified_commercial_logic/internal_api/api/sponsored_brand_v1/{id} - Retrieve SponsoredBrandV1 By ID",""
"passed","Fri Jul 31 03:15:49 UTC 2026","Fri Jul 31 03:15:49 UTC 2026","37","1.1 Team Hummingbird - BFF | WLW app","Technical Tests","help-and-support-controller","POST /help [NEG] Missing Auth/API-Key","","POST /help [NEG] Missing Auth/API-Key",""
"skipped","Fri Jul 31 03:20:04 UTC 2026","Fri Jul 31 03:20:04 UTC 2026","0","3 Team Techno - UCL","Functional Tests","Endpoint Tests","Organization","","get organization for the given supplier_facts_uuid",""
"passed","Fri Jul 31 03:23:54 UTC 2026","Fri Jul 31 03:23:54 UTC 2026","249","Dolphin","Technical","","","EPHomepageProductRecommendTest","homepage product recommend -- ep",""
"failed","Fri Jul 31 03:14:34 UTC 2026","Fri Jul 31 03:14:35 UTC 2026","752","1 Team Hummingbird - BFF | EP app","Endpoint tests","Login","registration","","registration",""
"skipped","Fri Jul 31 03:13:47 UTC 2026","Fri Jul 31 03:13:47 UTC 2026","0","7. Team Pegasus | Pegasus Staging","Endpoints Tests","Visitors","Java (statistics-app)","","Filter types",""
"passed","Fri Jul 31 03:15:50 UTC 2026","Fri Jul 31 03:15:50 UTC 2026","35","1.1 Team Hummingbird - BFF | WLW app","Technical Tests","login-controller","POST /public_api/auth/sso/login [NEG] Forbidden Role Token","","POST /public_api/auth/sso/login [NEG] Forbidden Role Token",""
"passed","Fri Jul 31 03:16:56 UTC 2026","Fri Jul 31 03:16:58 UTC 2026","2062","4. Team CRM |CRM Staging","Business Scenarios Tests","Platform Profile","Smoke Test Create Platform Profile","","Smoke Test Create Platform Profile",""
"skipped","Fri Jul 31 03:13:47 UTC 2026","Fri Jul 31 03:13:47 UTC 2026","0","7. Team Pegasus | Pegasus Staging","Endpoints Tests","Shop Import & Onboarding Backend","/offers/categoryProperties","","/offers/categoryProperties",""
"passed","Fri Jul 31 03:14:36 UTC 2026","Fri Jul 31 03:14:36 UTC 2026","20","1 Team Hummingbird - BFF | EP app","Endpoint tests","Mobile_Feedback","Feedback Subject_FR","","Feedback Subject_FR",""
"passed","Fri Jul 31 03:14:40 UTC 2026","Fri Jul 31 03:14:42 UTC 2026","1484","1 Team Hummingbird - BFF | EP app","Endpoint tests","Conversations","new message","","new message",""
"passed","Fri Jul 31 03:13:39 UTC 2026","Fri Jul 31 03:13:39 UTC 2026","33","2 Team Dragon - BFF | RFQ Backend","Functional Tests","(root)","GET /v1/categories - Success","","GET /v1/categories - Success",""
"skipped","Fri Jul 31 03:13:47 UTC 2026","Fri Jul 31 03:13:47 UTC 2026","0","7. Team Pegasus | Pegasus Staging","Endpoints Tests","Business Insights","Scoring by uuid","","Scoring by uuid",""
"passed","Fri Jul 31 03:16:55 UTC 2026","Fri Jul 31 03:16:55 UTC 2026","203","4. Team CRM |CRM Staging","Business Scenarios Tests","WLW Price Compaigns","WLW_Price Compaigns","","WLW_Price Compaigns",""
"passed","Fri Jul 31 03:17:01 UTC 2026","Fri Jul 31 03:17:01 UTC 2026","45","4. Team CRM |CRM Staging","Endpoints Tests","(root)","resolve individual id bulk","","resolve individual id bulk",""
"passed","Fri Jul 31 03:14:35 UTC 2026","Fri Jul 31 03:14:35 UTC 2026","19","1 Team Hummingbird - BFF | EP app","Endpoint tests","Support","FAQ Alibaba","","FAQ Alibaba",""
"passed","Fri Jul 31 03:15:32 UTC 2026","Fri Jul 31 03:15:32 UTC 2026","192","1.1 Team Hummingbird - BFF | WLW app","Endpoint tests","Conversations","conversation id","","conversation id",""
"passed","Fri Jul 31 03:15:49 UTC 2026","Fri Jul 31 03:15:49 UTC 2026","39","1.1 Team Hummingbird - BFF | WLW app","Technical Tests","inside-business-controller","GET /public_api/inside_business [NEG] Expired Token","","GET /public_api/inside_business [NEG] Expired Token",""
"passed","Fri Jul 31 03:16:53 UTC 2026","Fri Jul 31 03:16:54 UTC 2026","675","4. Team CRM |CRM Staging","Business Scenarios Tests","Disable Hubspot","Change Hubspot to false","","Change Hubspot to false",""
"failed","Fri Jul 31 03:15:27 UTC 2026","Fri Jul 31 03:15:27 UTC 2026","42","1.1 Team Hummingbird - BFF | WLW app","Endpoint tests","Login","resend code","","resend code",""
"passed","Fri Jul 31 03:15:34 UTC 2026","Fri Jul 31 03:15:35 UTC 2026","74","1.1 Team Hummingbird - BFF | WLW app","Technical Tests","ai-company-search-controller","POST /public_api/search/ai/supplier/pv-match","","POST /public_api/search/ai/supplier/pv-match",""
"passed","Fri Jul 31 03:15:35 UTC 2026","Fri Jul 31 03:15:35 UTC 2026","73","1.1 Team Hummingbird - BFF | WLW app","Technical Tests","ai-company-search-controller","POST /public_api/search/ai/supplier/pv-match [NEG] Expired Token","","POST /public_api/search/ai/supplier/pv-match [NEG] Expired Token",""
"failed","Fri Jul 31 03:15:45 UTC 2026","Fri Jul 31 03:15:45 UTC 2026","15","1.1 Team Hummingbird - BFF | WLW app","Technical Tests","conversation-controller","GET /public_api/conversation/userConversations/{conversationId}/file [NEG] Expired Token","","GET /public_api/conversation/userConversations/{conversationId}/file [NEG] Expired Token",""
"passed","Fri Jul 31 03:15:35 UTC 2026","Fri Jul 31 03:15:35 UTC 2026","154","1.1 Team Hummingbird - BFF | WLW app","Technical Tests","ai-company-search-controller","POST /public_api/search/ai/supplier/pv-match [NEG] Missing Auth/API-Key","","POST /public_api/search/ai/supplier/pv-match [NEG] Missing Auth/API-Key",""
"failed","Fri Jul 31 03:17:00 UTC 2026","Fri Jul 31 03:17:00 UTC 2026","61","4. Team CRM |CRM Staging","Endpoints Tests","(root)","get company data via CRM id","","get company data via CRM id",""
"failed","Fri Jul 31 03:15:31 UTC 2026","Fri Jul 31 03:15:32 UTC 2026","392","1.1 Team Hummingbird - BFF | WLW app","Endpoint tests","Contact request","Callback request","","Callback request",""
"passed","Fri Jul 31 03:23:49 UTC 2026","Fri Jul 31 03:23:51 UTC 2026","1232","Dolphin","Technical","","","productTextSearchSecondPageTest","AI product text search recall: pagination page 2",""
"passed","Fri Jul 31 03:16:56 UTC 2026","Fri Jul 31 03:16:56 UTC 2026","217","4. Team CRM |CRM Staging","Business Scenarios Tests","Platform Profile","Update Platform Profile","","Update Platform Profile",""
"failed","Fri Jul 31 03:15:57 UTC 2026","Fri Jul 31 03:15:57 UTC 2026","16","1.1 Team Hummingbird - BFF | WLW app","Technical Tests","push-notification-by-email-controller","GET /v1/pushNotification [NEG] Missing Auth/API-Key","","GET /v1/pushNotification [NEG] Missing Auth/API-Key",""
"passed","Fri Jul 31 03:16:49 UTC 2026","Fri Jul 31 03:16:49 UTC 2026","353","4. Team CRM |CRM Staging","Business Scenarios Tests","Tasks","Change  Assigned To","","Change  Assigned To",""
"passed","Fri Jul 31 03:16:56 UTC 2026","Fri Jul 31 03:16:56 UTC 2026","0","4. Team CRM |CRM Staging","Business Scenarios Tests","Contacts","Smoke test for Create Contact & Verify HubSpot Sync","","Smoke test for Create Contact & Verify HubSpot Sync",""
"passed","Fri Jul 31 03:15:58 UTC 2026","Fri Jul 31 03:15:58 UTC 2026","33","1.1 Team Hummingbird - BFF | WLW app","Technical Tests","rfq-controller","POST /public_api/connect/purchaser/tenders/","","POST /public_api/connect/purchaser/tenders/",""
"passed","Fri Jul 31 03:16:58 UTC 2026","Fri Jul 31 03:16:58 UTC 2026","42","4. Team CRM |CRM Staging","Endpoints Tests","(root)","update SF","","update SF",""
"passed","Fri Jul 31 03:16:57 UTC 2026","Fri Jul 31 03:16:57 UTC 2026","702","4. Team CRM |CRM Staging","Business Scenarios Tests","Calls","Smoke test for call","","Smoke test for call",""
"skipped","Fri Jul 31 03:13:47 UTC 2026","Fri Jul 31 03:13:47 UTC 2026","0","7. Team Pegasus | Pegasus Staging","Business Scenarios Tests","Supplier Facts","API register, publish, and verify in UI","","3. Resolve company uuid by email",""
"passed","Fri Jul 31 03:16:49 UTC 2026","Fri Jul 31 03:16:49 UTC 2026","90","4. Team CRM |CRM Staging","Business Scenarios Tests","Tasks","Verify Change","","Verify Change",""
"failed","Fri Jul 31 03:15:38 UTC 2026","Fri Jul 31 03:15:38 UTC 2026","15","1.1 Team Hummingbird - BFF | WLW app","Technical Tests","company-controller","GET /public_api/company [NEG] Expired Token","","GET /public_api/company [NEG] Expired Token",""
"passed","Fri Jul 31 03:16:52 UTC 2026","Fri Jul 31 03:16:52 UTC 2026","191","4. Team CRM |CRM Staging","Business Scenarios Tests","Feedback","Trigger Feedback","","Trigger Feedback",""
"failed","Fri Jul 31 03:15:40 UTC 2026","Fri Jul 31 03:15:40 UTC 2026","13","1.1 Team Hummingbird - BFF | WLW app","Technical Tests","conversation-controller","PUT /public_api/conversation/userConversations/{conversationId}/messages/markAsRead [NEG] Forbidden Role Token","","PUT /public_api/conversation/userConversations/{conversationId}/messages/markAsRead [NEG] Forbidden Role Token",""
"failed","Fri Jul 31 03:15:56 UTC 2026","Fri Jul 31 03:15:56 UTC 2026","11","1.1 Team Hummingbird - BFF | WLW app","Technical Tests","purchaser-user-setting-controller","GET /userSetting [NEG] Forbidden Role Token","","GET /userSetting [NEG] Forbidden Role Token",""
"skipped","Fri Jul 31 03:13:47 UTC 2026","Fri Jul 31 03:13:47 UTC 2026","0","7. Team Pegasus | Pegasus Staging","Endpoints Tests","User & Company Context","Get user details by","","Get user details by",""
"passed","Fri Jul 31 03:23:55 UTC 2026","Fri Jul 31 03:23:55 UTC 2026","210","Dolphin","Functional","","","getProductsByCategoryTest","popular in category -- getProductsByCategory",""
"skipped","Fri Jul 31 03:13:47 UTC 2026","Fri Jul 31 03:13:47 UTC 2026","0","7. Team Pegasus | Pegasus Staging","Endpoints Tests","Supplier Registration","WLW","","categories - Endpoints for retrieving categories",""
"passed","Fri Jul 31 03:15:39 UTC 2026","Fri Jul 31 03:15:39 UTC 2026","36","1.1 Team Hummingbird - BFF | WLW app","Technical Tests","contact-form-controller","POST /public_api/contact-form/messages [NEG] Forbidden Role Token","","POST /public_api/contact-form/messages [NEG] Forbidden Role Token",""
"failed","Fri Jul 31 03:14:23 UTC 2026","Fri Jul 31 03:14:23 UTC 2026","15","Bamboo","Functional","","","listSubCategoriesTest","list sub Categories",""
"skipped","Fri Jul 31 03:13:47 UTC 2026","Fri Jul 31 03:13:47 UTC 2026","0","7. Team Pegasus | Pegasus Staging","Business Scenarios Tests","Visitors","Statistics visitor drill-down","","Countries",""
"passed","Fri Jul 31 03:23:56 UTC 2026","Fri Jul 31 03:23:56 UTC 2026","313","Dolphin","Functional","","","instoreSearchTest","instore search -- cpp/pdp with sort and leaf filter",""
"passed","Fri Jul 31 03:15:30 UTC 2026","Fri Jul 31 03:15:30 UTC 2026","73","1.1 Team Hummingbird - BFF | WLW app","Endpoint tests","Search","search autoComplete DE","","search autoComplete DE",""
"passed","Fri Jul 31 03:15:51 UTC 2026","Fri Jul 31 03:15:51 UTC 2026","16","1.1 Team Hummingbird - BFF | WLW app","Technical Tests","login-controller","POST /public_api/auth/password/login [NEG] Missing Auth/API-Key","","POST /public_api/auth/password/login [NEG] Missing Auth/API-Key",""
"failed","Fri Jul 31 03:13:49 UTC 2026","Fri Jul 31 03:13:49 UTC 2026","21","Arise","Functional","","","skwdAll","skwdAll",""
"failed","Fri Jul 31 03:15:46 UTC 2026","Fri Jul 31 03:15:46 UTC 2026","15","1.1 Team Hummingbird - BFF | WLW app","Technical Tests","conversation-controller","GET /public_api/conversation/userConversations/{conversationId}/file/ [NEG] Forbidden Role Token","","GET /public_api/conversation/userConversations/{conversationId}/file/ [NEG] Forbidden Role Token",""
"skipped","Fri Jul 31 03:13:47 UTC 2026","Fri Jul 31 03:13:47 UTC 2026","0","7. Team Pegasus | Pegasus Staging","Spike | Profiles link user to company","(root)","05 GET — Profile by email","","05 GET — Profile by email",""
"failed","Fri Jul 31 03:15:27 UTC 2026","Fri Jul 31 03:15:27 UTC 2026","58","1.1 Team Hummingbird - BFF | WLW app","Endpoint tests","Login","extend session","","extend session",""
"skipped","Fri Jul 31 03:13:47 UTC 2026","Fri Jul 31 03:13:47 UTC 2026","0","7. Team Pegasus | Pegasus Staging","Endpoints Tests","Supplier Facts (CPP)","Supplier Facts","","Supplier Facts",""
"passed","Fri Jul 31 03:15:44 UTC 2026","Fri Jul 31 03:15:44 UTC 2026","33","1.1 Team Hummingbird - BFF | WLW app","Technical Tests","conversation-controller","GET /public_api/conversation/userConversations/{userId}/unreadCount [SEC] Injection Probe","","GET /public_api/conversation/userConversations/{userId}/unreadCount [SEC] Injection Probe",""
"broken","Fri Jul 31 03:19:37 UTC 2026","Fri Jul 31 03:19:57 UTC 2026","20023","Dolphin","Functional","","","recallPaidSupplierFilterTest","AI Search recall: paid supplier filter (verified=true)",""
"passed","Fri Jul 31 03:15:43 UTC 2026","Fri Jul 31 03:15:43 UTC 2026","34","1.1 Team Hummingbird - BFF | WLW app","Technical Tests","conversation-controller","POST /public_api/conversation/userConversations/{conversationId}/messages/file [NEG] Expired Token","","POST /public_api/conversation/userConversations/{conversationId}/messages/file [NEG] Expired Token",""
"failed","Fri Jul 31 03:15:58 UTC 2026","Fri Jul 31 03:15:58 UTC 2026","15","1.1 Team Hummingbird - BFF | WLW app","Technical Tests","push-notification-by-email-controller","PUT /v1/pushNotification [NEG] Forbidden Role Token","","PUT /v1/pushNotification [NEG] Forbidden Role Token",""
"passed","Fri Jul 31 03:15:50 UTC 2026","Fri Jul 31 03:15:50 UTC 2026","34","1.1 Team Hummingbird - BFF | WLW app","Technical Tests","login-controller","POST /public_api/auth/session/extend","","POST /public_api/auth/session/extend",""
"failed","Fri Jul 31 03:15:44 UTC 2026","Fri Jul 31 03:15:44 UTC 2026","14","1.1 Team Hummingbird - BFF | WLW app","Technical Tests","conversation-controller","GET /public_api/conversation/userConversations/{conversationId} [NEG] Missing Auth/API-Key","","GET /public_api/conversation/userConversations/{conversationId} [NEG] Missing Auth/API-Key",""
"passed","Fri Jul 31 03:16:52 UTC 2026","Fri Jul 31 03:16:55 UTC 2026","2684","4. Team CRM |CRM Staging","Business Scenarios Tests","Create and edit a contact","Create contact","","Create contact",""
"passed","Fri Jul 31 03:23:51 UTC 2026","Fri Jul 31 03:23:51 UTC 2026","762","Dolphin","Functional","","","productTextSearchSortTest","AI product text search recall: alternate sort",""
"passed","Fri Jul 31 03:15:40 UTC 2026","Fri Jul 31 03:15:40 UTC 2026","28","1.1 Team Hummingbird - BFF | WLW app","Technical Tests","conversation-controller","PUT /public_api/conversation/userConversations/{conversationId}/tag [NEG] Missing Auth/API-Key","","PUT /public_api/conversation/userConversations/{conversationId}/tag [NEG] Missing Auth/API-Key",""
"passed","Fri Jul 31 03:13:39 UTC 2026","Fri Jul 31 03:13:39 UTC 2026","143","2 Team Dragon - BFF | RFQ Backend","Functional Tests","(root)","GET /v1/user - Success","","GET /v1/user - Success",""
"failed","Fri Jul 31 03:15:40 UTC 2026","Fri Jul 31 03:15:40 UTC 2026","12","1.1 Team Hummingbird - BFF | WLW app","Technical Tests","conversation-controller","PUT /public_api/conversation/userConversations/{conversationId}/messages/markAsRead [NEG] Missing Auth/API-Key","","PUT /public_api/conversation/userConversations/{conversationId}/messages/markAsRead [NEG] Missing Auth/API-Key",""
"failed","Fri Jul 31 03:15:43 UTC 2026","Fri Jul 31 03:15:43 UTC 2026","15","1.1 Team Hummingbird - BFF | WLW app","Technical Tests","conversation-controller","GET /public_api/conversation/userConversations [NEG] Expired Token","","GET /public_api/conversation/userConversations [NEG] Expired Token",""
"skipped","Fri Jul 31 03:13:47 UTC 2026","Fri Jul 31 03:13:47 UTC 2026","0","7. Team Pegasus | Pegasus Staging","Endpoints Tests","Visitors","Java (statistics-app)","","Visitors list",""
"passed","Fri Jul 31 03:16:07 UTC 2026","Fri Jul 31 03:16:07 UTC 2026","34","1.1 Team Hummingbird - BFF | WLW app","Technical Tests","user-controller","GET /public_api/user/userInfo","","GET /public_api/user/userInfo",""
"skipped","Fri Jul 31 03:13:47 UTC 2026","Fri Jul 31 03:13:47 UTC 2026","0","7. Team Pegasus | Pegasus Staging","Business Scenarios Tests","Supplier Facts","API register, publish, and verify in UI","","5. UI login reminder",""
"passed","Fri Jul 31 03:16:03 UTC 2026","Fri Jul 31 03:16:03 UTC 2026","35","1.1 Team Hummingbird - BFF | WLW app","Technical Tests","search-controller","GET /public_api/products/recommendations [SEC] Injection Probe","","GET /public_api/products/recommendations [SEC] Injection Probe",""
"passed","Fri Jul 31 03:16:07 UTC 2026","Fri Jul 31 03:16:07 UTC 2026","34","1.1 Team Hummingbird - BFF | WLW app","Technical Tests","trending-products-controller","GET /public_api/trending/notifications [NEG] Forbidden Role Token","","GET /public_api/trending/notifications [NEG] Forbidden Role Token",""
"skipped","Fri Jul 31 03:13:47 UTC 2026","Fri Jul 31 03:13:47 UTC 2026","0","7. Team Pegasus | Pegasus Staging","Endpoints Tests","Business Insights","Visitor","","Visitor",""
"passed","Fri Jul 31 03:15:29 UTC 2026","Fri Jul 31 03:15:29 UTC 2026","63","1.1 Team Hummingbird - BFF | WLW app","Endpoint tests","Company","search company products","","search company products",""
"skipped","Fri Jul 31 03:13:47 UTC 2026","Fri Jul 31 03:13:47 UTC 2026","0","7. Team Pegasus | Pegasus Staging","Endpoints Tests","Business Insights","PGS-890 Admin company refresh","","PGS-890 Admin company refresh",""
"passed","Fri Jul 31 03:23:57 UTC 2026","Fri Jul 31 03:23:57 UTC 2026","86","Dolphin","Technical","","","zeroResultProductRecommendTest","Recommend products in 0 result search list page v1 -- wlw",""
"skipped","Fri Jul 31 03:20:04 UTC 2026","Fri Jul 31 03:20:04 UTC 2026","0","3 Team Techno - UCL","Functional Tests","Endpoint Tests","membership","","get all active membership for uuid platform specific",""
"passed","Fri Jul 31 03:16:55 UTC 2026","Fri Jul 31 03:16:55 UTC 2026","108","4. Team CRM |CRM Staging","Business Scenarios Tests","Lead","Smoke test for Conversion","","Smoke test for Conversion",""
"failed","Fri Jul 31 03:16:04 UTC 2026","Fri Jul 31 03:16:04 UTC 2026","14","1.1 Team Hummingbird - BFF | WLW app","Technical Tests","search-term-controller","POST /public_api/search/track [NEG] Missing Auth/API-Key","","POST /public_api/search/track [NEG] Missing Auth/API-Key",""
"broken","Fri Jul 31 03:17:37 UTC 2026","Fri Jul 31 03:17:57 UTC 2026","20023","Dolphin","Technical","","","recallLongQueryTruncationTest","AI Search recall: long query truncated, still success",""
"passed","Fri Jul 31 03:15:39 UTC 2026","Fri Jul 31 03:15:39 UTC 2026","18","1.1 Team Hummingbird - BFF | WLW app","Technical Tests","contact-form-controller","POST /public_api/contact-form/messages [NEG] Missing Auth/API-Key","","POST /public_api/contact-form/messages [NEG] Missing Auth/API-Key",""
"passed","Fri Jul 31 03:14:36 UTC 2026","Fri Jul 31 03:14:36 UTC 2026","22","1 Team Hummingbird - BFF | EP app","Endpoint tests","Support","Supportmasterdata_EN","","Supportmasterdata_EN",""
"passed","Fri Jul 31 03:16:51 UTC 2026","Fri Jul 31 03:16:54 UTC 2026","2738","4. Team CRM |CRM Staging","Business Scenarios Tests","Account","Contact for Account","","Contact for Account",""
"passed","Fri Jul 31 03:15:54 UTC 2026","Fri Jul 31 03:15:54 UTC 2026","34","1.1 Team Hummingbird - BFF | WLW app","Technical Tests","product-controller","GET /public_api/products/{productId}","","GET /public_api/products/{productId}",""
"passed","Fri Jul 31 03:14:34 UTC 2026","Fri Jul 31 03:14:34 UTC 2026","265","1 Team Hummingbird - BFF | EP app","Endpoint tests","Login","forgot password","","forgot password",""
"passed","Fri Jul 31 03:16:49 UTC 2026","Fri Jul 31 03:16:49 UTC 2026","93","4. Team CRM |CRM Staging","Business Scenarios Tests","Contacts","Check Contact","","Check Contact",""
"passed","Fri Jul 31 03:15:51 UTC 2026","Fri Jul 31 03:15:51 UTC 2026","31","1.1 Team Hummingbird - BFF | WLW app","Technical Tests","login-controller","POST /public_api/auth/code/verify","","POST /public_api/auth/code/verify",""
"passed","Fri Jul 31 03:15:47 UTC 2026","Fri Jul 31 03:15:47 UTC 2026","26","1.1 Team Hummingbird - BFF | WLW app","Technical Tests","euro-pages-controller","DELETE /public_api/euro-pages/auth/delete [NEG] Missing Auth/API-Key","","DELETE /public_api/euro-pages/auth/delete [NEG] Missing Auth/API-Key",""
"failed","Fri Jul 31 03:16:06 UTC 2026","Fri Jul 31 03:16:06 UTC 2026","14","1.1 Team Hummingbird - BFF | WLW app","Technical Tests","trending-products-controller","GET /public_api/trending/products [NEG] Forbidden Role Token","","GET /public_api/trending/products [NEG] Forbidden Role Token",""
"passed","Fri Jul 31 03:15:42 UTC 2026","Fri Jul 31 03:15:42 UTC 2026","20","1.1 Team Hummingbird - BFF | WLW app","Technical Tests","conversation-controller","POST /public_api/conversation/userConversations/{conversationId}/messages/file/ [NEG] Missing Auth/API-Key","","POST /public_api/conversation/userConversations/{conversationId}/messages/file/ [NEG] Missing Auth/API-Key",""
"passed","Fri Jul 31 03:16:48 UTC 2026","Fri Jul 31 03:16:48 UTC 2026","92","4. Team CRM |CRM Staging","Business Scenarios Tests","Tasks","Check Task","","Check Task",""
"skipped","Fri Jul 31 03:13:47 UTC 2026","Fri Jul 31 03:13:47 UTC 2026","0","7. Team Pegasus | Pegasus Staging","Business Scenarios Tests","Business Insights","Dashboard smoke flow","","Set User Activity",""
"passed","Fri Jul 31 03:23:49 UTC 2026","Fri Jul 31 03:23:51 UTC 2026","1232","Dolphin","Functional","","","productTextSearchSecondPageTest","AI product text search recall: pagination page 2",""
"passed","Fri Jul 31 03:15:54 UTC 2026","Fri Jul 31 03:15:54 UTC 2026","35","1.1 Team Hummingbird - BFF | WLW app","Technical Tests","product-controller","GET /public_api/products/{productId} [NEG] Expired Token","","GET /public_api/products/{productId} [NEG] Expired Token",""
"passed","Fri Jul 31 03:14:41 UTC 2026","Fri Jul 31 03:14:42 UTC 2026","892","1 Team Hummingbird - BFF | EP app","Endpoint tests","Conversations","decline QDR","","decline QDR",""
"skipped","Fri Jul 31 03:13:47 UTC 2026","Fri Jul 31 03:13:47 UTC 2026","0","7. Team Pegasus | Pegasus Staging","Business Scenarios Tests","Supplier Facts","API register, publish, and verify in UI","","4. Publish company (PATCH supplier-facts)",""
"passed","Fri Jul 31 03:23:45 UTC 2026","Fri Jul 31 03:23:47 UTC 2026","1462","Dolphin","Technical","","","productTextSearchPageSizeCapTest","AI product text search recall: pageSize over max capped",""
"failed","Fri Jul 31 03:14:38 UTC 2026","Fri Jul 31 03:14:38 UTC 2026","115","1 Team Hummingbird - BFF | EP app","Endpoint tests","Search","search track","","search track",""
"passed","Fri Jul 31 03:15:49 UTC 2026","Fri Jul 31 03:15:49 UTC 2026","32","1.1 Team Hummingbird - BFF | WLW app","Technical Tests","login-controller","POST /public_api/auth/sso/login","","POST /public_api/auth/sso/login",""
"passed","Fri Jul 31 03:14:38 UTC 2026","Fri Jul 31 03:14:39 UTC 2026","469","1 Team Hummingbird - BFF | EP app","Endpoint tests","Search","Product Search FR","","Product Search FR",""
"passed","Fri Jul 31 03:16:50 UTC 2026","Fri Jul 31 03:16:50 UTC 2026","600","4. Team CRM |CRM Staging","Business Scenarios Tests","Account","Dunning level 1","","Dunning level 1",""
"passed","Fri Jul 31 03:15:30 UTC 2026","Fri Jul 31 03:15:31 UTC 2026","541","1.1 Team Hummingbird - BFF | WLW app","Endpoint tests","Search","Product Search EN","","Product Search EN",""
"broken","Fri Jul 31 03:22:18 UTC 2026","Fri Jul 31 03:22:38 UTC 2026","20671","Dolphin","Functional","","","termRecommendNoMockTest","AI Search term recommend API without mock",""
